Eval_AverageReturn,Eval_StdReturn,Eval_MaxReturn,Eval_MinReturn,Eval_AverageEpLen,step,Train_EpisodeReturn,Train_EpisodeLen,actor_loss,entropy,critic_loss,q_values,target_values,actor_lr,critic_lr,temperature
5.4,2.0099752,10.0,3.0,5.4,0,,,,,,,,,,
,,,,,6,7.0,7,,,,,,,,
,,,,,22,16.0,16,,,,,,,,
,,,,,32,10.0,10,,,,,,,,
,,,,,40,8.0,8,,,,,,,,
,,,,,44,4.0,4,,,,,,,,
,,,,,47,3.0,3,,,,,,,,
,,,,,50,3.0,3,,,,,,,,
,,,,,54,4.0,4,,,,,,,,
,,,,,59,5.0,5,,,,,,,,
,,,,,69,10.0,10,,,,,,,,
,,,,,72,3.0,3,,,,,,,,
,,,,,87,15.0,15,,,,,,,,
,,,,,92,5.0,5,,,,,,,,
,,,,,99,7.0,7,,,,,,,,
,,,,,105,6.0,6,,,,,,,,
,,,,,108,3.0,3,,,,,,,,
,,,,,112,4.0,4,,,,,,,,
,,,,,115,3.0,3,,,,,,,,
,,,,,119,4.0,4,,,,,,,,
,,,,,122,3.0,3,,,,,,,,
,,,,,127,5.0,5,,,,,,,,
,,,,,135,8.0,8,,,,,,,,
,,,,,142,7.0,7,,,,,,,,
,,,,,150,8.0,8,,,,,,,,
,,,,,154,4.0,4,,,,,,,,
,,,,,158,4.0,4,,,,,,,,
,,,,,161,3.0,3,,,,,,,,
,,,,,167,6.0,6,,,,,,,,
,,,,,172,5.0,5,,,,,,,,
,,,,,175,3.0,3,,,,,,,,
,,,,,192,17.0,17,,,,,,,,
,,,,,197,5.0,5,,,,,,,,
,,,,,211,14.0,14,,,,,,,,
,,,,,225,14.0,14,,,,,,,,
,,,,,230,5.0,5,,,,,,,,
,,,,,237,7.0,7,,,,,,,,
,,,,,249,12.0,12,,,,,,,,
,,,,,252,3.0,3,,,,,,,,
,,,,,255,3.0,3,,,,,,,,
,,,,,262,7.0,7,,,,,,,,
,,,,,265,3.0,3,,,,,,,,
,,,,,268,3.0,3,,,,,,,,
,,,,,274,6.0,6,,,,,,,,
,,,,,278,4.0,4,,,,,,,,
,,,,,284,6.0,6,,,,,,,,
,,,,,288,4.0,4,,,,,,,,
,,,,,294,6.0,6,,,,,,,,
,,,,,308,14.0,14,,,,,,,,
,,,,,312,4.0,4,,,,,,,,
,,,,,316,4.0,4,,,,,,,,
,,,,,334,18.0,18,,,,,,,,
,,,,,341,7.0,7,,,,,,,,
,,,,,347,6.0,6,,,,,,,,
,,,,,350,3.0,3,,,,,,,,
,,,,,367,17.0,17,,,,,,,,
,,,,,379,12.0,12,,,,,,,,
,,,,,383,4.0,4,,,,,,,,
,,,,,387,4.0,4,,,,,,,,
,,,,,396,9.0,9,,,,,,,,
,,,,,399,3.0,3,,,,,,,,
,,,,,403,4.0,4,,,,,,,,
,,,,,425,22.0,22,,,,,,,,
,,,,,431,6.0,6,,,,,,,,
,,,,,436,5.0,5,,,,,,,,
,,,,,443,7.0,7,,,,,,,,
,,,,,446,3.0,3,,,,,,,,
,,,,,453,7.0,7,,,,,,,,
,,,,,461,8.0,8,,,,,,,,
,,,,,466,5.0,5,,,,,,,,
,,,,,470,4.0,4,,,,,,,,
,,,,,475,5.0,5,,,,,,,,
,,,,,479,4.0,4,,,,,,,,
,,,,,489,10.0,10,,,,,,,,
,,,,,495,6.0,6,,,,,,,,
,,,,,506,11.0,11,,,,,,,,
,,,,,516,10.0,10,,,,,,,,
,,,,,520,4.0,4,,,,,,,,
,,,,,524,4.0,4,,,,,,,,
,,,,,530,6.0,6,,,,,,,,
,,,,,535,5.0,5,,,,,,,,
,,,,,538,3.0,3,,,,,,,,
,,,,,549,11.0,11,,,,,,,,
,,,,,555,6.0,6,,,,,,,,
,,,,,559,4.0,4,,,,,,,,
,,,,,565,6.0,6,,,,,,,,
,,,,,570,5.0,5,,,,,,,,
,,,,,582,12.0,12,,,,,,,,
,,,,,591,9.0,9,,,,,,,,
,,,,,598,7.0,7,,,,,,,,
,,,,,603,5.0,5,,,,,,,,
,,,,,606,3.0,3,,,,,,,,
,,,,,615,9.0,9,,,,,,,,
,,,,,643,28.0,28,,,,,,,,
,,,,,648,5.0,5,,,,,,,,
,,,,,654,6.0,6,,,,,,,,
,,,,,658,4.0,4,,,,,,,,
,,,,,663,5.0,5,,,,,,,,
,,,,,666,3.0,3,,,,,,,,
,,,,,676,10.0,10,,,,,,,,
,,,,,686,10.0,10,,,,,,,,
,,,,,695,9.0,9,,,,,,,,
,,,,,698,3.0,3,,,,,,,,
,,,,,705,7.0,7,,,,,,,,
,,,,,722,17.0,17,,,,,,,,
,,,,,728,6.0,6,,,,,,,,
,,,,,734,6.0,6,,,,,,,,
,,,,,739,5.0,5,,,,,,,,
,,,,,744,5.0,5,,,,,,,,
,,,,,749,5.0,5,,,,,,,,
,,,,,753,4.0,4,,,,,,,,
,,,,,760,7.0,7,,,,,,,,
,,,,,763,3.0,3,,,,,,,,
,,,,,768,5.0,5,,,,,,,,
,,,,,783,15.0,15,,,,,,,,
,,,,,795,12.0,12,,,,,,,,
,,,,,798,3.0,3,,,,,,,,
,,,,,805,7.0,7,,,,,,,,
,,,,,810,5.0,5,,,,,,,,
,,,,,814,4.0,4,,,,,,,,
,,,,,829,15.0,15,,,,,,,,
,,,,,832,3.0,3,,,,,,,,
,,,,,836,4.0,4,,,,,,,,
,,,,,840,4.0,4,,,,,,,,
,,,,,844,4.0,4,,,,,,,,
,,,,,848,4.0,4,,,,,,,,
,,,,,854,6.0,6,,,,,,,,
,,,,,857,3.0,3,,,,,,,,
,,,,,863,6.0,6,,,,,,,,
,,,,,866,3.0,3,,,,,,,,
,,,,,875,9.0,9,,,,,,,,
,,,,,882,7.0,7,,,,,,,,
,,,,,893,11.0,11,,,,,,,,
,,,,,903,10.0,10,,,,,,,,
,,,,,907,4.0,4,,,,,,,,
,,,,,912,5.0,5,,,,,,,,
,,,,,915,3.0,3,,,,,,,,
,,,,,927,12.0,12,,,,,,,,
,,,,,932,5.0,5,,,,,,,,
,,,,,936,4.0,4,,,,,,,,
,,,,,941,5.0,5,,,,,,,,
,,,,,948,7.0,7,,,,,,,,
,,,,,956,8.0,8,,,,,,,,
,,,,,959,3.0,3,,,,,,,,
,,,,,968,9.0,9,,,,,,,,
,,,,,972,4.0,4,,,,,,,,
,,,,,976,4.0,4,,,,,,,,
,,,,,986,10.0,10,,,,,,,,
,,,,,992,6.0,6,,,,,,,,
,,,,,995,3.0,3,,,,,,,,
,,,,,999,4.0,4,,,,,,,,
,,,,,1007,8.0,8,,,,,,,,
,,,,,1010,3.0,3,,,,,,,,
,,,,,1016,6.0,6,,,,,,,,
,,,,,1020,4.0,4,,,,,,,,
,,,,,1030,10.0,10,,,,,,,,
,,,,,1037,7.0,7,,,,,,,,
,,,,,1043,6.0,6,,,,,,,,
,,,,,1046,3.0,3,,,,,,,,
,,,,,1058,12.0,12,,,,,,,,
,,,,,1064,6.0,6,,,,,,,,
,,,,,1069,5.0,5,,,,,,,,
,,,,,1072,3.0,3,,,,,,,,
,,,,,1076,4.0,4,,,,,,,,
,,,,,1082,6.0,6,,,,,,,,
,,,,,1093,11.0,11,,,,,,,,
,,,,,1099,6.0,6,,,,,,,,
,,,,,1103,4.0,4,,,,,,,,
,,,,,1108,5.0,5,,,,,,,,
,,,,,1111,3.0,3,,,,,,,,
,,,,,1128,17.0,17,,,,,,,,
,,,,,1131,3.0,3,,,,,,,,
,,,,,1152,21.0,21,,,,,,,,
,,,,,1159,7.0,7,,,,,,,,
,,,,,1173,14.0,14,,,,,,,,
,,,,,1179,6.0,6,,,,,,,,
,,,,,1183,4.0,4,,,,,,,,
,,,,,1199,16.0,16,,,,,,,,
,,,,,1204,5.0,5,,,,,,,,
,,,,,1208,4.0,4,,,,,,,,
,,,,,1220,12.0,12,,,,,,,,
,,,,,1223,3.0,3,,,,,,,,
,,,,,1228,5.0,5,,,,,,,,
,,,,,1232,4.0,4,,,,,,,,
,,,,,1237,5.0,5,,,,,,,,
,,,,,1245,8.0,8,,,,,,,,
,,,,,1248,3.0,3,,,,,,,,
,,,,,1251,3.0,3,,,,,,,,
,,,,,1263,12.0,12,,,,,,,,
,,,,,1268,5.0,5,,,,,,,,
,,,,,1272,4.0,4,,,,,,,,
,,,,,1277,5.0,5,,,,,,,,
,,,,,1287,10.0,10,,,,,,,,
,,,,,1290,3.0,3,,,,,,,,
,,,,,1296,6.0,6,,,,,,,,
,,,,,1300,4.0,4,,,,,,,,
,,,,,1305,5.0,5,,,,,,,,
,,,,,1322,17.0,17,,,,,,,,
,,,,,1337,15.0,15,,,,,,,,
,,,,,1340,3.0,3,,,,,,,,
,,,,,1343,3.0,3,,,,,,,,
,,,,,1349,6.0,6,,,,,,,,
,,,,,1358,9.0,9,,,,,,,,
,,,,,1367,9.0,9,,,,,,,,
,,,,,1377,10.0,10,,,,,,,,
,,,,,1381,4.0,4,,,,,,,,
,,,,,1386,5.0,5,,,,,,,,
,,,,,1393,7.0,7,,,,,,,,
,,,,,1397,4.0,4,,,,,,,,
,,,,,1403,6.0,6,,,,,,,,
,,,,,1416,13.0,13,,,,,,,,
,,,,,1419,3.0,3,,,,,,,,
,,,,,1422,3.0,3,,,,,,,,
,,,,,1426,4.0,4,,,,,,,,
,,,,,1431,5.0,5,,,,,,,,
,,,,,1439,8.0,8,,,,,,,,
,,,,,1447,8.0,8,,,,,,,,
,,,,,1452,5.0,5,,,,,,,,
,,,,,1460,8.0,8,,,,,,,,
,,,,,1473,13.0,13,,,,,,,,
,,,,,1478,5.0,5,,,,,,,,
,,,,,1487,9.0,9,,,,,,,,
,,,,,1492,5.0,5,,,,,,,,
,,,,,1501,9.0,9,,,,,,,,
,,,,,1508,7.0,7,,,,,,,,
,,,,,1538,30.0,30,,,,,,,,
,,,,,1542,4.0,4,,,,,,,,
,,,,,1546,4.0,4,,,,,,,,
,,,,,1557,11.0,11,,,,,,,,
,,,,,1566,9.0,9,,,,,,,,
,,,,,1571,5.0,5,,,,,,,,
,,,,,1582,11.0,11,,,,,,,,
,,,,,1586,4.0,4,,,,,,,,
,,,,,1590,4.0,4,,,,,,,,
,,,,,1596,6.0,6,,,,,,,,
,,,,,1602,6.0,6,,,,,,,,
,,,,,1610,8.0,8,,,,,,,,
,,,,,1617,7.0,7,,,,,,,,
,,,,,1621,4.0,4,,,,,,,,
,,,,,1633,12.0,12,,,,,,,,
,,,,,1636,3.0,3,,,,,,,,
,,,,,1643,7.0,7,,,,,,,,
,,,,,1647,4.0,4,,,,,,,,
,,,,,1654,7.0,7,,,,,,,,
,,,,,1660,6.0,6,,,,,,,,
,,,,,1665,5.0,5,,,,,,,,
,,,,,1670,5.0,5,,,,,,,,
,,,,,1674,4.0,4,,,,,,,,
,,,,,1682,8.0,8,,,,,,,,
,,,,,1696,14.0,14,,,,,,,,
,,,,,1704,8.0,8,,,,,,,,
,,,,,1709,5.0,5,,,,,,,,
,,,,,1714,5.0,5,,,,,,,,
,,,,,1724,10.0,10,,,,,,,,
,,,,,1731,7.0,7,,,,,,,,
,,,,,1737,6.0,6,,,,,,,,
,,,,,1741,4.0,4,,,,,,,,
,,,,,1745,4.0,4,,,,,,,,
,,,,,1751,6.0,6,,,,,,,,
,,,,,1757,6.0,6,,,,,,,,
,,,,,1777,20.0,20,,,,,,,,
,,,,,1781,4.0,4,,,,,,,,
,,,,,1786,5.0,5,,,,,,,,
,,,,,1790,4.0,4,,,,,,,,
,,,,,1793,3.0,3,,,,,,,,
,,,,,1802,9.0,9,,,,,,,,
,,,,,1805,3.0,3,,,,,,,,
,,,,,1808,3.0,3,,,,,,,,
,,,,,1817,9.0,9,,,,,,,,
,,,,,1823,6.0,6,,,,,,,,
,,,,,1831,8.0,8,,,,,,,,
,,,,,1835,4.0,4,,,,,,,,
,,,,,1838,3.0,3,,,,,,,,
,,,,,1849,11.0,11,,,,,,,,
,,,,,1856,7.0,7,,,,,,,,
,,,,,1863,7.0,7,,,,,,,,
,,,,,1877,14.0,14,,,,,,,,
,,,,,1881,4.0,4,,,,,,,,
,,,,,1886,5.0,5,,,,,,,,
,,,,,1912,26.0,26,,,,,,,,
,,,,,1919,7.0,7,,,,,,,,
,,,,,1928,9.0,9,,,,,,,,
,,,,,1937,9.0,9,,,,,,,,
,,,,,1941,4.0,4,,,,,,,,
,,,,,1944,3.0,3,,,,,,,,
,,,,,1948,4.0,4,,,,,,,,
,,,,,1953,5.0,5,,,,,,,,
,,,,,1962,9.0,9,,,,,,,,
,,,,,1977,15.0,15,,,,,,,,
,,,,,1984,7.0,7,,,,,,,,
,,,,,1994,10.0,10,,,,,,,,
,,,,,2013,19.0,19,,,,,,,,
,,,,,2027,14.0,14,,,,,,,,
,,,,,2031,4.0,4,,,,,,,,
,,,,,2036,5.0,5,,,,,,,,
,,,,,2046,10.0,10,,,,,,,,
,,,,,2056,10.0,10,,,,,,,,
,,,,,2059,3.0,3,,,,,,,,
,,,,,2064,5.0,5,,,,,,,,
,,,,,2067,3.0,3,,,,,,,,
,,,,,2075,8.0,8,,,,,,,,
,,,,,2080,5.0,5,,,,,,,,
,,,,,2083,3.0,3,,,,,,,,
,,,,,2087,4.0,4,,,,,,,,
,,,,,2095,8.0,8,,,,,,,,
,,,,,2102,7.0,7,,,,,,,,
,,,,,2107,5.0,5,,,,,,,,
,,,,,2114,7.0,7,,,,,,,,
,,,,,2120,6.0,6,,,,,,,,
,,,,,2127,7.0,7,,,,,,,,
,,,,,2132,5.0,5,,,,,,,,
,,,,,2141,9.0,9,,,,,,,,
,,,,,2144,3.0,3,,,,,,,,
,,,,,2147,3.0,3,,,,,,,,
,,,,,2156,9.0,9,,,,,,,,
,,,,,2162,6.0,6,,,,,,,,
,,,,,2168,6.0,6,,,,,,,,
,,,,,2185,17.0,17,,,,,,,,
,,,,,2193,8.0,8,,,,,,,,
,,,,,2199,6.0,6,,,,,,,,
,,,,,2205,6.0,6,,,,,,,,
,,,,,2209,4.0,4,,,,,,,,
,,,,,2217,8.0,8,,,,,,,,
,,,,,2224,7.0,7,,,,,,,,
,,,,,2231,7.0,7,,,,,,,,
,,,,,2238,7.0,7,,,,,,,,
,,,,,2242,4.0,4,,,,,,,,
,,,,,2248,6.0,6,,,,,,,,
,,,,,2252,4.0,4,,,,,,,,
,,,,,2256,4.0,4,,,,,,,,
,,,,,2261,5.0,5,,,,,,,,
,,,,,2268,7.0,7,,,,,,,,
,,,,,2271,3.0,3,,,,,,,,
,,,,,2276,5.0,5,,,,,,,,
,,,,,2279,3.0,3,,,,,,,,
,,,,,2284,5.0,5,,,,,,,,
,,,,,2290,6.0,6,,,,,,,,
,,,,,2294,4.0,4,,,,,,,,
,,,,,2299,5.0,5,,,,,,,,
,,,,,2320,21.0,21,,,,,,,,
,,,,,2324,4.0,4,,,,,,,,
,,,,,2338,14.0,14,,,,,,,,
,,,,,2348,10.0,10,,,,,,,,
,,,,,2353,5.0,5,,,,,,,,
,,,,,2359,6.0,6,,,,,,,,
,,,,,2365,6.0,6,,,,,,,,
,,,,,2368,3.0,3,,,,,,,,
,,,,,2371,3.0,3,,,,,,,,
,,,,,2375,4.0,4,,,,,,,,
,,,,,2380,5.0,5,,,,,,,,
,,,,,2385,5.0,5,,,,,,,,
,,,,,2391,6.0,6,,,,,,,,
,,,,,2395,4.0,4,,,,,,,,
,,,,,2399,4.0,4,,,,,,,,
,,,,,2407,8.0,8,,,,,,,,
,,,,,2416,9.0,9,,,,,,,,
,,,,,2424,8.0,8,,,,,,,,
,,,,,2430,6.0,6,,,,,,,,
,,,,,2435,5.0,5,,,,,,,,
,,,,,2442,7.0,7,,,,,,,,
,,,,,2446,4.0,4,,,,,,,,
,,,,,2453,7.0,7,,,,,,,,
,,,,,2467,14.0,14,,,,,,,,
,,,,,2472,5.0,5,,,,,,,,
,,,,,2481,9.0,9,,,,,,,,
,,,,,2487,6.0,6,,,,,,,,
,,,,,2493,6.0,6,,,,,,,,
,,,,,2498,5.0,5,,,,,,,,
,,,,,2511,13.0,13,,,,,,,,
,,,,,2515,4.0,4,,,,,,,,
,,,,,2520,5.0,5,,,,,,,,
,,,,,2534,14.0,14,,,,,,,,
,,,,,2540,6.0,6,,,,,,,,
,,,,,2552,12.0,12,,,,,,,,
,,,,,2555,3.0,3,,,,,,,,
,,,,,2574,19.0,19,,,,,,,,
,,,,,2580,6.0,6,,,,,,,,
,,,,,2586,6.0,6,,,,,,,,
,,,,,2599,13.0,13,,,,,,,,
,,,,,2606,7.0,7,,,,,,,,
,,,,,2612,6.0,6,,,,,,,,
,,,,,2622,10.0,10,,,,,,,,
,,,,,2626,4.0,4,,,,,,,,
,,,,,2629,3.0,3,,,,,,,,
,,,,,2632,3.0,3,,,,,,,,
,,,,,2635,3.0,3,,,,,,,,
,,,,,2645,10.0,10,,,,,,,,
,,,,,2649,4.0,4,,,,,,,,
,,,,,2653,4.0,4,,,,,,,,
,,,,,2663,10.0,10,,,,,,,,
,,,,,2667,4.0,4,,,,,,,,
,,,,,2670,3.0,3,,,,,,,,
,,,,,2674,4.0,4,,,,,,,,
,,,,,2693,19.0,19,,,,,,,,
,,,,,2702,9.0,9,,,,,,,,
,,,,,2708,6.0,6,,,,,,,,
,,,,,2713,5.0,5,,,,,,,,
,,,,,2721,8.0,8,,,,,,,,
,,,,,2726,5.0,5,,,,,,,,
,,,,,2733,7.0,7,,,,,,,,
,,,,,2750,17.0,17,,,,,,,,
,,,,,2769,19.0,19,,,,,,,,
,,,,,2779,10.0,10,,,,,,,,
,,,,,2791,12.0,12,,,,,,,,
,,,,,2799,8.0,8,,,,,,,,
,,,,,2805,6.0,6,,,,,,,,
,,,,,2817,12.0,12,,,,,,,,
,,,,,2823,6.0,6,,,,,,,,
,,,,,2835,12.0,12,,,,,,,,
,,,,,2838,3.0,3,,,,,,,,
,,,,,2843,5.0,5,,,,,,,,
,,,,,2850,7.0,7,,,,,,,,
,,,,,2856,6.0,6,,,,,,,,
,,,,,2862,6.0,6,,,,,,,,
,,,,,2867,5.0,5,,,,,,,,
,,,,,2870,3.0,3,,,,,,,,
,,,,,2875,5.0,5,,,,,,,,
,,,,,2881,6.0,6,,,,,,,,
,,,,,2895,14.0,14,,,,,,,,
,,,,,2899,4.0,4,,,,,,,,
,,,,,2906,7.0,7,,,,,,,,
,,,,,2910,4.0,4,,,,,,,,
,,,,,2914,4.0,4,,,,,,,,
,,,,,2921,7.0,7,,,,,,,,
,,,,,2933,12.0,12,,,,,,,,
,,,,,2948,15.0,15,,,,,,,,
,,,,,2951,3.0,3,,,,,,,,
,,,,,2954,3.0,3,,,,,,,,
,,,,,2966,12.0,12,,,,,,,,
,,,,,2972,6.0,6,,,,,,,,
,,,,,2979,7.0,7,,,,,,,,
,,,,,2982,3.0,3,,,,,,,,
,,,,,2988,6.0,6,,,,,,,,
,,,,,3001,13.0,13,,,,,,,,
,,,,,3005,4.0,4,,,,,,,,
,,,,,3009,4.0,4,,,,,,,,
,,,,,3014,5.0,5,,,,,,,,
,,,,,3023,9.0,9,,,,,,,,
,,,,,3026,3.0,3,,,,,,,,
,,,,,3038,12.0,12,,,,,,,,
,,,,,3050,12.0,12,,,,,,,,
,,,,,3054,4.0,4,,,,,,,,
,,,,,3060,6.0,6,,,,,,,,
,,,,,3065,5.0,5,,,,,,,,
,,,,,3073,8.0,8,,,,,,,,
,,,,,3086,13.0,13,,,,,,,,
,,,,,3094,8.0,8,,,,,,,,
,,,,,3104,10.0,10,,,,,,,,
,,,,,3108,4.0,4,,,,,,,,
,,,,,3116,8.0,8,,,,,,,,
,,,,,3128,12.0,12,,,,,,,,
,,,,,3132,4.0,4,,,,,,,,
,,,,,3135,3.0,3,,,,,,,,
,,,,,3138,3.0,3,,,,,,,,
,,,,,3144,6.0,6,,,,,,,,
,,,,,3147,3.0,3,,,,,,,,
,,,,,3154,7.0,7,,,,,,,,
,,,,,3162,8.0,8,,,,,,,,
,,,,,3165,3.0,3,,,,,,,,
,,,,,3171,6.0,6,,,,,,,,
,,,,,3177,6.0,6,,,,,,,,
,,,,,3182,5.0,5,,,,,,,,
,,,,,3186,4.0,4,,,,,,,,
,,,,,3191,5.0,5,,,,,,,,
,,,,,3207,16.0,16,,,,,,,,
,,,,,3215,8.0,8,,,,,,,,
,,,,,3220,5.0,5,,,,,,,,
,,,,,3225,5.0,5,,,,,,,,
,,,,,3228,3.0,3,,,,,,,,
,,,,,3233,5.0,5,,,,,,,,
,,,,,3243,10.0,10,,,,,,,,
,,,,,3246,3.0,3,,,,,,,,
,,,,,3253,7.0,7,,,,,,,,
,,,,,3258,5.0,5,,,,,,,,
,,,,,3262,4.0,4,,,,,,,,
,,,,,3266,4.0,4,,,,,,,,
,,,,,3270,4.0,4,,,,,,,,
,,,,,3276,6.0,6,,,,,,,,
,,,,,3290,14.0,14,,,,,,,,
,,,,,3297,7.0,7,,,,,,,,
,,,,,3301,4.0,4,,,,,,,,
,,,,,3304,3.0,3,,,,,,,,
,,,,,3314,10.0,10,,,,,,,,
,,,,,3324,10.0,10,,,,,,,,
,,,,,3328,4.0,4,,,,,,,,
,,,,,3339,11.0,11,,,,,,,,
,,,,,3343,4.0,4,,,,,,,,
,,,,,3351,8.0,8,,,,,,,,
,,,,,3356,5.0,5,,,,,,,,
,,,,,3360,4.0,4,,,,,,,,
,,,,,3372,12.0,12,,,,,,,,
,,,,,3376,4.0,4,,,,,,,,
,,,,,3380,4.0,4,,,,,,,,
,,,,,3388,8.0,8,,,,,,,,
,,,,,3394,6.0,6,,,,,,,,
,,,,,3399,5.0,5,,,,,,,,
,,,,,3404,5.0,5,,,,,,,,
,,,,,3410,6.0,6,,,,,,,,
,,,,,3415,5.0,5,,,,,,,,
,,,,,3419,4.0,4,,,,,,,,
,,,,,3426,7.0,7,,,,,,,,
,,,,,3431,5.0,5,,,,,,,,
,,,,,3453,22.0,22,,,,,,,,
,,,,,3467,14.0,14,,,,,,,,
,,,,,3477,10.0,10,,,,,,,,
,,,,,3482,5.0,5,,,,,,,,
,,,,,3485,3.0,3,,,,,,,,
,,,,,3490,5.0,5,,,,,,,,
,,,,,3493,3.0,3,,,,,,,,
,,,,,3496,3.0,3,,,,,,,,
,,,,,3510,14.0,14,,,,,,,,
,,,,,3520,10.0,10,,,,,,,,
,,,,,3532,12.0,12,,,,,,,,
,,,,,3537,5.0,5,,,,,,,,
,,,,,3542,5.0,5,,,,,,,,
,,,,,3545,3.0,3,,,,,,,,
,,,,,3550,5.0,5,,,,,,,,
,,,,,3562,12.0,12,,,,,,,,
,,,,,3568,6.0,6,,,,,,,,
,,,,,3572,4.0,4,,,,,,,,
,,,,,3581,9.0,9,,,,,,,,
,,,,,3602,21.0,21,,,,,,,,
,,,,,3614,12.0,12,,,,,,,,
,,,,,3626,12.0,12,,,,,,,,
,,,,,3639,13.0,13,,,,,,,,
,,,,,3643,4.0,4,,,,,,,,
,,,,,3647,4.0,4,,,,,,,,
,,,,,3652,5.0,5,,,,,,,,
,,,,,3660,8.0,8,,,,,,,,
,,,,,3665,5.0,5,,,,,,,,
,,,,,3669,4.0,4,,,,,,,,
,,,,,3679,10.0,10,,,,,,,,
,,,,,3684,5.0,5,,,,,,,,
,,,,,3690,6.0,6,,,,,,,,
,,,,,3694,4.0,4,,,,,,,,
,,,,,3698,4.0,4,,,,,,,,
,,,,,3704,6.0,6,,,,,,,,
,,,,,3709,5.0,5,,,,,,,,
,,,,,3715,6.0,6,,,,,,,,
,,,,,3719,4.0,4,,,,,,,,
,,,,,3723,4.0,4,,,,,,,,
,,,,,3729,6.0,6,,,,,,,,
,,,,,3732,3.0,3,,,,,,,,
,,,,,3735,3.0,3,,,,,,,,
,,,,,3749,14.0,14,,,,,,,,
,,,,,3754,5.0,5,,,,,,,,
,,,,,3761,7.0,7,,,,,,,,
,,,,,3773,12.0,12,,,,,,,,
,,,,,3780,7.0,7,,,,,,,,
,,,,,3790,10.0,10,,,,,,,,
,,,,,3793,3.0,3,,,,,,,,
,,,,,3806,13.0,13,,,,,,,,
,,,,,3810,4.0,4,,,,,,,,
,,,,,3823,13.0,13,,,,,,,,
,,,,,3826,3.0,3,,,,,,,,
,,,,,3835,9.0,9,,,,,,,,
,,,,,3840,5.0,5,,,,,,,,
,,,,,3845,5.0,5,,,,,,,,
,,,,,3872,27.0,27,,,,,,,,
,,,,,3882,10.0,10,,,,,,,,
,,,,,3898,16.0,16,,,,,,,,
,,,,,3905,7.0,7,,,,,,,,
,,,,,3908,3.0,3,,,,,,,,
,,,,,3912,4.0,4,,,,,,,,
,,,,,3915,3.0,3,,,,,,,,
,,,,,3921,6.0,6,,,,,,,,
,,,,,3931,10.0,10,,,,,,,,
,,,,,3936,5.0,5,,,,,,,,
,,,,,3944,8.0,8,,,,,,,,
,,,,,3949,5.0,5,,,,,,,,
,,,,,3960,11.0,11,,,,,,,,
,,,,,3965,5.0,5,,,,,,,,
,,,,,3969,4.0,4,,,,,,,,
,,,,,3982,13.0,13,,,,,,,,
,,,,,3990,8.0,8,,,,,,,,
,,,,,3998,8.0,8,,,,,,,,
,,,,,4006,8.0,8,,,,,,,,
,,,,,4010,4.0,4,,,,,,,,
,,,,,4014,4.0,4,,,,,,,,
,,,,,4022,8.0,8,,,,,,,,
,,,,,4029,7.0,7,,,,,,,,
,,,,,4040,11.0,11,,,,,,,,
,,,,,4044,4.0,4,,,,,,,,
,,,,,4060,16.0,16,,,,,,,,
,,,,,4063,3.0,3,,,,,,,,
,,,,,4069,6.0,6,,,,,,,,
,,,,,4082,13.0,13,,,,,,,,
,,,,,4095,13.0,13,,,,,,,,
,,,,,4112,17.0,17,,,,,,,,
,,,,,4120,8.0,8,,,,,,,,
,,,,,4125,5.0,5,,,,,,,,
,,,,,4134,9.0,9,,,,,,,,
,,,,,4152,18.0,18,,,,,,,,
,,,,,4158,6.0,6,,,,,,,,
,,,,,4180,22.0,22,,,,,,,,
,,,,,4184,4.0,4,,,,,,,,
,,,,,4195,11.0,11,,,,,,,,
,,,,,4201,6.0,6,,,,,,,,
,,,,,4211,10.0,10,,,,,,,,
,,,,,4227,16.0,16,,,,,,,,
,,,,,4231,4.0,4,,,,,,,,
,,,,,4235,4.0,4,,,,,,,,
,,,,,4244,9.0,9,,,,,,,,
,,,,,4250,6.0,6,,,,,,,,
,,,,,4255,5.0,5,,,,,,,,
,,,,,4262,7.0,7,,,,,,,,
,,,,,4265,3.0,3,,,,,,,,
,,,,,4269,4.0,4,,,,,,,,
,,,,,4273,4.0,4,,,,,,,,
,,,,,4278,5.0,5,,,,,,,,
,,,,,4283,5.0,5,,,,,,,,
,,,,,4287,4.0,4,,,,,,,,
,,,,,4297,10.0,10,,,,,,,,
,,,,,4302,5.0,5,,,,,,,,
,,,,,4305,3.0,3,,,,,,,,
,,,,,4309,4.0,4,,,,,,,,
,,,,,4313,4.0,4,,,,,,,,
,,,,,4316,3.0,3,,,,,,,,
,,,,,4321,5.0,5,,,,,,,,
,,,,,4326,5.0,5,,,,,,,,
,,,,,4331,5.0,5,,,,,,,,
,,,,,4342,11.0,11,,,,,,,,
,,,,,4354,12.0,12,,,,,,,,
,,,,,4359,5.0,5,,,,,,,,
,,,,,4363,4.0,4,,,,,,,,
,,,,,4375,12.0,12,,,,,,,,
,,,,,4381,6.0,6,,,,,,,,
,,,,,4390,9.0,9,,,,,,,,
,,,,,4394,4.0,4,,,,,,,,
,,,,,4399,5.0,5,,,,,,,,
,,,,,4403,4.0,4,,,,,,,,
,,,,,4408,5.0,5,,,,,,,,
,,,,,4414,6.0,6,,,,,,,,
,,,,,4418,4.0,4,,,,,,,,
,,,,,4423,5.0,5,,,,,,,,
,,,,,4426,3.0,3,,,,,,,,
,,,,,4432,6.0,6,,,,,,,,
,,,,,4441,9.0,9,,,,,,,,
,,,,,4448,7.0,7,,,,,,,,
,,,,,4454,6.0,6,,,,,,,,
,,,,,4464,10.0,10,,,,,,,,
,,,,,4471,7.0,7,,,,,,,,
,,,,,4501,30.0,30,,,,,,,,
,,,,,4506,5.0,5,,,,,,,,
,,,,,4513,7.0,7,,,,,,,,
,,,,,4518,5.0,5,,,,,,,,
,,,,,4522,4.0,4,,,,,,,,
,,,,,4533,11.0,11,,,,,,,,
,,,,,4536,3.0,3,,,,,,,,
,,,,,4544,8.0,8,,,,,,,,
,,,,,4547,3.0,3,,,,,,,,
,,,,,4552,5.0,5,,,,,,,,
,,,,,4558,6.0,6,,,,,,,,
,,,,,4562,4.0,4,,,,,,,,
,,,,,4566,4.0,4,,,,,,,,
,,,,,4571,5.0,5,,,,,,,,
,,,,,4576,5.0,5,,,,,,,,
,,,,,4594,18.0,18,,,,,,,,
,,,,,4598,4.0,4,,,,,,,,
,,,,,4617,19.0,19,,,,,,,,
,,,,,4620,3.0,3,,,,,,,,
,,,,,4626,6.0,6,,,,,,,,
,,,,,4629,3.0,3,,,,,,,,
,,,,,4635,6.0,6,,,,,,,,
,,,,,4641,6.0,6,,,,,,,,
,,,,,4644,3.0,3,,,,,,,,
,,,,,4649,5.0,5,,,,,,,,
,,,,,4659,10.0,10,,,,,,,,
,,,,,4666,7.0,7,,,,,,,,
,,,,,4671,5.0,5,,,,,,,,
,,,,,4678,7.0,7,,,,,,,,
,,,,,4683,5.0,5,,,,,,,,
,,,,,4694,11.0,11,,,,,,,,
,,,,,4699,5.0,5,,,,,,,,
,,,,,4709,10.0,10,,,,,,,,
,,,,,4712,3.0,3,,,,,,,,
,,,,,4728,16.0,16,,,,,,,,
,,,,,4732,4.0,4,,,,,,,,
,,,,,4737,5.0,5,,,,,,,,
,,,,,4744,7.0,7,,,,,,,,
,,,,,4757,13.0,13,,,,,,,,
,,,,,4764,7.0,7,,,,,,,,
,,,,,4775,11.0,11,,,,,,,,
,,,,,4778,3.0,3,,,,,,,,
,,,,,4788,10.0,10,,,,,,,,
,,,,,4792,4.0,4,,,,,,,,
,,,,,4799,7.0,7,,,,,,,,
,,,,,4808,9.0,9,,,,,,,,
,,,,,4815,7.0,7,,,,,,,,
,,,,,4823,8.0,8,,,,,,,,
,,,,,4829,6.0,6,,,,,,,,
,,,,,4833,4.0,4,,,,,,,,
,,,,,4838,5.0,5,,,,,,,,
,,,,,4858,20.0,20,,,,,,,,
,,,,,4870,12.0,12,,,,,,,,
,,,,,4877,7.0,7,,,,,,,,
,,,,,4880,3.0,3,,,,,,,,
,,,,,4887,7.0,7,,,,,,,,
,,,,,4891,4.0,4,,,,,,,,
,,,,,4894,3.0,3,,,,,,,,
,,,,,4897,3.0,3,,,,,,,,
,,,,,4902,5.0,5,,,,,,,,
,,,,,4908,6.0,6,,,,,,,,
,,,,,4918,10.0,10,,,,,,,,
,,,,,4936,18.0,18,,,,,,,,
,,,,,4943,7.0,7,,,,,,,,
,,,,,4949,6.0,6,,,,,,,,
,,,,,4955,6.0,6,,,,,,,,
,,,,,4958,3.0,3,,,,,,,,
,,,,,4966,8.0,8,,,,,,,,
,,,,,4971,5.0,5,,,,,,,,
,,,,,4975,4.0,4,,,,,,,,
,,,,,4981,6.0,6,,,,,,,,
,,,,,4990,9.0,9,,,,,,,,
,,,,,4993,3.0,3,,,,,,,,
,,,,,4997,4.0,4,,,,,,,,
8.3,8.579627,33.0,3.0,8.3,5000,,,-0.06505772471427917,0.6505772471427917,1.0873616933822632,0.05534946918487549,1.0963200330734253,0.0003,0.0003,0.1
,,,,,5002,5.0,5,,,,,,,,
,,,,,5007,5.0,5,,,,,,,,
,,,,,5010,3.0,3,,,,,,,,
,,,,,5020,10.0,10,,,,,,,,
,,,,,5030,10.0,10,,,,,,,,
,,,,,5037,7.0,7,,,,,,,,
,,,,,5044,7.0,7,,,,,,,,
,,,,,5060,16.0,16,,,,,,,,
,,,,,5065,5.0,5,,,,,,,,
,,,,,5071,6.0,6,,,,,,,,
,,,,,5091,20.0,20,,,,,,,,
,,,,,5108,17.0,17,,,,,,,,
,,,,,5116,8.0,8,,,,,,,,
,,,,,5132,16.0,16,,,,,,,,
,,,,,5154,22.0,22,,,,,,,,
,,,,,5159,5.0,5,,,,,,,,
,,,,,5164,5.0,5,,,,,,,,
,,,,,5168,4.0,4,,,,,,,,
,,,,,5171,3.0,3,,,,,,,,
,,,,,5176,5.0,5,,,,,,,,
,,,,,5182,6.0,6,,,,,,,,
,,,,,5190,8.0,8,,,,,,,,
,,,,,5195,5.0,5,,,,,,,,
,,,,,5198,3.0,3,,,,,,,,
,,,,,5213,15.0,15,,,,,,,,
,,,,,5216,3.0,3,,,,,,,,
,,,,,5220,4.0,4,,,,,,,,
,,,,,5223,3.0,3,,,,,,,,
,,,,,5233,10.0,10,,,,,,,,
,,,,,5240,7.0,7,,,,,,,,
,,,,,5244,4.0,4,,,,,,,,
,,,,,5249,5.0,5,,,,,,,,
,,,,,5252,3.0,3,,,,,,,,
,,,,,5262,10.0,10,,,,,,,,
,,,,,5266,4.0,4,,,,,,,,
,,,,,5270,4.0,4,,,,,,,,
,,,,,5276,6.0,6,,,,,,,,
,,,,,5280,4.0,4,,,,,,,,
,,,,,5284,4.0,4,,,,,,,,
,,,,,5288,4.0,4,,,,,,,,
,,,,,5293,5.0,5,,,,,,,,
,,,,,5297,4.0,4,,,,,,,,
,,,,,5301,4.0,4,,,,,,,,
,,,,,5305,4.0,4,,,,,,,,
,,,,,5308,3.0,3,,,,,,,,
,,,,,5314,6.0,6,,,,,,,,
,,,,,5318,4.0,4,,,,,,,,
,,,,,5323,5.0,5,,,,,,,,
,,,,,5329,6.0,6,,,,,,,,
,,,,,5332,3.0,3,,,,,,,,
,,,,,5339,7.0,7,,,,,,,,
,,,,,5344,5.0,5,,,,,,,,
,,,,,5350,6.0,6,,,,,,,,
,,,,,5355,5.0,5,,,,,,,,
,,,,,5359,4.0,4,,,,,,,,
,,,,,5363,4.0,4,,,,,,,,
,,,,,5366,3.0,3,,,,,,,,
,,,,,5371,5.0,5,,,,,,,,
,,,,,5375,4.0,4,,,,,,,,
,,,,,5386,11.0,11,,,,,,,,
,,,,,5390,4.0,4,,,,,,,,
,,,,,5396,6.0,6,,,,,,,,
,,,,,5401,5.0,5,,,,,,,,
,,,,,5405,4.0,4,,,,,,,,
,,,,,5410,5.0,5,,,,,,,,
,,,,,5415,5.0,5,,,,,,,,
,,,,,5422,7.0,7,,,,,,,,
,,,,,5428,6.0,6,,,,,,,,
,,,,,5433,5.0,5,,,,,,,,
,,,,,5440,7.0,7,,,,,,,,
,,,,,5449,9.0,9,,,,,,,,
,,,,,5452,3.0,3,,,,,,,,
,,,,,5461,9.0,9,,,,,,,,
,,,,,5465,4.0,4,,,,,,,,
,,,,,5478,13.0,13,,,,,,,,
,,,,,5490,12.0,12,,,,,,,,
,,,,,5498,8.0,8,,,,,,,,
,,,,,5507,9.0,9,,,,,,,,
,,,,,5512,5.0,5,,,,,,,,
,,,,,5527,15.0,15,,,,,,,,
,,,,,5533,6.0,6,,,,,,,,
,,,,,5538,5.0,5,,,,,,,,
,,,,,5543,5.0,5,,,,,,,,
,,,,,5562,19.0,19,,,,,,,,
,,,,,5568,6.0,6,,,,,,,,
,,,,,5571,3.0,3,,,,,,,,
,,,,,5583,12.0,12,,,,,,,,
,,,,,5592,9.0,9,,,,,,,,
,,,,,5595,3.0,3,,,,,,,,
,,,,,5601,6.0,6,,,,,,,,
,,,,,5606,5.0,5,,,,,,,,
,,,,,5609,3.0,3,,,,,,,,
,,,,,5614,5.0,5,,,,,,,,
,,,,,5619,5.0,5,,,,,,,,
,,,,,5628,9.0,9,,,,,,,,
,,,,,5631,3.0,3,,,,,,,,
,,,,,5636,5.0,5,,,,,,,,
,,,,,5643,7.0,7,,,,,,,,
,,,,,5646,3.0,3,,,,,,,,
,,,,,5649,3.0,3,,,,,,,,
,,,,,5655,6.0,6,,,,,,,,
,,,,,5660,5.0,5,,,,,,,,
,,,,,5671,11.0,11,,,,,,,,
,,,,,5675,4.0,4,,,,,,,,
,,,,,5678,3.0,3,,,,,,,,
,,,,,5681,3.0,3,,,,,,,,
,,,,,5685,4.0,4,,,,,,,,
,,,,,5694,9.0,9,,,,,,,,
,,,,,5698,4.0,4,,,,,,,,
,,,,,5704,6.0,6,,,,,,,,
,,,,,5710,6.0,6,,,,,,,,
,,,,,5713,3.0,3,,,,,,,,
,,,,,5721,8.0,8,,,,,,,,
,,,,,5730,9.0,9,,,,,,,,
,,,,,5748,18.0,18,,,,,,,,
,,,,,5777,29.0,29,,,,,,,,
,,,,,5785,8.0,8,,,,,,,,
,,,,,5795,10.0,10,,,,,,,,
,,,,,5813,18.0,18,,,,,,,,
,,,,,5825,12.0,12,,,,,,,,
,,,,,5828,3.0,3,,,,,,,,
,,,,,5835,7.0,7,,,,,,,,
,,,,,5840,5.0,5,,,,,,,,
,,,,,5851,11.0,11,,,,,,,,
,,,,,5856,5.0,5,,,,,,,,
,,,,,5861,5.0,5,,,,,,,,
,,,,,5865,4.0,4,,,,,,,,
,,,,,5872,7.0,7,,,,,,,,
,,,,,5877,5.0,5,,,,,,,,
,,,,,5880,3.0,3,,,,,,,,
,,,,,5892,12.0,12,,,,,,,,
,,,,,5898,6.0,6,,,,,,,,
,,,,,5902,4.0,4,,,,,,,,
,,,,,5915,13.0,13,,,,,,,,
,,,,,5922,7.0,7,,,,,,,,
,,,,,5925,3.0,3,,,,,,,,
,,,,,5928,3.0,3,,,,,,,,
,,,,,5932,4.0,4,,,,,,,,
,,,,,5944,12.0,12,,,,,,,,
,,,,,5948,4.0,4,,,,,,,,
,,,,,5952,4.0,4,,,,,,,,
,,,,,5965,13.0,13,,,,,,,,
,,,,,5969,4.0,4,,,,,,,,
,,,,,5973,4.0,4,,,,,,,,
,,,,,5977,4.0,4,,,,,,,,
,,,,,5991,14.0,14,,,,,,,,
,,,,,6000,,,-0.06021403893828392,0.6021403670310974,0.7363753318786621,3.6434812545776367,3.527358055114746,0.0003,0.0003,0.1
,,,,,6003,12.0,12,,,,,,,,
,,,,,6015,12.0,12,,,,,,,,
,,,,,6033,18.0,18,,,,,,,,
,,,,,6055,22.0,22,,,,,,,,
,,,,,6063,8.0,8,,,,,,,,
,,,,,6067,4.0,4,,,,,,,,
,,,,,6074,7.0,7,,,,,,,,
,,,,,6081,7.0,7,,,,,,,,
,,,,,6086,5.0,5,,,,,,,,
,,,,,6094,8.0,8,,,,,,,,
,,,,,6097,3.0,3,,,,,,,,
,,,,,6102,5.0,5,,,,,,,,
,,,,,6107,5.0,5,,,,,,,,
,,,,,6115,8.0,8,,,,,,,,
,,,,,6126,11.0,11,,,,,,,,
,,,,,6132,6.0,6,,,,,,,,
,,,,,6136,4.0,4,,,,,,,,
,,,,,6142,6.0,6,,,,,,,,
,,,,,6161,19.0,19,,,,,,,,
,,,,,6170,9.0,9,,,,,,,,
,,,,,6173,3.0,3,,,,,,,,
,,,,,6177,4.0,4,,,,,,,,
,,,,,6180,3.0,3,,,,,,,,
,,,,,6186,6.0,6,,,,,,,,
,,,,,6193,7.0,7,,,,,,,,
,,,,,6196,3.0,3,,,,,,,,
,,,,,6200,4.0,4,,,,,,,,
,,,,,6203,3.0,3,,,,,,,,
,,,,,6208,5.0,5,,,,,,,,
,,,,,6223,15.0,15,,,,,,,,
,,,,,6228,5.0,5,,,,,,,,
,,,,,6231,3.0,3,,,,,,,,
,,,,,6234,3.0,3,,,,,,,,
,,,,,6239,5.0,5,,,,,,,,
,,,,,6243,4.0,4,,,,,,,,
,,,,,6246,3.0,3,,,,,,,,
,,,,,6249,3.0,3,,,,,,,,
,,,,,6254,5.0,5,,,,,,,,
,,,,,6258,4.0,4,,,,,,,,
,,,,,6266,8.0,8,,,,,,,,
,,,,,6270,4.0,4,,,,,,,,
,,,,,6273,3.0,3,,,,,,,,
,,,,,6277,4.0,4,,,,,,,,
,,,,,6281,4.0,4,,,,,,,,
,,,,,6292,11.0,11,,,,,,,,
,,,,,6295,3.0,3,,,,,,,,
,,,,,6301,6.0,6,,,,,,,,
,,,,,6307,6.0,6,,,,,,,,
,,,,,6310,3.0,3,,,,,,,,
,,,,,6314,4.0,4,,,,,,,,
,,,,,6317,3.0,3,,,,,,,,
,,,,,6326,9.0,9,,,,,,,,
,,,,,6331,5.0,5,,,,,,,,
,,,,,6334,3.0,3,,,,,,,,
,,,,,6339,5.0,5,,,,,,,,
,,,,,6358,19.0,19,,,,,,,,
,,,,,6365,7.0,7,,,,,,,,
,,,,,6368,3.0,3,,,,,,,,
,,,,,6377,9.0,9,,,,,,,,
,,,,,6380,3.0,3,,,,,,,,
,,,,,6389,9.0,9,,,,,,,,
,,,,,6392,3.0,3,,,,,,,,
,,,,,6395,3.0,3,,,,,,,,
,,,,,6402,7.0,7,,,,,,,,
,,,,,6409,7.0,7,,,,,,,,
,,,,,6412,3.0,3,,,,,,,,
,,,,,6417,5.0,5,,,,,,,,
,,,,,6424,7.0,7,,,,,,,,
,,,,,6429,5.0,5,,,,,,,,
,,,,,6432,3.0,3,,,,,,,,
,,,,,6437,5.0,5,,,,,,,,
,,,,,6443,6.0,6,,,,,,,,
,,,,,6446,3.0,3,,,,,,,,
,,,,,6453,7.0,7,,,,,,,,
,,,,,6457,4.0,4,,,,,,,,
,,,,,6460,3.0,3,,,,,,,,
,,,,,6464,4.0,4,,,,,,,,
,,,,,6471,7.0,7,,,,,,,,
,,,,,6474,3.0,3,,,,,,,,
,,,,,6481,7.0,7,,,,,,,,
,,,,,6484,3.0,3,,,,,,,,
,,,,,6492,8.0,8,,,,,,,,
,,,,,6498,6.0,6,,,,,,,,
,,,,,6503,5.0,5,,,,,,,,
,,,,,6506,3.0,3,,,,,,,,
,,,,,6510,4.0,4,,,,,,,,
,,,,,6519,9.0,9,,,,,,,,
,,,,,6523,4.0,4,,,,,,,,
,,,,,6526,3.0,3,,,,,,,,
,,,,,6529,3.0,3,,,,,,,,
,,,,,6533,4.0,4,,,,,,,,
,,,,,6536,3.0,3,,,,,,,,
,,,,,6544,8.0,8,,,,,,,,
,,,,,6547,3.0,3,,,,,,,,
,,,,,6550,3.0,3,,,,,,,,
,,,,,6554,4.0,4,,,,,,,,
,,,,,6557,3.0,3,,,,,,,,
,,,,,6560,3.0,3,,,,,,,,
,,,,,6563,3.0,3,,,,,,,,
,,,,,6568,5.0,5,,,,,,,,
,,,,,6573,5.0,5,,,,,,,,
,,,,,6576,3.0,3,,,,,,,,
,,,,,6582,6.0,6,,,,,,,,
,,,,,6588,6.0,6,,,,,,,,
,,,,,6591,3.0,3,,,,,,,,
,,,,,6596,5.0,5,,,,,,,,
,,,,,6600,4.0,4,,,,,,,,
,,,,,6606,6.0,6,,,,,,,,
,,,,,6612,6.0,6,,,,,,,,
,,,,,6617,5.0,5,,,,,,,,
,,,,,6621,4.0,4,,,,,,,,
,,,,,6624,3.0,3,,,,,,,,
,,,,,6628,4.0,4,,,,,,,,
,,,,,6632,4.0,4,,,,,,,,
,,,,,6635,3.0,3,,,,,,,,
,,,,,6639,4.0,4,,,,,,,,
,,,,,6642,3.0,3,,,,,,,,
,,,,,6645,3.0,3,,,,,,,,
,,,,,6648,3.0,3,,,,,,,,
,,,,,6652,4.0,4,,,,,,,,
,,,,,6655,3.0,3,,,,,,,,
,,,,,6658,3.0,3,,,,,,,,
,,,,,6661,3.0,3,,,,,,,,
,,,,,6664,3.0,3,,,,,,,,
,,,,,6669,5.0,5,,,,,,,,
,,,,,6673,4.0,4,,,,,,,,
,,,,,6676,3.0,3,,,,,,,,
,,,,,6679,3.0,3,,,,,,,,
,,,,,6683,4.0,4,,,,,,,,
,,,,,6686,3.0,3,,,,,,,,
,,,,,6690,4.0,4,,,,,,,,
,,,,,6693,3.0,3,,,,,,,,
,,,,,6698,5.0,5,,,,,,,,
,,,,,6702,4.0,4,,,,,,,,
,,,,,6709,7.0,7,,,,,,,,
,,,,,6714,5.0,5,,,,,,,,
,,,,,6717,3.0,3,,,,,,,,
,,,,,6720,3.0,3,,,,,,,,
,,,,,6724,4.0,4,,,,,,,,
,,,,,6728,4.0,4,,,,,,,,
,,,,,6731,3.0,3,,,,,,,,
,,,,,6734,3.0,3,,,,,,,,
,,,,,6737,3.0,3,,,,,,,,
,,,,,6740,3.0,3,,,,,,,,
,,,,,6743,3.0,3,,,,,,,,
,,,,,6746,3.0,3,,,,,,,,
,,,,,6755,9.0,9,,,,,,,,
,,,,,6758,3.0,3,,,,,,,,
,,,,,6761,3.0,3,,,,,,,,
,,,,,6768,7.0,7,,,,,,,,
,,,,,6771,3.0,3,,,,,,,,
,,,,,6783,12.0,12,,,,,,,,
,,,,,6786,3.0,3,,,,,,,,
,,,,,6790,4.0,4,,,,,,,,
,,,,,6793,3.0,3,,,,,,,,
,,,,,6800,7.0,7,,,,,,,,
,,,,,6803,3.0,3,,,,,,,,
,,,,,6809,6.0,6,,,,,,,,
,,,,,6814,5.0,5,,,,,,,,
,,,,,6817,3.0,3,,,,,,,,
,,,,,6823,6.0,6,,,,,,,,
,,,,,6829,6.0,6,,,,,,,,
,,,,,6832,3.0,3,,,,,,,,
,,,,,6841,9.0,9,,,,,,,,
,,,,,6844,3.0,3,,,,,,,,
,,,,,6850,6.0,6,,,,,,,,
,,,,,6853,3.0,3,,,,,,,,
,,,,,6858,5.0,5,,,,,,,,
,,,,,6861,3.0,3,,,,,,,,
,,,,,6864,3.0,3,,,,,,,,
,,,,,6867,3.0,3,,,,,,,,
,,,,,6870,3.0,3,,,,,,,,
,,,,,6873,3.0,3,,,,,,,,
,,,,,6876,3.0,3,,,,,,,,
,,,,,6880,4.0,4,,,,,,,,
,,,,,6883,3.0,3,,,,,,,,
,,,,,6889,6.0,6,,,,,,,,
,,,,,6892,3.0,3,,,,,,,,
,,,,,6895,3.0,3,,,,,,,,
,,,,,6898,3.0,3,,,,,,,,
,,,,,6901,3.0,3,,,,,,,,
,,,,,6904,3.0,3,,,,,,,,
,,,,,6907,3.0,3,,,,,,,,
,,,,,6912,5.0,5,,,,,,,,
,,,,,6915,3.0,3,,,,,,,,
,,,,,6918,3.0,3,,,,,,,,
,,,,,6922,4.0,4,,,,,,,,
,,,,,6925,3.0,3,,,,,,,,
,,,,,6928,3.0,3,,,,,,,,
,,,,,6931,3.0,3,,,,,,,,
,,,,,6934,3.0,3,,,,,,,,
,,,,,6937,3.0,3,,,,,,,,
,,,,,6941,4.0,4,,,,,,,,
,,,,,6945,4.0,4,,,,,,,,
,,,,,6952,7.0,7,,,,,,,,
,,,,,6955,3.0,3,,,,,,,,
,,,,,6959,4.0,4,,,,,,,,
,,,,,6962,3.0,3,,,,,,,,
,,,,,6965,3.0,3,,,,,,,,
,,,,,6968,3.0,3,,,,,,,,
,,,,,6975,7.0,7,,,,,,,,
,,,,,6979,4.0,4,,,,,,,,
,,,,,6983,4.0,4,,,,,,,,
,,,,,6986,3.0,3,,,,,,,,
,,,,,6989,3.0,3,,,,,,,,
,,,,,6992,3.0,3,,,,,,,,
,,,,,6996,4.0,4,,,,,,,,
,,,,,6999,3.0,3,,,,,,,,
,,,,,7000,,,0.00969997700303793,-0.09699976444244385,0.8052611351013184,2.852994918823242,2.886580467224121,0.0003,0.0003,0.1
,,,,,7002,3.0,3,,,,,,,,
,,,,,7005,3.0,3,,,,,,,,
,,,,,7009,4.0,4,,,,,,,,
,,,,,7013,4.0,4,,,,,,,,
,,,,,7017,4.0,4,,,,,,,,
,,,,,7021,4.0,4,,,,,,,,
,,,,,7024,3.0,3,,,,,,,,
,,,,,7027,3.0,3,,,,,,,,
,,,,,7030,3.0,3,,,,,,,,
,,,,,7033,3.0,3,,,,,,,,
,,,,,7037,4.0,4,,,,,,,,
,,,,,7040,3.0,3,,,,,,,,
,,,,,7043,3.0,3,,,,,,,,
,,,,,7046,3.0,3,,,,,,,,
,,,,,7049,3.0,3,,,,,,,,
,,,,,7052,3.0,3,,,,,,,,
,,,,,7055,3.0,3,,,,,,,,
,,,,,7059,4.0,4,,,,,,,,
,,,,,7062,3.0,3,,,,,,,,
,,,,,7066,4.0,4,,,,,,,,
,,,,,7070,4.0,4,,,,,,,,
,,,,,7073,3.0,3,,,,,,,,
,,,,,7076,3.0,3,,,,,,,,
,,,,,7079,3.0,3,,,,,,,,
,,,,,7082,3.0,3,,,,,,,,
,,,,,7085,3.0,3,,,,,,,,
,,,,,7088,3.0,3,,,,,,,,
,,,,,7092,4.0,4,,,,,,,,
,,,,,7095,3.0,3,,,,,,,,
,,,,,7099,4.0,4,,,,,,,,
,,,,,7102,3.0,3,,,,,,,,
,,,,,7106,4.0,4,,,,,,,,
,,,,,7109,3.0,3,,,,,,,,
,,,,,7113,4.0,4,,,,,,,,
,,,,,7116,3.0,3,,,,,,,,
,,,,,7119,3.0,3,,,,,,,,
,,,,,7122,3.0,3,,,,,,,,
,,,,,7125,3.0,3,,,,,,,,
,,,,,7128,3.0,3,,,,,,,,
,,,,,7131,3.0,3,,,,,,,,
,,,,,7134,3.0,3,,,,,,,,
,,,,,7137,3.0,3,,,,,,,,
,,,,,7142,5.0,5,,,,,,,,
,,,,,7145,3.0,3,,,,,,,,
,,,,,7148,3.0,3,,,,,,,,
,,,,,7151,3.0,3,,,,,,,,
,,,,,7154,3.0,3,,,,,,,,
,,,,,7157,3.0,3,,,,,,,,
,,,,,7162,5.0,5,,,,,,,,
,,,,,7165,3.0,3,,,,,,,,
,,,,,7168,3.0,3,,,,,,,,
,,,,,7171,3.0,3,,,,,,,,
,,,,,7176,5.0,5,,,,,,,,
,,,,,7179,3.0,3,,,,,,,,
,,,,,7182,3.0,3,,,,,,,,
,,,,,7185,3.0,3,,,,,,,,
,,,,,7188,3.0,3,,,,,,,,
,,,,,7191,3.0,3,,,,,,,,
,,,,,7196,5.0,5,,,,,,,,
,,,,,7199,3.0,3,,,,,,,,
,,,,,7202,3.0,3,,,,,,,,
,,,,,7206,4.0,4,,,,,,,,
,,,,,7210,4.0,4,,,,,,,,
,,,,,7213,3.0,3,,,,,,,,
,,,,,7216,3.0,3,,,,,,,,
,,,,,7221,5.0,5,,,,,,,,
,,,,,7225,4.0,4,,,,,,,,
,,,,,7228,3.0,3,,,,,,,,
,,,,,7231,3.0,3,,,,,,,,
,,,,,7234,3.0,3,,,,,,,,
,,,,,7237,3.0,3,,,,,,,,
,,,,,7240,3.0,3,,,,,,,,
,,,,,7243,3.0,3,,,,,,,,
,,,,,7246,3.0,3,,,,,,,,
,,,,,7252,6.0,6,,,,,,,,
,,,,,7256,4.0,4,,,,,,,,
,,,,,7259,3.0,3,,,,,,,,
,,,,,7262,3.0,3,,,,,,,,
,,,,,7265,3.0,3,,,,,,,,
,,,,,7268,3.0,3,,,,,,,,
,,,,,7271,3.0,3,,,,,,,,
,,,,,7274,3.0,3,,,,,,,,
,,,,,7277,3.0,3,,,,,,,,
,,,,,7283,6.0,6,,,,,,,,
,,,,,7288,5.0,5,,,,,,,,
,,,,,7291,3.0,3,,,,,,,,
,,,,,7294,3.0,3,,,,,,,,
,,,,,7297,3.0,3,,,,,,,,
,,,,,7301,4.0,4,,,,,,,,
,,,,,7305,4.0,4,,,,,,,,
,,,,,7308,3.0,3,,,,,,,,
,,,,,7311,3.0,3,,,,,,,,
,,,,,7314,3.0,3,,,,,,,,
,,,,,7317,3.0,3,,,,,,,,
,,,,,7321,4.0,4,,,,,,,,
,,,,,7324,3.0,3,,,,,,,,
,,,,,7327,3.0,3,,,,,,,,
,,,,,7332,5.0,5,,,,,,,,
,,,,,7338,6.0,6,,,,,,,,
,,,,,7352,14.0,14,,,,,,,,
,,,,,7357,5.0,5,,,,,,,,
,,,,,7360,3.0,3,,,,,,,,
,,,,,7363,3.0,3,,,,,,,,
,,,,,7367,4.0,4,,,,,,,,
,,,,,7371,4.0,4,,,,,,,,
,,,,,7376,5.0,5,,,,,,,,
,,,,,7387,11.0,11,,,,,,,,
,,,,,7390,3.0,3,,,,,,,,
,,,,,7393,3.0,3,,,,,,,,
,,,,,7399,6.0,6,,,,,,,,
,,,,,7404,5.0,5,,,,,,,,
,,,,,7408,4.0,4,,,,,,,,
,,,,,7411,3.0,3,,,,,,,,
,,,,,7414,3.0,3,,,,,,,,
,,,,,7420,6.0,6,,,,,,,,
,,,,,7423,3.0,3,,,,,,,,
,,,,,7428,5.0,5,,,,,,,,
,,,,,7431,3.0,3,,,,,,,,
,,,,,7434,3.0,3,,,,,,,,
,,,,,7443,9.0,9,,,,,,,,
,,,,,7447,4.0,4,,,,,,,,
,,,,,7451,4.0,4,,,,,,,,
,,,,,7455,4.0,4,,,,,,,,
,,,,,7458,3.0,3,,,,,,,,
,,,,,7461,3.0,3,,,,,,,,
,,,,,7464,3.0,3,,,,,,,,
,,,,,7468,4.0,4,,,,,,,,
,,,,,7472,4.0,4,,,,,,,,
,,,,,7478,6.0,6,,,,,,,,
,,,,,7483,5.0,5,,,,,,,,
,,,,,7486,3.0,3,,,,,,,,
,,,,,7496,10.0,10,,,,,,,,
,,,,,7499,3.0,3,,,,,,,,
,,,,,7502,3.0,3,,,,,,,,
,,,,,7506,4.0,4,,,,,,,,
,,,,,7510,4.0,4,,,,,,,,
,,,,,7514,4.0,4,,,,,,,,
,,,,,7517,3.0,3,,,,,,,,
,,,,,7520,3.0,3,,,,,,,,
,,,,,7523,3.0,3,,,,,,,,
,,,,,7532,9.0,9,,,,,,,,
,,,,,7536,4.0,4,,,,,,,,
,,,,,7539,3.0,3,,,,,,,,
,,,,,7542,3.0,3,,,,,,,,
,,,,,7546,4.0,4,,,,,,,,
,,,,,7551,5.0,5,,,,,,,,
,,,,,7555,4.0,4,,,,,,,,
,,,,,7558,3.0,3,,,,,,,,
,,,,,7561,3.0,3,,,,,,,,
,,,,,7566,5.0,5,,,,,,,,
,,,,,7570,4.0,4,,,,,,,,
,,,,,7573,3.0,3,,,,,,,,
,,,,,7577,4.0,4,,,,,,,,
,,,,,7580,3.0,3,,,,,,,,
,,,,,7584,4.0,4,,,,,,,,
,,,,,7587,3.0,3,,,,,,,,
,,,,,7590,3.0,3,,,,,,,,
,,,,,7593,3.0,3,,,,,,,,
,,,,,7598,5.0,5,,,,,,,,
,,,,,7602,4.0,4,,,,,,,,
,,,,,7608,6.0,6,,,,,,,,
,,,,,7613,5.0,5,,,,,,,,
,,,,,7617,4.0,4,,,,,,,,
,,,,,7620,3.0,3,,,,,,,,
,,,,,7623,3.0,3,,,,,,,,
,,,,,7626,3.0,3,,,,,,,,
,,,,,7629,3.0,3,,,,,,,,
,,,,,7632,3.0,3,,,,,,,,
,,,,,7635,3.0,3,,,,,,,,
,,,,,7640,5.0,5,,,,,,,,
,,,,,7646,6.0,6,,,,,,,,
,,,,,7649,3.0,3,,,,,,,,
,,,,,7653,4.0,4,,,,,,,,
,,,,,7656,3.0,3,,,,,,,,
,,,,,7660,4.0,4,,,,,,,,
,,,,,7663,3.0,3,,,,,,,,
,,,,,7668,5.0,5,,,,,,,,
,,,,,7671,3.0,3,,,,,,,,
,,,,,7675,4.0,4,,,,,,,,
,,,,,7678,3.0,3,,,,,,,,
,,,,,7681,3.0,3,,,,,,,,
,,,,,7684,3.0,3,,,,,,,,
,,,,,7687,3.0,3,,,,,,,,
,,,,,7691,4.0,4,,,,,,,,
,,,,,7695,4.0,4,,,,,,,,
,,,,,7699,4.0,4,,,,,,,,
,,,,,7703,4.0,4,,,,,,,,
,,,,,7708,5.0,5,,,,,,,,
,,,,,7712,4.0,4,,,,,,,,
,,,,,7716,4.0,4,,,,,,,,
,,,,,7719,3.0,3,,,,,,,,
,,,,,7723,4.0,4,,,,,,,,
,,,,,7726,3.0,3,,,,,,,,
,,,,,7729,3.0,3,,,,,,,,
,,,,,7733,4.0,4,,,,,,,,
,,,,,7736,3.0,3,,,,,,,,
,,,,,7740,4.0,4,,,,,,,,
,,,,,7744,4.0,4,,,,,,,,
,,,,,7747,3.0,3,,,,,,,,
,,,,,7751,4.0,4,,,,,,,,
,,,,,7757,6.0,6,,,,,,,,
,,,,,7762,5.0,5,,,,,,,,
,,,,,7765,3.0,3,,,,,,,,
,,,,,7769,4.0,4,,,,,,,,
,,,,,7773,4.0,4,,,,,,,,
,,,,,7777,4.0,4,,,,,,,,
,,,,,7781,4.0,4,,,,,,,,
,,,,,7784,3.0,3,,,,,,,,
,,,,,7787,3.0,3,,,,,,,,
,,,,,7790,3.0,3,,,,,,,,
,,,,,7795,5.0,5,,,,,,,,
,,,,,7799,4.0,4,,,,,,,,
,,,,,7803,4.0,4,,,,,,,,
,,,,,7806,3.0,3,,,,,,,,
,,,,,7810,4.0,4,,,,,,,,
,,,,,7813,3.0,3,,,,,,,,
,,,,,7824,11.0,11,,,,,,,,
,,,,,7827,3.0,3,,,,,,,,
,,,,,7832,5.0,5,,,,,,,,
,,,,,7835,3.0,3,,,,,,,,
,,,,,7839,4.0,4,,,,,,,,
,,,,,7843,4.0,4,,,,,,,,
,,,,,7848,5.0,5,,,,,,,,
,,,,,7851,3.0,3,,,,,,,,
,,,,,7855,4.0,4,,,,,,,,
,,,,,7859,4.0,4,,,,,,,,
,,,,,7865,6.0,6,,,,,,,,
,,,,,7870,5.0,5,,,,,,,,
,,,,,7873,3.0,3,,,,,,,,
,,,,,7883,10.0,10,,,,,,,,
,,,,,7886,3.0,3,,,,,,,,
,,,,,7890,4.0,4,,,,,,,,
,,,,,7893,3.0,3,,,,,,,,
,,,,,7896,3.0,3,,,,,,,,
,,,,,7901,5.0,5,,,,,,,,
,,,,,7904,3.0,3,,,,,,,,
,,,,,7910,6.0,6,,,,,,,,
,,,,,7914,4.0,4,,,,,,,,
,,,,,7922,8.0,8,,,,,,,,
,,,,,7925,3.0,3,,,,,,,,
,,,,,7931,6.0,6,,,,,,,,
,,,,,7934,3.0,3,,,,,,,,
,,,,,7938,4.0,4,,,,,,,,
,,,,,7941,3.0,3,,,,,,,,
,,,,,7944,3.0,3,,,,,,,,
,,,,,7948,4.0,4,,,,,,,,
,,,,,7951,3.0,3,,,,,,,,
,,,,,7956,5.0,5,,,,,,,,
,,,,,7960,4.0,4,,,,,,,,
,,,,,7963,3.0,3,,,,,,,,
,,,,,7967,4.0,4,,,,,,,,
,,,,,7972,5.0,5,,,,,,,,
,,,,,7975,3.0,3,,,,,,,,
,,,,,7978,3.0,3,,,,,,,,
,,,,,7981,3.0,3,,,,,,,,
,,,,,7985,4.0,4,,,,,,,,
,,,,,7990,5.0,5,,,,,,,,
,,,,,8000,10.0,10,,,,,,,,
,,,,,8000,,,-0.028511464595794678,0.2851146459579468,0.6608708500862122,3.033646583557129,2.946350574493408,0.0003,0.0003,0.1
,,,,,8005,5.0,5,,,,,,,,
,,,,,8013,8.0,8,,,,,,,,
,,,,,8016,3.0,3,,,,,,,,
,,,,,8020,4.0,4,,,,,,,,
,,,,,8026,6.0,6,,,,,,,,
,,,,,8029,3.0,3,,,,,,,,
,,,,,8032,3.0,3,,,,,,,,
,,,,,8037,5.0,5,,,,,,,,
,,,,,8044,7.0,7,,,,,,,,
,,,,,8048,4.0,4,,,,,,,,
,,,,,8052,4.0,4,,,,,,,,
,,,,,8056,4.0,4,,,,,,,,
,,,,,8059,3.0,3,,,,,,,,
,,,,,8062,3.0,3,,,,,,,,
,,,,,8066,4.0,4,,,,,,,,
,,,,,8071,5.0,5,,,,,,,,
,,,,,8075,4.0,4,,,,,,,,
,,,,,8082,7.0,7,,,,,,,,
,,,,,8085,3.0,3,,,,,,,,
,,,,,8090,5.0,5,,,,,,,,
,,,,,8094,4.0,4,,,,,,,,
,,,,,8098,4.0,4,,,,,,,,
,,,,,8105,7.0,7,,,,,,,,
,,,,,8108,3.0,3,,,,,,,,
,,,,,8114,6.0,6,,,,,,,,
,,,,,8117,3.0,3,,,,,,,,
,,,,,8121,4.0,4,,,,,,,,
,,,,,8125,4.0,4,,,,,,,,
,,,,,8128,3.0,3,,,,,,,,
,,,,,8134,6.0,6,,,,,,,,
,,,,,8139,5.0,5,,,,,,,,
,,,,,8142,3.0,3,,,,,,,,
,,,,,8146,4.0,4,,,,,,,,
,,,,,8149,3.0,3,,,,,,,,
,,,,,8152,3.0,3,,,,,,,,
,,,,,8156,4.0,4,,,,,,,,
,,,,,8159,3.0,3,,,,,,,,
,,,,,8163,4.0,4,,,,,,,,
,,,,,8166,3.0,3,,,,,,,,
,,,,,8169,3.0,3,,,,,,,,
,,,,,8172,3.0,3,,,,,,,,
,,,,,8177,5.0,5,,,,,,,,
,,,,,8181,4.0,4,,,,,,,,
,,,,,8184,3.0,3,,,,,,,,
,,,,,8189,5.0,5,,,,,,,,
,,,,,8192,3.0,3,,,,,,,,
,,,,,8195,3.0,3,,,,,,,,
,,,,,8198,3.0,3,,,,,,,,
,,,,,8202,4.0,4,,,,,,,,
,,,,,8205,3.0,3,,,,,,,,
,,,,,8210,5.0,5,,,,,,,,
,,,,,8213,3.0,3,,,,,,,,
,,,,,8217,4.0,4,,,,,,,,
,,,,,8220,3.0,3,,,,,,,,
,,,,,8226,6.0,6,,,,,,,,
,,,,,8229,3.0,3,,,,,,,,
,,,,,8237,8.0,8,,,,,,,,
,,,,,8240,3.0,3,,,,,,,,
,,,,,8244,4.0,4,,,,,,,,
,,,,,8247,3.0,3,,,,,,,,
,,,,,8252,5.0,5,,,,,,,,
,,,,,8255,3.0,3,,,,,,,,
,,,,,8262,7.0,7,,,,,,,,
,,,,,8265,3.0,3,,,,,,,,
,,,,,8268,3.0,3,,,,,,,,
,,,,,8271,3.0,3,,,,,,,,
,,,,,8274,3.0,3,,,,,,,,
,,,,,8278,4.0,4,,,,,,,,
,,,,,8281,3.0,3,,,,,,,,
,,,,,8286,5.0,5,,,,,,,,
,,,,,8289,3.0,3,,,,,,,,
,,,,,8294,5.0,5,,,,,,,,
,,,,,8297,3.0,3,,,,,,,,
,,,,,8300,3.0,3,,,,,,,,
,,,,,8303,3.0,3,,,,,,,,
,,,,,8306,3.0,3,,,,,,,,
,,,,,8309,3.0,3,,,,,,,,
,,,,,8312,3.0,3,,,,,,,,
,,,,,8315,3.0,3,,,,,,,,
,,,,,8318,3.0,3,,,,,,,,
,,,,,8321,3.0,3,,,,,,,,
,,,,,8324,3.0,3,,,,,,,,
,,,,,8327,3.0,3,,,,,,,,
,,,,,8330,3.0,3,,,,,,,,
,,,,,8333,3.0,3,,,,,,,,
,,,,,8338,5.0,5,,,,,,,,
,,,,,8344,6.0,6,,,,,,,,
,,,,,8347,3.0,3,,,,,,,,
,,,,,8350,3.0,3,,,,,,,,
,,,,,8353,3.0,3,,,,,,,,
,,,,,8359,6.0,6,,,,,,,,
,,,,,8362,3.0,3,,,,,,,,
,,,,,8365,3.0,3,,,,,,,,
,,,,,8368,3.0,3,,,,,,,,
,,,,,8371,3.0,3,,,,,,,,
,,,,,8374,3.0,3,,,,,,,,
,,,,,8377,3.0,3,,,,,,,,
,,,,,8380,3.0,3,,,,,,,,
,,,,,8385,5.0,5,,,,,,,,
,,,,,8388,3.0,3,,,,,,,,
,,,,,8391,3.0,3,,,,,,,,
,,,,,8394,3.0,3,,,,,,,,
,,,,,8397,3.0,3,,,,,,,,
,,,,,8400,3.0,3,,,,,,,,
,,,,,8403,3.0,3,,,,,,,,
,,,,,8407,4.0,4,,,,,,,,
,,,,,8411,4.0,4,,,,,,,,
,,,,,8414,3.0,3,,,,,,,,
,,,,,8419,5.0,5,,,,,,,,
,,,,,8422,3.0,3,,,,,,,,
,,,,,8425,3.0,3,,,,,,,,
,,,,,8431,6.0,6,,,,,,,,
,,,,,8434,3.0,3,,,,,,,,
,,,,,8439,5.0,5,,,,,,,,
,,,,,8444,5.0,5,,,,,,,,
,,,,,8447,3.0,3,,,,,,,,
,,,,,8450,3.0,3,,,,,,,,
,,,,,8454,4.0,4,,,,,,,,
,,,,,8458,4.0,4,,,,,,,,
,,,,,8466,8.0,8,,,,,,,,
,,,,,8469,3.0,3,,,,,,,,
,,,,,8472,3.0,3,,,,,,,,
,,,,,8475,3.0,3,,,,,,,,
,,,,,8481,6.0,6,,,,,,,,
,,,,,8485,4.0,4,,,,,,,,
,,,,,8490,5.0,5,,,,,,,,
,,,,,8495,5.0,5,,,,,,,,
,,,,,8501,6.0,6,,,,,,,,
,,,,,8504,3.0,3,,,,,,,,
,,,,,8507,3.0,3,,,,,,,,
,,,,,8510,3.0,3,,,,,,,,
,,,,,8513,3.0,3,,,,,,,,
,,,,,8516,3.0,3,,,,,,,,
,,,,,8519,3.0,3,,,,,,,,
,,,,,8522,3.0,3,,,,,,,,
,,,,,8525,3.0,3,,,,,,,,
,,,,,8530,5.0,5,,,,,,,,
,,,,,8533,3.0,3,,,,,,,,
,,,,,8536,3.0,3,,,,,,,,
,,,,,8541,5.0,5,,,,,,,,
,,,,,8546,5.0,5,,,,,,,,
,,,,,8551,5.0,5,,,,,,,,
,,,,,8554,3.0,3,,,,,,,,
,,,,,8557,3.0,3,,,,,,,,
,,,,,8560,3.0,3,,,,,,,,
,,,,,8564,4.0,4,,,,,,,,
,,,,,8567,3.0,3,,,,,,,,
,,,,,8572,5.0,5,,,,,,,,
,,,,,8578,6.0,6,,,,,,,,
,,,,,8582,4.0,4,,,,,,,,
,,,,,8585,3.0,3,,,,,,,,
,,,,,8589,4.0,4,,,,,,,,
,,,,,8592,3.0,3,,,,,,,,
,,,,,8595,3.0,3,,,,,,,,
,,,,,8600,5.0,5,,,,,,,,
,,,,,8603,3.0,3,,,,,,,,
,,,,,8606,3.0,3,,,,,,,,
,,,,,8610,4.0,4,,,,,,,,
,,,,,8613,3.0,3,,,,,,,,
,,,,,8616,3.0,3,,,,,,,,
,,,,,8623,7.0,7,,,,,,,,
,,,,,8626,3.0,3,,,,,,,,
,,,,,8631,5.0,5,,,,,,,,
,,,,,8634,3.0,3,,,,,,,,
,,,,,8637,3.0,3,,,,,,,,
,,,,,8640,3.0,3,,,,,,,,
,,,,,8644,4.0,4,,,,,,,,
,,,,,8650,6.0,6,,,,,,,,
,,,,,8654,4.0,4,,,,,,,,
,,,,,8657,3.0,3,,,,,,,,
,,,,,8660,3.0,3,,,,,,,,
,,,,,8664,4.0,4,,,,,,,,
,,,,,8668,4.0,4,,,,,,,,
,,,,,8671,3.0,3,,,,,,,,
,,,,,8676,5.0,5,,,,,,,,
,,,,,8681,5.0,5,,,,,,,,
,,,,,8684,3.0,3,,,,,,,,
,,,,,8687,3.0,3,,,,,,,,
,,,,,8690,3.0,3,,,,,,,,
,,,,,8694,4.0,4,,,,,,,,
,,,,,8697,3.0,3,,,,,,,,
,,,,,8701,4.0,4,,,,,,,,
,,,,,8705,4.0,4,,,,,,,,
,,,,,8708,3.0,3,,,,,,,,
,,,,,8711,3.0,3,,,,,,,,
,,,,,8714,3.0,3,,,,,,,,
,,,,,8717,3.0,3,,,,,,,,
,,,,,8720,3.0,3,,,,,,,,
,,,,,8723,3.0,3,,,,,,,,
,,,,,8726,3.0,3,,,,,,,,
,,,,,8731,5.0,5,,,,,,,,
,,,,,8734,3.0,3,,,,,,,,
,,,,,8738,4.0,4,,,,,,,,
,,,,,8742,4.0,4,,,,,,,,
,,,,,8747,5.0,5,,,,,,,,
,,,,,8753,6.0,6,,,,,,,,
,,,,,8757,4.0,4,,,,,,,,
,,,,,8762,5.0,5,,,,,,,,
,,,,,8768,6.0,6,,,,,,,,
,,,,,8772,4.0,4,,,,,,,,
,,,,,8775,3.0,3,,,,,,,,
,,,,,8779,4.0,4,,,,,,,,
,,,,,8782,3.0,3,,,,,,,,
,,,,,8785,3.0,3,,,,,,,,
,,,,,8791,6.0,6,,,,,,,,
,,,,,8794,3.0,3,,,,,,,,
,,,,,8797,3.0,3,,,,,,,,
,,,,,8802,5.0,5,,,,,,,,
,,,,,8807,5.0,5,,,,,,,,
,,,,,8815,8.0,8,,,,,,,,
,,,,,8818,3.0,3,,,,,,,,
,,,,,8823,5.0,5,,,,,,,,
,,,,,8827,4.0,4,,,,,,,,
,,,,,8830,3.0,3,,,,,,,,
,,,,,8833,3.0,3,,,,,,,,
,,,,,8836,3.0,3,,,,,,,,
,,,,,8843,7.0,7,,,,,,,,
,,,,,8847,4.0,4,,,,,,,,
,,,,,8850,3.0,3,,,,,,,,
,,,,,8855,5.0,5,,,,,,,,
,,,,,8860,5.0,5,,,,,,,,
,,,,,8863,3.0,3,,,,,,,,
,,,,,8866,3.0,3,,,,,,,,
,,,,,8869,3.0,3,,,,,,,,
,,,,,8873,4.0,4,,,,,,,,
,,,,,8876,3.0,3,,,,,,,,
,,,,,8879,3.0,3,,,,,,,,
,,,,,8885,6.0,6,,,,,,,,
,,,,,8888,3.0,3,,,,,,,,
,,,,,8894,6.0,6,,,,,,,,
,,,,,8897,3.0,3,,,,,,,,
,,,,,8904,7.0,7,,,,,,,,
,,,,,8910,6.0,6,,,,,,,,
,,,,,8914,4.0,4,,,,,,,,
,,,,,8917,3.0,3,,,,,,,,
,,,,,8920,3.0,3,,,,,,,,
,,,,,8923,3.0,3,,,,,,,,
,,,,,8926,3.0,3,,,,,,,,
,,,,,8930,4.0,4,,,,,,,,
,,,,,8933,3.0,3,,,,,,,,
,,,,,8937,4.0,4,,,,,,,,
,,,,,8940,3.0,3,,,,,,,,
,,,,,8948,8.0,8,,,,,,,,
,,,,,8951,3.0,3,,,,,,,,
,,,,,8954,3.0,3,,,,,,,,
,,,,,8958,4.0,4,,,,,,,,
,,,,,8965,7.0,7,,,,,,,,
,,,,,8970,5.0,5,,,,,,,,
,,,,,8974,4.0,4,,,,,,,,
,,,,,8982,8.0,8,,,,,,,,
,,,,,8985,3.0,3,,,,,,,,
,,,,,8990,5.0,5,,,,,,,,
,,,,,8993,3.0,3,,,,,,,,
,,,,,9000,,,-0.056620240211486816,0.5662024021148682,0.5998978614807129,3.3366599082946777,3.4027481079101562,0.0003,0.0003,0.1
,,,,,9016,23.0,23,,,,,,,,
,,,,,9022,6.0,6,,,,,,,,
,,,,,9033,11.0,11,,,,,,,,
,,,,,9045,12.0,12,,,,,,,,
,,,,,9048,3.0,3,,,,,,,,
,,,,,9051,3.0,3,,,,,,,,
,,,,,9059,8.0,8,,,,,,,,
,,,,,9062,3.0,3,,,,,,,,
,,,,,9065,3.0,3,,,,,,,,
,,,,,9068,3.0,3,,,,,,,,
,,,,,9071,3.0,3,,,,,,,,
,,,,,9083,12.0,12,,,,,,,,
,,,,,9090,7.0,7,,,,,,,,
,,,,,9099,9.0,9,,,,,,,,
,,,,,9122,23.0,23,,,,,,,,
,,,,,9126,4.0,4,,,,,,,,
,,,,,9133,7.0,7,,,,,,,,
,,,,,9137,4.0,4,,,,,,,,
,,,,,9150,13.0,13,,,,,,,,
,,,,,9155,5.0,5,,,,,,,,
,,,,,9158,3.0,3,,,,,,,,
,,,,,9162,4.0,4,,,,,,,,
,,,,,9165,3.0,3,,,,,,,,
,,,,,9169,4.0,4,,,,,,,,
,,,,,9173,4.0,4,,,,,,,,
,,,,,9178,5.0,5,,,,,,,,
,,,,,9182,4.0,4,,,,,,,,
,,,,,9189,7.0,7,,,,,,,,
,,,,,9192,3.0,3,,,,,,,,
,,,,,9197,5.0,5,,,,,,,,
,,,,,9200,3.0,3,,,,,,,,
,,,,,9204,4.0,4,,,,,,,,
,,,,,9208,4.0,4,,,,,,,,
,,,,,9213,5.0,5,,,,,,,,
,,,,,9217,4.0,4,,,,,,,,
,,,,,9225,8.0,8,,,,,,,,
,,,,,9228,3.0,3,,,,,,,,
,,,,,9234,6.0,6,,,,,,,,
,,,,,9237,3.0,3,,,,,,,,
,,,,,9241,4.0,4,,,,,,,,
,,,,,9245,4.0,4,,,,,,,,
,,,,,9248,3.0,3,,,,,,,,
,,,,,9251,3.0,3,,,,,,,,
,,,,,9256,5.0,5,,,,,,,,
,,,,,9265,9.0,9,,,,,,,,
,,,,,9268,3.0,3,,,,,,,,
,,,,,9271,3.0,3,,,,,,,,
,,,,,9279,8.0,8,,,,,,,,
,,,,,9282,3.0,3,,,,,,,,
,,,,,9292,10.0,10,,,,,,,,
,,,,,9303,11.0,11,,,,,,,,
,,,,,9306,3.0,3,,,,,,,,
,,,,,9311,5.0,5,,,,,,,,
,,,,,9327,16.0,16,,,,,,,,
,,,,,9332,5.0,5,,,,,,,,
,,,,,9337,5.0,5,,,,,,,,
,,,,,9341,4.0,4,,,,,,,,
,,,,,9354,13.0,13,,,,,,,,
,,,,,9362,8.0,8,,,,,,,,
,,,,,9371,9.0,9,,,,,,,,
,,,,,9374,3.0,3,,,,,,,,
,,,,,9378,4.0,4,,,,,,,,
,,,,,9382,4.0,4,,,,,,,,
,,,,,9386,4.0,4,,,,,,,,
,,,,,9389,3.0,3,,,,,,,,
,,,,,9393,4.0,4,,,,,,,,
,,,,,9399,6.0,6,,,,,,,,
,,,,,9403,4.0,4,,,,,,,,
,,,,,9411,8.0,8,,,,,,,,
,,,,,9414,3.0,3,,,,,,,,
,,,,,9418,4.0,4,,,,,,,,
,,,,,9421,3.0,3,,,,,,,,
,,,,,9425,4.0,4,,,,,,,,
,,,,,9428,3.0,3,,,,,,,,
,,,,,9432,4.0,4,,,,,,,,
,,,,,9444,12.0,12,,,,,,,,
,,,,,9458,14.0,14,,,,,,,,
,,,,,9465,7.0,7,,,,,,,,
,,,,,9468,3.0,3,,,,,,,,
,,,,,9472,4.0,4,,,,,,,,
,,,,,9480,8.0,8,,,,,,,,
,,,,,9489,9.0,9,,,,,,,,
,,,,,9500,11.0,11,,,,,,,,
,,,,,9507,7.0,7,,,,,,,,
,,,,,9514,7.0,7,,,,,,,,
,,,,,9517,3.0,3,,,,,,,,
,,,,,9523,6.0,6,,,,,,,,
,,,,,9526,3.0,3,,,,,,,,
,,,,,9536,10.0,10,,,,,,,,
,,,,,9539,3.0,3,,,,,,,,
,,,,,9542,3.0,3,,,,,,,,
,,,,,9547,5.0,5,,,,,,,,
,,,,,9550,3.0,3,,,,,,,,
,,,,,9555,5.0,5,,,,,,,,
,,,,,9563,8.0,8,,,,,,,,
,,,,,9568,5.0,5,,,,,,,,
,,,,,9571,3.0,3,,,,,,,,
,,,,,9581,10.0,10,,,,,,,,
,,,,,9586,5.0,5,,,,,,,,
,,,,,9596,10.0,10,,,,,,,,
,,,,,9599,3.0,3,,,,,,,,
,,,,,9604,5.0,5,,,,,,,,
,,,,,9616,12.0,12,,,,,,,,
,,,,,9620,4.0,4,,,,,,,,
,,,,,9629,9.0,9,,,,,,,,
,,,,,9632,3.0,3,,,,,,,,
,,,,,9640,8.0,8,,,,,,,,
,,,,,9663,23.0,23,,,,,,,,
,,,,,9672,9.0,9,,,,,,,,
,,,,,9675,3.0,3,,,,,,,,
,,,,,9680,5.0,5,,,,,,,,
,,,,,9684,4.0,4,,,,,,,,
,,,,,9687,3.0,3,,,,,,,,
,,,,,9693,6.0,6,,,,,,,,
,,,,,9697,4.0,4,,,,,,,,
,,,,,9703,6.0,6,,,,,,,,
,,,,,9711,8.0,8,,,,,,,,
,,,,,9721,10.0,10,,,,,,,,
,,,,,9729,8.0,8,,,,,,,,
,,,,,9738,9.0,9,,,,,,,,
,,,,,9742,4.0,4,,,,,,,,
,,,,,9747,5.0,5,,,,,,,,
,,,,,9756,9.0,9,,,,,,,,
,,,,,9769,13.0,13,,,,,,,,
,,,,,9774,5.0,5,,,,,,,,
,,,,,9782,8.0,8,,,,,,,,
,,,,,9790,8.0,8,,,,,,,,
,,,,,9793,3.0,3,,,,,,,,
,,,,,9798,5.0,5,,,,,,,,
,,,,,9802,4.0,4,,,,,,,,
,,,,,9807,5.0,5,,,,,,,,
,,,,,9812,5.0,5,,,,,,,,
,,,,,9818,6.0,6,,,,,,,,
,,,,,9827,9.0,9,,,,,,,,
,,,,,9833,6.0,6,,,,,,,,
,,,,,9844,11.0,11,,,,,,,,
,,,,,9863,19.0,19,,,,,,,,
,,,,,9867,4.0,4,,,,,,,,
,,,,,9890,23.0,23,,,,,,,,
,,,,,9893,3.0,3,,,,,,,,
,,,,,9898,5.0,5,,,,,,,,
,,,,,9905,7.0,7,,,,,,,,
,,,,,9911,6.0,6,,,,,,,,
,,,,,9919,8.0,8,,,,,,,,
,,,,,9924,5.0,5,,,,,,,,
,,,,,9930,6.0,6,,,,,,,,
,,,,,9936,6.0,6,,,,,,,,
,,,,,9943,7.0,7,,,,,,,,
,,,,,9953,10.0,10,,,,,,,,
,,,,,9965,12.0,12,,,,,,,,
,,,,,9974,9.0,9,,,,,,,,
,,,,,9981,7.0,7,,,,,,,,
,,,,,9994,13.0,13,,,,,,,,
9.0,3.34664,14.0,3.0,9.0,10000,,,-0.04225648567080498,0.422564834356308,0.8944332599639893,5.331020832061768,5.250372409820557,0.0003,0.0003,0.1
,,,,,10004,10.0,10,,,,,,,,
,,,,,10010,6.0,6,,,,,,,,
,,,,,10014,4.0,4,,,,,,,,
,,,,,10022,8.0,8,,,,,,,,
,,,,,10030,8.0,8,,,,,,,,
,,,,,10035,5.0,5,,,,,,,,
,,,,,10040,5.0,5,,,,,,,,
,,,,,10045,5.0,5,,,,,,,,
,,,,,10055,10.0,10,,,,,,,,
,,,,,10062,7.0,7,,,,,,,,
,,,,,10071,9.0,9,,,,,,,,
,,,,,10091,20.0,20,,,,,,,,
,,,,,10097,6.0,6,,,,,,,,
,,,,,10106,9.0,9,,,,,,,,
,,,,,10115,9.0,9,,,,,,,,
,,,,,10127,12.0,12,,,,,,,,
,,,,,10131,4.0,4,,,,,,,,
,,,,,10134,3.0,3,,,,,,,,
,,,,,10138,4.0,4,,,,,,,,
,,,,,10145,7.0,7,,,,,,,,
,,,,,10153,8.0,8,,,,,,,,
,,,,,10160,7.0,7,,,,,,,,
,,,,,10173,13.0,13,,,,,,,,
,,,,,10179,6.0,6,,,,,,,,
,,,,,10196,17.0,17,,,,,,,,
,,,,,10203,7.0,7,,,,,,,,
,,,,,10207,4.0,4,,,,,,,,
,,,,,10210,3.0,3,,,,,,,,
,,,,,10216,6.0,6,,,,,,,,
,,,,,10221,5.0,5,,,,,,,,
,,,,,10230,9.0,9,,,,,,,,
,,,,,10235,5.0,5,,,,,,,,
,,,,,10238,3.0,3,,,,,,,,
,,,,,10245,7.0,7,,,,,,,,
,,,,,10251,6.0,6,,,,,,,,
,,,,,10255,4.0,4,,,,,,,,
,,,,,10261,6.0,6,,,,,,,,
,,,,,10268,7.0,7,,,,,,,,
,,,,,10272,4.0,4,,,,,,,,
,,,,,10277,5.0,5,,,,,,,,
,,,,,10282,5.0,5,,,,,,,,
,,,,,10298,16.0,16,,,,,,,,
,,,,,10302,4.0,4,,,,,,,,
,,,,,10307,5.0,5,,,,,,,,
,,,,,10313,6.0,6,,,,,,,,
,,,,,10317,4.0,4,,,,,,,,
,,,,,10320,3.0,3,,,,,,,,
,,,,,10324,4.0,4,,,,,,,,
,,,,,10341,17.0,17,,,,,,,,
,,,,,10348,7.0,7,,,,,,,,
,,,,,10352,4.0,4,,,,,,,,
,,,,,10358,6.0,6,,,,,,,,
,,,,,10367,9.0,9,,,,,,,,
,,,,,10373,6.0,6,,,,,,,,
,,,,,10376,3.0,3,,,,,,,,
,,,,,10389,13.0,13,,,,,,,,
,,,,,10393,4.0,4,,,,,,,,
,,,,,10400,7.0,7,,,,,,,,
,,,,,10406,6.0,6,,,,,,,,
,,,,,10411,5.0,5,,,,,,,,
,,,,,10420,9.0,9,,,,,,,,
,,,,,10423,3.0,3,,,,,,,,
,,,,,10426,3.0,3,,,,,,,,
,,,,,10431,5.0,5,,,,,,,,
,,,,,10441,10.0,10,,,,,,,,
,,,,,10455,14.0,14,,,,,,,,
,,,,,10459,4.0,4,,,,,,,,
,,,,,10464,5.0,5,,,,,,,,
,,,,,10476,12.0,12,,,,,,,,
,,,,,10482,6.0,6,,,,,,,,
,,,,,10486,4.0,4,,,,,,,,
,,,,,10498,12.0,12,,,,,,,,
,,,,,10506,8.0,8,,,,,,,,
,,,,,10509,3.0,3,,,,,,,,
,,,,,10513,4.0,4,,,,,,,,
,,,,,10518,5.0,5,,,,,,,,
,,,,,10522,4.0,4,,,,,,,,
,,,,,10534,12.0,12,,,,,,,,
,,,,,10551,17.0,17,,,,,,,,
,,,,,10556,5.0,5,,,,,,,,
,,,,,10560,4.0,4,,,,,,,,
,,,,,10577,17.0,17,,,,,,,,
,,,,,10584,7.0,7,,,,,,,,
,,,,,10592,8.0,8,,,,,,,,
,,,,,10599,7.0,7,,,,,,,,
,,,,,10603,4.0,4,,,,,,,,
,,,,,10611,8.0,8,,,,,,,,
,,,,,10621,10.0,10,,,,,,,,
,,,,,10637,16.0,16,,,,,,,,
,,,,,10641,4.0,4,,,,,,,,
,,,,,10645,4.0,4,,,,,,,,
,,,,,10648,3.0,3,,,,,,,,
,,,,,10651,3.0,3,,,,,,,,
,,,,,10664,13.0,13,,,,,,,,
,,,,,10668,4.0,4,,,,,,,,
,,,,,10672,4.0,4,,,,,,,,
,,,,,10684,12.0,12,,,,,,,,
,,,,,10701,17.0,17,,,,,,,,
,,,,,10707,6.0,6,,,,,,,,
,,,,,10712,5.0,5,,,,,,,,
,,,,,10715,3.0,3,,,,,,,,
,,,,,10719,4.0,4,,,,,,,,
,,,,,10727,8.0,8,,,,,,,,
,,,,,10731,4.0,4,,,,,,,,
,,,,,10750,19.0,19,,,,,,,,
,,,,,10755,5.0,5,,,,,,,,
,,,,,10760,5.0,5,,,,,,,,
,,,,,10765,5.0,5,,,,,,,,
,,,,,10768,3.0,3,,,,,,,,
,,,,,10773,5.0,5,,,,,,,,
,,,,,10787,14.0,14,,,,,,,,
,,,,,10793,6.0,6,,,,,,,,
,,,,,10797,4.0,4,,,,,,,,
,,,,,10802,5.0,5,,,,,,,,
,,,,,10809,7.0,7,,,,,,,,
,,,,,10813,4.0,4,,,,,,,,
,,,,,10816,3.0,3,,,,,,,,
,,,,,10825,9.0,9,,,,,,,,
,,,,,10833,8.0,8,,,,,,,,
,,,,,10837,4.0,4,,,,,,,,
,,,,,10844,7.0,7,,,,,,,,
,,,,,10855,11.0,11,,,,,,,,
,,,,,10858,3.0,3,,,,,,,,
,,,,,10861,3.0,3,,,,,,,,
,,,,,10867,6.0,6,,,,,,,,
,,,,,10871,4.0,4,,,,,,,,
,,,,,10874,3.0,3,,,,,,,,
,,,,,10880,6.0,6,,,,,,,,
,,,,,10886,6.0,6,,,,,,,,
,,,,,10892,6.0,6,,,,,,,,
,,,,,10897,5.0,5,,,,,,,,
,,,,,10905,8.0,8,,,,,,,,
,,,,,10909,4.0,4,,,,,,,,
,,,,,10914,5.0,5,,,,,,,,
,,,,,10918,4.0,4,,,,,,,,
,,,,,10930,12.0,12,,,,,,,,
,,,,,10933,3.0,3,,,,,,,,
,,,,,10940,7.0,7,,,,,,,,
,,,,,10945,5.0,5,,,,,,,,
,,,,,10954,9.0,9,,,,,,,,
,,,,,10959,5.0,5,,,,,,,,
,,,,,10967,8.0,8,,,,,,,,
,,,,,10970,3.0,3,,,,,,,,
,,,,,10974,4.0,4,,,,,,,,
,,,,,10983,9.0,9,,,,,,,,
,,,,,10988,5.0,5,,,,,,,,
,,,,,10991,3.0,3,,,,,,,,
,,,,,10996,5.0,5,,,,,,,,
,,,,,11000,,,-0.06357903778553009,0.6357903480529785,2.29001522064209,4.839239597320557,4.647335052490234,0.0003,0.0003,0.1
,,,,,11003,7.0,7,,,,,,,,
,,,,,11008,5.0,5,,,,,,,,
,,,,,11013,5.0,5,,,,,,,,
,,,,,11019,6.0,6,,,,,,,,
,,,,,11022,3.0,3,,,,,,,,
,,,,,11041,19.0,19,,,,,,,,
,,,,,11046,5.0,5,,,,,,,,
,,,,,11056,10.0,10,,,,,,,,
,,,,,11070,14.0,14,,,,,,,,
,,,,,11077,7.0,7,,,,,,,,
,,,,,11084,7.0,7,,,,,,,,
,,,,,11088,4.0,4,,,,,,,,
,,,,,11123,35.0,35,,,,,,,,
,,,,,11134,11.0,11,,,,,,,,
,,,,,11143,9.0,9,,,,,,,,
,,,,,11177,34.0,34,,,,,,,,
,,,,,11180,3.0,3,,,,,,,,
,,,,,11186,6.0,6,,,,,,,,
,,,,,11200,14.0,14,,,,,,,,
,,,,,11210,10.0,10,,,,,,,,
,,,,,11224,14.0,14,,,,,,,,
,,,,,11231,7.0,7,,,,,,,,
,,,,,11246,15.0,15,,,,,,,,
,,,,,11250,4.0,4,,,,,,,,
,,,,,11263,13.0,13,,,,,,,,
,,,,,11276,13.0,13,,,,,,,,
,,,,,11281,5.0,5,,,,,,,,
,,,,,11286,5.0,5,,,,,,,,
,,,,,11291,5.0,5,,,,,,,,
,,,,,11304,13.0,13,,,,,,,,
,,,,,11310,6.0,6,,,,,,,,
,,,,,11353,43.0,43,,,,,,,,
,,,,,11363,10.0,10,,,,,,,,
,,,,,11368,5.0,5,,,,,,,,
,,,,,11381,13.0,13,,,,,,,,
,,,,,11401,20.0,20,,,,,,,,
,,,,,11420,19.0,19,,,,,,,,
,,,,,11430,10.0,10,,,,,,,,
,,,,,11444,14.0,14,,,,,,,,
,,,,,11455,11.0,11,,,,,,,,
,,,,,11461,6.0,6,,,,,,,,
,,,,,11496,35.0,35,,,,,,,,
,,,,,11507,11.0,11,,,,,,,,
,,,,,11512,5.0,5,,,,,,,,
,,,,,11519,7.0,7,,,,,,,,
,,,,,11523,4.0,4,,,,,,,,
,,,,,11526,3.0,3,,,,,,,,
,,,,,11538,12.0,12,,,,,,,,
,,,,,11551,13.0,13,,,,,,,,
,,,,,11554,3.0,3,,,,,,,,
,,,,,11559,5.0,5,,,,,,,,
,,,,,11562,3.0,3,,,,,,,,
,,,,,11569,7.0,7,,,,,,,,
,,,,,11574,5.0,5,,,,,,,,
,,,,,11579,5.0,5,,,,,,,,
,,,,,11591,12.0,12,,,,,,,,
,,,,,11595,4.0,4,,,,,,,,
,,,,,11600,5.0,5,,,,,,,,
,,,,,11605,5.0,5,,,,,,,,
,,,,,11609,4.0,4,,,,,,,,
,,,,,11615,6.0,6,,,,,,,,
,,,,,11620,5.0,5,,,,,,,,
,,,,,11628,8.0,8,,,,,,,,
,,,,,11647,19.0,19,,,,,,,,
,,,,,11651,4.0,4,,,,,,,,
,,,,,11655,4.0,4,,,,,,,,
,,,,,11659,4.0,4,,,,,,,,
,,,,,11664,5.0,5,,,,,,,,
,,,,,11668,4.0,4,,,,,,,,
,,,,,11678,10.0,10,,,,,,,,
,,,,,11683,5.0,5,,,,,,,,
,,,,,11689,6.0,6,,,,,,,,
,,,,,11694,5.0,5,,,,,,,,
,,,,,11700,6.0,6,,,,,,,,
,,,,,11720,20.0,20,,,,,,,,
,,,,,11724,4.0,4,,,,,,,,
,,,,,11728,4.0,4,,,,,,,,
,,,,,11735,7.0,7,,,,,,,,
,,,,,11745,10.0,10,,,,,,,,
,,,,,11756,11.0,11,,,,,,,,
,,,,,11762,6.0,6,,,,,,,,
,,,,,11770,8.0,8,,,,,,,,
,,,,,11773,3.0,3,,,,,,,,
,,,,,11778,5.0,5,,,,,,,,
,,,,,11781,3.0,3,,,,,,,,
,,,,,11785,4.0,4,,,,,,,,
,,,,,11789,4.0,4,,,,,,,,
,,,,,11793,4.0,4,,,,,,,,
,,,,,11797,4.0,4,,,,,,,,
,,,,,11803,6.0,6,,,,,,,,
,,,,,11806,3.0,3,,,,,,,,
,,,,,11809,3.0,3,,,,,,,,
,,,,,11814,5.0,5,,,,,,,,
,,,,,11818,4.0,4,,,,,,,,
,,,,,11822,4.0,4,,,,,,,,
,,,,,11826,4.0,4,,,,,,,,
,,,,,11831,5.0,5,,,,,,,,
,,,,,11835,4.0,4,,,,,,,,
,,,,,11844,9.0,9,,,,,,,,
,,,,,11852,8.0,8,,,,,,,,
,,,,,11856,4.0,4,,,,,,,,
,,,,,11859,3.0,3,,,,,,,,
,,,,,11862,3.0,3,,,,,,,,
,,,,,11867,5.0,5,,,,,,,,
,,,,,11871,4.0,4,,,,,,,,
,,,,,11875,4.0,4,,,,,,,,
,,,,,11879,4.0,4,,,,,,,,
,,,,,11883,4.0,4,,,,,,,,
,,,,,11887,4.0,4,,,,,,,,
,,,,,11891,4.0,4,,,,,,,,
,,,,,11904,13.0,13,,,,,,,,
,,,,,11908,4.0,4,,,,,,,,
,,,,,11912,4.0,4,,,,,,,,
,,,,,11917,5.0,5,,,,,,,,
,,,,,11923,6.0,6,,,,,,,,
,,,,,11934,11.0,11,,,,,,,,
,,,,,11939,5.0,5,,,,,,,,
,,,,,11942,3.0,3,,,,,,,,
,,,,,11946,4.0,4,,,,,,,,
,,,,,11952,6.0,6,,,,,,,,
,,,,,11961,9.0,9,,,,,,,,
,,,,,11967,6.0,6,,,,,,,,
,,,,,11970,3.0,3,,,,,,,,
,,,,,11974,4.0,4,,,,,,,,
,,,,,11978,4.0,4,,,,,,,,
,,,,,11983,5.0,5,,,,,,,,
,,,,,11987,4.0,4,,,,,,,,
,,,,,11990,3.0,3,,,,,,,,
,,,,,11993,3.0,3,,,,,,,,
,,,,,11998,5.0,5,,,,,,,,
,,,,,12000,,,-0.06294954568147659,0.6294954419136047,2.511634349822998,4.456125259399414,4.5550384521484375,0.0003,0.0003,0.1
,,,,,12009,11.0,11,,,,,,,,
,,,,,12020,11.0,11,,,,,,,,
,,,,,12025,5.0,5,,,,,,,,
,,,,,12028,3.0,3,,,,,,,,
,,,,,12037,9.0,9,,,,,,,,
,,,,,12042,5.0,5,,,,,,,,
,,,,,12050,8.0,8,,,,,,,,
,,,,,12058,8.0,8,,,,,,,,
,,,,,12064,6.0,6,,,,,,,,
,,,,,12070,6.0,6,,,,,,,,
,,,,,12076,6.0,6,,,,,,,,
,,,,,12081,5.0,5,,,,,,,,
,,,,,12084,3.0,3,,,,,,,,
,,,,,12090,6.0,6,,,,,,,,
,,,,,12094,4.0,4,,,,,,,,
,,,,,12097,3.0,3,,,,,,,,
,,,,,12100,3.0,3,,,,,,,,
,,,,,12105,5.0,5,,,,,,,,
,,,,,12109,4.0,4,,,,,,,,
,,,,,12118,9.0,9,,,,,,,,
,,,,,12122,4.0,4,,,,,,,,
,,,,,12125,3.0,3,,,,,,,,
,,,,,12132,7.0,7,,,,,,,,
,,,,,12138,6.0,6,,,,,,,,
,,,,,12142,4.0,4,,,,,,,,
,,,,,12153,11.0,11,,,,,,,,
,,,,,12159,6.0,6,,,,,,,,
,,,,,12171,12.0,12,,,,,,,,
,,,,,12174,3.0,3,,,,,,,,
,,,,,12178,4.0,4,,,,,,,,
,,,,,12184,6.0,6,,,,,,,,
,,,,,12187,3.0,3,,,,,,,,
,,,,,12191,4.0,4,,,,,,,,
,,,,,12194,3.0,3,,,,,,,,
,,,,,12197,3.0,3,,,,,,,,
,,,,,12200,3.0,3,,,,,,,,
,,,,,12206,6.0,6,,,,,,,,
,,,,,12209,3.0,3,,,,,,,,
,,,,,12214,5.0,5,,,,,,,,
,,,,,12217,3.0,3,,,,,,,,
,,,,,12221,4.0,4,,,,,,,,
,,,,,12225,4.0,4,,,,,,,,
,,,,,12228,3.0,3,,,,,,,,
,,,,,12234,6.0,6,,,,,,,,
,,,,,12238,4.0,4,,,,,,,,
,,,,,12241,3.0,3,,,,,,,,
,,,,,12249,8.0,8,,,,,,,,
,,,,,12256,7.0,7,,,,,,,,
,,,,,12259,3.0,3,,,,,,,,
,,,,,12263,4.0,4,,,,,,,,
,,,,,12268,5.0,5,,,,,,,,
,,,,,12275,7.0,7,,,,,,,,
,,,,,12280,5.0,5,,,,,,,,
,,,,,12283,3.0,3,,,,,,,,
,,,,,12288,5.0,5,,,,,,,,
,,,,,12296,8.0,8,,,,,,,,
,,,,,12300,4.0,4,,,,,,,,
,,,,,12304,4.0,4,,,,,,,,
,,,,,12308,4.0,4,,,,,,,,
,,,,,12311,3.0,3,,,,,,,,
,,,,,12320,9.0,9,,,,,,,,
,,,,,12324,4.0,4,,,,,,,,
,,,,,12328,4.0,4,,,,,,,,
,,,,,12332,4.0,4,,,,,,,,
,,,,,12335,3.0,3,,,,,,,,
,,,,,12339,4.0,4,,,,,,,,
,,,,,12346,7.0,7,,,,,,,,
,,,,,12350,4.0,4,,,,,,,,
,,,,,12354,4.0,4,,,,,,,,
,,,,,12359,5.0,5,,,,,,,,
,,,,,12364,5.0,5,,,,,,,,
,,,,,12368,4.0,4,,,,,,,,
,,,,,12371,3.0,3,,,,,,,,
,,,,,12376,5.0,5,,,,,,,,
,,,,,12379,3.0,3,,,,,,,,
,,,,,12384,5.0,5,,,,,,,,
,,,,,12389,5.0,5,,,,,,,,
,,,,,12392,3.0,3,,,,,,,,
,,,,,12396,4.0,4,,,,,,,,
,,,,,12402,6.0,6,,,,,,,,
,,,,,12407,5.0,5,,,,,,,,
,,,,,12410,3.0,3,,,,,,,,
,,,,,12418,8.0,8,,,,,,,,
,,,,,12423,5.0,5,,,,,,,,
,,,,,12429,6.0,6,,,,,,,,
,,,,,12433,4.0,4,,,,,,,,
,,,,,12436,3.0,3,,,,,,,,
,,,,,12439,3.0,3,,,,,,,,
,,,,,12443,4.0,4,,,,,,,,
,,,,,12449,6.0,6,,,,,,,,
,,,,,12452,3.0,3,,,,,,,,
,,,,,12455,3.0,3,,,,,,,,
,,,,,12458,3.0,3,,,,,,,,
,,,,,12462,4.0,4,,,,,,,,
,,,,,12472,10.0,10,,,,,,,,
,,,,,12476,4.0,4,,,,,,,,
,,,,,12485,9.0,9,,,,,,,,
,,,,,12488,3.0,3,,,,,,,,
,,,,,12493,5.0,5,,,,,,,,
,,,,,12497,4.0,4,,,,,,,,
,,,,,12500,3.0,3,,,,,,,,
,,,,,12503,3.0,3,,,,,,,,
,,,,,12506,3.0,3,,,,,,,,
,,,,,12510,4.0,4,,,,,,,,
,,,,,12513,3.0,3,,,,,,,,
,,,,,12517,4.0,4,,,,,,,,
,,,,,12521,4.0,4,,,,,,,,
,,,,,12524,3.0,3,,,,,,,,
,,,,,12527,3.0,3,,,,,,,,
,,,,,12531,4.0,4,,,,,,,,
,,,,,12534,3.0,3,,,,,,,,
,,,,,12542,8.0,8,,,,,,,,
,,,,,12546,4.0,4,,,,,,,,
,,,,,12553,7.0,7,,,,,,,,
,,,,,12558,5.0,5,,,,,,,,
,,,,,12565,7.0,7,,,,,,,,
,,,,,12569,4.0,4,,,,,,,,
,,,,,12572,3.0,3,,,,,,,,
,,,,,12579,7.0,7,,,,,,,,
,,,,,12584,5.0,5,,,,,,,,
,,,,,12587,3.0,3,,,,,,,,
,,,,,12593,6.0,6,,,,,,,,
,,,,,12597,4.0,4,,,,,,,,
,,,,,12601,4.0,4,,,,,,,,
,,,,,12607,6.0,6,,,,,,,,
,,,,,12612,5.0,5,,,,,,,,
,,,,,12615,3.0,3,,,,,,,,
,,,,,12618,3.0,3,,,,,,,,
,,,,,12621,3.0,3,,,,,,,,
,,,,,12625,4.0,4,,,,,,,,
,,,,,12628,3.0,3,,,,,,,,
,,,,,12631,3.0,3,,,,,,,,
,,,,,12635,4.0,4,,,,,,,,
,,,,,12642,7.0,7,,,,,,,,
,,,,,12645,3.0,3,,,,,,,,
,,,,,12648,3.0,3,,,,,,,,
,,,,,12653,5.0,5,,,,,,,,
,,,,,12656,3.0,3,,,,,,,,
,,,,,12660,4.0,4,,,,,,,,
,,,,,12663,3.0,3,,,,,,,,
,,,,,12667,4.0,4,,,,,,,,
,,,,,12671,4.0,4,,,,,,,,
,,,,,12678,7.0,7,,,,,,,,
,,,,,12681,3.0,3,,,,,,,,
,,,,,12684,3.0,3,,,,,,,,
,,,,,12689,5.0,5,,,,,,,,
,,,,,12697,8.0,8,,,,,,,,
,,,,,12700,3.0,3,,,,,,,,
,,,,,12704,4.0,4,,,,,,,,
,,,,,12708,4.0,4,,,,,,,,
,,,,,12711,3.0,3,,,,,,,,
,,,,,12714,3.0,3,,,,,,,,
,,,,,12717,3.0,3,,,,,,,,
,,,,,12720,3.0,3,,,,,,,,
,,,,,12723,3.0,3,,,,,,,,
,,,,,12726,3.0,3,,,,,,,,
,,,,,12729,3.0,3,,,,,,,,
,,,,,12732,3.0,3,,,,,,,,
,,,,,12735,3.0,3,,,,,,,,
,,,,,12738,3.0,3,,,,,,,,
,,,,,12743,5.0,5,,,,,,,,
,,,,,12746,3.0,3,,,,,,,,
,,,,,12749,3.0,3,,,,,,,,
,,,,,12752,3.0,3,,,,,,,,
,,,,,12755,3.0,3,,,,,,,,
,,,,,12760,5.0,5,,,,,,,,
,,,,,12763,3.0,3,,,,,,,,
,,,,,12766,3.0,3,,,,,,,,
,,,,,12770,4.0,4,,,,,,,,
,,,,,12773,3.0,3,,,,,,,,
,,,,,12777,4.0,4,,,,,,,,
,,,,,12785,8.0,8,,,,,,,,
,,,,,12789,4.0,4,,,,,,,,
,,,,,12792,3.0,3,,,,,,,,
,,,,,12797,5.0,5,,,,,,,,
,,,,,12800,3.0,3,,,,,,,,
,,,,,12805,5.0,5,,,,,,,,
,,,,,12808,3.0,3,,,,,,,,
,,,,,12811,3.0,3,,,,,,,,
,,,,,12815,4.0,4,,,,,,,,
,,,,,12819,4.0,4,,,,,,,,
,,,,,12822,3.0,3,,,,,,,,
,,,,,12830,8.0,8,,,,,,,,
,,,,,12837,7.0,7,,,,,,,,
,,,,,12840,3.0,3,,,,,,,,
,,,,,12843,3.0,3,,,,,,,,
,,,,,12853,10.0,10,,,,,,,,
,,,,,12856,3.0,3,,,,,,,,
,,,,,12860,4.0,4,,,,,,,,
,,,,,12863,3.0,3,,,,,,,,
,,,,,12866,3.0,3,,,,,,,,
,,,,,12869,3.0,3,,,,,,,,
,,,,,12876,7.0,7,,,,,,,,
,,,,,12883,7.0,7,,,,,,,,
,,,,,12887,4.0,4,,,,,,,,
,,,,,12893,6.0,6,,,,,,,,
,,,,,12896,3.0,3,,,,,,,,
,,,,,12900,4.0,4,,,,,,,,
,,,,,12904,4.0,4,,,,,,,,
,,,,,12907,3.0,3,,,,,,,,
,,,,,12914,7.0,7,,,,,,,,
,,,,,12920,6.0,6,,,,,,,,
,,,,,12923,3.0,3,,,,,,,,
,,,,,12926,3.0,3,,,,,,,,
,,,,,12929,3.0,3,,,,,,,,
,,,,,12934,5.0,5,,,,,,,,
,,,,,12938,4.0,4,,,,,,,,
,,,,,12942,4.0,4,,,,,,,,
,,,,,12945,3.0,3,,,,,,,,
,,,,,12948,3.0,3,,,,,,,,
,,,,,12951,3.0,3,,,,,,,,
,,,,,12955,4.0,4,,,,,,,,
,,,,,12959,4.0,4,,,,,,,,
,,,,,12962,3.0,3,,,,,,,,
,,,,,12966,4.0,4,,,,,,,,
,,,,,12971,5.0,5,,,,,,,,
,,,,,12974,3.0,3,,,,,,,,
,,,,,12979,5.0,5,,,,,,,,
,,,,,12983,4.0,4,,,,,,,,
,,,,,12986,3.0,3,,,,,,,,
,,,,,12992,6.0,6,,,,,,,,
,,,,,12995,3.0,3,,,,,,,,
,,,,,12998,3.0,3,,,,,,,,
,,,,,13000,,,-0.04584763944149017,0.45847639441490173,1.0198986530303955,3.4470601081848145,3.479583263397217,0.0003,0.0003,0.1
,,,,,13001,3.0,3,,,,,,,,
,,,,,13004,3.0,3,,,,,,,,
,,,,,13007,3.0,3,,,,,,,,
,,,,,13010,3.0,3,,,,,,,,
,,,,,13014,4.0,4,,,,,,,,
,,,,,13017,3.0,3,,,,,,,,
,,,,,13021,4.0,4,,,,,,,,
,,,,,13024,3.0,3,,,,,,,,
,,,,,13030,6.0,6,,,,,,,,
,,,,,13036,6.0,6,,,,,,,,
,,,,,13040,4.0,4,,,,,,,,
,,,,,13043,3.0,3,,,,,,,,
,,,,,13046,3.0,3,,,,,,,,
,,,,,13049,3.0,3,,,,,,,,
,,,,,13053,4.0,4,,,,,,,,
,,,,,13057,4.0,4,,,,,,,,
,,,,,13061,4.0,4,,,,,,,,
,,,,,13065,4.0,4,,,,,,,,
,,,,,13069,4.0,4,,,,,,,,
,,,,,13073,4.0,4,,,,,,,,
,,,,,13076,3.0,3,,,,,,,,
,,,,,13080,4.0,4,,,,,,,,
,,,,,13086,6.0,6,,,,,,,,
,,,,,13092,6.0,6,,,,,,,,
,,,,,13098,6.0,6,,,,,,,,
,,,,,13101,3.0,3,,,,,,,,
,,,,,13104,3.0,3,,,,,,,,
,,,,,13107,3.0,3,,,,,,,,
,,,,,13110,3.0,3,,,,,,,,
,,,,,13113,3.0,3,,,,,,,,
,,,,,13116,3.0,3,,,,,,,,
,,,,,13119,3.0,3,,,,,,,,
,,,,,13123,4.0,4,,,,,,,,
,,,,,13128,5.0,5,,,,,,,,
,,,,,13131,3.0,3,,,,,,,,
,,,,,13137,6.0,6,,,,,,,,
,,,,,13141,4.0,4,,,,,,,,
,,,,,13144,3.0,3,,,,,,,,
,,,,,13147,3.0,3,,,,,,,,
,,,,,13153,6.0,6,,,,,,,,
,,,,,13156,3.0,3,,,,,,,,
,,,,,13160,4.0,4,,,,,,,,
,,,,,13165,5.0,5,,,,,,,,
,,,,,13169,4.0,4,,,,,,,,
,,,,,13172,3.0,3,,,,,,,,
,,,,,13178,6.0,6,,,,,,,,
,,,,,13183,5.0,5,,,,,,,,
,,,,,13187,4.0,4,,,,,,,,
,,,,,13190,3.0,3,,,,,,,,
,,,,,13193,3.0,3,,,,,,,,
,,,,,13196,3.0,3,,,,,,,,
,,,,,13201,5.0,5,,,,,,,,
,,,,,13206,5.0,5,,,,,,,,
,,,,,13209,3.0,3,,,,,,,,
,,,,,13219,10.0,10,,,,,,,,
,,,,,13222,3.0,3,,,,,,,,
,,,,,13225,3.0,3,,,,,,,,
,,,,,13228,3.0,3,,,,,,,,
,,,,,13233,5.0,5,,,,,,,,
,,,,,13236,3.0,3,,,,,,,,
,,,,,13239,3.0,3,,,,,,,,
,,,,,13242,3.0,3,,,,,,,,
,,,,,13246,4.0,4,,,,,,,,
,,,,,13249,3.0,3,,,,,,,,
,,,,,13254,5.0,5,,,,,,,,
,,,,,13258,4.0,4,,,,,,,,
,,,,,13261,3.0,3,,,,,,,,
,,,,,13266,5.0,5,,,,,,,,
,,,,,13269,3.0,3,,,,,,,,
,,,,,13275,6.0,6,,,,,,,,
,,,,,13280,5.0,5,,,,,,,,
,,,,,13283,3.0,3,,,,,,,,
,,,,,13286,3.0,3,,,,,,,,
,,,,,13289,3.0,3,,,,,,,,
,,,,,13292,3.0,3,,,,,,,,
,,,,,13296,4.0,4,,,,,,,,
,,,,,13300,4.0,4,,,,,,,,
,,,,,13303,3.0,3,,,,,,,,
,,,,,13306,3.0,3,,,,,,,,
,,,,,13310,4.0,4,,,,,,,,
,,,,,13313,3.0,3,,,,,,,,
,,,,,13319,6.0,6,,,,,,,,
,,,,,13324,5.0,5,,,,,,,,
,,,,,13327,3.0,3,,,,,,,,
,,,,,13330,3.0,3,,,,,,,,
,,,,,13333,3.0,3,,,,,,,,
,,,,,13339,6.0,6,,,,,,,,
,,,,,13342,3.0,3,,,,,,,,
,,,,,13346,4.0,4,,,,,,,,
,,,,,13349,3.0,3,,,,,,,,
,,,,,13353,4.0,4,,,,,,,,
,,,,,13357,4.0,4,,,,,,,,
,,,,,13361,4.0,4,,,,,,,,
,,,,,13370,9.0,9,,,,,,,,
,,,,,13377,7.0,7,,,,,,,,
,,,,,13385,8.0,8,,,,,,,,
,,,,,13389,4.0,4,,,,,,,,
,,,,,13393,4.0,4,,,,,,,,
,,,,,13396,3.0,3,,,,,,,,
,,,,,13400,4.0,4,,,,,,,,
,,,,,13404,4.0,4,,,,,,,,
,,,,,13407,3.0,3,,,,,,,,
,,,,,13410,3.0,3,,,,,,,,
,,,,,13416,6.0,6,,,,,,,,
,,,,,13420,4.0,4,,,,,,,,
,,,,,13423,3.0,3,,,,,,,,
,,,,,13429,6.0,6,,,,,,,,
,,,,,13432,3.0,3,,,,,,,,
,,,,,13435,3.0,3,,,,,,,,
,,,,,13439,4.0,4,,,,,,,,
,,,,,13442,3.0,3,,,,,,,,
,,,,,13445,3.0,3,,,,,,,,
,,,,,13450,5.0,5,,,,,,,,
,,,,,13454,4.0,4,,,,,,,,
,,,,,13457,3.0,3,,,,,,,,
,,,,,13461,4.0,4,,,,,,,,
,,,,,13468,7.0,7,,,,,,,,
,,,,,13472,4.0,4,,,,,,,,
,,,,,13475,3.0,3,,,,,,,,
,,,,,13479,4.0,4,,,,,,,,
,,,,,13482,3.0,3,,,,,,,,
,,,,,13486,4.0,4,,,,,,,,
,,,,,13490,4.0,4,,,,,,,,
,,,,,13493,3.0,3,,,,,,,,
,,,,,13499,6.0,6,,,,,,,,
,,,,,13508,9.0,9,,,,,,,,
,,,,,13514,6.0,6,,,,,,,,
,,,,,13519,5.0,5,,,,,,,,
,,,,,13526,7.0,7,,,,,,,,
,,,,,13529,3.0,3,,,,,,,,
,,,,,13542,13.0,13,,,,,,,,
,,,,,13546,4.0,4,,,,,,,,
,,,,,13550,4.0,4,,,,,,,,
,,,,,13556,6.0,6,,,,,,,,
,,,,,13559,3.0,3,,,,,,,,
,,,,,13562,3.0,3,,,,,,,,
,,,,,13566,4.0,4,,,,,,,,
,,,,,13571,5.0,5,,,,,,,,
,,,,,13579,8.0,8,,,,,,,,
,,,,,13583,4.0,4,,,,,,,,
,,,,,13587,4.0,4,,,,,,,,
,,,,,13591,4.0,4,,,,,,,,
,,,,,13594,3.0,3,,,,,,,,
,,,,,13598,4.0,4,,,,,,,,
,,,,,13602,4.0,4,,,,,,,,
,,,,,13607,5.0,5,,,,,,,,
,,,,,13610,3.0,3,,,,,,,,
,,,,,13614,4.0,4,,,,,,,,
,,,,,13618,4.0,4,,,,,,,,
,,,,,13632,14.0,14,,,,,,,,
,,,,,13636,4.0,4,,,,,,,,
,,,,,13641,5.0,5,,,,,,,,
,,,,,13645,4.0,4,,,,,,,,
,,,,,13649,4.0,4,,,,,,,,
,,,,,13652,3.0,3,,,,,,,,
,,,,,13658,6.0,6,,,,,,,,
,,,,,13662,4.0,4,,,,,,,,
,,,,,13671,9.0,9,,,,,,,,
,,,,,13674,3.0,3,,,,,,,,
,,,,,13679,5.0,5,,,,,,,,
,,,,,13682,3.0,3,,,,,,,,
,,,,,13689,7.0,7,,,,,,,,
,,,,,13692,3.0,3,,,,,,,,
,,,,,13697,5.0,5,,,,,,,,
,,,,,13700,3.0,3,,,,,,,,
,,,,,13703,3.0,3,,,,,,,,
,,,,,13708,5.0,5,,,,,,,,
,,,,,13711,3.0,3,,,,,,,,
,,,,,13715,4.0,4,,,,,,,,
,,,,,13718,3.0,3,,,,,,,,
,,,,,13721,3.0,3,,,,,,,,
,,,,,13728,7.0,7,,,,,,,,
,,,,,13732,4.0,4,,,,,,,,
,,,,,13737,5.0,5,,,,,,,,
,,,,,13740,3.0,3,,,,,,,,
,,,,,13743,3.0,3,,,,,,,,
,,,,,13746,3.0,3,,,,,,,,
,,,,,13755,9.0,9,,,,,,,,
,,,,,13758,3.0,3,,,,,,,,
,,,,,13761,3.0,3,,,,,,,,
,,,,,13768,7.0,7,,,,,,,,
,,,,,13776,8.0,8,,,,,,,,
,,,,,13780,4.0,4,,,,,,,,
,,,,,13785,5.0,5,,,,,,,,
,,,,,13789,4.0,4,,,,,,,,
,,,,,13792,3.0,3,,,,,,,,
,,,,,13796,4.0,4,,,,,,,,
,,,,,13799,3.0,3,,,,,,,,
,,,,,13803,4.0,4,,,,,,,,
,,,,,13806,3.0,3,,,,,,,,
,,,,,13809,3.0,3,,,,,,,,
,,,,,13812,3.0,3,,,,,,,,
,,,,,13819,7.0,7,,,,,,,,
,,,,,13823,4.0,4,,,,,,,,
,,,,,13830,7.0,7,,,,,,,,
,,,,,13833,3.0,3,,,,,,,,
,,,,,13840,7.0,7,,,,,,,,
,,,,,13843,3.0,3,,,,,,,,
,,,,,13849,6.0,6,,,,,,,,
,,,,,13852,3.0,3,,,,,,,,
,,,,,13857,5.0,5,,,,,,,,
,,,,,13860,3.0,3,,,,,,,,
,,,,,13863,3.0,3,,,,,,,,
,,,,,13867,4.0,4,,,,,,,,
,,,,,13872,5.0,5,,,,,,,,
,,,,,13875,3.0,3,,,,,,,,
,,,,,13878,3.0,3,,,,,,,,
,,,,,13881,3.0,3,,,,,,,,
,,,,,13886,5.0,5,,,,,,,,
,,,,,13890,4.0,4,,,,,,,,
,,,,,13895,5.0,5,,,,,,,,
,,,,,13898,3.0,3,,,,,,,,
,,,,,13901,3.0,3,,,,,,,,
,,,,,13909,8.0,8,,,,,,,,
,,,,,13913,4.0,4,,,,,,,,
,,,,,13916,3.0,3,,,,,,,,
,,,,,13922,6.0,6,,,,,,,,
,,,,,13928,6.0,6,,,,,,,,
,,,,,13934,6.0,6,,,,,,,,
,,,,,13937,3.0,3,,,,,,,,
,,,,,13947,10.0,10,,,,,,,,
,,,,,13953,6.0,6,,,,,,,,
,,,,,13959,6.0,6,,,,,,,,
,,,,,13966,7.0,7,,,,,,,,
,,,,,13969,3.0,3,,,,,,,,
,,,,,13975,6.0,6,,,,,,,,
,,,,,13979,4.0,4,,,,,,,,
,,,,,13983,4.0,4,,,,,,,,
,,,,,13988,5.0,5,,,,,,,,
,,,,,13992,4.0,4,,,,,,,,
,,,,,13995,3.0,3,,,,,,,,
,,,,,13998,3.0,3,,,,,,,,
,,,,,14000,,,-0.06465788930654526,0.646578848361969,1.0090014934539795,3.597586154937744,3.698164939880371,0.0003,0.0003,0.1
,,,,,14002,4.0,4,,,,,,,,
,,,,,14005,3.0,3,,,,,,,,
,,,,,14008,3.0,3,,,,,,,,
,,,,,14011,3.0,3,,,,,,,,
,,,,,14017,6.0,6,,,,,,,,
,,,,,14021,4.0,4,,,,,,,,
,,,,,14026,5.0,5,,,,,,,,
,,,,,14030,4.0,4,,,,,,,,
,,,,,14039,9.0,9,,,,,,,,
,,,,,14044,5.0,5,,,,,,,,
,,,,,14048,4.0,4,,,,,,,,
,,,,,14054,6.0,6,,,,,,,,
,,,,,14057,3.0,3,,,,,,,,
,,,,,14060,3.0,3,,,,,,,,
,,,,,14063,3.0,3,,,,,,,,
,,,,,14071,8.0,8,,,,,,,,
,,,,,14078,7.0,7,,,,,,,,
,,,,,14084,6.0,6,,,,,,,,
,,,,,14088,4.0,4,,,,,,,,
,,,,,14091,3.0,3,,,,,,,,
,,,,,14094,3.0,3,,,,,,,,
,,,,,14098,4.0,4,,,,,,,,
,,,,,14102,4.0,4,,,,,,,,
,,,,,14105,3.0,3,,,,,,,,
,,,,,14111,6.0,6,,,,,,,,
,,,,,14115,4.0,4,,,,,,,,
,,,,,14122,7.0,7,,,,,,,,
,,,,,14133,11.0,11,,,,,,,,
,,,,,14138,5.0,5,,,,,,,,
,,,,,14141,3.0,3,,,,,,,,
,,,,,14144,3.0,3,,,,,,,,
,,,,,14151,7.0,7,,,,,,,,
,,,,,14156,5.0,5,,,,,,,,
,,,,,14159,3.0,3,,,,,,,,
,,,,,14163,4.0,4,,,,,,,,
,,,,,14172,9.0,9,,,,,,,,
,,,,,14181,9.0,9,,,,,,,,
,,,,,14184,3.0,3,,,,,,,,
,,,,,14187,3.0,3,,,,,,,,
,,,,,14190,3.0,3,,,,,,,,
,,,,,14193,3.0,3,,,,,,,,
,,,,,14196,3.0,3,,,,,,,,
,,,,,14205,9.0,9,,,,,,,,
,,,,,14213,8.0,8,,,,,,,,
,,,,,14221,8.0,8,,,,,,,,
,,,,,14225,4.0,4,,,,,,,,
,,,,,14230,5.0,5,,,,,,,,
,,,,,14237,7.0,7,,,,,,,,
,,,,,14240,3.0,3,,,,,,,,
,,,,,14243,3.0,3,,,,,,,,
,,,,,14247,4.0,4,,,,,,,,
,,,,,14255,8.0,8,,,,,,,,
,,,,,14259,4.0,4,,,,,,,,
,,,,,14264,5.0,5,,,,,,,,
,,,,,14267,3.0,3,,,,,,,,
,,,,,14271,4.0,4,,,,,,,,
,,,,,14274,3.0,3,,,,,,,,
,,,,,14278,4.0,4,,,,,,,,
,,,,,14282,4.0,4,,,,,,,,
,,,,,14286,4.0,4,,,,,,,,
,,,,,14289,3.0,3,,,,,,,,
,,,,,14292,3.0,3,,,,,,,,
,,,,,14301,9.0,9,,,,,,,,
,,,,,14304,3.0,3,,,,,,,,
,,,,,14312,8.0,8,,,,,,,,
,,,,,14316,4.0,4,,,,,,,,
,,,,,14319,3.0,3,,,,,,,,
,,,,,14330,11.0,11,,,,,,,,
,,,,,14336,6.0,6,,,,,,,,
,,,,,14340,4.0,4,,,,,,,,
,,,,,14343,3.0,3,,,,,,,,
,,,,,14347,4.0,4,,,,,,,,
,,,,,14351,4.0,4,,,,,,,,
,,,,,14358,7.0,7,,,,,,,,
,,,,,14362,4.0,4,,,,,,,,
,,,,,14365,3.0,3,,,,,,,,
,,,,,14371,6.0,6,,,,,,,,
,,,,,14377,6.0,6,,,,,,,,
,,,,,14383,6.0,6,,,,,,,,
,,,,,14387,4.0,4,,,,,,,,
,,,,,14391,4.0,4,,,,,,,,
,,,,,14395,4.0,4,,,,,,,,
,,,,,14398,3.0,3,,,,,,,,
,,,,,14405,7.0,7,,,,,,,,
,,,,,14409,4.0,4,,,,,,,,
,,,,,14413,4.0,4,,,,,,,,
,,,,,14417,4.0,4,,,,,,,,
,,,,,14421,4.0,4,,,,,,,,
,,,,,14424,3.0,3,,,,,,,,
,,,,,14427,3.0,3,,,,,,,,
,,,,,14433,6.0,6,,,,,,,,
,,,,,14437,4.0,4,,,,,,,,
,,,,,14440,3.0,3,,,,,,,,
,,,,,14444,4.0,4,,,,,,,,
,,,,,14448,4.0,4,,,,,,,,
,,,,,14451,3.0,3,,,,,,,,
,,,,,14455,4.0,4,,,,,,,,
,,,,,14460,5.0,5,,,,,,,,
,,,,,14464,4.0,4,,,,,,,,
,,,,,14474,10.0,10,,,,,,,,
,,,,,14478,4.0,4,,,,,,,,
,,,,,14481,3.0,3,,,,,,,,
,,,,,14486,5.0,5,,,,,,,,
,,,,,14490,4.0,4,,,,,,,,
,,,,,14495,5.0,5,,,,,,,,
,,,,,14498,3.0,3,,,,,,,,
,,,,,14502,4.0,4,,,,,,,,
,,,,,14510,8.0,8,,,,,,,,
,,,,,14516,6.0,6,,,,,,,,
,,,,,14519,3.0,3,,,,,,,,
,,,,,14522,3.0,3,,,,,,,,
,,,,,14525,3.0,3,,,,,,,,
,,,,,14529,4.0,4,,,,,,,,
,,,,,14532,3.0,3,,,,,,,,
,,,,,14535,3.0,3,,,,,,,,
,,,,,14538,3.0,3,,,,,,,,
,,,,,14541,3.0,3,,,,,,,,
,,,,,14544,3.0,3,,,,,,,,
,,,,,14547,3.0,3,,,,,,,,
,,,,,14551,4.0,4,,,,,,,,
,,,,,14554,3.0,3,,,,,,,,
,,,,,14558,4.0,4,,,,,,,,
,,,,,14565,7.0,7,,,,,,,,
,,,,,14570,5.0,5,,,,,,,,
,,,,,14577,7.0,7,,,,,,,,
,,,,,14582,5.0,5,,,,,,,,
,,,,,14586,4.0,4,,,,,,,,
,,,,,14589,3.0,3,,,,,,,,
,,,,,14594,5.0,5,,,,,,,,
,,,,,14602,8.0,8,,,,,,,,
,,,,,14606,4.0,4,,,,,,,,
,,,,,14613,7.0,7,,,,,,,,
,,,,,14617,4.0,4,,,,,,,,
,,,,,14621,4.0,4,,,,,,,,
,,,,,14628,7.0,7,,,,,,,,
,,,,,14632,4.0,4,,,,,,,,
,,,,,14641,9.0,9,,,,,,,,
,,,,,14647,6.0,6,,,,,,,,
,,,,,14650,3.0,3,,,,,,,,
,,,,,14654,4.0,4,,,,,,,,
,,,,,14659,5.0,5,,,,,,,,
,,,,,14665,6.0,6,,,,,,,,
,,,,,14669,4.0,4,,,,,,,,
,,,,,14672,3.0,3,,,,,,,,
,,,,,14677,5.0,5,,,,,,,,
,,,,,14683,6.0,6,,,,,,,,
,,,,,14686,3.0,3,,,,,,,,
,,,,,14690,4.0,4,,,,,,,,
,,,,,14694,4.0,4,,,,,,,,
,,,,,14697,3.0,3,,,,,,,,
,,,,,14701,4.0,4,,,,,,,,
,,,,,14704,3.0,3,,,,,,,,
,,,,,14708,4.0,4,,,,,,,,
,,,,,14712,4.0,4,,,,,,,,
,,,,,14715,3.0,3,,,,,,,,
,,,,,14719,4.0,4,,,,,,,,
,,,,,14722,3.0,3,,,,,,,,
,,,,,14727,5.0,5,,,,,,,,
,,,,,14730,3.0,3,,,,,,,,
,,,,,14737,7.0,7,,,,,,,,
,,,,,14741,4.0,4,,,,,,,,
,,,,,14744,3.0,3,,,,,,,,
,,,,,14747,3.0,3,,,,,,,,
,,,,,14751,4.0,4,,,,,,,,
,,,,,14754,3.0,3,,,,,,,,
,,,,,14757,3.0,3,,,,,,,,
,,,,,14760,3.0,3,,,,,,,,
,,,,,14763,3.0,3,,,,,,,,
,,,,,14766,3.0,3,,,,,,,,
,,,,,14769,3.0,3,,,,,,,,
,,,,,14772,3.0,3,,,,,,,,
,,,,,14775,3.0,3,,,,,,,,
,,,,,14779,4.0,4,,,,,,,,
,,,,,14784,5.0,5,,,,,,,,
,,,,,14788,4.0,4,,,,,,,,
,,,,,14793,5.0,5,,,,,,,,
,,,,,14799,6.0,6,,,,,,,,
,,,,,14802,3.0,3,,,,,,,,
,,,,,14805,3.0,3,,,,,,,,
,,,,,14811,6.0,6,,,,,,,,
,,,,,14818,7.0,7,,,,,,,,
,,,,,14822,4.0,4,,,,,,,,
,,,,,14828,6.0,6,,,,,,,,
,,,,,14832,4.0,4,,,,,,,,
,,,,,14835,3.0,3,,,,,,,,
,,,,,14841,6.0,6,,,,,,,,
,,,,,14850,9.0,9,,,,,,,,
,,,,,14853,3.0,3,,,,,,,,
,,,,,14856,3.0,3,,,,,,,,
,,,,,14860,4.0,4,,,,,,,,
,,,,,14863,3.0,3,,,,,,,,
,,,,,14866,3.0,3,,,,,,,,
,,,,,14870,4.0,4,,,,,,,,
,,,,,14876,6.0,6,,,,,,,,
,,,,,14880,4.0,4,,,,,,,,
,,,,,14884,4.0,4,,,,,,,,
,,,,,14889,5.0,5,,,,,,,,
,,,,,14892,3.0,3,,,,,,,,
,,,,,14905,13.0,13,,,,,,,,
,,,,,14908,3.0,3,,,,,,,,
,,,,,14914,6.0,6,,,,,,,,
,,,,,14919,5.0,5,,,,,,,,
,,,,,14922,3.0,3,,,,,,,,
,,,,,14926,4.0,4,,,,,,,,
,,,,,14929,3.0,3,,,,,,,,
,,,,,14932,3.0,3,,,,,,,,
,,,,,14936,4.0,4,,,,,,,,
,,,,,14939,3.0,3,,,,,,,,
,,,,,14945,6.0,6,,,,,,,,
,,,,,14948,3.0,3,,,,,,,,
,,,,,14951,3.0,3,,,,,,,,
,,,,,14954,3.0,3,,,,,,,,
,,,,,14958,4.0,4,,,,,,,,
,,,,,14961,3.0,3,,,,,,,,
,,,,,14965,4.0,4,,,,,,,,
,,,,,14970,5.0,5,,,,,,,,
,,,,,14973,3.0,3,,,,,,,,
,,,,,14977,4.0,4,,,,,,,,
,,,,,14981,4.0,4,,,,,,,,
,,,,,14985,4.0,4,,,,,,,,
,,,,,14991,6.0,6,,,,,,,,
,,,,,14995,4.0,4,,,,,,,,
,,,,,14998,3.0,3,,,,,,,,
4.5,1.7464249,9.0,3.0,4.5,15000,,,-0.05470646172761917,0.5470646023750305,1.2850351333618164,3.5761289596557617,3.698725461959839,0.0003,0.0003,0.1
,,,,,15001,3.0,3,,,,,,,,
,,,,,15004,3.0,3,,,,,,,,
,,,,,15007,3.0,3,,,,,,,,
,,,,,15010,3.0,3,,,,,,,,
,,,,,15013,3.0,3,,,,,,,,
,,,,,15017,4.0,4,,,,,,,,
,,,,,15020,3.0,3,,,,,,,,
,,,,,15023,3.0,3,,,,,,,,
,,,,,15032,9.0,9,,,,,,,,
,,,,,15036,4.0,4,,,,,,,,
,,,,,15039,3.0,3,,,,,,,,
,,,,,15043,4.0,4,,,,,,,,
,,,,,15053,10.0,10,,,,,,,,
,,,,,15056,3.0,3,,,,,,,,
,,,,,15060,4.0,4,,,,,,,,
,,,,,15063,3.0,3,,,,,,,,
,,,,,15066,3.0,3,,,,,,,,
,,,,,15069,3.0,3,,,,,,,,
,,,,,15073,4.0,4,,,,,,,,
,,,,,15078,5.0,5,,,,,,,,
,,,,,15090,12.0,12,,,,,,,,
,,,,,15096,6.0,6,,,,,,,,
,,,,,15099,3.0,3,,,,,,,,
,,,,,15102,3.0,3,,,,,,,,
,,,,,15106,4.0,4,,,,,,,,
,,,,,15110,4.0,4,,,,,,,,
,,,,,15113,3.0,3,,,,,,,,
,,,,,15116,3.0,3,,,,,,,,
,,,,,15119,3.0,3,,,,,,,,
,,,,,15127,8.0,8,,,,,,,,
,,,,,15130,3.0,3,,,,,,,,
,,,,,15133,3.0,3,,,,,,,,
,,,,,15136,3.0,3,,,,,,,,
,,,,,15141,5.0,5,,,,,,,,
,,,,,15145,4.0,4,,,,,,,,
,,,,,15149,4.0,4,,,,,,,,
,,,,,15154,5.0,5,,,,,,,,
,,,,,15158,4.0,4,,,,,,,,
,,,,,15161,3.0,3,,,,,,,,
,,,,,15164,3.0,3,,,,,,,,
,,,,,15167,3.0,3,,,,,,,,
,,,,,15170,3.0,3,,,,,,,,
,,,,,15173,3.0,3,,,,,,,,
,,,,,15176,3.0,3,,,,,,,,
,,,,,15181,5.0,5,,,,,,,,
,,,,,15184,3.0,3,,,,,,,,
,,,,,15187,3.0,3,,,,,,,,
,,,,,15190,3.0,3,,,,,,,,
,,,,,15193,3.0,3,,,,,,,,
,,,,,15196,3.0,3,,,,,,,,
,,,,,15203,7.0,7,,,,,,,,
,,,,,15206,3.0,3,,,,,,,,
,,,,,15209,3.0,3,,,,,,,,
,,,,,15214,5.0,5,,,,,,,,
,,,,,15222,8.0,8,,,,,,,,
,,,,,15225,3.0,3,,,,,,,,
,,,,,15228,3.0,3,,,,,,,,
,,,,,15231,3.0,3,,,,,,,,
,,,,,15234,3.0,3,,,,,,,,
,,,,,15241,7.0,7,,,,,,,,
,,,,,15245,4.0,4,,,,,,,,
,,,,,15248,3.0,3,,,,,,,,
,,,,,15251,3.0,3,,,,,,,,
,,,,,15254,3.0,3,,,,,,,,
,,,,,15257,3.0,3,,,,,,,,
,,,,,15260,3.0,3,,,,,,,,
,,,,,15265,5.0,5,,,,,,,,
,,,,,15268,3.0,3,,,,,,,,
,,,,,15271,3.0,3,,,,,,,,
,,,,,15276,5.0,5,,,,,,,,
,,,,,15280,4.0,4,,,,,,,,
,,,,,15283,3.0,3,,,,,,,,
,,,,,15286,3.0,3,,,,,,,,
,,,,,15289,3.0,3,,,,,,,,
,,,,,15292,3.0,3,,,,,,,,
,,,,,15296,4.0,4,,,,,,,,
,,,,,15299,3.0,3,,,,,,,,
,,,,,15302,3.0,3,,,,,,,,
,,,,,15306,4.0,4,,,,,,,,
,,,,,15309,3.0,3,,,,,,,,
,,,,,15312,3.0,3,,,,,,,,
,,,,,15315,3.0,3,,,,,,,,
,,,,,15318,3.0,3,,,,,,,,
,,,,,15321,3.0,3,,,,,,,,
,,,,,15326,5.0,5,,,,,,,,
,,,,,15329,3.0,3,,,,,,,,
,,,,,15334,5.0,5,,,,,,,,
,,,,,15339,5.0,5,,,,,,,,
,,,,,15345,6.0,6,,,,,,,,
,,,,,15351,6.0,6,,,,,,,,
,,,,,15354,3.0,3,,,,,,,,
,,,,,15358,4.0,4,,,,,,,,
,,,,,15361,3.0,3,,,,,,,,
,,,,,15365,4.0,4,,,,,,,,
,,,,,15369,4.0,4,,,,,,,,
,,,,,15372,3.0,3,,,,,,,,
,,,,,15375,3.0,3,,,,,,,,
,,,,,15378,3.0,3,,,,,,,,
,,,,,15381,3.0,3,,,,,,,,
,,,,,15384,3.0,3,,,,,,,,
,,,,,15387,3.0,3,,,,,,,,
,,,,,15390,3.0,3,,,,,,,,
,,,,,15393,3.0,3,,,,,,,,
,,,,,15396,3.0,3,,,,,,,,
,,,,,15399,3.0,3,,,,,,,,
,,,,,15402,3.0,3,,,,,,,,
,,,,,15405,3.0,3,,,,,,,,
,,,,,15410,5.0,5,,,,,,,,
,,,,,15413,3.0,3,,,,,,,,
,,,,,15416,3.0,3,,,,,,,,
,,,,,15419,3.0,3,,,,,,,,
,,,,,15423,4.0,4,,,,,,,,
,,,,,15427,4.0,4,,,,,,,,
,,,,,15430,3.0,3,,,,,,,,
,,,,,15433,3.0,3,,,,,,,,
,,,,,15436,3.0,3,,,,,,,,
,,,,,15440,4.0,4,,,,,,,,
,,,,,15444,4.0,4,,,,,,,,
,,,,,15447,3.0,3,,,,,,,,
,,,,,15452,5.0,5,,,,,,,,
,,,,,15456,4.0,4,,,,,,,,
,,,,,15464,8.0,8,,,,,,,,
,,,,,15468,4.0,4,,,,,,,,
,,,,,15471,3.0,3,,,,,,,,
,,,,,15474,3.0,3,,,,,,,,
,,,,,15477,3.0,3,,,,,,,,
,,,,,15482,5.0,5,,,,,,,,
,,,,,15486,4.0,4,,,,,,,,
,,,,,15490,4.0,4,,,,,,,,
,,,,,15493,3.0,3,,,,,,,,
,,,,,15496,3.0,3,,,,,,,,
,,,,,15499,3.0,3,,,,,,,,
,,,,,15503,4.0,4,,,,,,,,
,,,,,15509,6.0,6,,,,,,,,
,,,,,15514,5.0,5,,,,,,,,
,,,,,15517,3.0,3,,,,,,,,
,,,,,15520,3.0,3,,,,,,,,
,,,,,15523,3.0,3,,,,,,,,
,,,,,15528,5.0,5,,,,,,,,
,,,,,15532,4.0,4,,,,,,,,
,,,,,15540,8.0,8,,,,,,,,
,,,,,15543,3.0,3,,,,,,,,
,,,,,15548,5.0,5,,,,,,,,
,,,,,15554,6.0,6,,,,,,,,
,,,,,15557,3.0,3,,,,,,,,
,,,,,15563,6.0,6,,,,,,,,
,,,,,15566,3.0,3,,,,,,,,
,,,,,15569,3.0,3,,,,,,,,
,,,,,15578,9.0,9,,,,,,,,
,,,,,15581,3.0,3,,,,,,,,
,,,,,15584,3.0,3,,,,,,,,
,,,,,15587,3.0,3,,,,,,,,
,,,,,15590,3.0,3,,,,,,,,
,,,,,15593,3.0,3,,,,,,,,
,,,,,15596,3.0,3,,,,,,,,
,,,,,15600,4.0,4,,,,,,,,
,,,,,15603,3.0,3,,,,,,,,
,,,,,15606,3.0,3,,,,,,,,
,,,,,15609,3.0,3,,,,,,,,
,,,,,15613,4.0,4,,,,,,,,
,,,,,15617,4.0,4,,,,,,,,
,,,,,15620,3.0,3,,,,,,,,
,,,,,15623,3.0,3,,,,,,,,
,,,,,15626,3.0,3,,,,,,,,
,,,,,15630,4.0,4,,,,,,,,
,,,,,15633,3.0,3,,,,,,,,
,,,,,15639,6.0,6,,,,,,,,
,,,,,15647,8.0,8,,,,,,,,
,,,,,15655,8.0,8,,,,,,,,
,,,,,15658,3.0,3,,,,,,,,
,,,,,15661,3.0,3,,,,,,,,
,,,,,15665,4.0,4,,,,,,,,
,,,,,15669,4.0,4,,,,,,,,
,,,,,15672,3.0,3,,,,,,,,
,,,,,15675,3.0,3,,,,,,,,
,,,,,15679,4.0,4,,,,,,,,
,,,,,15682,3.0,3,,,,,,,,
,,,,,15689,7.0,7,,,,,,,,
,,,,,15692,3.0,3,,,,,,,,
,,,,,15695,3.0,3,,,,,,,,
,,,,,15699,4.0,4,,,,,,,,
,,,,,15703,4.0,4,,,,,,,,
,,,,,15706,3.0,3,,,,,,,,
,,,,,15712,6.0,6,,,,,,,,
,,,,,15715,3.0,3,,,,,,,,
,,,,,15719,4.0,4,,,,,,,,
,,,,,15724,5.0,5,,,,,,,,
,,,,,15727,3.0,3,,,,,,,,
,,,,,15738,11.0,11,,,,,,,,
,,,,,15741,3.0,3,,,,,,,,
,,,,,15745,4.0,4,,,,,,,,
,,,,,15748,3.0,3,,,,,,,,
,,,,,15753,5.0,5,,,,,,,,
,,,,,15757,4.0,4,,,,,,,,
,,,,,15760,3.0,3,,,,,,,,
,,,,,15764,4.0,4,,,,,,,,
,,,,,15768,4.0,4,,,,,,,,
,,,,,15772,4.0,4,,,,,,,,
,,,,,15776,4.0,4,,,,,,,,
,,,,,15779,3.0,3,,,,,,,,
,,,,,15782,3.0,3,,,,,,,,
,,,,,15785,3.0,3,,,,,,,,
,,,,,15789,4.0,4,,,,,,,,
,,,,,15792,3.0,3,,,,,,,,
,,,,,15795,3.0,3,,,,,,,,
,,,,,15798,3.0,3,,,,,,,,
,,,,,15803,5.0,5,,,,,,,,
,,,,,15806,3.0,3,,,,,,,,
,,,,,15809,3.0,3,,,,,,,,
,,,,,15815,6.0,6,,,,,,,,
,,,,,15823,8.0,8,,,,,,,,
,,,,,15826,3.0,3,,,,,,,,
,,,,,15829,3.0,3,,,,,,,,
,,,,,15834,5.0,5,,,,,,,,
,,,,,15841,7.0,7,,,,,,,,
,,,,,15844,3.0,3,,,,,,,,
,,,,,15847,3.0,3,,,,,,,,
,,,,,15851,4.0,4,,,,,,,,
,,,,,15856,5.0,5,,,,,,,,
,,,,,15861,5.0,5,,,,,,,,
,,,,,15864,3.0,3,,,,,,,,
,,,,,15867,3.0,3,,,,,,,,
,,,,,15870,3.0,3,,,,,,,,
,,,,,15873,3.0,3,,,,,,,,
,,,,,15876,3.0,3,,,,,,,,
,,,,,15881,5.0,5,,,,,,,,
,,,,,15887,6.0,6,,,,,,,,
,,,,,15892,5.0,5,,,,,,,,
,,,,,15895,3.0,3,,,,,,,,
,,,,,15899,4.0,4,,,,,,,,
,,,,,15903,4.0,4,,,,,,,,
,,,,,15906,3.0,3,,,,,,,,
,,,,,15915,9.0,9,,,,,,,,
,,,,,15919,4.0,4,,,,,,,,
,,,,,15922,3.0,3,,,,,,,,
,,,,,15926,4.0,4,,,,,,,,
,,,,,15930,4.0,4,,,,,,,,
,,,,,15934,4.0,4,,,,,,,,
,,,,,15938,4.0,4,,,,,,,,
,,,,,15941,3.0,3,,,,,,,,
,,,,,15944,3.0,3,,,,,,,,
,,,,,15948,4.0,4,,,,,,,,
,,,,,15951,3.0,3,,,,,,,,
,,,,,15956,5.0,5,,,,,,,,
,,,,,15959,3.0,3,,,,,,,,
,,,,,15963,4.0,4,,,,,,,,
,,,,,15967,4.0,4,,,,,,,,
,,,,,15970,3.0,3,,,,,,,,
,,,,,15974,4.0,4,,,,,,,,
,,,,,15978,4.0,4,,,,,,,,
,,,,,15982,4.0,4,,,,,,,,
,,,,,15991,9.0,9,,,,,,,,
,,,,,15994,3.0,3,,,,,,,,
,,,,,15998,4.0,4,,,,,,,,
,,,,,16000,,,-0.03659304603934288,0.365930438041687,0.5990195274353027,3.0406198501586914,2.928583860397339,0.0003,0.0003,0.1
,,,,,16002,4.0,4,,,,,,,,
,,,,,16005,3.0,3,,,,,,,,
,,,,,16011,6.0,6,,,,,,,,
,,,,,16014,3.0,3,,,,,,,,
,,,,,16020,6.0,6,,,,,,,,
,,,,,16023,3.0,3,,,,,,,,
,,,,,16026,3.0,3,,,,,,,,
,,,,,16029,3.0,3,,,,,,,,
,,,,,16033,4.0,4,,,,,,,,
,,,,,16039,6.0,6,,,,,,,,
,,,,,16044,5.0,5,,,,,,,,
,,,,,16051,7.0,7,,,,,,,,
,,,,,16054,3.0,3,,,,,,,,
,,,,,16057,3.0,3,,,,,,,,
,,,,,16066,9.0,9,,,,,,,,
,,,,,16069,3.0,3,,,,,,,,
,,,,,16072,3.0,3,,,,,,,,
,,,,,16078,6.0,6,,,,,,,,
,,,,,16082,4.0,4,,,,,,,,
,,,,,16086,4.0,4,,,,,,,,
,,,,,16090,4.0,4,,,,,,,,
,,,,,16096,6.0,6,,,,,,,,
,,,,,16100,4.0,4,,,,,,,,
,,,,,16105,5.0,5,,,,,,,,
,,,,,16109,4.0,4,,,,,,,,
,,,,,16113,4.0,4,,,,,,,,
,,,,,16117,4.0,4,,,,,,,,
,,,,,16122,5.0,5,,,,,,,,
,,,,,16126,4.0,4,,,,,,,,
,,,,,16131,5.0,5,,,,,,,,
,,,,,16135,4.0,4,,,,,,,,
,,,,,16139,4.0,4,,,,,,,,
,,,,,16143,4.0,4,,,,,,,,
,,,,,16146,3.0,3,,,,,,,,
,,,,,16150,4.0,4,,,,,,,,
,,,,,16153,3.0,3,,,,,,,,
,,,,,16156,3.0,3,,,,,,,,
,,,,,16159,3.0,3,,,,,,,,
,,,,,16165,6.0,6,,,,,,,,
,,,,,16169,4.0,4,,,,,,,,
,,,,,16172,3.0,3,,,,,,,,
,,,,,16175,3.0,3,,,,,,,,
,,,,,16178,3.0,3,,,,,,,,
,,,,,16181,3.0,3,,,,,,,,
,,,,,16185,4.0,4,,,,,,,,
,,,,,16188,3.0,3,,,,,,,,
,,,,,16191,3.0,3,,,,,,,,
,,,,,16198,7.0,7,,,,,,,,
,,,,,16202,4.0,4,,,,,,,,
,,,,,16205,3.0,3,,,,,,,,
,,,,,16212,7.0,7,,,,,,,,
,,,,,16215,3.0,3,,,,,,,,
,,,,,16218,3.0,3,,,,,,,,
,,,,,16221,3.0,3,,,,,,,,
,,,,,16225,4.0,4,,,,,,,,
,,,,,16229,4.0,4,,,,,,,,
,,,,,16232,3.0,3,,,,,,,,
,,,,,16237,5.0,5,,,,,,,,
,,,,,16243,6.0,6,,,,,,,,
,,,,,16246,3.0,3,,,,,,,,
,,,,,16249,3.0,3,,,,,,,,
,,,,,16255,6.0,6,,,,,,,,
,,,,,16259,4.0,4,,,,,,,,
,,,,,16265,6.0,6,,,,,,,,
,,,,,16269,4.0,4,,,,,,,,
,,,,,16272,3.0,3,,,,,,,,
,,,,,16275,3.0,3,,,,,,,,
,,,,,16278,3.0,3,,,,,,,,
,,,,,16281,3.0,3,,,,,,,,
,,,,,16284,3.0,3,,,,,,,,
,,,,,16290,6.0,6,,,,,,,,
,,,,,16296,6.0,6,,,,,,,,
,,,,,16303,7.0,7,,,,,,,,
,,,,,16309,6.0,6,,,,,,,,
,,,,,16312,3.0,3,,,,,,,,
,,,,,16317,5.0,5,,,,,,,,
,,,,,16321,4.0,4,,,,,,,,
,,,,,16324,3.0,3,,,,,,,,
,,,,,16329,5.0,5,,,,,,,,
,,,,,16332,3.0,3,,,,,,,,
,,,,,16337,5.0,5,,,,,,,,
,,,,,16341,4.0,4,,,,,,,,
,,,,,16344,3.0,3,,,,,,,,
,,,,,16348,4.0,4,,,,,,,,
,,,,,16352,4.0,4,,,,,,,,
,,,,,16359,7.0,7,,,,,,,,
,,,,,16370,11.0,11,,,,,,,,
,,,,,16377,7.0,7,,,,,,,,
,,,,,16381,4.0,4,,,,,,,,
,,,,,16390,9.0,9,,,,,,,,
,,,,,16395,5.0,5,,,,,,,,
,,,,,16398,3.0,3,,,,,,,,
,,,,,16402,4.0,4,,,,,,,,
,,,,,16405,3.0,3,,,,,,,,
,,,,,16411,6.0,6,,,,,,,,
,,,,,16418,7.0,7,,,,,,,,
,,,,,16421,3.0,3,,,,,,,,
,,,,,16425,4.0,4,,,,,,,,
,,,,,16431,6.0,6,,,,,,,,
,,,,,16438,7.0,7,,,,,,,,
,,,,,16446,8.0,8,,,,,,,,
,,,,,16450,4.0,4,,,,,,,,
,,,,,16455,5.0,5,,,,,,,,
,,,,,16461,6.0,6,,,,,,,,
,,,,,16465,4.0,4,,,,,,,,
,,,,,16469,4.0,4,,,,,,,,
,,,,,16472,3.0,3,,,,,,,,
,,,,,16476,4.0,4,,,,,,,,
,,,,,16479,3.0,3,,,,,,,,
,,,,,16483,4.0,4,,,,,,,,
,,,,,16487,4.0,4,,,,,,,,
,,,,,16491,4.0,4,,,,,,,,
,,,,,16494,3.0,3,,,,,,,,
,,,,,16499,5.0,5,,,,,,,,
,,,,,16502,3.0,3,,,,,,,,
,,,,,16505,3.0,3,,,,,,,,
,,,,,16509,4.0,4,,,,,,,,
,,,,,16512,3.0,3,,,,,,,,
,,,,,16517,5.0,5,,,,,,,,
,,,,,16521,4.0,4,,,,,,,,
,,,,,16526,5.0,5,,,,,,,,
,,,,,16532,6.0,6,,,,,,,,
,,,,,16537,5.0,5,,,,,,,,
,,,,,16540,3.0,3,,,,,,,,
,,,,,16544,4.0,4,,,,,,,,
,,,,,16550,6.0,6,,,,,,,,
,,,,,16553,3.0,3,,,,,,,,
,,,,,16556,3.0,3,,,,,,,,
,,,,,16567,11.0,11,,,,,,,,
,,,,,16573,6.0,6,,,,,,,,
,,,,,16577,4.0,4,,,,,,,,
,,,,,16580,3.0,3,,,,,,,,
,,,,,16583,3.0,3,,,,,,,,
,,,,,16586,3.0,3,,,,,,,,
,,,,,16590,4.0,4,,,,,,,,
,,,,,16593,3.0,3,,,,,,,,
,,,,,16596,3.0,3,,,,,,,,
,,,,,16599,3.0,3,,,,,,,,
,,,,,16602,3.0,3,,,,,,,,
,,,,,16605,3.0,3,,,,,,,,
,,,,,16608,3.0,3,,,,,,,,
,,,,,16611,3.0,3,,,,,,,,
,,,,,16615,4.0,4,,,,,,,,
,,,,,16618,3.0,3,,,,,,,,
,,,,,16622,4.0,4,,,,,,,,
,,,,,16625,3.0,3,,,,,,,,
,,,,,16628,3.0,3,,,,,,,,
,,,,,16632,4.0,4,,,,,,,,
,,,,,16637,5.0,5,,,,,,,,
,,,,,16642,5.0,5,,,,,,,,
,,,,,16645,3.0,3,,,,,,,,
,,,,,16651,6.0,6,,,,,,,,
,,,,,16656,5.0,5,,,,,,,,
,,,,,16659,3.0,3,,,,,,,,
,,,,,16663,4.0,4,,,,,,,,
,,,,,16667,4.0,4,,,,,,,,
,,,,,16671,4.0,4,,,,,,,,
,,,,,16675,4.0,4,,,,,,,,
,,,,,16678,3.0,3,,,,,,,,
,,,,,16681,3.0,3,,,,,,,,
,,,,,16684,3.0,3,,,,,,,,
,,,,,16690,6.0,6,,,,,,,,
,,,,,16694,4.0,4,,,,,,,,
,,,,,16697,3.0,3,,,,,,,,
,,,,,16700,3.0,3,,,,,,,,
,,,,,16705,5.0,5,,,,,,,,
,,,,,16708,3.0,3,,,,,,,,
,,,,,16711,3.0,3,,,,,,,,
,,,,,16714,3.0,3,,,,,,,,
,,,,,16717,3.0,3,,,,,,,,
,,,,,16725,8.0,8,,,,,,,,
,,,,,16730,5.0,5,,,,,,,,
,,,,,16736,6.0,6,,,,,,,,
,,,,,16740,4.0,4,,,,,,,,
,,,,,16744,4.0,4,,,,,,,,
,,,,,16748,4.0,4,,,,,,,,
,,,,,16759,11.0,11,,,,,,,,
,,,,,16762,3.0,3,,,,,,,,
,,,,,16768,6.0,6,,,,,,,,
,,,,,16771,3.0,3,,,,,,,,
,,,,,16774,3.0,3,,,,,,,,
,,,,,16778,4.0,4,,,,,,,,
,,,,,16788,10.0,10,,,,,,,,
,,,,,16791,3.0,3,,,,,,,,
,,,,,16795,4.0,4,,,,,,,,
,,,,,16800,5.0,5,,,,,,,,
,,,,,16805,5.0,5,,,,,,,,
,,,,,16808,3.0,3,,,,,,,,
,,,,,16811,3.0,3,,,,,,,,
,,,,,16816,5.0,5,,,,,,,,
,,,,,16819,3.0,3,,,,,,,,
,,,,,16822,3.0,3,,,,,,,,
,,,,,16826,4.0,4,,,,,,,,
,,,,,16835,9.0,9,,,,,,,,
,,,,,16839,4.0,4,,,,,,,,
,,,,,16843,4.0,4,,,,,,,,
,,,,,16849,6.0,6,,,,,,,,
,,,,,16852,3.0,3,,,,,,,,
,,,,,16859,7.0,7,,,,,,,,
,,,,,16863,4.0,4,,,,,,,,
,,,,,16871,8.0,8,,,,,,,,
,,,,,16875,4.0,4,,,,,,,,
,,,,,16880,5.0,5,,,,,,,,
,,,,,16883,3.0,3,,,,,,,,
,,,,,16886,3.0,3,,,,,,,,
,,,,,16892,6.0,6,,,,,,,,
,,,,,16899,7.0,7,,,,,,,,
,,,,,16904,5.0,5,,,,,,,,
,,,,,16910,6.0,6,,,,,,,,
,,,,,16914,4.0,4,,,,,,,,
,,,,,16920,6.0,6,,,,,,,,
,,,,,16923,3.0,3,,,,,,,,
,,,,,16926,3.0,3,,,,,,,,
,,,,,16931,5.0,5,,,,,,,,
,,,,,16935,4.0,4,,,,,,,,
,,,,,16939,4.0,4,,,,,,,,
,,,,,16946,7.0,7,,,,,,,,
,,,,,16950,4.0,4,,,,,,,,
,,,,,16953,3.0,3,,,,,,,,
,,,,,16956,3.0,3,,,,,,,,
,,,,,16959,3.0,3,,,,,,,,
,,,,,16963,4.0,4,,,,,,,,
,,,,,16966,3.0,3,,,,,,,,
,,,,,16970,4.0,4,,,,,,,,
,,,,,16974,4.0,4,,,,,,,,
,,,,,16980,6.0,6,,,,,,,,
,,,,,16984,4.0,4,,,,,,,,
,,,,,16990,6.0,6,,,,,,,,
,,,,,16998,8.0,8,,,,,,,,
,,,,,17000,,,-0.05694008991122246,0.5694009065628052,0.6269769668579102,3.104010581970215,3.026012897491455,0.0003,0.0003,0.1
,,,,,17001,3.0,3,,,,,,,,
,,,,,17005,4.0,4,,,,,,,,
,,,,,17009,4.0,4,,,,,,,,
,,,,,17012,3.0,3,,,,,,,,
,,,,,17018,6.0,6,,,,,,,,
,,,,,17026,8.0,8,,,,,,,,
,,,,,17030,4.0,4,,,,,,,,
,,,,,17034,4.0,4,,,,,,,,
,,,,,17037,3.0,3,,,,,,,,
,,,,,17040,3.0,3,,,,,,,,
,,,,,17043,3.0,3,,,,,,,,
,,,,,17048,5.0,5,,,,,,,,
,,,,,17051,3.0,3,,,,,,,,
,,,,,17054,3.0,3,,,,,,,,
,,,,,17057,3.0,3,,,,,,,,
,,,,,17060,3.0,3,,,,,,,,
,,,,,17063,3.0,3,,,,,,,,
,,,,,17067,4.0,4,,,,,,,,
,,,,,17071,4.0,4,,,,,,,,
,,,,,17080,9.0,9,,,,,,,,
,,,,,17083,3.0,3,,,,,,,,
,,,,,17086,3.0,3,,,,,,,,
,,,,,17090,4.0,4,,,,,,,,
,,,,,17098,8.0,8,,,,,,,,
,,,,,17102,4.0,4,,,,,,,,
,,,,,17113,11.0,11,,,,,,,,
,,,,,17118,5.0,5,,,,,,,,
,,,,,17121,3.0,3,,,,,,,,
,,,,,17124,3.0,3,,,,,,,,
,,,,,17127,3.0,3,,,,,,,,
,,,,,17130,3.0,3,,,,,,,,
,,,,,17133,3.0,3,,,,,,,,
,,,,,17136,3.0,3,,,,,,,,
,,,,,17147,11.0,11,,,,,,,,
,,,,,17152,5.0,5,,,,,,,,
,,,,,17156,4.0,4,,,,,,,,
,,,,,17159,3.0,3,,,,,,,,
,,,,,17164,5.0,5,,,,,,,,
,,,,,17169,5.0,5,,,,,,,,
,,,,,17173,4.0,4,,,,,,,,
,,,,,17177,4.0,4,,,,,,,,
,,,,,17182,5.0,5,,,,,,,,
,,,,,17187,5.0,5,,,,,,,,
,,,,,17191,4.0,4,,,,,,,,
,,,,,17195,4.0,4,,,,,,,,
,,,,,17201,6.0,6,,,,,,,,
,,,,,17204,3.0,3,,,,,,,,
,,,,,17208,4.0,4,,,,,,,,
,,,,,17211,3.0,3,,,,,,,,
,,,,,17215,4.0,4,,,,,,,,
,,,,,17219,4.0,4,,,,,,,,
,,,,,17224,5.0,5,,,,,,,,
,,,,,17229,5.0,5,,,,,,,,
,,,,,17233,4.0,4,,,,,,,,
,,,,,17237,4.0,4,,,,,,,,
,,,,,17241,4.0,4,,,,,,,,
,,,,,17246,5.0,5,,,,,,,,
,,,,,17249,3.0,3,,,,,,,,
,,,,,17254,5.0,5,,,,,,,,
,,,,,17258,4.0,4,,,,,,,,
,,,,,17266,8.0,8,,,,,,,,
,,,,,17269,3.0,3,,,,,,,,
,,,,,17274,5.0,5,,,,,,,,
,,,,,17282,8.0,8,,,,,,,,
,,,,,17288,6.0,6,,,,,,,,
,,,,,17297,9.0,9,,,,,,,,
,,,,,17303,6.0,6,,,,,,,,
,,,,,17311,8.0,8,,,,,,,,
,,,,,17314,3.0,3,,,,,,,,
,,,,,17318,4.0,4,,,,,,,,
,,,,,17322,4.0,4,,,,,,,,
,,,,,17325,3.0,3,,,,,,,,
,,,,,17330,5.0,5,,,,,,,,
,,,,,17337,7.0,7,,,,,,,,
,,,,,17343,6.0,6,,,,,,,,
,,,,,17349,6.0,6,,,,,,,,
,,,,,17352,3.0,3,,,,,,,,
,,,,,17356,4.0,4,,,,,,,,
,,,,,17364,8.0,8,,,,,,,,
,,,,,17368,4.0,4,,,,,,,,
,,,,,17371,3.0,3,,,,,,,,
,,,,,17375,4.0,4,,,,,,,,
,,,,,17379,4.0,4,,,,,,,,
,,,,,17383,4.0,4,,,,,,,,
,,,,,17391,8.0,8,,,,,,,,
,,,,,17396,5.0,5,,,,,,,,
,,,,,17399,3.0,3,,,,,,,,
,,,,,17403,4.0,4,,,,,,,,
,,,,,17408,5.0,5,,,,,,,,
,,,,,17413,5.0,5,,,,,,,,
,,,,,17417,4.0,4,,,,,,,,
,,,,,17420,3.0,3,,,,,,,,
,,,,,17424,4.0,4,,,,,,,,
,,,,,17430,6.0,6,,,,,,,,
,,,,,17439,9.0,9,,,,,,,,
,,,,,17443,4.0,4,,,,,,,,
,,,,,17446,3.0,3,,,,,,,,
,,,,,17450,4.0,4,,,,,,,,
,,,,,17453,3.0,3,,,,,,,,
,,,,,17456,3.0,3,,,,,,,,
,,,,,17460,4.0,4,,,,,,,,
,,,,,17463,3.0,3,,,,,,,,
,,,,,17467,4.0,4,,,,,,,,
,,,,,17471,4.0,4,,,,,,,,
,,,,,17475,4.0,4,,,,,,,,
,,,,,17480,5.0,5,,,,,,,,
,,,,,17483,3.0,3,,,,,,,,
,,,,,17488,5.0,5,,,,,,,,
,,,,,17491,3.0,3,,,,,,,,
,,,,,17495,4.0,4,,,,,,,,
,,,,,17499,4.0,4,,,,,,,,
,,,,,17502,3.0,3,,,,,,,,
,,,,,17510,8.0,8,,,,,,,,
,,,,,17513,3.0,3,,,,,,,,
,,,,,17517,4.0,4,,,,,,,,
,,,,,17522,5.0,5,,,,,,,,
,,,,,17530,8.0,8,,,,,,,,
,,,,,17534,4.0,4,,,,,,,,
,,,,,17538,4.0,4,,,,,,,,
,,,,,17541,3.0,3,,,,,,,,
,,,,,17550,9.0,9,,,,,,,,
,,,,,17556,6.0,6,,,,,,,,
,,,,,17560,4.0,4,,,,,,,,
,,,,,17563,3.0,3,,,,,,,,
,,,,,17567,4.0,4,,,,,,,,
,,,,,17570,3.0,3,,,,,,,,
,,,,,17575,5.0,5,,,,,,,,
,,,,,17580,5.0,5,,,,,,,,
,,,,,17583,3.0,3,,,,,,,,
,,,,,17586,3.0,3,,,,,,,,
,,,,,17589,3.0,3,,,,,,,,
,,,,,17592,3.0,3,,,,,,,,
,,,,,17595,3.0,3,,,,,,,,
,,,,,17598,3.0,3,,,,,,,,
,,,,,17602,4.0,4,,,,,,,,
,,,,,17616,14.0,14,,,,,,,,
,,,,,17623,7.0,7,,,,,,,,
,,,,,17631,8.0,8,,,,,,,,
,,,,,17635,4.0,4,,,,,,,,
,,,,,17640,5.0,5,,,,,,,,
,,,,,17643,3.0,3,,,,,,,,
,,,,,17649,6.0,6,,,,,,,,
,,,,,17652,3.0,3,,,,,,,,
,,,,,17661,9.0,9,,,,,,,,
,,,,,17665,4.0,4,,,,,,,,
,,,,,17669,4.0,4,,,,,,,,
,,,,,17673,4.0,4,,,,,,,,
,,,,,17679,6.0,6,,,,,,,,
,,,,,17683,4.0,4,,,,,,,,
,,,,,17693,10.0,10,,,,,,,,
,,,,,17697,4.0,4,,,,,,,,
,,,,,17701,4.0,4,,,,,,,,
,,,,,17705,4.0,4,,,,,,,,
,,,,,17718,13.0,13,,,,,,,,
,,,,,17722,4.0,4,,,,,,,,
,,,,,17728,6.0,6,,,,,,,,
,,,,,17733,5.0,5,,,,,,,,
,,,,,17736,3.0,3,,,,,,,,
,,,,,17739,3.0,3,,,,,,,,
,,,,,17742,3.0,3,,,,,,,,
,,,,,17745,3.0,3,,,,,,,,
,,,,,17748,3.0,3,,,,,,,,
,,,,,17759,11.0,11,,,,,,,,
,,,,,17766,7.0,7,,,,,,,,
,,,,,17772,6.0,6,,,,,,,,
,,,,,17775,3.0,3,,,,,,,,
,,,,,17782,7.0,7,,,,,,,,
,,,,,17786,4.0,4,,,,,,,,
,,,,,17790,4.0,4,,,,,,,,
,,,,,17799,9.0,9,,,,,,,,
,,,,,17804,5.0,5,,,,,,,,
,,,,,17835,31.0,31,,,,,,,,
,,,,,17839,4.0,4,,,,,,,,
,,,,,17844,5.0,5,,,,,,,,
,,,,,17848,4.0,4,,,,,,,,
,,,,,17859,11.0,11,,,,,,,,
,,,,,17862,3.0,3,,,,,,,,
,,,,,17867,5.0,5,,,,,,,,
,,,,,17872,5.0,5,,,,,,,,
,,,,,17875,3.0,3,,,,,,,,
,,,,,17881,6.0,6,,,,,,,,
,,,,,17888,7.0,7,,,,,,,,
,,,,,17896,8.0,8,,,,,,,,
,,,,,17907,11.0,11,,,,,,,,
,,,,,17913,6.0,6,,,,,,,,
,,,,,17916,3.0,3,,,,,,,,
,,,,,17923,7.0,7,,,,,,,,
,,,,,17928,5.0,5,,,,,,,,
,,,,,17931,3.0,3,,,,,,,,
,,,,,17935,4.0,4,,,,,,,,
,,,,,17944,9.0,9,,,,,,,,
,,,,,17948,4.0,4,,,,,,,,
,,,,,17952,4.0,4,,,,,,,,
,,,,,17955,3.0,3,,,,,,,,
,,,,,17958,3.0,3,,,,,,,,
,,,,,17962,4.0,4,,,,,,,,
,,,,,17970,8.0,8,,,,,,,,
,,,,,17975,5.0,5,,,,,,,,
,,,,,17984,9.0,9,,,,,,,,
,,,,,17987,3.0,3,,,,,,,,
,,,,,17992,5.0,5,,,,,,,,
,,,,,17999,7.0,7,,,,,,,,
,,,,,18000,,,-0.02893882431089878,0.2893882393836975,0.7218083739280701,4.56893253326416,4.554305553436279,0.0003,0.0003,0.1
,,,,,18004,5.0,5,,,,,,,,
,,,,,18008,4.0,4,,,,,,,,
,,,,,18012,4.0,4,,,,,,,,
,,,,,18015,3.0,3,,,,,,,,
,,,,,18020,5.0,5,,,,,,,,
,,,,,18025,5.0,5,,,,,,,,
,,,,,18028,3.0,3,,,,,,,,
,,,,,18031,3.0,3,,,,,,,,
,,,,,18036,5.0,5,,,,,,,,
,,,,,18039,3.0,3,,,,,,,,
,,,,,18042,3.0,3,,,,,,,,
,,,,,18051,9.0,9,,,,,,,,
,,,,,18054,3.0,3,,,,,,,,
,,,,,18057,3.0,3,,,,,,,,
,,,,,18061,4.0,4,,,,,,,,
,,,,,18068,7.0,7,,,,,,,,
,,,,,18071,3.0,3,,,,,,,,
,,,,,18075,4.0,4,,,,,,,,
,,,,,18080,5.0,5,,,,,,,,
,,,,,18084,4.0,4,,,,,,,,
,,,,,18087,3.0,3,,,,,,,,
,,,,,18090,3.0,3,,,,,,,,
,,,,,18097,7.0,7,,,,,,,,
,,,,,18103,6.0,6,,,,,,,,
,,,,,18107,4.0,4,,,,,,,,
,,,,,18110,3.0,3,,,,,,,,
,,,,,18114,4.0,4,,,,,,,,
,,,,,18119,5.0,5,,,,,,,,
,,,,,18122,3.0,3,,,,,,,,
,,,,,18126,4.0,4,,,,,,,,
,,,,,18130,4.0,4,,,,,,,,
,,,,,18133,3.0,3,,,,,,,,
,,,,,18137,4.0,4,,,,,,,,
,,,,,18140,3.0,3,,,,,,,,
,,,,,18143,3.0,3,,,,,,,,
,,,,,18148,5.0,5,,,,,,,,
,,,,,18152,4.0,4,,,,,,,,
,,,,,18155,3.0,3,,,,,,,,
,,,,,18158,3.0,3,,,,,,,,
,,,,,18162,4.0,4,,,,,,,,
,,,,,18165,3.0,3,,,,,,,,
,,,,,18170,5.0,5,,,,,,,,
,,,,,18173,3.0,3,,,,,,,,
,,,,,18177,4.0,4,,,,,,,,
,,,,,18182,5.0,5,,,,,,,,
,,,,,18185,3.0,3,,,,,,,,
,,,,,18196,11.0,11,,,,,,,,
,,,,,18199,3.0,3,,,,,,,,
,,,,,18204,5.0,5,,,,,,,,
,,,,,18208,4.0,4,,,,,,,,
,,,,,18213,5.0,5,,,,,,,,
,,,,,18217,4.0,4,,,,,,,,
,,,,,18221,4.0,4,,,,,,,,
,,,,,18225,4.0,4,,,,,,,,
,,,,,18228,3.0,3,,,,,,,,
,,,,,18232,4.0,4,,,,,,,,
,,,,,18236,4.0,4,,,,,,,,
,,,,,18240,4.0,4,,,,,,,,
,,,,,18244,4.0,4,,,,,,,,
,,,,,18249,5.0,5,,,,,,,,
,,,,,18252,3.0,3,,,,,,,,
,,,,,18255,3.0,3,,,,,,,,
,,,,,18258,3.0,3,,,,,,,,
,,,,,18262,4.0,4,,,,,,,,
,,,,,18265,3.0,3,,,,,,,,
,,,,,18268,3.0,3,,,,,,,,
,,,,,18273,5.0,5,,,,,,,,
,,,,,18278,5.0,5,,,,,,,,
,,,,,18282,4.0,4,,,,,,,,
,,,,,18287,5.0,5,,,,,,,,
,,,,,18290,3.0,3,,,,,,,,
,,,,,18293,3.0,3,,,,,,,,
,,,,,18296,3.0,3,,,,,,,,
,,,,,18299,3.0,3,,,,,,,,
,,,,,18303,4.0,4,,,,,,,,
,,,,,18307,4.0,4,,,,,,,,
,,,,,18311,4.0,4,,,,,,,,
,,,,,18315,4.0,4,,,,,,,,
,,,,,18320,5.0,5,,,,,,,,
,,,,,18327,7.0,7,,,,,,,,
,,,,,18330,3.0,3,,,,,,,,
,,,,,18333,3.0,3,,,,,,,,
,,,,,18338,5.0,5,,,,,,,,
,,,,,18342,4.0,4,,,,,,,,
,,,,,18345,3.0,3,,,,,,,,
,,,,,18349,4.0,4,,,,,,,,
,,,,,18360,11.0,11,,,,,,,,
,,,,,18363,3.0,3,,,,,,,,
,,,,,18370,7.0,7,,,,,,,,
,,,,,18373,3.0,3,,,,,,,,
,,,,,18376,3.0,3,,,,,,,,
,,,,,18380,4.0,4,,,,,,,,
,,,,,18387,7.0,7,,,,,,,,
,,,,,18390,3.0,3,,,,,,,,
,,,,,18396,6.0,6,,,,,,,,
,,,,,18400,4.0,4,,,,,,,,
,,,,,18409,9.0,9,,,,,,,,
,,,,,18412,3.0,3,,,,,,,,
,,,,,18415,3.0,3,,,,,,,,
,,,,,18419,4.0,4,,,,,,,,
,,,,,18423,4.0,4,,,,,,,,
,,,,,18426,3.0,3,,,,,,,,
,,,,,18436,10.0,10,,,,,,,,
,,,,,18439,3.0,3,,,,,,,,
,,,,,18445,6.0,6,,,,,,,,
,,,,,18449,4.0,4,,,,,,,,
,,,,,18455,6.0,6,,,,,,,,
,,,,,18458,3.0,3,,,,,,,,
,,,,,18464,6.0,6,,,,,,,,
,,,,,18469,5.0,5,,,,,,,,
,,,,,18473,4.0,4,,,,,,,,
,,,,,18476,3.0,3,,,,,,,,
,,,,,18484,8.0,8,,,,,,,,
,,,,,18488,4.0,4,,,,,,,,
,,,,,18491,3.0,3,,,,,,,,
,,,,,18499,8.0,8,,,,,,,,
,,,,,18502,3.0,3,,,,,,,,
,,,,,18505,3.0,3,,,,,,,,
,,,,,18509,4.0,4,,,,,,,,
,,,,,18512,3.0,3,,,,,,,,
,,,,,18515,3.0,3,,,,,,,,
,,,,,18520,5.0,5,,,,,,,,
,,,,,18523,3.0,3,,,,,,,,
,,,,,18526,3.0,3,,,,,,,,
,,,,,18529,3.0,3,,,,,,,,
,,,,,18532,3.0,3,,,,,,,,
,,,,,18541,9.0,9,,,,,,,,
,,,,,18545,4.0,4,,,,,,,,
,,,,,18548,3.0,3,,,,,,,,
,,,,,18551,3.0,3,,,,,,,,
,,,,,18555,4.0,4,,,,,,,,
,,,,,18558,3.0,3,,,,,,,,
,,,,,18561,3.0,3,,,,,,,,
,,,,,18564,3.0,3,,,,,,,,
,,,,,18569,5.0,5,,,,,,,,
,,,,,18572,3.0,3,,,,,,,,
,,,,,18575,3.0,3,,,,,,,,
,,,,,18580,5.0,5,,,,,,,,
,,,,,18586,6.0,6,,,,,,,,
,,,,,18591,5.0,5,,,,,,,,
,,,,,18594,3.0,3,,,,,,,,
,,,,,18597,3.0,3,,,,,,,,
,,,,,18602,5.0,5,,,,,,,,
,,,,,18609,7.0,7,,,,,,,,
,,,,,18612,3.0,3,,,,,,,,
,,,,,18615,3.0,3,,,,,,,,
,,,,,18619,4.0,4,,,,,,,,
,,,,,18624,5.0,5,,,,,,,,
,,,,,18627,3.0,3,,,,,,,,
,,,,,18630,3.0,3,,,,,,,,
,,,,,18633,3.0,3,,,,,,,,
,,,,,18640,7.0,7,,,,,,,,
,,,,,18643,3.0,3,,,,,,,,
,,,,,18647,4.0,4,,,,,,,,
,,,,,18653,6.0,6,,,,,,,,
,,,,,18656,3.0,3,,,,,,,,
,,,,,18659,3.0,3,,,,,,,,
,,,,,18663,4.0,4,,,,,,,,
,,,,,18668,5.0,5,,,,,,,,
,,,,,18675,7.0,7,,,,,,,,
,,,,,18679,4.0,4,,,,,,,,
,,,,,18684,5.0,5,,,,,,,,
,,,,,18687,3.0,3,,,,,,,,
,,,,,18691,4.0,4,,,,,,,,
,,,,,18694,3.0,3,,,,,,,,
,,,,,18697,3.0,3,,,,,,,,
,,,,,18703,6.0,6,,,,,,,,
,,,,,18706,3.0,3,,,,,,,,
,,,,,18713,7.0,7,,,,,,,,
,,,,,18718,5.0,5,,,,,,,,
,,,,,18722,4.0,4,,,,,,,,
,,,,,18728,6.0,6,,,,,,,,
,,,,,18731,3.0,3,,,,,,,,
,,,,,18737,6.0,6,,,,,,,,
,,,,,18747,10.0,10,,,,,,,,
,,,,,18750,3.0,3,,,,,,,,
,,,,,18754,4.0,4,,,,,,,,
,,,,,18762,8.0,8,,,,,,,,
,,,,,18767,5.0,5,,,,,,,,
,,,,,18771,4.0,4,,,,,,,,
,,,,,18777,6.0,6,,,,,,,,
,,,,,18782,5.0,5,,,,,,,,
,,,,,18785,3.0,3,,,,,,,,
,,,,,18792,7.0,7,,,,,,,,
,,,,,18795,3.0,3,,,,,,,,
,,,,,18799,4.0,4,,,,,,,,
,,,,,18808,9.0,9,,,,,,,,
,,,,,18811,3.0,3,,,,,,,,
,,,,,18814,3.0,3,,,,,,,,
,,,,,18823,9.0,9,,,,,,,,
,,,,,18829,6.0,6,,,,,,,,
,,,,,18832,3.0,3,,,,,,,,
,,,,,18836,4.0,4,,,,,,,,
,,,,,18842,6.0,6,,,,,,,,
,,,,,18845,3.0,3,,,,,,,,
,,,,,18848,3.0,3,,,,,,,,
,,,,,18851,3.0,3,,,,,,,,
,,,,,18856,5.0,5,,,,,,,,
,,,,,18859,3.0,3,,,,,,,,
,,,,,18869,10.0,10,,,,,,,,
,,,,,18876,7.0,7,,,,,,,,
,,,,,18880,4.0,4,,,,,,,,
,,,,,18884,4.0,4,,,,,,,,
,,,,,18889,5.0,5,,,,,,,,
,,,,,18893,4.0,4,,,,,,,,
,,,,,18897,4.0,4,,,,,,,,
,,,,,18900,3.0,3,,,,,,,,
,,,,,18903,3.0,3,,,,,,,,
,,,,,18906,3.0,3,,,,,,,,
,,,,,18920,14.0,14,,,,,,,,
,,,,,18923,3.0,3,,,,,,,,
,,,,,18928,5.0,5,,,,,,,,
,,,,,18933,5.0,5,,,,,,,,
,,,,,18941,8.0,8,,,,,,,,
,,,,,18945,4.0,4,,,,,,,,
,,,,,18948,3.0,3,,,,,,,,
,,,,,18952,4.0,4,,,,,,,,
,,,,,18961,9.0,9,,,,,,,,
,,,,,18964,3.0,3,,,,,,,,
,,,,,18967,3.0,3,,,,,,,,
,,,,,18970,3.0,3,,,,,,,,
,,,,,18980,10.0,10,,,,,,,,
,,,,,18984,4.0,4,,,,,,,,
,,,,,18987,3.0,3,,,,,,,,
,,,,,18991,4.0,4,,,,,,,,
,,,,,18998,7.0,7,,,,,,,,
,,,,,19000,,,-0.047660429030656815,0.47660428285598755,1.1060407161712646,4.2382612228393555,4.092944622039795,0.0003,0.0003,0.1
,,,,,19002,4.0,4,,,,,,,,
,,,,,19005,3.0,3,,,,,,,,
,,,,,19008,3.0,3,,,,,,,,
,,,,,19011,3.0,3,,,,,,,,
,,,,,19015,4.0,4,,,,,,,,
,,,,,19025,10.0,10,,,,,,,,
,,,,,19028,3.0,3,,,,,,,,
,,,,,19033,5.0,5,,,,,,,,
,,,,,19038,5.0,5,,,,,,,,
,,,,,19042,4.0,4,,,,,,,,
,,,,,19045,3.0,3,,,,,,,,
,,,,,19048,3.0,3,,,,,,,,
,,,,,19052,4.0,4,,,,,,,,
,,,,,19062,10.0,10,,,,,,,,
,,,,,19071,9.0,9,,,,,,,,
,,,,,19075,4.0,4,,,,,,,,
,,,,,19080,5.0,5,,,,,,,,
,,,,,19087,7.0,7,,,,,,,,
,,,,,19091,4.0,4,,,,,,,,
,,,,,19097,6.0,6,,,,,,,,
,,,,,19102,5.0,5,,,,,,,,
,,,,,19105,3.0,3,,,,,,,,
,,,,,19109,4.0,4,,,,,,,,
,,,,,19116,7.0,7,,,,,,,,
,,,,,19127,11.0,11,,,,,,,,
,,,,,19130,3.0,3,,,,,,,,
,,,,,19134,4.0,4,,,,,,,,
,,,,,19138,4.0,4,,,,,,,,
,,,,,19142,4.0,4,,,,,,,,
,,,,,19145,3.0,3,,,,,,,,
,,,,,19151,6.0,6,,,,,,,,
,,,,,19156,5.0,5,,,,,,,,
,,,,,19160,4.0,4,,,,,,,,
,,,,,19163,3.0,3,,,,,,,,
,,,,,19167,4.0,4,,,,,,,,
,,,,,19171,4.0,4,,,,,,,,
,,,,,19174,3.0,3,,,,,,,,
,,,,,19178,4.0,4,,,,,,,,
,,,,,19186,8.0,8,,,,,,,,
,,,,,19189,3.0,3,,,,,,,,
,,,,,19193,4.0,4,,,,,,,,
,,,,,19196,3.0,3,,,,,,,,
,,,,,19201,5.0,5,,,,,,,,
,,,,,19204,3.0,3,,,,,,,,
,,,,,19210,6.0,6,,,,,,,,
,,,,,19214,4.0,4,,,,,,,,
,,,,,19218,4.0,4,,,,,,,,
,,,,,19223,5.0,5,,,,,,,,
,,,,,19229,6.0,6,,,,,,,,
,,,,,19232,3.0,3,,,,,,,,
,,,,,19236,4.0,4,,,,,,,,
,,,,,19242,6.0,6,,,,,,,,
,,,,,19245,3.0,3,,,,,,,,
,,,,,19252,7.0,7,,,,,,,,
,,,,,19256,4.0,4,,,,,,,,
,,,,,19260,4.0,4,,,,,,,,
,,,,,19263,3.0,3,,,,,,,,
,,,,,19266,3.0,3,,,,,,,,
,,,,,19269,3.0,3,,,,,,,,
,,,,,19272,3.0,3,,,,,,,,
,,,,,19275,3.0,3,,,,,,,,
,,,,,19280,5.0,5,,,,,,,,
,,,,,19283,3.0,3,,,,,,,,
,,,,,19286,3.0,3,,,,,,,,
,,,,,19291,5.0,5,,,,,,,,
,,,,,19296,5.0,5,,,,,,,,
,,,,,19299,3.0,3,,,,,,,,
,,,,,19303,4.0,4,,,,,,,,
,,,,,19306,3.0,3,,,,,,,,
,,,,,19309,3.0,3,,,,,,,,
,,,,,19314,5.0,5,,,,,,,,
,,,,,19317,3.0,3,,,,,,,,
,,,,,19321,4.0,4,,,,,,,,
,,,,,19325,4.0,4,,,,,,,,
,,,,,19328,3.0,3,,,,,,,,
,,,,,19332,4.0,4,,,,,,,,
,,,,,19343,11.0,11,,,,,,,,
,,,,,19346,3.0,3,,,,,,,,
,,,,,19349,3.0,3,,,,,,,,
,,,,,19352,3.0,3,,,,,,,,
,,,,,19356,4.0,4,,,,,,,,
,,,,,19360,4.0,4,,,,,,,,
,,,,,19363,3.0,3,,,,,,,,
,,,,,19367,4.0,4,,,,,,,,
,,,,,19370,3.0,3,,,,,,,,
,,,,,19373,3.0,3,,,,,,,,
,,,,,19376,3.0,3,,,,,,,,
,,,,,19379,3.0,3,,,,,,,,
,,,,,19382,3.0,3,,,,,,,,
,,,,,19386,4.0,4,,,,,,,,
,,,,,19389,3.0,3,,,,,,,,
,,,,,19392,3.0,3,,,,,,,,
,,,,,19395,3.0,3,,,,,,,,
,,,,,19398,3.0,3,,,,,,,,
,,,,,19401,3.0,3,,,,,,,,
,,,,,19404,3.0,3,,,,,,,,
,,,,,19407,3.0,3,,,,,,,,
,,,,,19410,3.0,3,,,,,,,,
,,,,,19413,3.0,3,,,,,,,,
,,,,,19416,3.0,3,,,,,,,,
,,,,,19423,7.0,7,,,,,,,,
,,,,,19426,3.0,3,,,,,,,,
,,,,,19431,5.0,5,,,,,,,,
,,,,,19434,3.0,3,,,,,,,,
,,,,,19437,3.0,3,,,,,,,,
,,,,,19440,3.0,3,,,,,,,,
,,,,,19443,3.0,3,,,,,,,,
,,,,,19446,3.0,3,,,,,,,,
,,,,,19449,3.0,3,,,,,,,,
,,,,,19452,3.0,3,,,,,,,,
,,,,,19455,3.0,3,,,,,,,,
,,,,,19459,4.0,4,,,,,,,,
,,,,,19462,3.0,3,,,,,,,,
,,,,,19465,3.0,3,,,,,,,,
,,,,,19468,3.0,3,,,,,,,,
,,,,,19471,3.0,3,,,,,,,,
,,,,,19474,3.0,3,,,,,,,,
,,,,,19477,3.0,3,,,,,,,,
,,,,,19480,3.0,3,,,,,,,,
,,,,,19483,3.0,3,,,,,,,,
,,,,,19486,3.0,3,,,,,,,,
,,,,,19489,3.0,3,,,,,,,,
,,,,,19492,3.0,3,,,,,,,,
,,,,,19495,3.0,3,,,,,,,,
,,,,,19498,3.0,3,,,,,,,,
,,,,,19501,3.0,3,,,,,,,,
,,,,,19504,3.0,3,,,,,,,,
,,,,,19507,3.0,3,,,,,,,,
,,,,,19510,3.0,3,,,,,,,,
,,,,,19513,3.0,3,,,,,,,,
,,,,,19517,4.0,4,,,,,,,,
,,,,,19520,3.0,3,,,,,,,,
,,,,,19523,3.0,3,,,,,,,,
,,,,,19526,3.0,3,,,,,,,,
,,,,,19529,3.0,3,,,,,,,,
,,,,,19533,4.0,4,,,,,,,,
,,,,,19536,3.0,3,,,,,,,,
,,,,,19539,3.0,3,,,,,,,,
,,,,,19542,3.0,3,,,,,,,,
,,,,,19546,4.0,4,,,,,,,,
,,,,,19549,3.0,3,,,,,,,,
,,,,,19552,3.0,3,,,,,,,,
,,,,,19555,3.0,3,,,,,,,,
,,,,,19558,3.0,3,,,,,,,,
,,,,,19561,3.0,3,,,,,,,,
,,,,,19564,3.0,3,,,,,,,,
,,,,,19567,3.0,3,,,,,,,,
,,,,,19571,4.0,4,,,,,,,,
,,,,,19575,4.0,4,,,,,,,,
,,,,,19578,3.0,3,,,,,,,,
,,,,,19581,3.0,3,,,,,,,,
,,,,,19584,3.0,3,,,,,,,,
,,,,,19588,4.0,4,,,,,,,,
,,,,,19591,3.0,3,,,,,,,,
,,,,,19594,3.0,3,,,,,,,,
,,,,,19597,3.0,3,,,,,,,,
,,,,,19600,3.0,3,,,,,,,,
,,,,,19603,3.0,3,,,,,,,,
,,,,,19606,3.0,3,,,,,,,,
,,,,,19609,3.0,3,,,,,,,,
,,,,,19612,3.0,3,,,,,,,,
,,,,,19616,4.0,4,,,,,,,,
,,,,,19621,5.0,5,,,,,,,,
,,,,,19625,4.0,4,,,,,,,,
,,,,,19628,3.0,3,,,,,,,,
,,,,,19631,3.0,3,,,,,,,,
,,,,,19634,3.0,3,,,,,,,,
,,,,,19637,3.0,3,,,,,,,,
,,,,,19640,3.0,3,,,,,,,,
,,,,,19643,3.0,3,,,,,,,,
,,,,,19647,4.0,4,,,,,,,,
,,,,,19650,3.0,3,,,,,,,,
,,,,,19654,4.0,4,,,,,,,,
,,,,,19657,3.0,3,,,,,,,,
,,,,,19660,3.0,3,,,,,,,,
,,,,,19663,3.0,3,,,,,,,,
,,,,,19666,3.0,3,,,,,,,,
,,,,,19669,3.0,3,,,,,,,,
,,,,,19672,3.0,3,,,,,,,,
,,,,,19675,3.0,3,,,,,,,,
,,,,,19678,3.0,3,,,,,,,,
,,,,,19682,4.0,4,,,,,,,,
,,,,,19685,3.0,3,,,,,,,,
,,,,,19688,3.0,3,,,,,,,,
,,,,,19691,3.0,3,,,,,,,,
,,,,,19695,4.0,4,,,,,,,,
,,,,,19698,3.0,3,,,,,,,,
,,,,,19701,3.0,3,,,,,,,,
,,,,,19704,3.0,3,,,,,,,,
,,,,,19707,3.0,3,,,,,,,,
,,,,,19712,5.0,5,,,,,,,,
,,,,,19715,3.0,3,,,,,,,,
,,,,,19718,3.0,3,,,,,,,,
,,,,,19721,3.0,3,,,,,,,,
,,,,,19724,3.0,3,,,,,,,,
,,,,,19727,3.0,3,,,,,,,,
,,,,,19730,3.0,3,,,,,,,,
,,,,,19733,3.0,3,,,,,,,,
,,,,,19736,3.0,3,,,,,,,,
,,,,,19739,3.0,3,,,,,,,,
,,,,,19743,4.0,4,,,,,,,,
,,,,,19747,4.0,4,,,,,,,,
,,,,,19750,3.0,3,,,,,,,,
,,,,,19753,3.0,3,,,,,,,,
,,,,,19756,3.0,3,,,,,,,,
,,,,,19759,3.0,3,,,,,,,,
,,,,,19762,3.0,3,,,,,,,,
,,,,,19765,3.0,3,,,,,,,,
,,,,,19769,4.0,4,,,,,,,,
,,,,,19772,3.0,3,,,,,,,,
,,,,,19775,3.0,3,,,,,,,,
,,,,,19778,3.0,3,,,,,,,,
,,,,,19782,4.0,4,,,,,,,,
,,,,,19785,3.0,3,,,,,,,,
,,,,,19788,3.0,3,,,,,,,,
,,,,,19791,3.0,3,,,,,,,,
,,,,,19794,3.0,3,,,,,,,,
,,,,,19797,3.0,3,,,,,,,,
,,,,,19800,3.0,3,,,,,,,,
,,,,,19803,3.0,3,,,,,,,,
,,,,,19806,3.0,3,,,,,,,,
,,,,,19809,3.0,3,,,,,,,,
,,,,,19812,3.0,3,,,,,,,,
,,,,,19815,3.0,3,,,,,,,,
,,,,,19819,4.0,4,,,,,,,,
,,,,,19822,3.0,3,,,,,,,,
,,,,,19825,3.0,3,,,,,,,,
,,,,,19830,5.0,5,,,,,,,,
,,,,,19834,4.0,4,,,,,,,,
,,,,,19837,3.0,3,,,,,,,,
,,,,,19840,3.0,3,,,,,,,,
,,,,,19843,3.0,3,,,,,,,,
,,,,,19846,3.0,3,,,,,,,,
,,,,,19850,4.0,4,,,,,,,,
,,,,,19853,3.0,3,,,,,,,,
,,,,,19856,3.0,3,,,,,,,,
,,,,,19859,3.0,3,,,,,,,,
,,,,,19862,3.0,3,,,,,,,,
,,,,,19865,3.0,3,,,,,,,,
,,,,,19868,3.0,3,,,,,,,,
,,,,,19871,3.0,3,,,,,,,,
,,,,,19874,3.0,3,,,,,,,,
,,,,,19877,3.0,3,,,,,,,,
,,,,,19880,3.0,3,,,,,,,,
,,,,,19887,7.0,7,,,,,,,,
,,,,,19890,3.0,3,,,,,,,,
,,,,,19893,3.0,3,,,,,,,,
,,,,,19896,3.0,3,,,,,,,,
,,,,,19899,3.0,3,,,,,,,,
,,,,,19904,5.0,5,,,,,,,,
,,,,,19908,4.0,4,,,,,,,,
,,,,,19911,3.0,3,,,,,,,,
,,,,,19914,3.0,3,,,,,,,,
,,,,,19917,3.0,3,,,,,,,,
,,,,,19920,3.0,3,,,,,,,,
,,,,,19923,3.0,3,,,,,,,,
,,,,,19926,3.0,3,,,,,,,,
,,,,,19929,3.0,3,,,,,,,,
,,,,,19932,3.0,3,,,,,,,,
,,,,,19935,3.0,3,,,,,,,,
,,,,,19938,3.0,3,,,,,,,,
,,,,,19941,3.0,3,,,,,,,,
,,,,,19944,3.0,3,,,,,,,,
,,,,,19947,3.0,3,,,,,,,,
,,,,,19950,3.0,3,,,,,,,,
,,,,,19954,4.0,4,,,,,,,,
,,,,,19957,3.0,3,,,,,,,,
,,,,,19961,4.0,4,,,,,,,,
,,,,,19964,3.0,3,,,,,,,,
,,,,,19967,3.0,3,,,,,,,,
,,,,,19970,3.0,3,,,,,,,,
,,,,,19973,3.0,3,,,,,,,,
,,,,,19976,3.0,3,,,,,,,,
,,,,,19979,3.0,3,,,,,,,,
,,,,,19982,3.0,3,,,,,,,,
,,,,,19985,3.0,3,,,,,,,,
,,,,,19988,3.0,3,,,,,,,,
,,,,,19992,4.0,4,,,,,,,,
,,,,,19995,3.0,3,,,,,,,,
,,,,,20000,5.0,5,,,,,,,,
3.1,0.3,4.0,3.0,3.1,20000,,,-0.01688466966152191,0.16884669661521912,0.6881452798843384,3.5038113594055176,3.568419933319092,0.0003,0.0003,0.1
,,,,,20003,3.0,3,,,,,,,,
,,,,,20006,3.0,3,,,,,,,,
,,,,,20012,6.0,6,,,,,,,,
,,,,,20015,3.0,3,,,,,,,,
,,,,,20020,5.0,5,,,,,,,,
,,,,,20023,3.0,3,,,,,,,,
,,,,,20026,3.0,3,,,,,,,,
,,,,,20030,4.0,4,,,,,,,,
,,,,,20033,3.0,3,,,,,,,,
,,,,,20036,3.0,3,,,,,,,,
,,,,,20039,3.0,3,,,,,,,,
,,,,,20042,3.0,3,,,,,,,,
,,,,,20046,4.0,4,,,,,,,,
,,,,,20049,3.0,3,,,,,,,,
,,,,,20052,3.0,3,,,,,,,,
,,,,,20055,3.0,3,,,,,,,,
,,,,,20060,5.0,5,,,,,,,,
,,,,,20067,7.0,7,,,,,,,,
,,,,,20070,3.0,3,,,,,,,,
,,,,,20073,3.0,3,,,,,,,,
,,,,,20076,3.0,3,,,,,,,,
,,,,,20079,3.0,3,,,,,,,,
,,,,,20082,3.0,3,,,,,,,,
,,,,,20087,5.0,5,,,,,,,,
,,,,,20090,3.0,3,,,,,,,,
,,,,,20093,3.0,3,,,,,,,,
,,,,,20096,3.0,3,,,,,,,,
,,,,,20099,3.0,3,,,,,,,,
,,,,,20102,3.0,3,,,,,,,,
,,,,,20105,3.0,3,,,,,,,,
,,,,,20108,3.0,3,,,,,,,,
,,,,,20111,3.0,3,,,,,,,,
,,,,,20115,4.0,4,,,,,,,,
,,,,,20118,3.0,3,,,,,,,,
,,,,,20121,3.0,3,,,,,,,,
,,,,,20124,3.0,3,,,,,,,,
,,,,,20127,3.0,3,,,,,,,,
,,,,,20130,3.0,3,,,,,,,,
,,,,,20133,3.0,3,,,,,,,,
,,,,,20136,3.0,3,,,,,,,,
,,,,,20139,3.0,3,,,,,,,,
,,,,,20142,3.0,3,,,,,,,,
,,,,,20145,3.0,3,,,,,,,,
,,,,,20148,3.0,3,,,,,,,,
,,,,,20151,3.0,3,,,,,,,,
,,,,,20155,4.0,4,,,,,,,,
,,,,,20159,4.0,4,,,,,,,,
,,,,,20163,4.0,4,,,,,,,,
,,,,,20166,3.0,3,,,,,,,,
,,,,,20169,3.0,3,,,,,,,,
,,,,,20173,4.0,4,,,,,,,,
,,,,,20176,3.0,3,,,,,,,,
,,,,,20179,3.0,3,,,,,,,,
,,,,,20184,5.0,5,,,,,,,,
,,,,,20187,3.0,3,,,,,,,,
,,,,,20192,5.0,5,,,,,,,,
,,,,,20195,3.0,3,,,,,,,,
,,,,,20199,4.0,4,,,,,,,,
,,,,,20203,4.0,4,,,,,,,,
,,,,,20206,3.0,3,,,,,,,,
,,,,,20209,3.0,3,,,,,,,,
,,,,,20212,3.0,3,,,,,,,,
,,,,,20215,3.0,3,,,,,,,,
,,,,,20218,3.0,3,,,,,,,,
,,,,,20222,4.0,4,,,,,,,,
,,,,,20225,3.0,3,,,,,,,,
,,,,,20231,6.0,6,,,,,,,,
,,,,,20234,3.0,3,,,,,,,,
,,,,,20237,3.0,3,,,,,,,,
,,,,,20240,3.0,3,,,,,,,,
,,,,,20245,5.0,5,,,,,,,,
,,,,,20248,3.0,3,,,,,,,,
,,,,,20251,3.0,3,,,,,,,,
,,,,,20254,3.0,3,,,,,,,,
,,,,,20258,4.0,4,,,,,,,,
,,,,,20261,3.0,3,,,,,,,,
,,,,,20264,3.0,3,,,,,,,,
,,,,,20267,3.0,3,,,,,,,,
,,,,,20270,3.0,3,,,,,,,,
,,,,,20274,4.0,4,,,,,,,,
,,,,,20277,3.0,3,,,,,,,,
,,,,,20280,3.0,3,,,,,,,,
,,,,,20286,6.0,6,,,,,,,,
,,,,,20289,3.0,3,,,,,,,,
,,,,,20292,3.0,3,,,,,,,,
,,,,,20295,3.0,3,,,,,,,,
,,,,,20298,3.0,3,,,,,,,,
,,,,,20301,3.0,3,,,,,,,,
,,,,,20304,3.0,3,,,,,,,,
,,,,,20307,3.0,3,,,,,,,,
,,,,,20310,3.0,3,,,,,,,,
,,,,,20313,3.0,3,,,,,,,,
,,,,,20316,3.0,3,,,,,,,,
,,,,,20319,3.0,3,,,,,,,,
,,,,,20322,3.0,3,,,,,,,,
,,,,,20326,4.0,4,,,,,,,,
,,,,,20329,3.0,3,,,,,,,,
,,,,,20332,3.0,3,,,,,,,,
,,,,,20335,3.0,3,,,,,,,,
,,,,,20338,3.0,3,,,,,,,,
,,,,,20341,3.0,3,,,,,,,,
,,,,,20349,8.0,8,,,,,,,,
,,,,,20352,3.0,3,,,,,,,,
,,,,,20355,3.0,3,,,,,,,,
,,,,,20358,3.0,3,,,,,,,,
,,,,,20361,3.0,3,,,,,,,,
,,,,,20365,4.0,4,,,,,,,,
,,,,,20368,3.0,3,,,,,,,,
,,,,,20371,3.0,3,,,,,,,,
,,,,,20375,4.0,4,,,,,,,,
,,,,,20378,3.0,3,,,,,,,,
,,,,,20381,3.0,3,,,,,,,,
,,,,,20384,3.0,3,,,,,,,,
,,,,,20387,3.0,3,,,,,,,,
,,,,,20390,3.0,3,,,,,,,,
,,,,,20393,3.0,3,,,,,,,,
,,,,,20396,3.0,3,,,,,,,,
,,,,,20399,3.0,3,,,,,,,,
,,,,,20402,3.0,3,,,,,,,,
,,,,,20406,4.0,4,,,,,,,,
,,,,,20410,4.0,4,,,,,,,,
,,,,,20414,4.0,4,,,,,,,,
,,,,,20417,3.0,3,,,,,,,,
,,,,,20422,5.0,5,,,,,,,,
,,,,,20425,3.0,3,,,,,,,,
,,,,,20428,3.0,3,,,,,,,,
,,,,,20431,3.0,3,,,,,,,,
,,,,,20434,3.0,3,,,,,,,,
,,,,,20437,3.0,3,,,,,,,,
,,,,,20440,3.0,3,,,,,,,,
,,,,,20444,4.0,4,,,,,,,,
,,,,,20447,3.0,3,,,,,,,,
,,,,,20450,3.0,3,,,,,,,,
,,,,,20453,3.0,3,,,,,,,,
,,,,,20456,3.0,3,,,,,,,,
,,,,,20459,3.0,3,,,,,,,,
,,,,,20462,3.0,3,,,,,,,,
,,,,,20465,3.0,3,,,,,,,,
,,,,,20468,3.0,3,,,,,,,,
,,,,,20471,3.0,3,,,,,,,,
,,,,,20474,3.0,3,,,,,,,,
,,,,,20477,3.0,3,,,,,,,,
,,,,,20480,3.0,3,,,,,,,,
,,,,,20483,3.0,3,,,,,,,,
,,,,,20486,3.0,3,,,,,,,,
,,,,,20489,3.0,3,,,,,,,,
,,,,,20492,3.0,3,,,,,,,,
,,,,,20495,3.0,3,,,,,,,,
,,,,,20498,3.0,3,,,,,,,,
,,,,,20501,3.0,3,,,,,,,,
,,,,,20504,3.0,3,,,,,,,,
,,,,,20507,3.0,3,,,,,,,,
,,,,,20510,3.0,3,,,,,,,,
,,,,,20513,3.0,3,,,,,,,,
,,,,,20516,3.0,3,,,,,,,,
,,,,,20519,3.0,3,,,,,,,,
,,,,,20522,3.0,3,,,,,,,,
,,,,,20525,3.0,3,,,,,,,,
,,,,,20528,3.0,3,,,,,,,,
,,,,,20533,5.0,5,,,,,,,,
,,,,,20536,3.0,3,,,,,,,,
,,,,,20539,3.0,3,,,,,,,,
,,,,,20542,3.0,3,,,,,,,,
,,,,,20545,3.0,3,,,,,,,,
,,,,,20548,3.0,3,,,,,,,,
,,,,,20551,3.0,3,,,,,,,,
,,,,,20554,3.0,3,,,,,,,,
,,,,,20557,3.0,3,,,,,,,,
,,,,,20560,3.0,3,,,,,,,,
,,,,,20563,3.0,3,,,,,,,,
,,,,,20566,3.0,3,,,,,,,,
,,,,,20569,3.0,3,,,,,,,,
,,,,,20572,3.0,3,,,,,,,,
,,,,,20575,3.0,3,,,,,,,,
,,,,,20578,3.0,3,,,,,,,,
,,,,,20581,3.0,3,,,,,,,,
,,,,,20584,3.0,3,,,,,,,,
,,,,,20587,3.0,3,,,,,,,,
,,,,,20590,3.0,3,,,,,,,,
,,,,,20593,3.0,3,,,,,,,,
,,,,,20596,3.0,3,,,,,,,,
,,,,,20599,3.0,3,,,,,,,,
,,,,,20602,3.0,3,,,,,,,,
,,,,,20605,3.0,3,,,,,,,,
,,,,,20608,3.0,3,,,,,,,,
,,,,,20611,3.0,3,,,,,,,,
,,,,,20614,3.0,3,,,,,,,,
,,,,,20617,3.0,3,,,,,,,,
,,,,,20620,3.0,3,,,,,,,,
,,,,,20623,3.0,3,,,,,,,,
,,,,,20626,3.0,3,,,,,,,,
,,,,,20629,3.0,3,,,,,,,,
,,,,,20632,3.0,3,,,,,,,,
,,,,,20635,3.0,3,,,,,,,,
,,,,,20638,3.0,3,,,,,,,,
,,,,,20641,3.0,3,,,,,,,,
,,,,,20644,3.0,3,,,,,,,,
,,,,,20647,3.0,3,,,,,,,,
,,,,,20650,3.0,3,,,,,,,,
,,,,,20653,3.0,3,,,,,,,,
,,,,,20656,3.0,3,,,,,,,,
,,,,,20659,3.0,3,,,,,,,,
,,,,,20662,3.0,3,,,,,,,,
,,,,,20665,3.0,3,,,,,,,,
,,,,,20668,3.0,3,,,,,,,,
,,,,,20671,3.0,3,,,,,,,,
,,,,,20674,3.0,3,,,,,,,,
,,,,,20677,3.0,3,,,,,,,,
,,,,,20680,3.0,3,,,,,,,,
,,,,,20683,3.0,3,,,,,,,,
,,,,,20686,3.0,3,,,,,,,,
,,,,,20689,3.0,3,,,,,,,,
,,,,,20693,4.0,4,,,,,,,,
,,,,,20696,3.0,3,,,,,,,,
,,,,,20699,3.0,3,,,,,,,,
,,,,,20702,3.0,3,,,,,,,,
,,,,,20705,3.0,3,,,,,,,,
,,,,,20708,3.0,3,,,,,,,,
,,,,,20711,3.0,3,,,,,,,,
,,,,,20716,5.0,5,,,,,,,,
,,,,,20719,3.0,3,,,,,,,,
,,,,,20722,3.0,3,,,,,,,,
,,,,,20725,3.0,3,,,,,,,,
,,,,,20728,3.0,3,,,,,,,,
,,,,,20731,3.0,3,,,,,,,,
,,,,,20734,3.0,3,,,,,,,,
,,,,,20737,3.0,3,,,,,,,,
,,,,,20740,3.0,3,,,,,,,,
,,,,,20743,3.0,3,,,,,,,,
,,,,,20746,3.0,3,,,,,,,,
,,,,,20749,3.0,3,,,,,,,,
,,,,,20752,3.0,3,,,,,,,,
,,,,,20755,3.0,3,,,,,,,,
,,,,,20758,3.0,3,,,,,,,,
,,,,,20761,3.0,3,,,,,,,,
,,,,,20764,3.0,3,,,,,,,,
,,,,,20767,3.0,3,,,,,,,,
,,,,,20770,3.0,3,,,,,,,,
,,,,,20773,3.0,3,,,,,,,,
,,,,,20779,6.0,6,,,,,,,,
,,,,,20782,3.0,3,,,,,,,,
,,,,,20785,3.0,3,,,,,,,,
,,,,,20788,3.0,3,,,,,,,,
,,,,,20791,3.0,3,,,,,,,,
,,,,,20794,3.0,3,,,,,,,,
,,,,,20797,3.0,3,,,,,,,,
,,,,,20800,3.0,3,,,,,,,,
,,,,,20804,4.0,4,,,,,,,,
,,,,,20807,3.0,3,,,,,,,,
,,,,,20810,3.0,3,,,,,,,,
,,,,,20813,3.0,3,,,,,,,,
,,,,,20816,3.0,3,,,,,,,,
,,,,,20819,3.0,3,,,,,,,,
,,,,,20824,5.0,5,,,,,,,,
,,,,,20827,3.0,3,,,,,,,,
,,,,,20830,3.0,3,,,,,,,,
,,,,,20833,3.0,3,,,,,,,,
,,,,,20836,3.0,3,,,,,,,,
,,,,,20839,3.0,3,,,,,,,,
,,,,,20842,3.0,3,,,,,,,,
,,,,,20845,3.0,3,,,,,,,,
,,,,,20849,4.0,4,,,,,,,,
,,,,,20852,3.0,3,,,,,,,,
,,,,,20855,3.0,3,,,,,,,,
,,,,,20858,3.0,3,,,,,,,,
,,,,,20861,3.0,3,,,,,,,,
,,,,,20867,6.0,6,,,,,,,,
,,,,,20871,4.0,4,,,,,,,,
,,,,,20874,3.0,3,,,,,,,,
,,,,,20877,3.0,3,,,,,,,,
,,,,,20881,4.0,4,,,,,,,,
,,,,,20884,3.0,3,,,,,,,,
,,,,,20887,3.0,3,,,,,,,,
,,,,,20890,3.0,3,,,,,,,,
,,,,,20893,3.0,3,,,,,,,,
,,,,,20896,3.0,3,,,,,,,,
,,,,,20899,3.0,3,,,,,,,,
,,,,,20902,3.0,3,,,,,,,,
,,,,,20905,3.0,3,,,,,,,,
,,,,,20908,3.0,3,,,,,,,,
,,,,,20911,3.0,3,,,,,,,,
,,,,,20914,3.0,3,,,,,,,,
,,,,,20917,3.0,3,,,,,,,,
,,,,,20920,3.0,3,,,,,,,,
,,,,,20923,3.0,3,,,,,,,,
,,,,,20927,4.0,4,,,,,,,,
,,,,,20930,3.0,3,,,,,,,,
,,,,,20933,3.0,3,,,,,,,,
,,,,,20937,4.0,4,,,,,,,,
,,,,,20940,3.0,3,,,,,,,,
,,,,,20943,3.0,3,,,,,,,,
,,,,,20946,3.0,3,,,,,,,,
,,,,,20949,3.0,3,,,,,,,,
,,,,,20952,3.0,3,,,,,,,,
,,,,,20955,3.0,3,,,,,,,,
,,,,,20958,3.0,3,,,,,,,,
,,,,,20961,3.0,3,,,,,,,,
,,,,,20964,3.0,3,,,,,,,,
,,,,,20967,3.0,3,,,,,,,,
,,,,,20970,3.0,3,,,,,,,,
,,,,,20974,4.0,4,,,,,,,,
,,,,,20978,4.0,4,,,,,,,,
,,,,,20981,3.0,3,,,,,,,,
,,,,,20984,3.0,3,,,,,,,,
,,,,,20987,3.0,3,,,,,,,,
,,,,,20990,3.0,3,,,,,,,,
,,,,,20994,4.0,4,,,,,,,,
,,,,,20997,3.0,3,,,,,,,,
,,,,,21000,3.0,3,,,,,,,,
,,,,,21000,,,0.049014221876859665,-0.49014219641685486,0.2814600467681885,2.6862878799438477,2.656855821609497,0.0003,0.0003,0.1
,,,,,21003,3.0,3,,,,,,,,
,,,,,21007,4.0,4,,,,,,,,
,,,,,21010,3.0,3,,,,,,,,
,,,,,21013,3.0,3,,,,,,,,
,,,,,21016,3.0,3,,,,,,,,
,,,,,21019,3.0,3,,,,,,,,
,,,,,21022,3.0,3,,,,,,,,
,,,,,21025,3.0,3,,,,,,,,
,,,,,21028,3.0,3,,,,,,,,
,,,,,21031,3.0,3,,,,,,,,
,,,,,21034,3.0,3,,,,,,,,
,,,,,21038,4.0,4,,,,,,,,
,,,,,21041,3.0,3,,,,,,,,
,,,,,21044,3.0,3,,,,,,,,
,,,,,21047,3.0,3,,,,,,,,
,,,,,21051,4.0,4,,,,,,,,
,,,,,21054,3.0,3,,,,,,,,
,,,,,21057,3.0,3,,,,,,,,
,,,,,21060,3.0,3,,,,,,,,
,,,,,21063,3.0,3,,,,,,,,
,,,,,21066,3.0,3,,,,,,,,
,,,,,21069,3.0,3,,,,,,,,
,,,,,21072,3.0,3,,,,,,,,
,,,,,21075,3.0,3,,,,,,,,
,,,,,21078,3.0,3,,,,,,,,
,,,,,21081,3.0,3,,,,,,,,
,,,,,21084,3.0,3,,,,,,,,
,,,,,21087,3.0,3,,,,,,,,
,,,,,21090,3.0,3,,,,,,,,
,,,,,21093,3.0,3,,,,,,,,
,,,,,21096,3.0,3,,,,,,,,
,,,,,21099,3.0,3,,,,,,,,
,,,,,21102,3.0,3,,,,,,,,
,,,,,21105,3.0,3,,,,,,,,
,,,,,21108,3.0,3,,,,,,,,
,,,,,21111,3.0,3,,,,,,,,
,,,,,21114,3.0,3,,,,,,,,
,,,,,21117,3.0,3,,,,,,,,
,,,,,21120,3.0,3,,,,,,,,
,,,,,21123,3.0,3,,,,,,,,
,,,,,21126,3.0,3,,,,,,,,
,,,,,21130,4.0,4,,,,,,,,
,,,,,21133,3.0,3,,,,,,,,
,,,,,21136,3.0,3,,,,,,,,
,,,,,21139,3.0,3,,,,,,,,
,,,,,21142,3.0,3,,,,,,,,
,,,,,21150,8.0,8,,,,,,,,
,,,,,21153,3.0,3,,,,,,,,
,,,,,21156,3.0,3,,,,,,,,
,,,,,21159,3.0,3,,,,,,,,
,,,,,21163,4.0,4,,,,,,,,
,,,,,21168,5.0,5,,,,,,,,
,,,,,21171,3.0,3,,,,,,,,
,,,,,21174,3.0,3,,,,,,,,
,,,,,21177,3.0,3,,,,,,,,
,,,,,21181,4.0,4,,,,,,,,
,,,,,21184,3.0,3,,,,,,,,
,,,,,21188,4.0,4,,,,,,,,
,,,,,21191,3.0,3,,,,,,,,
,,,,,21194,3.0,3,,,,,,,,
,,,,,21197,3.0,3,,,,,,,,
,,,,,21200,3.0,3,,,,,,,,
,,,,,21203,3.0,3,,,,,,,,
,,,,,21206,3.0,3,,,,,,,,
,,,,,21209,3.0,3,,,,,,,,
,,,,,21212,3.0,3,,,,,,,,
,,,,,21215,3.0,3,,,,,,,,
,,,,,21218,3.0,3,,,,,,,,
,,,,,21221,3.0,3,,,,,,,,
,,,,,21224,3.0,3,,,,,,,,
,,,,,21227,3.0,3,,,,,,,,
,,,,,21230,3.0,3,,,,,,,,
,,,,,21233,3.0,3,,,,,,,,
,,,,,21236,3.0,3,,,,,,,,
,,,,,21239,3.0,3,,,,,,,,
,,,,,21242,3.0,3,,,,,,,,
,,,,,21245,3.0,3,,,,,,,,
,,,,,21248,3.0,3,,,,,,,,
,,,,,21251,3.0,3,,,,,,,,
,,,,,21254,3.0,3,,,,,,,,
,,,,,21257,3.0,3,,,,,,,,
,,,,,21260,3.0,3,,,,,,,,
,,,,,21263,3.0,3,,,,,,,,
,,,,,21266,3.0,3,,,,,,,,
,,,,,21269,3.0,3,,,,,,,,
,,,,,21272,3.0,3,,,,,,,,
,,,,,21275,3.0,3,,,,,,,,
,,,,,21278,3.0,3,,,,,,,,
,,,,,21281,3.0,3,,,,,,,,
,,,,,21284,3.0,3,,,,,,,,
,,,,,21287,3.0,3,,,,,,,,
,,,,,21290,3.0,3,,,,,,,,
,,,,,21293,3.0,3,,,,,,,,
,,,,,21296,3.0,3,,,,,,,,
,,,,,21299,3.0,3,,,,,,,,
,,,,,21302,3.0,3,,,,,,,,
,,,,,21306,4.0,4,,,,,,,,
,,,,,21309,3.0,3,,,,,,,,
,,,,,21312,3.0,3,,,,,,,,
,,,,,21315,3.0,3,,,,,,,,
,,,,,21318,3.0,3,,,,,,,,
,,,,,21321,3.0,3,,,,,,,,
,,,,,21325,4.0,4,,,,,,,,
,,,,,21328,3.0,3,,,,,,,,
,,,,,21331,3.0,3,,,,,,,,
,,,,,21334,3.0,3,,,,,,,,
,,,,,21337,3.0,3,,,,,,,,
,,,,,21340,3.0,3,,,,,,,,
,,,,,21343,3.0,3,,,,,,,,
,,,,,21346,3.0,3,,,,,,,,
,,,,,21349,3.0,3,,,,,,,,
,,,,,21352,3.0,3,,,,,,,,
,,,,,21355,3.0,3,,,,,,,,
,,,,,21358,3.0,3,,,,,,,,
,,,,,21361,3.0,3,,,,,,,,
,,,,,21364,3.0,3,,,,,,,,
,,,,,21367,3.0,3,,,,,,,,
,,,,,21370,3.0,3,,,,,,,,
,,,,,21373,3.0,3,,,,,,,,
,,,,,21377,4.0,4,,,,,,,,
,,,,,21380,3.0,3,,,,,,,,
,,,,,21383,3.0,3,,,,,,,,
,,,,,21386,3.0,3,,,,,,,,
,,,,,21389,3.0,3,,,,,,,,
,,,,,21392,3.0,3,,,,,,,,
,,,,,21395,3.0,3,,,,,,,,
,,,,,21398,3.0,3,,,,,,,,
,,,,,21401,3.0,3,,,,,,,,
,,,,,21404,3.0,3,,,,,,,,
,,,,,21409,5.0,5,,,,,,,,
,,,,,21412,3.0,3,,,,,,,,
,,,,,21415,3.0,3,,,,,,,,
,,,,,21418,3.0,3,,,,,,,,
,,,,,21421,3.0,3,,,,,,,,
,,,,,21424,3.0,3,,,,,,,,
,,,,,21427,3.0,3,,,,,,,,
,,,,,21430,3.0,3,,,,,,,,
,,,,,21433,3.0,3,,,,,,,,
,,,,,21437,4.0,4,,,,,,,,
,,,,,21440,3.0,3,,,,,,,,
,,,,,21444,4.0,4,,,,,,,,
,,,,,21447,3.0,3,,,,,,,,
,,,,,21450,3.0,3,,,,,,,,
,,,,,21453,3.0,3,,,,,,,,
,,,,,21456,3.0,3,,,,,,,,
,,,,,21460,4.0,4,,,,,,,,
,,,,,21463,3.0,3,,,,,,,,
,,,,,21466,3.0,3,,,,,,,,
,,,,,21469,3.0,3,,,,,,,,
,,,,,21472,3.0,3,,,,,,,,
,,,,,21476,4.0,4,,,,,,,,
,,,,,21479,3.0,3,,,,,,,,
,,,,,21483,4.0,4,,,,,,,,
,,,,,21486,3.0,3,,,,,,,,
,,,,,21489,3.0,3,,,,,,,,
,,,,,21493,4.0,4,,,,,,,,
,,,,,21496,3.0,3,,,,,,,,
,,,,,21499,3.0,3,,,,,,,,
,,,,,21502,3.0,3,,,,,,,,
,,,,,21507,5.0,5,,,,,,,,
,,,,,21510,3.0,3,,,,,,,,
,,,,,21513,3.0,3,,,,,,,,
,,,,,21516,3.0,3,,,,,,,,
,,,,,21520,4.0,4,,,,,,,,
,,,,,21526,6.0,6,,,,,,,,
,,,,,21530,4.0,4,,,,,,,,
,,,,,21536,6.0,6,,,,,,,,
,,,,,21539,3.0,3,,,,,,,,
,,,,,21542,3.0,3,,,,,,,,
,,,,,21545,3.0,3,,,,,,,,
,,,,,21548,3.0,3,,,,,,,,
,,,,,21551,3.0,3,,,,,,,,
,,,,,21554,3.0,3,,,,,,,,
,,,,,21557,3.0,3,,,,,,,,
,,,,,21560,3.0,3,,,,,,,,
,,,,,21563,3.0,3,,,,,,,,
,,,,,21566,3.0,3,,,,,,,,
,,,,,21569,3.0,3,,,,,,,,
,,,,,21572,3.0,3,,,,,,,,
,,,,,21575,3.0,3,,,,,,,,
,,,,,21578,3.0,3,,,,,,,,
,,,,,21582,4.0,4,,,,,,,,
,,,,,21586,4.0,4,,,,,,,,
,,,,,21589,3.0,3,,,,,,,,
,,,,,21594,5.0,5,,,,,,,,
,,,,,21597,3.0,3,,,,,,,,
,,,,,21602,5.0,5,,,,,,,,
,,,,,21605,3.0,3,,,,,,,,
,,,,,21608,3.0,3,,,,,,,,
,,,,,21614,6.0,6,,,,,,,,
,,,,,21617,3.0,3,,,,,,,,
,,,,,21621,4.0,4,,,,,,,,
,,,,,21625,4.0,4,,,,,,,,
,,,,,21628,3.0,3,,,,,,,,
,,,,,21631,3.0,3,,,,,,,,
,,,,,21634,3.0,3,,,,,,,,
,,,,,21637,3.0,3,,,,,,,,
,,,,,21640,3.0,3,,,,,,,,
,,,,,21643,3.0,3,,,,,,,,
,,,,,21650,7.0,7,,,,,,,,
,,,,,21653,3.0,3,,,,,,,,
,,,,,21656,3.0,3,,,,,,,,
,,,,,21659,3.0,3,,,,,,,,
,,,,,21662,3.0,3,,,,,,,,
,,,,,21666,4.0,4,,,,,,,,
,,,,,21670,4.0,4,,,,,,,,
,,,,,21673,3.0,3,,,,,,,,
,,,,,21676,3.0,3,,,,,,,,
,,,,,21679,3.0,3,,,,,,,,
,,,,,21682,3.0,3,,,,,,,,
,,,,,21685,3.0,3,,,,,,,,
,,,,,21688,3.0,3,,,,,,,,
,,,,,21691,3.0,3,,,,,,,,
,,,,,21694,3.0,3,,,,,,,,
,,,,,21697,3.0,3,,,,,,,,
,,,,,21700,3.0,3,,,,,,,,
,,,,,21703,3.0,3,,,,,,,,
,,,,,21706,3.0,3,,,,,,,,
,,,,,21710,4.0,4,,,,,,,,
,,,,,21713,3.0,3,,,,,,,,
,,,,,21717,4.0,4,,,,,,,,
,,,,,21720,3.0,3,,,,,,,,
,,,,,21723,3.0,3,,,,,,,,
,,,,,21726,3.0,3,,,,,,,,
,,,,,21729,3.0,3,,,,,,,,
,,,,,21733,4.0,4,,,,,,,,
,,,,,21736,3.0,3,,,,,,,,
,,,,,21739,3.0,3,,,,,,,,
,,,,,21742,3.0,3,,,,,,,,
,,,,,21745,3.0,3,,,,,,,,
,,,,,21748,3.0,3,,,,,,,,
,,,,,21751,3.0,3,,,,,,,,
,,,,,21755,4.0,4,,,,,,,,
,,,,,21758,3.0,3,,,,,,,,
,,,,,21761,3.0,3,,,,,,,,
,,,,,21764,3.0,3,,,,,,,,
,,,,,21767,3.0,3,,,,,,,,
,,,,,21770,3.0,3,,,,,,,,
,,,,,21773,3.0,3,,,,,,,,
,,,,,21776,3.0,3,,,,,,,,
,,,,,21779,3.0,3,,,,,,,,
,,,,,21782,3.0,3,,,,,,,,
,,,,,21785,3.0,3,,,,,,,,
,,,,,21788,3.0,3,,,,,,,,
,,,,,21791,3.0,3,,,,,,,,
,,,,,21794,3.0,3,,,,,,,,
,,,,,21797,3.0,3,,,,,,,,
,,,,,21800,3.0,3,,,,,,,,
,,,,,21803,3.0,3,,,,,,,,
,,,,,21807,4.0,4,,,,,,,,
,,,,,21810,3.0,3,,,,,,,,
,,,,,21813,3.0,3,,,,,,,,
,,,,,21816,3.0,3,,,,,,,,
,,,,,21820,4.0,4,,,,,,,,
,,,,,21823,3.0,3,,,,,,,,
,,,,,21826,3.0,3,,,,,,,,
,,,,,21830,4.0,4,,,,,,,,
,,,,,21833,3.0,3,,,,,,,,
,,,,,21836,3.0,3,,,,,,,,
,,,,,21839,3.0,3,,,,,,,,
,,,,,21842,3.0,3,,,,,,,,
,,,,,21846,4.0,4,,,,,,,,
,,,,,21849,3.0,3,,,,,,,,
,,,,,21852,3.0,3,,,,,,,,
,,,,,21855,3.0,3,,,,,,,,
,,,,,21858,3.0,3,,,,,,,,
,,,,,21861,3.0,3,,,,,,,,
,,,,,21868,7.0,7,,,,,,,,
,,,,,21871,3.0,3,,,,,,,,
,,,,,21874,3.0,3,,,,,,,,
,,,,,21877,3.0,3,,,,,,,,
,,,,,21883,6.0,6,,,,,,,,
,,,,,21886,3.0,3,,,,,,,,
,,,,,21889,3.0,3,,,,,,,,
,,,,,21892,3.0,3,,,,,,,,
,,,,,21895,3.0,3,,,,,,,,
,,,,,21898,3.0,3,,,,,,,,
,,,,,21901,3.0,3,,,,,,,,
,,,,,21906,5.0,5,,,,,,,,
,,,,,21909,3.0,3,,,,,,,,
,,,,,21912,3.0,3,,,,,,,,
,,,,,21915,3.0,3,,,,,,,,
,,,,,21918,3.0,3,,,,,,,,
,,,,,21921,3.0,3,,,,,,,,
,,,,,21924,3.0,3,,,,,,,,
,,,,,21927,3.0,3,,,,,,,,
,,,,,21930,3.0,3,,,,,,,,
,,,,,21934,4.0,4,,,,,,,,
,,,,,21939,5.0,5,,,,,,,,
,,,,,21942,3.0,3,,,,,,,,
,,,,,21945,3.0,3,,,,,,,,
,,,,,21948,3.0,3,,,,,,,,
,,,,,21951,3.0,3,,,,,,,,
,,,,,21954,3.0,3,,,,,,,,
,,,,,21957,3.0,3,,,,,,,,
,,,,,21960,3.0,3,,,,,,,,
,,,,,21963,3.0,3,,,,,,,,
,,,,,21966,3.0,3,,,,,,,,
,,,,,21969,3.0,3,,,,,,,,
,,,,,21972,3.0,3,,,,,,,,
,,,,,21977,5.0,5,,,,,,,,
,,,,,21982,5.0,5,,,,,,,,
,,,,,21985,3.0,3,,,,,,,,
,,,,,21988,3.0,3,,,,,,,,
,,,,,21993,5.0,5,,,,,,,,
,,,,,21996,3.0,3,,,,,,,,
,,,,,21999,3.0,3,,,,,,,,
,,,,,22000,,,-0.0027628967072814703,0.02762896567583084,0.30356788635253906,2.7969794273376465,2.8016834259033203,0.0003,0.0003,0.1
,,,,,22002,3.0,3,,,,,,,,
,,,,,22007,5.0,5,,,,,,,,
,,,,,22010,3.0,3,,,,,,,,
,,,,,22013,3.0,3,,,,,,,,
,,,,,22016,3.0,3,,,,,,,,
,,,,,22019,3.0,3,,,,,,,,
,,,,,22022,3.0,3,,,,,,,,
,,,,,22027,5.0,5,,,,,,,,
,,,,,22030,3.0,3,,,,,,,,
,,,,,22033,3.0,3,,,,,,,,
,,,,,22036,3.0,3,,,,,,,,
,,,,,22039,3.0,3,,,,,,,,
,,,,,22042,3.0,3,,,,,,,,
,,,,,22045,3.0,3,,,,,,,,
,,,,,22049,4.0,4,,,,,,,,
,,,,,22052,3.0,3,,,,,,,,
,,,,,22055,3.0,3,,,,,,,,
,,,,,22058,3.0,3,,,,,,,,
,,,,,22061,3.0,3,,,,,,,,
,,,,,22064,3.0,3,,,,,,,,
,,,,,22067,3.0,3,,,,,,,,
,,,,,22071,4.0,4,,,,,,,,
,,,,,22074,3.0,3,,,,,,,,
,,,,,22077,3.0,3,,,,,,,,
,,,,,22080,3.0,3,,,,,,,,
,,,,,22083,3.0,3,,,,,,,,
,,,,,22086,3.0,3,,,,,,,,
,,,,,22089,3.0,3,,,,,,,,
,,,,,22092,3.0,3,,,,,,,,
,,,,,22095,3.0,3,,,,,,,,
,,,,,22098,3.0,3,,,,,,,,
,,,,,22101,3.0,3,,,,,,,,
,,,,,22104,3.0,3,,,,,,,,
,,,,,22107,3.0,3,,,,,,,,
,,,,,22111,4.0,4,,,,,,,,
,,,,,22115,4.0,4,,,,,,,,
,,,,,22119,4.0,4,,,,,,,,
,,,,,22123,4.0,4,,,,,,,,
,,,,,22126,3.0,3,,,,,,,,
,,,,,22129,3.0,3,,,,,,,,
,,,,,22132,3.0,3,,,,,,,,
,,,,,22135,3.0,3,,,,,,,,
,,,,,22139,4.0,4,,,,,,,,
,,,,,22142,3.0,3,,,,,,,,
,,,,,22146,4.0,4,,,,,,,,
,,,,,22149,3.0,3,,,,,,,,
,,,,,22152,3.0,3,,,,,,,,
,,,,,22155,3.0,3,,,,,,,,
,,,,,22158,3.0,3,,,,,,,,
,,,,,22161,3.0,3,,,,,,,,
,,,,,22165,4.0,4,,,,,,,,
,,,,,22168,3.0,3,,,,,,,,
,,,,,22172,4.0,4,,,,,,,,
,,,,,22175,3.0,3,,,,,,,,
,,,,,22178,3.0,3,,,,,,,,
,,,,,22182,4.0,4,,,,,,,,
,,,,,22185,3.0,3,,,,,,,,
,,,,,22189,4.0,4,,,,,,,,
,,,,,22192,3.0,3,,,,,,,,
,,,,,22195,3.0,3,,,,,,,,
,,,,,22199,4.0,4,,,,,,,,
,,,,,22202,3.0,3,,,,,,,,
,,,,,22205,3.0,3,,,,,,,,
,,,,,22208,3.0,3,,,,,,,,
,,,,,22212,4.0,4,,,,,,,,
,,,,,22215,3.0,3,,,,,,,,
,,,,,22218,3.0,3,,,,,,,,
,,,,,22221,3.0,3,,,,,,,,
,,,,,22224,3.0,3,,,,,,,,
,,,,,22228,4.0,4,,,,,,,,
,,,,,22233,5.0,5,,,,,,,,
,,,,,22237,4.0,4,,,,,,,,
,,,,,22240,3.0,3,,,,,,,,
,,,,,22243,3.0,3,,,,,,,,
,,,,,22246,3.0,3,,,,,,,,
,,,,,22249,3.0,3,,,,,,,,
,,,,,22252,3.0,3,,,,,,,,
,,,,,22256,4.0,4,,,,,,,,
,,,,,22259,3.0,3,,,,,,,,
,,,,,22262,3.0,3,,,,,,,,
,,,,,22265,3.0,3,,,,,,,,
,,,,,22268,3.0,3,,,,,,,,
,,,,,22273,5.0,5,,,,,,,,
,,,,,22277,4.0,4,,,,,,,,
,,,,,22281,4.0,4,,,,,,,,
,,,,,22287,6.0,6,,,,,,,,
,,,,,22290,3.0,3,,,,,,,,
,,,,,22293,3.0,3,,,,,,,,
,,,,,22296,3.0,3,,,,,,,,
,,,,,22299,3.0,3,,,,,,,,
,,,,,22303,4.0,4,,,,,,,,
,,,,,22308,5.0,5,,,,,,,,
,,,,,22314,6.0,6,,,,,,,,
,,,,,22317,3.0,3,,,,,,,,
,,,,,22320,3.0,3,,,,,,,,
,,,,,22323,3.0,3,,,,,,,,
,,,,,22328,5.0,5,,,,,,,,
,,,,,22331,3.0,3,,,,,,,,
,,,,,22335,4.0,4,,,,,,,,
,,,,,22338,3.0,3,,,,,,,,
,,,,,22342,4.0,4,,,,,,,,
,,,,,22345,3.0,3,,,,,,,,
,,,,,22350,5.0,5,,,,,,,,
,,,,,22353,3.0,3,,,,,,,,
,,,,,22356,3.0,3,,,,,,,,
,,,,,22361,5.0,5,,,,,,,,
,,,,,22364,3.0,3,,,,,,,,
,,,,,22367,3.0,3,,,,,,,,
,,,,,22370,3.0,3,,,,,,,,
,,,,,22373,3.0,3,,,,,,,,
,,,,,22376,3.0,3,,,,,,,,
,,,,,22379,3.0,3,,,,,,,,
,,,,,22382,3.0,3,,,,,,,,
,,,,,22385,3.0,3,,,,,,,,
,,,,,22388,3.0,3,,,,,,,,
,,,,,22391,3.0,3,,,,,,,,
,,,,,22394,3.0,3,,,,,,,,
,,,,,22397,3.0,3,,,,,,,,
,,,,,22400,3.0,3,,,,,,,,
,,,,,22404,4.0,4,,,,,,,,
,,,,,22409,5.0,5,,,,,,,,
,,,,,22412,3.0,3,,,,,,,,
,,,,,22421,9.0,9,,,,,,,,
,,,,,22426,5.0,5,,,,,,,,
,,,,,22429,3.0,3,,,,,,,,
,,,,,22432,3.0,3,,,,,,,,
,,,,,22436,4.0,4,,,,,,,,
,,,,,22442,6.0,6,,,,,,,,
,,,,,22446,4.0,4,,,,,,,,
,,,,,22450,4.0,4,,,,,,,,
,,,,,22455,5.0,5,,,,,,,,
,,,,,22460,5.0,5,,,,,,,,
,,,,,22463,3.0,3,,,,,,,,
,,,,,22466,3.0,3,,,,,,,,
,,,,,22470,4.0,4,,,,,,,,
,,,,,22473,3.0,3,,,,,,,,
,,,,,22476,3.0,3,,,,,,,,
,,,,,22479,3.0,3,,,,,,,,
,,,,,22482,3.0,3,,,,,,,,
,,,,,22487,5.0,5,,,,,,,,
,,,,,22490,3.0,3,,,,,,,,
,,,,,22495,5.0,5,,,,,,,,
,,,,,22498,3.0,3,,,,,,,,
,,,,,22501,3.0,3,,,,,,,,
,,,,,22504,3.0,3,,,,,,,,
,,,,,22509,5.0,5,,,,,,,,
,,,,,22513,4.0,4,,,,,,,,
,,,,,22516,3.0,3,,,,,,,,
,,,,,22519,3.0,3,,,,,,,,
,,,,,22522,3.0,3,,,,,,,,
,,,,,22526,4.0,4,,,,,,,,
,,,,,22530,4.0,4,,,,,,,,
,,,,,22535,5.0,5,,,,,,,,
,,,,,22538,3.0,3,,,,,,,,
,,,,,22543,5.0,5,,,,,,,,
,,,,,22546,3.0,3,,,,,,,,
,,,,,22552,6.0,6,,,,,,,,
,,,,,22555,3.0,3,,,,,,,,
,,,,,22559,4.0,4,,,,,,,,
,,,,,22562,3.0,3,,,,,,,,
,,,,,22566,4.0,4,,,,,,,,
,,,,,22569,3.0,3,,,,,,,,
,,,,,22574,5.0,5,,,,,,,,
,,,,,22578,4.0,4,,,,,,,,
,,,,,22581,3.0,3,,,,,,,,
,,,,,22584,3.0,3,,,,,,,,
,,,,,22587,3.0,3,,,,,,,,
,,,,,22590,3.0,3,,,,,,,,
,,,,,22593,3.0,3,,,,,,,,
,,,,,22596,3.0,3,,,,,,,,
,,,,,22599,3.0,3,,,,,,,,
,,,,,22602,3.0,3,,,,,,,,
,,,,,22605,3.0,3,,,,,,,,
,,,,,22608,3.0,3,,,,,,,,
,,,,,22611,3.0,3,,,,,,,,
,,,,,22614,3.0,3,,,,,,,,
,,,,,22617,3.0,3,,,,,,,,
,,,,,22621,4.0,4,,,,,,,,
,,,,,22624,3.0,3,,,,,,,,
,,,,,22628,4.0,4,,,,,,,,
,,,,,22631,3.0,3,,,,,,,,
,,,,,22637,6.0,6,,,,,,,,
,,,,,22640,3.0,3,,,,,,,,
,,,,,22643,3.0,3,,,,,,,,
,,,,,22646,3.0,3,,,,,,,,
,,,,,22649,3.0,3,,,,,,,,
,,,,,22652,3.0,3,,,,,,,,
,,,,,22655,3.0,3,,,,,,,,
,,,,,22660,5.0,5,,,,,,,,
,,,,,22668,8.0,8,,,,,,,,
,,,,,22672,4.0,4,,,,,,,,
,,,,,22675,3.0,3,,,,,,,,
,,,,,22679,4.0,4,,,,,,,,
,,,,,22683,4.0,4,,,,,,,,
,,,,,22686,3.0,3,,,,,,,,
,,,,,22689,3.0,3,,,,,,,,
,,,,,22693,4.0,4,,,,,,,,
,,,,,22696,3.0,3,,,,,,,,
,,,,,22700,4.0,4,,,,,,,,
,,,,,22705,5.0,5,,,,,,,,
,,,,,22708,3.0,3,,,,,,,,
,,,,,22711,3.0,3,,,,,,,,
,,,,,22714,3.0,3,,,,,,,,
,,,,,22717,3.0,3,,,,,,,,
,,,,,22720,3.0,3,,,,,,,,
,,,,,22723,3.0,3,,,,,,,,
,,,,,22726,3.0,3,,,,,,,,
,,,,,22729,3.0,3,,,,,,,,
,,,,,22732,3.0,3,,,,,,,,
,,,,,22736,4.0,4,,,,,,,,
,,,,,22739,3.0,3,,,,,,,,
,,,,,22742,3.0,3,,,,,,,,
,,,,,22745,3.0,3,,,,,,,,
,,,,,22751,6.0,6,,,,,,,,
,,,,,22754,3.0,3,,,,,,,,
,,,,,22757,3.0,3,,,,,,,,
,,,,,22760,3.0,3,,,,,,,,
,,,,,22763,3.0,3,,,,,,,,
,,,,,22766,3.0,3,,,,,,,,
,,,,,22770,4.0,4,,,,,,,,
,,,,,22773,3.0,3,,,,,,,,
,,,,,22776,3.0,3,,,,,,,,
,,,,,22779,3.0,3,,,,,,,,
,,,,,22783,4.0,4,,,,,,,,
,,,,,22786,3.0,3,,,,,,,,
,,,,,22790,4.0,4,,,,,,,,
,,,,,22793,3.0,3,,,,,,,,
,,,,,22797,4.0,4,,,,,,,,
,,,,,22800,3.0,3,,,,,,,,
,,,,,22805,5.0,5,,,,,,,,
,,,,,22808,3.0,3,,,,,,,,
,,,,,22811,3.0,3,,,,,,,,
,,,,,22816,5.0,5,,,,,,,,
,,,,,22819,3.0,3,,,,,,,,
,,,,,22823,4.0,4,,,,,,,,
,,,,,22827,4.0,4,,,,,,,,
,,,,,22830,3.0,3,,,,,,,,
,,,,,22833,3.0,3,,,,,,,,
,,,,,22836,3.0,3,,,,,,,,
,,,,,22839,3.0,3,,,,,,,,
,,,,,22842,3.0,3,,,,,,,,
,,,,,22845,3.0,3,,,,,,,,
,,,,,22849,4.0,4,,,,,,,,
,,,,,22852,3.0,3,,,,,,,,
,,,,,22857,5.0,5,,,,,,,,
,,,,,22861,4.0,4,,,,,,,,
,,,,,22864,3.0,3,,,,,,,,
,,,,,22867,3.0,3,,,,,,,,
,,,,,22870,3.0,3,,,,,,,,
,,,,,22873,3.0,3,,,,,,,,
,,,,,22876,3.0,3,,,,,,,,
,,,,,22879,3.0,3,,,,,,,,
,,,,,22882,3.0,3,,,,,,,,
,,,,,22885,3.0,3,,,,,,,,
,,,,,22888,3.0,3,,,,,,,,
,,,,,22892,4.0,4,,,,,,,,
,,,,,22895,3.0,3,,,,,,,,
,,,,,22898,3.0,3,,,,,,,,
,,,,,22901,3.0,3,,,,,,,,
,,,,,22905,4.0,4,,,,,,,,
,,,,,22908,3.0,3,,,,,,,,
,,,,,22911,3.0,3,,,,,,,,
,,,,,22914,3.0,3,,,,,,,,
,,,,,22917,3.0,3,,,,,,,,
,,,,,22921,4.0,4,,,,,,,,
,,,,,22924,3.0,3,,,,,,,,
,,,,,22927,3.0,3,,,,,,,,
,,,,,22930,3.0,3,,,,,,,,
,,,,,22937,7.0,7,,,,,,,,
,,,,,22940,3.0,3,,,,,,,,
,,,,,22943,3.0,3,,,,,,,,
,,,,,22946,3.0,3,,,,,,,,
,,,,,22949,3.0,3,,,,,,,,
,,,,,22952,3.0,3,,,,,,,,
,,,,,22955,3.0,3,,,,,,,,
,,,,,22958,3.0,3,,,,,,,,
,,,,,22961,3.0,3,,,,,,,,
,,,,,22964,3.0,3,,,,,,,,
,,,,,22967,3.0,3,,,,,,,,
,,,,,22970,3.0,3,,,,,,,,
,,,,,22973,3.0,3,,,,,,,,
,,,,,22976,3.0,3,,,,,,,,
,,,,,22979,3.0,3,,,,,,,,
,,,,,22982,3.0,3,,,,,,,,
,,,,,22985,3.0,3,,,,,,,,
,,,,,22988,3.0,3,,,,,,,,
,,,,,22991,3.0,3,,,,,,,,
,,,,,22994,3.0,3,,,,,,,,
,,,,,22997,3.0,3,,,,,,,,
,,,,,23000,,,0.020446190610527992,-0.20446190237998962,0.39975816011428833,3.0888254642486572,3.134068489074707,0.0003,0.0003,0.1
,,,,,23002,5.0,5,,,,,,,,
,,,,,23005,3.0,3,,,,,,,,
,,,,,23010,5.0,5,,,,,,,,
,,,,,23015,5.0,5,,,,,,,,
,,,,,23018,3.0,3,,,,,,,,
,,,,,23021,3.0,3,,,,,,,,
,,,,,23024,3.0,3,,,,,,,,
,,,,,23027,3.0,3,,,,,,,,
,,,,,23030,3.0,3,,,,,,,,
,,,,,23033,3.0,3,,,,,,,,
,,,,,23036,3.0,3,,,,,,,,
,,,,,23039,3.0,3,,,,,,,,
,,,,,23042,3.0,3,,,,,,,,
,,,,,23046,4.0,4,,,,,,,,
,,,,,23051,5.0,5,,,,,,,,
,,,,,23054,3.0,3,,,,,,,,
,,,,,23057,3.0,3,,,,,,,,
,,,,,23062,5.0,5,,,,,,,,
,,,,,23067,5.0,5,,,,,,,,
,,,,,23070,3.0,3,,,,,,,,
,,,,,23073,3.0,3,,,,,,,,
,,,,,23076,3.0,3,,,,,,,,
,,,,,23079,3.0,3,,,,,,,,
,,,,,23082,3.0,3,,,,,,,,
,,,,,23086,4.0,4,,,,,,,,
,,,,,23091,5.0,5,,,,,,,,
,,,,,23094,3.0,3,,,,,,,,
,,,,,23097,3.0,3,,,,,,,,
,,,,,23100,3.0,3,,,,,,,,
,,,,,23103,3.0,3,,,,,,,,
,,,,,23108,5.0,5,,,,,,,,
,,,,,23113,5.0,5,,,,,,,,
,,,,,23116,3.0,3,,,,,,,,
,,,,,23120,4.0,4,,,,,,,,
,,,,,23123,3.0,3,,,,,,,,
,,,,,23126,3.0,3,,,,,,,,
,,,,,23130,4.0,4,,,,,,,,
,,,,,23133,3.0,3,,,,,,,,
,,,,,23136,3.0,3,,,,,,,,
,,,,,23140,4.0,4,,,,,,,,
,,,,,23145,5.0,5,,,,,,,,
,,,,,23148,3.0,3,,,,,,,,
,,,,,23151,3.0,3,,,,,,,,
,,,,,23154,3.0,3,,,,,,,,
,,,,,23158,4.0,4,,,,,,,,
,,,,,23161,3.0,3,,,,,,,,
,,,,,23164,3.0,3,,,,,,,,
,,,,,23167,3.0,3,,,,,,,,
,,,,,23170,3.0,3,,,,,,,,
,,,,,23174,4.0,4,,,,,,,,
,,,,,23177,3.0,3,,,,,,,,
,,,,,23180,3.0,3,,,,,,,,
,,,,,23187,7.0,7,,,,,,,,
,,,,,23192,5.0,5,,,,,,,,
,,,,,23195,3.0,3,,,,,,,,
,,,,,23198,3.0,3,,,,,,,,
,,,,,23201,3.0,3,,,,,,,,
,,,,,23204,3.0,3,,,,,,,,
,,,,,23207,3.0,3,,,,,,,,
,,,,,23211,4.0,4,,,,,,,,
,,,,,23214,3.0,3,,,,,,,,
,,,,,23217,3.0,3,,,,,,,,
,,,,,23220,3.0,3,,,,,,,,
,,,,,23223,3.0,3,,,,,,,,
,,,,,23226,3.0,3,,,,,,,,
,,,,,23230,4.0,4,,,,,,,,
,,,,,23233,3.0,3,,,,,,,,
,,,,,23236,3.0,3,,,,,,,,
,,,,,23239,3.0,3,,,,,,,,
,,,,,23242,3.0,3,,,,,,,,
,,,,,23245,3.0,3,,,,,,,,
,,,,,23248,3.0,3,,,,,,,,
,,,,,23254,6.0,6,,,,,,,,
,,,,,23257,3.0,3,,,,,,,,
,,,,,23260,3.0,3,,,,,,,,
,,,,,23263,3.0,3,,,,,,,,
,,,,,23266,3.0,3,,,,,,,,
,,,,,23270,4.0,4,,,,,,,,
,,,,,23273,3.0,3,,,,,,,,
,,,,,23280,7.0,7,,,,,,,,
,,,,,23283,3.0,3,,,,,,,,
,,,,,23286,3.0,3,,,,,,,,
,,,,,23291,5.0,5,,,,,,,,
,,,,,23294,3.0,3,,,,,,,,
,,,,,23297,3.0,3,,,,,,,,
,,,,,23303,6.0,6,,,,,,,,
,,,,,23306,3.0,3,,,,,,,,
,,,,,23309,3.0,3,,,,,,,,
,,,,,23312,3.0,3,,,,,,,,
,,,,,23318,6.0,6,,,,,,,,
,,,,,23321,3.0,3,,,,,,,,
,,,,,23324,3.0,3,,,,,,,,
,,,,,23327,3.0,3,,,,,,,,
,,,,,23330,3.0,3,,,,,,,,
,,,,,23333,3.0,3,,,,,,,,
,,,,,23337,4.0,4,,,,,,,,
,,,,,23340,3.0,3,,,,,,,,
,,,,,23344,4.0,4,,,,,,,,
,,,,,23347,3.0,3,,,,,,,,
,,,,,23350,3.0,3,,,,,,,,
,,,,,23353,3.0,3,,,,,,,,
,,,,,23356,3.0,3,,,,,,,,
,,,,,23359,3.0,3,,,,,,,,
,,,,,23362,3.0,3,,,,,,,,
,,,,,23366,4.0,4,,,,,,,,
,,,,,23372,6.0,6,,,,,,,,
,,,,,23375,3.0,3,,,,,,,,
,,,,,23378,3.0,3,,,,,,,,
,,,,,23381,3.0,3,,,,,,,,
,,,,,23386,5.0,5,,,,,,,,
,,,,,23392,6.0,6,,,,,,,,
,,,,,23395,3.0,3,,,,,,,,
,,,,,23398,3.0,3,,,,,,,,
,,,,,23401,3.0,3,,,,,,,,
,,,,,23404,3.0,3,,,,,,,,
,,,,,23409,5.0,5,,,,,,,,
,,,,,23414,5.0,5,,,,,,,,
,,,,,23418,4.0,4,,,,,,,,
,,,,,23421,3.0,3,,,,,,,,
,,,,,23426,5.0,5,,,,,,,,
,,,,,23429,3.0,3,,,,,,,,
,,,,,23434,5.0,5,,,,,,,,
,,,,,23437,3.0,3,,,,,,,,
,,,,,23440,3.0,3,,,,,,,,
,,,,,23443,3.0,3,,,,,,,,
,,,,,23449,6.0,6,,,,,,,,
,,,,,23452,3.0,3,,,,,,,,
,,,,,23456,4.0,4,,,,,,,,
,,,,,23459,3.0,3,,,,,,,,
,,,,,23463,4.0,4,,,,,,,,
,,,,,23468,5.0,5,,,,,,,,
,,,,,23471,3.0,3,,,,,,,,
,,,,,23474,3.0,3,,,,,,,,
,,,,,23478,4.0,4,,,,,,,,
,,,,,23481,3.0,3,,,,,,,,
,,,,,23484,3.0,3,,,,,,,,
,,,,,23487,3.0,3,,,,,,,,
,,,,,23490,3.0,3,,,,,,,,
,,,,,23493,3.0,3,,,,,,,,
,,,,,23496,3.0,3,,,,,,,,
,,,,,23499,3.0,3,,,,,,,,
,,,,,23502,3.0,3,,,,,,,,
,,,,,23506,4.0,4,,,,,,,,
,,,,,23509,3.0,3,,,,,,,,
,,,,,23512,3.0,3,,,,,,,,
,,,,,23515,3.0,3,,,,,,,,
,,,,,23522,7.0,7,,,,,,,,
,,,,,23525,3.0,3,,,,,,,,
,,,,,23528,3.0,3,,,,,,,,
,,,,,23532,4.0,4,,,,,,,,
,,,,,23535,3.0,3,,,,,,,,
,,,,,23538,3.0,3,,,,,,,,
,,,,,23541,3.0,3,,,,,,,,
,,,,,23544,3.0,3,,,,,,,,
,,,,,23547,3.0,3,,,,,,,,
,,,,,23550,3.0,3,,,,,,,,
,,,,,23553,3.0,3,,,,,,,,
,,,,,23556,3.0,3,,,,,,,,
,,,,,23559,3.0,3,,,,,,,,
,,,,,23564,5.0,5,,,,,,,,
,,,,,23567,3.0,3,,,,,,,,
,,,,,23570,3.0,3,,,,,,,,
,,,,,23573,3.0,3,,,,,,,,
,,,,,23576,3.0,3,,,,,,,,
,,,,,23579,3.0,3,,,,,,,,
,,,,,23587,8.0,8,,,,,,,,
,,,,,23590,3.0,3,,,,,,,,
,,,,,23593,3.0,3,,,,,,,,
,,,,,23596,3.0,3,,,,,,,,
,,,,,23599,3.0,3,,,,,,,,
,,,,,23602,3.0,3,,,,,,,,
,,,,,23605,3.0,3,,,,,,,,
,,,,,23608,3.0,3,,,,,,,,
,,,,,23612,4.0,4,,,,,,,,
,,,,,23615,3.0,3,,,,,,,,
,,,,,23618,3.0,3,,,,,,,,
,,,,,23621,3.0,3,,,,,,,,
,,,,,23624,3.0,3,,,,,,,,
,,,,,23628,4.0,4,,,,,,,,
,,,,,23631,3.0,3,,,,,,,,
,,,,,23635,4.0,4,,,,,,,,
,,,,,23638,3.0,3,,,,,,,,
,,,,,23641,3.0,3,,,,,,,,
,,,,,23644,3.0,3,,,,,,,,
,,,,,23647,3.0,3,,,,,,,,
,,,,,23651,4.0,4,,,,,,,,
,,,,,23654,3.0,3,,,,,,,,
,,,,,23657,3.0,3,,,,,,,,
,,,,,23660,3.0,3,,,,,,,,
,,,,,23664,4.0,4,,,,,,,,
,,,,,23667,3.0,3,,,,,,,,
,,,,,23673,6.0,6,,,,,,,,
,,,,,23676,3.0,3,,,,,,,,
,,,,,23679,3.0,3,,,,,,,,
,,,,,23682,3.0,3,,,,,,,,
,,,,,23685,3.0,3,,,,,,,,
,,,,,23688,3.0,3,,,,,,,,
,,,,,23692,4.0,4,,,,,,,,
,,,,,23695,3.0,3,,,,,,,,
,,,,,23698,3.0,3,,,,,,,,
,,,,,23701,3.0,3,,,,,,,,
,,,,,23704,3.0,3,,,,,,,,
,,,,,23707,3.0,3,,,,,,,,
,,,,,23710,3.0,3,,,,,,,,
,,,,,23713,3.0,3,,,,,,,,
,,,,,23716,3.0,3,,,,,,,,
,,,,,23721,5.0,5,,,,,,,,
,,,,,23724,3.0,3,,,,,,,,
,,,,,23727,3.0,3,,,,,,,,
,,,,,23730,3.0,3,,,,,,,,
,,,,,23733,3.0,3,,,,,,,,
,,,,,23736,3.0,3,,,,,,,,
,,,,,23740,4.0,4,,,,,,,,
,,,,,23747,7.0,7,,,,,,,,
,,,,,23753,6.0,6,,,,,,,,
,,,,,23756,3.0,3,,,,,,,,
,,,,,23759,3.0,3,,,,,,,,
,,,,,23763,4.0,4,,,,,,,,
,,,,,23766,3.0,3,,,,,,,,
,,,,,23771,5.0,5,,,,,,,,
,,,,,23774,3.0,3,,,,,,,,
,,,,,23777,3.0,3,,,,,,,,
,,,,,23780,3.0,3,,,,,,,,
,,,,,23783,3.0,3,,,,,,,,
,,,,,23787,4.0,4,,,,,,,,
,,,,,23791,4.0,4,,,,,,,,
,,,,,23794,3.0,3,,,,,,,,
,,,,,23797,3.0,3,,,,,,,,
,,,,,23801,4.0,4,,,,,,,,
,,,,,23804,3.0,3,,,,,,,,
,,,,,23809,5.0,5,,,,,,,,
,,,,,23812,3.0,3,,,,,,,,
,,,,,23815,3.0,3,,,,,,,,
,,,,,23818,3.0,3,,,,,,,,
,,,,,23821,3.0,3,,,,,,,,
,,,,,23826,5.0,5,,,,,,,,
,,,,,23829,3.0,3,,,,,,,,
,,,,,23833,4.0,4,,,,,,,,
,,,,,23836,3.0,3,,,,,,,,
,,,,,23839,3.0,3,,,,,,,,
,,,,,23842,3.0,3,,,,,,,,
,,,,,23846,4.0,4,,,,,,,,
,,,,,23849,3.0,3,,,,,,,,
,,,,,23853,4.0,4,,,,,,,,
,,,,,23856,3.0,3,,,,,,,,
,,,,,23859,3.0,3,,,,,,,,
,,,,,23863,4.0,4,,,,,,,,
,,,,,23866,3.0,3,,,,,,,,
,,,,,23870,4.0,4,,,,,,,,
,,,,,23873,3.0,3,,,,,,,,
,,,,,23876,3.0,3,,,,,,,,
,,,,,23879,3.0,3,,,,,,,,
,,,,,23882,3.0,3,,,,,,,,
,,,,,23888,6.0,6,,,,,,,,
,,,,,23892,4.0,4,,,,,,,,
,,,,,23897,5.0,5,,,,,,,,
,,,,,23900,3.0,3,,,,,,,,
,,,,,23903,3.0,3,,,,,,,,
,,,,,23906,3.0,3,,,,,,,,
,,,,,23909,3.0,3,,,,,,,,
,,,,,23912,3.0,3,,,,,,,,
,,,,,23916,4.0,4,,,,,,,,
,,,,,23920,4.0,4,,,,,,,,
,,,,,23923,3.0,3,,,,,,,,
,,,,,23927,4.0,4,,,,,,,,
,,,,,23930,3.0,3,,,,,,,,
,,,,,23933,3.0,3,,,,,,,,
,,,,,23936,3.0,3,,,,,,,,
,,,,,23940,4.0,4,,,,,,,,
,,,,,23943,3.0,3,,,,,,,,
,,,,,23946,3.0,3,,,,,,,,
,,,,,23949,3.0,3,,,,,,,,
,,,,,23952,3.0,3,,,,,,,,
,,,,,23955,3.0,3,,,,,,,,
,,,,,23958,3.0,3,,,,,,,,
,,,,,23961,3.0,3,,,,,,,,
,,,,,23965,4.0,4,,,,,,,,
,,,,,23968,3.0,3,,,,,,,,
,,,,,23971,3.0,3,,,,,,,,
,,,,,23974,3.0,3,,,,,,,,
,,,,,23978,4.0,4,,,,,,,,
,,,,,23981,3.0,3,,,,,,,,
,,,,,23984,3.0,3,,,,,,,,
,,,,,23987,3.0,3,,,,,,,,
,,,,,23990,3.0,3,,,,,,,,
,,,,,23993,3.0,3,,,,,,,,
,,,,,23996,3.0,3,,,,,,,,
,,,,,23999,3.0,3,,,,,,,,
,,,,,24000,,,-0.022007513791322708,0.22007513046264648,0.4171595573425293,2.965337038040161,2.902909517288208,0.0003,0.0003,0.1
,,,,,24002,3.0,3,,,,,,,,
,,,,,24008,6.0,6,,,,,,,,
,,,,,24011,3.0,3,,,,,,,,
,,,,,24014,3.0,3,,,,,,,,
,,,,,24017,3.0,3,,,,,,,,
,,,,,24020,3.0,3,,,,,,,,
,,,,,24023,3.0,3,,,,,,,,
,,,,,24026,3.0,3,,,,,,,,
,,,,,24029,3.0,3,,,,,,,,
,,,,,24032,3.0,3,,,,,,,,
,,,,,24035,3.0,3,,,,,,,,
,,,,,24038,3.0,3,,,,,,,,
,,,,,24041,3.0,3,,,,,,,,
,,,,,24045,4.0,4,,,,,,,,
,,,,,24050,5.0,5,,,,,,,,
,,,,,24053,3.0,3,,,,,,,,
,,,,,24056,3.0,3,,,,,,,,
,,,,,24060,4.0,4,,,,,,,,
,,,,,24066,6.0,6,,,,,,,,
,,,,,24069,3.0,3,,,,,,,,
,,,,,24072,3.0,3,,,,,,,,
,,,,,24075,3.0,3,,,,,,,,
,,,,,24079,4.0,4,,,,,,,,
,,,,,24085,6.0,6,,,,,,,,
,,,,,24089,4.0,4,,,,,,,,
,,,,,24094,5.0,5,,,,,,,,
,,,,,24097,3.0,3,,,,,,,,
,,,,,24100,3.0,3,,,,,,,,
,,,,,24103,3.0,3,,,,,,,,
,,,,,24106,3.0,3,,,,,,,,
,,,,,24109,3.0,3,,,,,,,,
,,,,,24112,3.0,3,,,,,,,,
,,,,,24115,3.0,3,,,,,,,,
,,,,,24119,4.0,4,,,,,,,,
,,,,,24122,3.0,3,,,,,,,,
,,,,,24125,3.0,3,,,,,,,,
,,,,,24130,5.0,5,,,,,,,,
,,,,,24133,3.0,3,,,,,,,,
,,,,,24136,3.0,3,,,,,,,,
,,,,,24139,3.0,3,,,,,,,,
,,,,,24142,3.0,3,,,,,,,,
,,,,,24145,3.0,3,,,,,,,,
,,,,,24148,3.0,3,,,,,,,,
,,,,,24151,3.0,3,,,,,,,,
,,,,,24154,3.0,3,,,,,,,,
,,,,,24157,3.0,3,,,,,,,,
,,,,,24160,3.0,3,,,,,,,,
,,,,,24163,3.0,3,,,,,,,,
,,,,,24166,3.0,3,,,,,,,,
,,,,,24169,3.0,3,,,,,,,,
,,,,,24174,5.0,5,,,,,,,,
,,,,,24178,4.0,4,,,,,,,,
,,,,,24181,3.0,3,,,,,,,,
,,,,,24184,3.0,3,,,,,,,,
,,,,,24188,4.0,4,,,,,,,,
,,,,,24192,4.0,4,,,,,,,,
,,,,,24195,3.0,3,,,,,,,,
,,,,,24198,3.0,3,,,,,,,,
,,,,,24201,3.0,3,,,,,,,,
,,,,,24204,3.0,3,,,,,,,,
,,,,,24207,3.0,3,,,,,,,,
,,,,,24210,3.0,3,,,,,,,,
,,,,,24213,3.0,3,,,,,,,,
,,,,,24216,3.0,3,,,,,,,,
,,,,,24220,4.0,4,,,,,,,,
,,,,,24223,3.0,3,,,,,,,,
,,,,,24226,3.0,3,,,,,,,,
,,,,,24229,3.0,3,,,,,,,,
,,,,,24232,3.0,3,,,,,,,,
,,,,,24235,3.0,3,,,,,,,,
,,,,,24239,4.0,4,,,,,,,,
,,,,,24242,3.0,3,,,,,,,,
,,,,,24245,3.0,3,,,,,,,,
,,,,,24248,3.0,3,,,,,,,,
,,,,,24251,3.0,3,,,,,,,,
,,,,,24254,3.0,3,,,,,,,,
,,,,,24257,3.0,3,,,,,,,,
,,,,,24261,4.0,4,,,,,,,,
,,,,,24264,3.0,3,,,,,,,,
,,,,,24268,4.0,4,,,,,,,,
,,,,,24271,3.0,3,,,,,,,,
,,,,,24274,3.0,3,,,,,,,,
,,,,,24277,3.0,3,,,,,,,,
,,,,,24280,3.0,3,,,,,,,,
,,,,,24283,3.0,3,,,,,,,,
,,,,,24286,3.0,3,,,,,,,,
,,,,,24289,3.0,3,,,,,,,,
,,,,,24292,3.0,3,,,,,,,,
,,,,,24295,3.0,3,,,,,,,,
,,,,,24298,3.0,3,,,,,,,,
,,,,,24301,3.0,3,,,,,,,,
,,,,,24304,3.0,3,,,,,,,,
,,,,,24307,3.0,3,,,,,,,,
,,,,,24311,4.0,4,,,,,,,,
,,,,,24314,3.0,3,,,,,,,,
,,,,,24317,3.0,3,,,,,,,,
,,,,,24320,3.0,3,,,,,,,,
,,,,,24323,3.0,3,,,,,,,,
,,,,,24326,3.0,3,,,,,,,,
,,,,,24331,5.0,5,,,,,,,,
,,,,,24334,3.0,3,,,,,,,,
,,,,,24337,3.0,3,,,,,,,,
,,,,,24340,3.0,3,,,,,,,,
,,,,,24343,3.0,3,,,,,,,,
,,,,,24346,3.0,3,,,,,,,,
,,,,,24349,3.0,3,,,,,,,,
,,,,,24352,3.0,3,,,,,,,,
,,,,,24355,3.0,3,,,,,,,,
,,,,,24358,3.0,3,,,,,,,,
,,,,,24361,3.0,3,,,,,,,,
,,,,,24364,3.0,3,,,,,,,,
,,,,,24367,3.0,3,,,,,,,,
,,,,,24370,3.0,3,,,,,,,,
,,,,,24373,3.0,3,,,,,,,,
,,,,,24376,3.0,3,,,,,,,,
,,,,,24379,3.0,3,,,,,,,,
,,,,,24382,3.0,3,,,,,,,,
,,,,,24385,3.0,3,,,,,,,,
,,,,,24388,3.0,3,,,,,,,,
,,,,,24391,3.0,3,,,,,,,,
,,,,,24394,3.0,3,,,,,,,,
,,,,,24397,3.0,3,,,,,,,,
,,,,,24400,3.0,3,,,,,,,,
,,,,,24403,3.0,3,,,,,,,,
,,,,,24406,3.0,3,,,,,,,,
,,,,,24409,3.0,3,,,,,,,,
,,,,,24412,3.0,3,,,,,,,,
,,,,,24420,8.0,8,,,,,,,,
,,,,,24427,7.0,7,,,,,,,,
,,,,,24430,3.0,3,,,,,,,,
,,,,,24433,3.0,3,,,,,,,,
,,,,,24436,3.0,3,,,,,,,,
,,,,,24439,3.0,3,,,,,,,,
,,,,,24442,3.0,3,,,,,,,,
,,,,,24445,3.0,3,,,,,,,,
,,,,,24448,3.0,3,,,,,,,,
,,,,,24451,3.0,3,,,,,,,,
,,,,,24454,3.0,3,,,,,,,,
,,,,,24457,3.0,3,,,,,,,,
,,,,,24461,4.0,4,,,,,,,,
,,,,,24464,3.0,3,,,,,,,,
,,,,,24468,4.0,4,,,,,,,,
,,,,,24472,4.0,4,,,,,,,,
,,,,,24475,3.0,3,,,,,,,,
,,,,,24483,8.0,8,,,,,,,,
,,,,,24487,4.0,4,,,,,,,,
,,,,,24490,3.0,3,,,,,,,,
,,,,,24494,4.0,4,,,,,,,,
,,,,,24497,3.0,3,,,,,,,,
,,,,,24500,3.0,3,,,,,,,,
,,,,,24504,4.0,4,,,,,,,,
,,,,,24507,3.0,3,,,,,,,,
,,,,,24510,3.0,3,,,,,,,,
,,,,,24513,3.0,3,,,,,,,,
,,,,,24516,3.0,3,,,,,,,,
,,,,,24519,3.0,3,,,,,,,,
,,,,,24522,3.0,3,,,,,,,,
,,,,,24525,3.0,3,,,,,,,,
,,,,,24528,3.0,3,,,,,,,,
,,,,,24531,3.0,3,,,,,,,,
,,,,,24534,3.0,3,,,,,,,,
,,,,,24537,3.0,3,,,,,,,,
,,,,,24540,3.0,3,,,,,,,,
,,,,,24547,7.0,7,,,,,,,,
,,,,,24550,3.0,3,,,,,,,,
,,,,,24554,4.0,4,,,,,,,,
,,,,,24557,3.0,3,,,,,,,,
,,,,,24560,3.0,3,,,,,,,,
,,,,,24568,8.0,8,,,,,,,,
,,,,,24571,3.0,3,,,,,,,,
,,,,,24574,3.0,3,,,,,,,,
,,,,,24577,3.0,3,,,,,,,,
,,,,,24580,3.0,3,,,,,,,,
,,,,,24583,3.0,3,,,,,,,,
,,,,,24586,3.0,3,,,,,,,,
,,,,,24594,8.0,8,,,,,,,,
,,,,,24597,3.0,3,,,,,,,,
,,,,,24600,3.0,3,,,,,,,,
,,,,,24605,5.0,5,,,,,,,,
,,,,,24608,3.0,3,,,,,,,,
,,,,,24611,3.0,3,,,,,,,,
,,,,,24614,3.0,3,,,,,,,,
,,,,,24617,3.0,3,,,,,,,,
,,,,,24620,3.0,3,,,,,,,,
,,,,,24623,3.0,3,,,,,,,,
,,,,,24626,3.0,3,,,,,,,,
,,,,,24630,4.0,4,,,,,,,,
,,,,,24633,3.0,3,,,,,,,,
,,,,,24637,4.0,4,,,,,,,,
,,,,,24640,3.0,3,,,,,,,,
,,,,,24644,4.0,4,,,,,,,,
,,,,,24647,3.0,3,,,,,,,,
,,,,,24651,4.0,4,,,,,,,,
,,,,,24654,3.0,3,,,,,,,,
,,,,,24658,4.0,4,,,,,,,,
,,,,,24663,5.0,5,,,,,,,,
,,,,,24666,3.0,3,,,,,,,,
,,,,,24669,3.0,3,,,,,,,,
,,,,,24672,3.0,3,,,,,,,,
,,,,,24675,3.0,3,,,,,,,,
,,,,,24682,7.0,7,,,,,,,,
,,,,,24685,3.0,3,,,,,,,,
,,,,,24688,3.0,3,,,,,,,,
,,,,,24691,3.0,3,,,,,,,,
,,,,,24697,6.0,6,,,,,,,,
,,,,,24701,4.0,4,,,,,,,,
,,,,,24704,3.0,3,,,,,,,,
,,,,,24707,3.0,3,,,,,,,,
,,,,,24712,5.0,5,,,,,,,,
,,,,,24715,3.0,3,,,,,,,,
,,,,,24718,3.0,3,,,,,,,,
,,,,,24721,3.0,3,,,,,,,,
,,,,,24724,3.0,3,,,,,,,,
,,,,,24727,3.0,3,,,,,,,,
,,,,,24730,3.0,3,,,,,,,,
,,,,,24733,3.0,3,,,,,,,,
,,,,,24736,3.0,3,,,,,,,,
,,,,,24739,3.0,3,,,,,,,,
,,,,,24742,3.0,3,,,,,,,,
,,,,,24745,3.0,3,,,,,,,,
,,,,,24748,3.0,3,,,,,,,,
,,,,,24751,3.0,3,,,,,,,,
,,,,,24755,4.0,4,,,,,,,,
,,,,,24758,3.0,3,,,,,,,,
,,,,,24761,3.0,3,,,,,,,,
,,,,,24764,3.0,3,,,,,,,,
,,,,,24767,3.0,3,,,,,,,,
,,,,,24770,3.0,3,,,,,,,,
,,,,,24774,4.0,4,,,,,,,,
,,,,,24777,3.0,3,,,,,,,,
,,,,,24780,3.0,3,,,,,,,,
,,,,,24787,7.0,7,,,,,,,,
,,,,,24790,3.0,3,,,,,,,,
,,,,,24793,3.0,3,,,,,,,,
,,,,,24796,3.0,3,,,,,,,,
,,,,,24799,3.0,3,,,,,,,,
,,,,,24802,3.0,3,,,,,,,,
,,,,,24805,3.0,3,,,,,,,,
,,,,,24808,3.0,3,,,,,,,,
,,,,,24812,4.0,4,,,,,,,,
,,,,,24815,3.0,3,,,,,,,,
,,,,,24819,4.0,4,,,,,,,,
,,,,,24822,3.0,3,,,,,,,,
,,,,,24825,3.0,3,,,,,,,,
,,,,,24829,4.0,4,,,,,,,,
,,,,,24832,3.0,3,,,,,,,,
,,,,,24835,3.0,3,,,,,,,,
,,,,,24839,4.0,4,,,,,,,,
,,,,,24842,3.0,3,,,,,,,,
,,,,,24845,3.0,3,,,,,,,,
,,,,,24848,3.0,3,,,,,,,,
,,,,,24852,4.0,4,,,,,,,,
,,,,,24855,3.0,3,,,,,,,,
,,,,,24858,3.0,3,,,,,,,,
,,,,,24861,3.0,3,,,,,,,,
,,,,,24864,3.0,3,,,,,,,,
,,,,,24867,3.0,3,,,,,,,,
,,,,,24870,3.0,3,,,,,,,,
,,,,,24874,4.0,4,,,,,,,,
,,,,,24877,3.0,3,,,,,,,,
,,,,,24880,3.0,3,,,,,,,,
,,,,,24883,3.0,3,,,,,,,,
,,,,,24886,3.0,3,,,,,,,,
,,,,,24889,3.0,3,,,,,,,,
,,,,,24892,3.0,3,,,,,,,,
,,,,,24895,3.0,3,,,,,,,,
,,,,,24898,3.0,3,,,,,,,,
,,,,,24901,3.0,3,,,,,,,,
,,,,,24905,4.0,4,,,,,,,,
,,,,,24908,3.0,3,,,,,,,,
,,,,,24915,7.0,7,,,,,,,,
,,,,,24918,3.0,3,,,,,,,,
,,,,,24921,3.0,3,,,,,,,,
,,,,,24924,3.0,3,,,,,,,,
,,,,,24928,4.0,4,,,,,,,,
,,,,,24931,3.0,3,,,,,,,,
,,,,,24934,3.0,3,,,,,,,,
,,,,,24937,3.0,3,,,,,,,,
,,,,,24941,4.0,4,,,,,,,,
,,,,,24945,4.0,4,,,,,,,,
,,,,,24950,5.0,5,,,,,,,,
,,,,,24953,3.0,3,,,,,,,,
,,,,,24957,4.0,4,,,,,,,,
,,,,,24960,3.0,3,,,,,,,,
,,,,,24963,3.0,3,,,,,,,,
,,,,,24966,3.0,3,,,,,,,,
,,,,,24969,3.0,3,,,,,,,,
,,,,,24972,3.0,3,,,,,,,,
,,,,,24975,3.0,3,,,,,,,,
,,,,,24978,3.0,3,,,,,,,,
,,,,,24983,5.0,5,,,,,,,,
,,,,,24986,3.0,3,,,,,,,,
,,,,,24989,3.0,3,,,,,,,,
,,,,,24992,3.0,3,,,,,,,,
,,,,,24996,4.0,4,,,,,,,,
,,,,,24999,3.0,3,,,,,,,,
3.3,0.45825756,4.0,3.0,3.3,25000,,,0.056667108088731766,-0.5666710734367371,0.4095863103866577,2.8999171257019043,2.9097485542297363,0.0003,0.0003,0.1
,,,,,25002,3.0,3,,,,,,,,
,,,,,25007,5.0,5,,,,,,,,
,,,,,25010,3.0,3,,,,,,,,
,,,,,25013,3.0,3,,,,,,,,
,,,,,25018,5.0,5,,,,,,,,
,,,,,25021,3.0,3,,,,,,,,
,,,,,25024,3.0,3,,,,,,,,
,,,,,25027,3.0,3,,,,,,,,
,,,,,25030,3.0,3,,,,,,,,
,,,,,25033,3.0,3,,,,,,,,
,,,,,25036,3.0,3,,,,,,,,
,,,,,25039,3.0,3,,,,,,,,
,,,,,25042,3.0,3,,,,,,,,
,,,,,25045,3.0,3,,,,,,,,
,,,,,25048,3.0,3,,,,,,,,
,,,,,25051,3.0,3,,,,,,,,
,,,,,25054,3.0,3,,,,,,,,
,,,,,25059,5.0,5,,,,,,,,
,,,,,25063,4.0,4,,,,,,,,
,,,,,25066,3.0,3,,,,,,,,
,,,,,25069,3.0,3,,,,,,,,
,,,,,25072,3.0,3,,,,,,,,
,,,,,25075,3.0,3,,,,,,,,
,,,,,25078,3.0,3,,,,,,,,
,,,,,25081,3.0,3,,,,,,,,
,,,,,25084,3.0,3,,,,,,,,
,,,,,25088,4.0,4,,,,,,,,
,,,,,25092,4.0,4,,,,,,,,
,,,,,25095,3.0,3,,,,,,,,
,,,,,25099,4.0,4,,,,,,,,
,,,,,25102,3.0,3,,,,,,,,
,,,,,25106,4.0,4,,,,,,,,
,,,,,25109,3.0,3,,,,,,,,
,,,,,25112,3.0,3,,,,,,,,
,,,,,25115,3.0,3,,,,,,,,
,,,,,25118,3.0,3,,,,,,,,
,,,,,25121,3.0,3,,,,,,,,
,,,,,25124,3.0,3,,,,,,,,
,,,,,25127,3.0,3,,,,,,,,
,,,,,25130,3.0,3,,,,,,,,
,,,,,25134,4.0,4,,,,,,,,
,,,,,25137,3.0,3,,,,,,,,
,,,,,25140,3.0,3,,,,,,,,
,,,,,25143,3.0,3,,,,,,,,
,,,,,25146,3.0,3,,,,,,,,
,,,,,25149,3.0,3,,,,,,,,
,,,,,25152,3.0,3,,,,,,,,
,,,,,25155,3.0,3,,,,,,,,
,,,,,25158,3.0,3,,,,,,,,
,,,,,25161,3.0,3,,,,,,,,
,,,,,25164,3.0,3,,,,,,,,
,,,,,25167,3.0,3,,,,,,,,
,,,,,25170,3.0,3,,,,,,,,
,,,,,25173,3.0,3,,,,,,,,
,,,,,25176,3.0,3,,,,,,,,
,,,,,25179,3.0,3,,,,,,,,
,,,,,25182,3.0,3,,,,,,,,
,,,,,25185,3.0,3,,,,,,,,
,,,,,25188,3.0,3,,,,,,,,
,,,,,25191,3.0,3,,,,,,,,
,,,,,25196,5.0,5,,,,,,,,
,,,,,25199,3.0,3,,,,,,,,
,,,,,25202,3.0,3,,,,,,,,
,,,,,25205,3.0,3,,,,,,,,
,,,,,25208,3.0,3,,,,,,,,
,,,,,25211,3.0,3,,,,,,,,
,,,,,25214,3.0,3,,,,,,,,
,,,,,25217,3.0,3,,,,,,,,
,,,,,25220,3.0,3,,,,,,,,
,,,,,25223,3.0,3,,,,,,,,
,,,,,25226,3.0,3,,,,,,,,
,,,,,25229,3.0,3,,,,,,,,
,,,,,25232,3.0,3,,,,,,,,
,,,,,25235,3.0,3,,,,,,,,
,,,,,25238,3.0,3,,,,,,,,
,,,,,25241,3.0,3,,,,,,,,
,,,,,25244,3.0,3,,,,,,,,
,,,,,25247,3.0,3,,,,,,,,
,,,,,25250,3.0,3,,,,,,,,
,,,,,25253,3.0,3,,,,,,,,
,,,,,25260,7.0,7,,,,,,,,
,,,,,25263,3.0,3,,,,,,,,
,,,,,25266,3.0,3,,,,,,,,
,,,,,25271,5.0,5,,,,,,,,
,,,,,25274,3.0,3,,,,,,,,
,,,,,25277,3.0,3,,,,,,,,
,,,,,25280,3.0,3,,,,,,,,
,,,,,25283,3.0,3,,,,,,,,
,,,,,25287,4.0,4,,,,,,,,
,,,,,25290,3.0,3,,,,,,,,
,,,,,25293,3.0,3,,,,,,,,
,,,,,25296,3.0,3,,,,,,,,
,,,,,25300,4.0,4,,,,,,,,
,,,,,25303,3.0,3,,,,,,,,
,,,,,25308,5.0,5,,,,,,,,
,,,,,25311,3.0,3,,,,,,,,
,,,,,25314,3.0,3,,,,,,,,
,,,,,25319,5.0,5,,,,,,,,
,,,,,25322,3.0,3,,,,,,,,
,,,,,25326,4.0,4,,,,,,,,
,,,,,25329,3.0,3,,,,,,,,
,,,,,25332,3.0,3,,,,,,,,
,,,,,25335,3.0,3,,,,,,,,
,,,,,25339,4.0,4,,,,,,,,
,,,,,25342,3.0,3,,,,,,,,
,,,,,25345,3.0,3,,,,,,,,
,,,,,25349,4.0,4,,,,,,,,
,,,,,25352,3.0,3,,,,,,,,
,,,,,25355,3.0,3,,,,,,,,
,,,,,25363,8.0,8,,,,,,,,
,,,,,25366,3.0,3,,,,,,,,
,,,,,25370,4.0,4,,,,,,,,
,,,,,25373,3.0,3,,,,,,,,
,,,,,25376,3.0,3,,,,,,,,
,,,,,25379,3.0,3,,,,,,,,
,,,,,25382,3.0,3,,,,,,,,
,,,,,25385,3.0,3,,,,,,,,
,,,,,25395,10.0,10,,,,,,,,
,,,,,25398,3.0,3,,,,,,,,
,,,,,25401,3.0,3,,,,,,,,
,,,,,25405,4.0,4,,,,,,,,
,,,,,25408,3.0,3,,,,,,,,
,,,,,25411,3.0,3,,,,,,,,
,,,,,25417,6.0,6,,,,,,,,
,,,,,25420,3.0,3,,,,,,,,
,,,,,25424,4.0,4,,,,,,,,
,,,,,25427,3.0,3,,,,,,,,
,,,,,25430,3.0,3,,,,,,,,
,,,,,25433,3.0,3,,,,,,,,
,,,,,25437,4.0,4,,,,,,,,
,,,,,25440,3.0,3,,,,,,,,
,,,,,25443,3.0,3,,,,,,,,
,,,,,25446,3.0,3,,,,,,,,
,,,,,25449,3.0,3,,,,,,,,
,,,,,25452,3.0,3,,,,,,,,
,,,,,25457,5.0,5,,,,,,,,
,,,,,25460,3.0,3,,,,,,,,
,,,,,25463,3.0,3,,,,,,,,
,,,,,25466,3.0,3,,,,,,,,
,,,,,25469,3.0,3,,,,,,,,
,,,,,25472,3.0,3,,,,,,,,
,,,,,25475,3.0,3,,,,,,,,
,,,,,25479,4.0,4,,,,,,,,
,,,,,25482,3.0,3,,,,,,,,
,,,,,25485,3.0,3,,,,,,,,
,,,,,25488,3.0,3,,,,,,,,
,,,,,25491,3.0,3,,,,,,,,
,,,,,25496,5.0,5,,,,,,,,
,,,,,25499,3.0,3,,,,,,,,
,,,,,25503,4.0,4,,,,,,,,
,,,,,25506,3.0,3,,,,,,,,
,,,,,25509,3.0,3,,,,,,,,
,,,,,25512,3.0,3,,,,,,,,
,,,,,25515,3.0,3,,,,,,,,
,,,,,25518,3.0,3,,,,,,,,
,,,,,25521,3.0,3,,,,,,,,
,,,,,25524,3.0,3,,,,,,,,
,,,,,25527,3.0,3,,,,,,,,
,,,,,25530,3.0,3,,,,,,,,
,,,,,25533,3.0,3,,,,,,,,
,,,,,25536,3.0,3,,,,,,,,
,,,,,25539,3.0,3,,,,,,,,
,,,,,25542,3.0,3,,,,,,,,
,,,,,25545,3.0,3,,,,,,,,
,,,,,25548,3.0,3,,,,,,,,
,,,,,25551,3.0,3,,,,,,,,
,,,,,25554,3.0,3,,,,,,,,
,,,,,25557,3.0,3,,,,,,,,
,,,,,25560,3.0,3,,,,,,,,
,,,,,25563,3.0,3,,,,,,,,
,,,,,25566,3.0,3,,,,,,,,
,,,,,25569,3.0,3,,,,,,,,
,,,,,25573,4.0,4,,,,,,,,
,,,,,25576,3.0,3,,,,,,,,
,,,,,25579,3.0,3,,,,,,,,
,,,,,25582,3.0,3,,,,,,,,
,,,,,25585,3.0,3,,,,,,,,
,,,,,25589,4.0,4,,,,,,,,
,,,,,25592,3.0,3,,,,,,,,
,,,,,25595,3.0,3,,,,,,,,
,,,,,25600,5.0,5,,,,,,,,
,,,,,25603,3.0,3,,,,,,,,
,,,,,25606,3.0,3,,,,,,,,
,,,,,25609,3.0,3,,,,,,,,
,,,,,25613,4.0,4,,,,,,,,
,,,,,25617,4.0,4,,,,,,,,
,,,,,25620,3.0,3,,,,,,,,
,,,,,25624,4.0,4,,,,,,,,
,,,,,25629,5.0,5,,,,,,,,
,,,,,25633,4.0,4,,,,,,,,
,,,,,25636,3.0,3,,,,,,,,
,,,,,25640,4.0,4,,,,,,,,
,,,,,25643,3.0,3,,,,,,,,
,,,,,25646,3.0,3,,,,,,,,
,,,,,25649,3.0,3,,,,,,,,
,,,,,25652,3.0,3,,,,,,,,
,,,,,25655,3.0,3,,,,,,,,
,,,,,25658,3.0,3,,,,,,,,
,,,,,25661,3.0,3,,,,,,,,
,,,,,25666,5.0,5,,,,,,,,
,,,,,25674,8.0,8,,,,,,,,
,,,,,25677,3.0,3,,,,,,,,
,,,,,25680,3.0,3,,,,,,,,
,,,,,25683,3.0,3,,,,,,,,
,,,,,25687,4.0,4,,,,,,,,
,,,,,25690,3.0,3,,,,,,,,
,,,,,25693,3.0,3,,,,,,,,
,,,,,25699,6.0,6,,,,,,,,
,,,,,25702,3.0,3,,,,,,,,
,,,,,25705,3.0,3,,,,,,,,
,,,,,25708,3.0,3,,,,,,,,
,,,,,25711,3.0,3,,,,,,,,
,,,,,25714,3.0,3,,,,,,,,
,,,,,25717,3.0,3,,,,,,,,
,,,,,25720,3.0,3,,,,,,,,
,,,,,25723,3.0,3,,,,,,,,
,,,,,25726,3.0,3,,,,,,,,
,,,,,25729,3.0,3,,,,,,,,
,,,,,25732,3.0,3,,,,,,,,
,,,,,25735,3.0,3,,,,,,,,
,,,,,25738,3.0,3,,,,,,,,
,,,,,25741,3.0,3,,,,,,,,
,,,,,25744,3.0,3,,,,,,,,
,,,,,25747,3.0,3,,,,,,,,
,,,,,25751,4.0,4,,,,,,,,
,,,,,25754,3.0,3,,,,,,,,
,,,,,25757,3.0,3,,,,,,,,
,,,,,25760,3.0,3,,,,,,,,
,,,,,25763,3.0,3,,,,,,,,
,,,,,25766,3.0,3,,,,,,,,
,,,,,25769,3.0,3,,,,,,,,
,,,,,25772,3.0,3,,,,,,,,
,,,,,25775,3.0,3,,,,,,,,
,,,,,25778,3.0,3,,,,,,,,
,,,,,25781,3.0,3,,,,,,,,
,,,,,25784,3.0,3,,,,,,,,
,,,,,25788,4.0,4,,,,,,,,
,,,,,25791,3.0,3,,,,,,,,
,,,,,25794,3.0,3,,,,,,,,
,,,,,25797,3.0,3,,,,,,,,
,,,,,25800,3.0,3,,,,,,,,
,,,,,25805,5.0,5,,,,,,,,
,,,,,25808,3.0,3,,,,,,,,
,,,,,25811,3.0,3,,,,,,,,
,,,,,25814,3.0,3,,,,,,,,
,,,,,25817,3.0,3,,,,,,,,
,,,,,25820,3.0,3,,,,,,,,
,,,,,25823,3.0,3,,,,,,,,
,,,,,25826,3.0,3,,,,,,,,
,,,,,25829,3.0,3,,,,,,,,
,,,,,25832,3.0,3,,,,,,,,
,,,,,25835,3.0,3,,,,,,,,
,,,,,25838,3.0,3,,,,,,,,
,,,,,25841,3.0,3,,,,,,,,
,,,,,25844,3.0,3,,,,,,,,
,,,,,25849,5.0,5,,,,,,,,
,,,,,25852,3.0,3,,,,,,,,
,,,,,25855,3.0,3,,,,,,,,
,,,,,25858,3.0,3,,,,,,,,
,,,,,25861,3.0,3,,,,,,,,
,,,,,25864,3.0,3,,,,,,,,
,,,,,25867,3.0,3,,,,,,,,
,,,,,25870,3.0,3,,,,,,,,
,,,,,25873,3.0,3,,,,,,,,
,,,,,25876,3.0,3,,,,,,,,
,,,,,25879,3.0,3,,,,,,,,
,,,,,25883,4.0,4,,,,,,,,
,,,,,25887,4.0,4,,,,,,,,
,,,,,25890,3.0,3,,,,,,,,
,,,,,25893,3.0,3,,,,,,,,
,,,,,25896,3.0,3,,,,,,,,
,,,,,25899,3.0,3,,,,,,,,
,,,,,25902,3.0,3,,,,,,,,
,,,,,25906,4.0,4,,,,,,,,
,,,,,25909,3.0,3,,,,,,,,
,,,,,25912,3.0,3,,,,,,,,
,,,,,25915,3.0,3,,,,,,,,
,,,,,25918,3.0,3,,,,,,,,
,,,,,25922,4.0,4,,,,,,,,
,,,,,25926,4.0,4,,,,,,,,
,,,,,25929,3.0,3,,,,,,,,
,,,,,25932,3.0,3,,,,,,,,
,,,,,25935,3.0,3,,,,,,,,
,,,,,25938,3.0,3,,,,,,,,
,,,,,25941,3.0,3,,,,,,,,
,,,,,25944,3.0,3,,,,,,,,
,,,,,25950,6.0,6,,,,,,,,
,,,,,25953,3.0,3,,,,,,,,
,,,,,25956,3.0,3,,,,,,,,
,,,,,25962,6.0,6,,,,,,,,
,,,,,25965,3.0,3,,,,,,,,
,,,,,25968,3.0,3,,,,,,,,
,,,,,25971,3.0,3,,,,,,,,
,,,,,25974,3.0,3,,,,,,,,
,,,,,25977,3.0,3,,,,,,,,
,,,,,25980,3.0,3,,,,,,,,
,,,,,25983,3.0,3,,,,,,,,
,,,,,25986,3.0,3,,,,,,,,
,,,,,25990,4.0,4,,,,,,,,
,,,,,25993,3.0,3,,,,,,,,
,,,,,25996,3.0,3,,,,,,,,
,,,,,25999,3.0,3,,,,,,,,
,,,,,26000,,,0.1147187277674675,-1.1471872329711914,0.22267019748687744,2.5891919136047363,2.644049882888794,0.0003,0.0003,0.1
,,,,,26002,3.0,3,,,,,,,,
,,,,,26005,3.0,3,,,,,,,,
,,,,,26008,3.0,3,,,,,,,,
,,,,,26011,3.0,3,,,,,,,,
,,,,,26014,3.0,3,,,,,,,,
,,,,,26017,3.0,3,,,,,,,,
,,,,,26020,3.0,3,,,,,,,,
,,,,,26027,7.0,7,,,,,,,,
,,,,,26031,4.0,4,,,,,,,,
,,,,,26034,3.0,3,,,,,,,,
,,,,,26037,3.0,3,,,,,,,,
,,,,,26040,3.0,3,,,,,,,,
,,,,,26043,3.0,3,,,,,,,,
,,,,,26046,3.0,3,,,,,,,,
,,,,,26050,4.0,4,,,,,,,,
,,,,,26053,3.0,3,,,,,,,,
,,,,,26056,3.0,3,,,,,,,,
,,,,,26059,3.0,3,,,,,,,,
,,,,,26062,3.0,3,,,,,,,,
,,,,,26065,3.0,3,,,,,,,,
,,,,,26069,4.0,4,,,,,,,,
,,,,,26072,3.0,3,,,,,,,,
,,,,,26075,3.0,3,,,,,,,,
,,,,,26078,3.0,3,,,,,,,,
,,,,,26081,3.0,3,,,,,,,,
,,,,,26084,3.0,3,,,,,,,,
,,,,,26087,3.0,3,,,,,,,,
,,,,,26090,3.0,3,,,,,,,,
,,,,,26094,4.0,4,,,,,,,,
,,,,,26097,3.0,3,,,,,,,,
,,,,,26100,3.0,3,,,,,,,,
,,,,,26103,3.0,3,,,,,,,,
,,,,,26106,3.0,3,,,,,,,,
,,,,,26109,3.0,3,,,,,,,,
,,,,,26112,3.0,3,,,,,,,,
,,,,,26115,3.0,3,,,,,,,,
,,,,,26118,3.0,3,,,,,,,,
,,,,,26121,3.0,3,,,,,,,,
,,,,,26124,3.0,3,,,,,,,,
,,,,,26127,3.0,3,,,,,,,,
,,,,,26132,5.0,5,,,,,,,,
,,,,,26135,3.0,3,,,,,,,,
,,,,,26138,3.0,3,,,,,,,,
,,,,,26141,3.0,3,,,,,,,,
,,,,,26144,3.0,3,,,,,,,,
,,,,,26147,3.0,3,,,,,,,,
,,,,,26150,3.0,3,,,,,,,,
,,,,,26153,3.0,3,,,,,,,,
,,,,,26156,3.0,3,,,,,,,,
,,,,,26159,3.0,3,,,,,,,,
,,,,,26162,3.0,3,,,,,,,,
,,,,,26165,3.0,3,,,,,,,,
,,,,,26168,3.0,3,,,,,,,,
,,,,,26173,5.0,5,,,,,,,,
,,,,,26176,3.0,3,,,,,,,,
,,,,,26179,3.0,3,,,,,,,,
,,,,,26182,3.0,3,,,,,,,,
,,,,,26185,3.0,3,,,,,,,,
,,,,,26188,3.0,3,,,,,,,,
,,,,,26191,3.0,3,,,,,,,,
,,,,,26194,3.0,3,,,,,,,,
,,,,,26197,3.0,3,,,,,,,,
,,,,,26200,3.0,3,,,,,,,,
,,,,,26203,3.0,3,,,,,,,,
,,,,,26206,3.0,3,,,,,,,,
,,,,,26209,3.0,3,,,,,,,,
,,,,,26212,3.0,3,,,,,,,,
,,,,,26215,3.0,3,,,,,,,,
,,,,,26218,3.0,3,,,,,,,,
,,,,,26221,3.0,3,,,,,,,,
,,,,,26226,5.0,5,,,,,,,,
,,,,,26229,3.0,3,,,,,,,,
,,,,,26232,3.0,3,,,,,,,,
,,,,,26235,3.0,3,,,,,,,,
,,,,,26238,3.0,3,,,,,,,,
,,,,,26242,4.0,4,,,,,,,,
,,,,,26245,3.0,3,,,,,,,,
,,,,,26248,3.0,3,,,,,,,,
,,,,,26251,3.0,3,,,,,,,,
,,,,,26254,3.0,3,,,,,,,,
,,,,,26257,3.0,3,,,,,,,,
,,,,,26260,3.0,3,,,,,,,,
,,,,,26265,5.0,5,,,,,,,,
,,,,,26268,3.0,3,,,,,,,,
,,,,,26271,3.0,3,,,,,,,,
,,,,,26274,3.0,3,,,,,,,,
,,,,,26277,3.0,3,,,,,,,,
,,,,,26280,3.0,3,,,,,,,,
,,,,,26283,3.0,3,,,,,,,,
,,,,,26286,3.0,3,,,,,,,,
,,,,,26289,3.0,3,,,,,,,,
,,,,,26292,3.0,3,,,,,,,,
,,,,,26295,3.0,3,,,,,,,,
,,,,,26298,3.0,3,,,,,,,,
,,,,,26301,3.0,3,,,,,,,,
,,,,,26304,3.0,3,,,,,,,,
,,,,,26307,3.0,3,,,,,,,,
,,,,,26310,3.0,3,,,,,,,,
,,,,,26313,3.0,3,,,,,,,,
,,,,,26316,3.0,3,,,,,,,,
,,,,,26320,4.0,4,,,,,,,,
,,,,,26323,3.0,3,,,,,,,,
,,,,,26326,3.0,3,,,,,,,,
,,,,,26329,3.0,3,,,,,,,,
,,,,,26332,3.0,3,,,,,,,,
,,,,,26335,3.0,3,,,,,,,,
,,,,,26338,3.0,3,,,,,,,,
,,,,,26341,3.0,3,,,,,,,,
,,,,,26344,3.0,3,,,,,,,,
,,,,,26347,3.0,3,,,,,,,,
,,,,,26350,3.0,3,,,,,,,,
,,,,,26353,3.0,3,,,,,,,,
,,,,,26356,3.0,3,,,,,,,,
,,,,,26361,5.0,5,,,,,,,,
,,,,,26364,3.0,3,,,,,,,,
,,,,,26367,3.0,3,,,,,,,,
,,,,,26370,3.0,3,,,,,,,,
,,,,,26373,3.0,3,,,,,,,,
,,,,,26376,3.0,3,,,,,,,,
,,,,,26379,3.0,3,,,,,,,,
,,,,,26382,3.0,3,,,,,,,,
,,,,,26385,3.0,3,,,,,,,,
,,,,,26388,3.0,3,,,,,,,,
,,,,,26391,3.0,3,,,,,,,,
,,,,,26394,3.0,3,,,,,,,,
,,,,,26397,3.0,3,,,,,,,,
,,,,,26400,3.0,3,,,,,,,,
,,,,,26403,3.0,3,,,,,,,,
,,,,,26406,3.0,3,,,,,,,,
,,,,,26409,3.0,3,,,,,,,,
,,,,,26412,3.0,3,,,,,,,,
,,,,,26415,3.0,3,,,,,,,,
,,,,,26418,3.0,3,,,,,,,,
,,,,,26421,3.0,3,,,,,,,,
,,,,,26424,3.0,3,,,,,,,,
,,,,,26427,3.0,3,,,,,,,,
,,,,,26430,3.0,3,,,,,,,,
,,,,,26433,3.0,3,,,,,,,,
,,,,,26436,3.0,3,,,,,,,,
,,,,,26439,3.0,3,,,,,,,,
,,,,,26443,4.0,4,,,,,,,,
,,,,,26446,3.0,3,,,,,,,,
,,,,,26449,3.0,3,,,,,,,,
,,,,,26452,3.0,3,,,,,,,,
,,,,,26456,4.0,4,,,,,,,,
,,,,,26459,3.0,3,,,,,,,,
,,,,,26462,3.0,3,,,,,,,,
,,,,,26465,3.0,3,,,,,,,,
,,,,,26468,3.0,3,,,,,,,,
,,,,,26471,3.0,3,,,,,,,,
,,,,,26474,3.0,3,,,,,,,,
,,,,,26477,3.0,3,,,,,,,,
,,,,,26480,3.0,3,,,,,,,,
,,,,,26483,3.0,3,,,,,,,,
,,,,,26486,3.0,3,,,,,,,,
,,,,,26489,3.0,3,,,,,,,,
,,,,,26492,3.0,3,,,,,,,,
,,,,,26495,3.0,3,,,,,,,,
,,,,,26498,3.0,3,,,,,,,,
,,,,,26501,3.0,3,,,,,,,,
,,,,,26504,3.0,3,,,,,,,,
,,,,,26507,3.0,3,,,,,,,,
,,,,,26510,3.0,3,,,,,,,,
,,,,,26513,3.0,3,,,,,,,,
,,,,,26516,3.0,3,,,,,,,,
,,,,,26519,3.0,3,,,,,,,,
,,,,,26522,3.0,3,,,,,,,,
,,,,,26525,3.0,3,,,,,,,,
,,,,,26528,3.0,3,,,,,,,,
,,,,,26531,3.0,3,,,,,,,,
,,,,,26534,3.0,3,,,,,,,,
,,,,,26537,3.0,3,,,,,,,,
,,,,,26540,3.0,3,,,,,,,,
,,,,,26543,3.0,3,,,,,,,,
,,,,,26546,3.0,3,,,,,,,,
,,,,,26549,3.0,3,,,,,,,,
,,,,,26552,3.0,3,,,,,,,,
,,,,,26555,3.0,3,,,,,,,,
,,,,,26558,3.0,3,,,,,,,,
,,,,,26561,3.0,3,,,,,,,,
,,,,,26564,3.0,3,,,,,,,,
,,,,,26567,3.0,3,,,,,,,,
,,,,,26570,3.0,3,,,,,,,,
,,,,,26573,3.0,3,,,,,,,,
,,,,,26576,3.0,3,,,,,,,,
,,,,,26579,3.0,3,,,,,,,,
,,,,,26582,3.0,3,,,,,,,,
,,,,,26585,3.0,3,,,,,,,,
,,,,,26588,3.0,3,,,,,,,,
,,,,,26591,3.0,3,,,,,,,,
,,,,,26594,3.0,3,,,,,,,,
,,,,,26597,3.0,3,,,,,,,,
,,,,,26600,3.0,3,,,,,,,,
,,,,,26603,3.0,3,,,,,,,,
,,,,,26606,3.0,3,,,,,,,,
,,,,,26609,3.0,3,,,,,,,,
,,,,,26612,3.0,3,,,,,,,,
,,,,,26615,3.0,3,,,,,,,,
,,,,,26618,3.0,3,,,,,,,,
,,,,,26621,3.0,3,,,,,,,,
,,,,,26624,3.0,3,,,,,,,,
,,,,,26627,3.0,3,,,,,,,,
,,,,,26630,3.0,3,,,,,,,,
,,,,,26633,3.0,3,,,,,,,,
,,,,,26636,3.0,3,,,,,,,,
,,,,,26639,3.0,3,,,,,,,,
,,,,,26642,3.0,3,,,,,,,,
,,,,,26645,3.0,3,,,,,,,,
,,,,,26648,3.0,3,,,,,,,,
,,,,,26651,3.0,3,,,,,,,,
,,,,,26654,3.0,3,,,,,,,,
,,,,,26657,3.0,3,,,,,,,,
,,,,,26660,3.0,3,,,,,,,,
,,,,,26663,3.0,3,,,,,,,,
,,,,,26666,3.0,3,,,,,,,,
,,,,,26669,3.0,3,,,,,,,,
,,,,,26672,3.0,3,,,,,,,,
,,,,,26675,3.0,3,,,,,,,,
,,,,,26678,3.0,3,,,,,,,,
,,,,,26681,3.0,3,,,,,,,,
,,,,,26684,3.0,3,,,,,,,,
,,,,,26687,3.0,3,,,,,,,,
,,,,,26690,3.0,3,,,,,,,,
,,,,,26693,3.0,3,,,,,,,,
,,,,,26696,3.0,3,,,,,,,,
,,,,,26699,3.0,3,,,,,,,,
,,,,,26702,3.0,3,,,,,,,,
,,,,,26705,3.0,3,,,,,,,,
,,,,,26708,3.0,3,,,,,,,,
,,,,,26711,3.0,3,,,,,,,,
,,,,,26714,3.0,3,,,,,,,,
,,,,,26717,3.0,3,,,,,,,,
,,,,,26720,3.0,3,,,,,,,,
,,,,,26723,3.0,3,,,,,,,,
,,,,,26726,3.0,3,,,,,,,,
,,,,,26729,3.0,3,,,,,,,,
,,,,,26732,3.0,3,,,,,,,,
,,,,,26735,3.0,3,,,,,,,,
,,,,,26738,3.0,3,,,,,,,,
,,,,,26741,3.0,3,,,,,,,,
,,,,,26744,3.0,3,,,,,,,,
,,,,,26747,3.0,3,,,,,,,,
,,,,,26750,3.0,3,,,,,,,,
,,,,,26753,3.0,3,,,,,,,,
,,,,,26756,3.0,3,,,,,,,,
,,,,,26759,3.0,3,,,,,,,,
,,,,,26762,3.0,3,,,,,,,,
,,,,,26765,3.0,3,,,,,,,,
,,,,,26768,3.0,3,,,,,,,,
,,,,,26772,4.0,4,,,,,,,,
,,,,,26775,3.0,3,,,,,,,,
,,,,,26778,3.0,3,,,,,,,,
,,,,,26781,3.0,3,,,,,,,,
,,,,,26784,3.0,3,,,,,,,,
,,,,,26787,3.0,3,,,,,,,,
,,,,,26790,3.0,3,,,,,,,,
,,,,,26793,3.0,3,,,,,,,,
,,,,,26796,3.0,3,,,,,,,,
,,,,,26799,3.0,3,,,,,,,,
,,,,,26802,3.0,3,,,,,,,,
,,,,,26805,3.0,3,,,,,,,,
,,,,,26808,3.0,3,,,,,,,,
,,,,,26811,3.0,3,,,,,,,,
,,,,,26814,3.0,3,,,,,,,,
,,,,,26817,3.0,3,,,,,,,,
,,,,,26820,3.0,3,,,,,,,,
,,,,,26823,3.0,3,,,,,,,,
,,,,,26826,3.0,3,,,,,,,,
,,,,,26829,3.0,3,,,,,,,,
,,,,,26832,3.0,3,,,,,,,,
,,,,,26835,3.0,3,,,,,,,,
,,,,,26838,3.0,3,,,,,,,,
,,,,,26841,3.0,3,,,,,,,,
,,,,,26844,3.0,3,,,,,,,,
,,,,,26847,3.0,3,,,,,,,,
,,,,,26850,3.0,3,,,,,,,,
,,,,,26853,3.0,3,,,,,,,,
,,,,,26856,3.0,3,,,,,,,,
,,,,,26859,3.0,3,,,,,,,,
,,,,,26862,3.0,3,,,,,,,,
,,,,,26865,3.0,3,,,,,,,,
,,,,,26868,3.0,3,,,,,,,,
,,,,,26871,3.0,3,,,,,,,,
,,,,,26874,3.0,3,,,,,,,,
,,,,,26877,3.0,3,,,,,,,,
,,,,,26880,3.0,3,,,,,,,,
,,,,,26885,5.0,5,,,,,,,,
,,,,,26888,3.0,3,,,,,,,,
,,,,,26891,3.0,3,,,,,,,,
,,,,,26894,3.0,3,,,,,,,,
,,,,,26897,3.0,3,,,,,,,,
,,,,,26900,3.0,3,,,,,,,,
,,,,,26903,3.0,3,,,,,,,,
,,,,,26906,3.0,3,,,,,,,,
,,,,,26909,3.0,3,,,,,,,,
,,,,,26912,3.0,3,,,,,,,,
,,,,,26915,3.0,3,,,,,,,,
,,,,,26918,3.0,3,,,,,,,,
,,,,,26921,3.0,3,,,,,,,,
,,,,,26924,3.0,3,,,,,,,,
,,,,,26927,3.0,3,,,,,,,,
,,,,,26930,3.0,3,,,,,,,,
,,,,,26933,3.0,3,,,,,,,,
,,,,,26936,3.0,3,,,,,,,,
,,,,,26939,3.0,3,,,,,,,,
,,,,,26942,3.0,3,,,,,,,,
,,,,,26945,3.0,3,,,,,,,,
,,,,,26948,3.0,3,,,,,,,,
,,,,,26951,3.0,3,,,,,,,,
,,,,,26954,3.0,3,,,,,,,,
,,,,,26957,3.0,3,,,,,,,,
,,,,,26960,3.0,3,,,,,,,,
,,,,,26963,3.0,3,,,,,,,,
,,,,,26966,3.0,3,,,,,,,,
,,,,,26969,3.0,3,,,,,,,,
,,,,,26972,3.0,3,,,,,,,,
,,,,,26976,4.0,4,,,,,,,,
,,,,,26979,3.0,3,,,,,,,,
,,,,,26982,3.0,3,,,,,,,,
,,,,,26985,3.0,3,,,,,,,,
,,,,,26988,3.0,3,,,,,,,,
,,,,,26991,3.0,3,,,,,,,,
,,,,,26994,3.0,3,,,,,,,,
,,,,,26997,3.0,3,,,,,,,,
,,,,,27000,3.0,3,,,,,,,,
,,,,,27000,,,0.14940594136714935,-1.494059443473816,0.16456490755081177,2.321533679962158,2.3102636337280273,0.0003,0.0003,0.1
,,,,,27003,3.0,3,,,,,,,,
,,,,,27006,3.0,3,,,,,,,,
,,,,,27009,3.0,3,,,,,,,,
,,,,,27012,3.0,3,,,,,,,,
,,,,,27015,3.0,3,,,,,,,,
,,,,,27018,3.0,3,,,,,,,,
,,,,,27021,3.0,3,,,,,,,,
,,,,,27024,3.0,3,,,,,,,,
,,,,,27027,3.0,3,,,,,,,,
,,,,,27030,3.0,3,,,,,,,,
,,,,,27033,3.0,3,,,,,,,,
,,,,,27036,3.0,3,,,,,,,,
,,,,,27039,3.0,3,,,,,,,,
,,,,,27042,3.0,3,,,,,,,,
,,,,,27045,3.0,3,,,,,,,,
,,,,,27048,3.0,3,,,,,,,,
,,,,,27051,3.0,3,,,,,,,,
,,,,,27054,3.0,3,,,,,,,,
,,,,,27057,3.0,3,,,,,,,,
,,,,,27060,3.0,3,,,,,,,,
,,,,,27063,3.0,3,,,,,,,,
,,,,,27066,3.0,3,,,,,,,,
,,,,,27069,3.0,3,,,,,,,,
,,,,,27072,3.0,3,,,,,,,,
,,,,,27076,4.0,4,,,,,,,,
,,,,,27079,3.0,3,,,,,,,,
,,,,,27082,3.0,3,,,,,,,,
,,,,,27085,3.0,3,,,,,,,,
,,,,,27088,3.0,3,,,,,,,,
,,,,,27091,3.0,3,,,,,,,,
,,,,,27095,4.0,4,,,,,,,,
,,,,,27098,3.0,3,,,,,,,,
,,,,,27101,3.0,3,,,,,,,,
,,,,,27104,3.0,3,,,,,,,,
,,,,,27107,3.0,3,,,,,,,,
,,,,,27110,3.0,3,,,,,,,,
,,,,,27113,3.0,3,,,,,,,,
,,,,,27116,3.0,3,,,,,,,,
,,,,,27119,3.0,3,,,,,,,,
,,,,,27122,3.0,3,,,,,,,,
,,,,,27125,3.0,3,,,,,,,,
,,,,,27128,3.0,3,,,,,,,,
,,,,,27131,3.0,3,,,,,,,,
,,,,,27134,3.0,3,,,,,,,,
,,,,,27137,3.0,3,,,,,,,,
,,,,,27141,4.0,4,,,,,,,,
,,,,,27144,3.0,3,,,,,,,,
,,,,,27147,3.0,3,,,,,,,,
,,,,,27150,3.0,3,,,,,,,,
,,,,,27153,3.0,3,,,,,,,,
,,,,,27156,3.0,3,,,,,,,,
,,,,,27159,3.0,3,,,,,,,,
,,,,,27162,3.0,3,,,,,,,,
,,,,,27165,3.0,3,,,,,,,,
,,,,,27168,3.0,3,,,,,,,,
,,,,,27171,3.0,3,,,,,,,,
,,,,,27174,3.0,3,,,,,,,,
,,,,,27177,3.0,3,,,,,,,,
,,,,,27180,3.0,3,,,,,,,,
,,,,,27183,3.0,3,,,,,,,,
,,,,,27186,3.0,3,,,,,,,,
,,,,,27191,5.0,5,,,,,,,,
,,,,,27194,3.0,3,,,,,,,,
,,,,,27197,3.0,3,,,,,,,,
,,,,,27200,3.0,3,,,,,,,,
,,,,,27203,3.0,3,,,,,,,,
,,,,,27206,3.0,3,,,,,,,,
,,,,,27209,3.0,3,,,,,,,,
,,,,,27212,3.0,3,,,,,,,,
,,,,,27215,3.0,3,,,,,,,,
,,,,,27218,3.0,3,,,,,,,,
,,,,,27221,3.0,3,,,,,,,,
,,,,,27224,3.0,3,,,,,,,,
,,,,,27227,3.0,3,,,,,,,,
,,,,,27231,4.0,4,,,,,,,,
,,,,,27234,3.0,3,,,,,,,,
,,,,,27237,3.0,3,,,,,,,,
,,,,,27240,3.0,3,,,,,,,,
,,,,,27243,3.0,3,,,,,,,,
,,,,,27246,3.0,3,,,,,,,,
,,,,,27249,3.0,3,,,,,,,,
,,,,,27252,3.0,3,,,,,,,,
,,,,,27255,3.0,3,,,,,,,,
,,,,,27258,3.0,3,,,,,,,,
,,,,,27261,3.0,3,,,,,,,,
,,,,,27264,3.0,3,,,,,,,,
,,,,,27267,3.0,3,,,,,,,,
,,,,,27270,3.0,3,,,,,,,,
,,,,,27273,3.0,3,,,,,,,,
,,,,,27276,3.0,3,,,,,,,,
,,,,,27279,3.0,3,,,,,,,,
,,,,,27283,4.0,4,,,,,,,,
,,,,,27286,3.0,3,,,,,,,,
,,,,,27289,3.0,3,,,,,,,,
,,,,,27292,3.0,3,,,,,,,,
,,,,,27295,3.0,3,,,,,,,,
,,,,,27299,4.0,4,,,,,,,,
,,,,,27302,3.0,3,,,,,,,,
,,,,,27305,3.0,3,,,,,,,,
,,,,,27308,3.0,3,,,,,,,,
,,,,,27311,3.0,3,,,,,,,,
,,,,,27314,3.0,3,,,,,,,,
,,,,,27317,3.0,3,,,,,,,,
,,,,,27320,3.0,3,,,,,,,,
,,,,,27323,3.0,3,,,,,,,,
,,,,,27326,3.0,3,,,,,,,,
,,,,,27329,3.0,3,,,,,,,,
,,,,,27332,3.0,3,,,,,,,,
,,,,,27335,3.0,3,,,,,,,,
,,,,,27338,3.0,3,,,,,,,,
,,,,,27341,3.0,3,,,,,,,,
,,,,,27345,4.0,4,,,,,,,,
,,,,,27348,3.0,3,,,,,,,,
,,,,,27351,3.0,3,,,,,,,,
,,,,,27354,3.0,3,,,,,,,,
,,,,,27357,3.0,3,,,,,,,,
,,,,,27360,3.0,3,,,,,,,,
,,,,,27363,3.0,3,,,,,,,,
,,,,,27366,3.0,3,,,,,,,,
,,,,,27369,3.0,3,,,,,,,,
,,,,,27373,4.0,4,,,,,,,,
,,,,,27376,3.0,3,,,,,,,,
,,,,,27379,3.0,3,,,,,,,,
,,,,,27382,3.0,3,,,,,,,,
,,,,,27385,3.0,3,,,,,,,,
,,,,,27388,3.0,3,,,,,,,,
,,,,,27391,3.0,3,,,,,,,,
,,,,,27394,3.0,3,,,,,,,,
,,,,,27400,6.0,6,,,,,,,,
,,,,,27403,3.0,3,,,,,,,,
,,,,,27406,3.0,3,,,,,,,,
,,,,,27410,4.0,4,,,,,,,,
,,,,,27413,3.0,3,,,,,,,,
,,,,,27416,3.0,3,,,,,,,,
,,,,,27419,3.0,3,,,,,,,,
,,,,,27422,3.0,3,,,,,,,,
,,,,,27425,3.0,3,,,,,,,,
,,,,,27428,3.0,3,,,,,,,,
,,,,,27431,3.0,3,,,,,,,,
,,,,,27434,3.0,3,,,,,,,,
,,,,,27437,3.0,3,,,,,,,,
,,,,,27442,5.0,5,,,,,,,,
,,,,,27445,3.0,3,,,,,,,,
,,,,,27448,3.0,3,,,,,,,,
,,,,,27451,3.0,3,,,,,,,,
,,,,,27454,3.0,3,,,,,,,,
,,,,,27457,3.0,3,,,,,,,,
,,,,,27460,3.0,3,,,,,,,,
,,,,,27463,3.0,3,,,,,,,,
,,,,,27466,3.0,3,,,,,,,,
,,,,,27469,3.0,3,,,,,,,,
,,,,,27473,4.0,4,,,,,,,,
,,,,,27476,3.0,3,,,,,,,,
,,,,,27479,3.0,3,,,,,,,,
,,,,,27482,3.0,3,,,,,,,,
,,,,,27485,3.0,3,,,,,,,,
,,,,,27488,3.0,3,,,,,,,,
,,,,,27491,3.0,3,,,,,,,,
,,,,,27494,3.0,3,,,,,,,,
,,,,,27497,3.0,3,,,,,,,,
,,,,,27501,4.0,4,,,,,,,,
,,,,,27504,3.0,3,,,,,,,,
,,,,,27509,5.0,5,,,,,,,,
,,,,,27512,3.0,3,,,,,,,,
,,,,,27515,3.0,3,,,,,,,,
,,,,,27518,3.0,3,,,,,,,,
,,,,,27521,3.0,3,,,,,,,,
,,,,,27524,3.0,3,,,,,,,,
,,,,,27527,3.0,3,,,,,,,,
,,,,,27530,3.0,3,,,,,,,,
,,,,,27533,3.0,3,,,,,,,,
,,,,,27536,3.0,3,,,,,,,,
,,,,,27539,3.0,3,,,,,,,,
,,,,,27542,3.0,3,,,,,,,,
,,,,,27545,3.0,3,,,,,,,,
,,,,,27548,3.0,3,,,,,,,,
,,,,,27551,3.0,3,,,,,,,,
,,,,,27554,3.0,3,,,,,,,,
,,,,,27557,3.0,3,,,,,,,,
,,,,,27560,3.0,3,,,,,,,,
,,,,,27563,3.0,3,,,,,,,,
,,,,,27566,3.0,3,,,,,,,,
,,,,,27569,3.0,3,,,,,,,,
,,,,,27572,3.0,3,,,,,,,,
,,,,,27575,3.0,3,,,,,,,,
,,,,,27578,3.0,3,,,,,,,,
,,,,,27581,3.0,3,,,,,,,,
,,,,,27584,3.0,3,,,,,,,,
,,,,,27587,3.0,3,,,,,,,,
,,,,,27590,3.0,3,,,,,,,,
,,,,,27595,5.0,5,,,,,,,,
,,,,,27598,3.0,3,,,,,,,,
,,,,,27601,3.0,3,,,,,,,,
,,,,,27605,4.0,4,,,,,,,,
,,,,,27608,3.0,3,,,,,,,,
,,,,,27611,3.0,3,,,,,,,,
,,,,,27614,3.0,3,,,,,,,,
,,,,,27617,3.0,3,,,,,,,,
,,,,,27620,3.0,3,,,,,,,,
,,,,,27623,3.0,3,,,,,,,,
,,,,,27626,3.0,3,,,,,,,,
,,,,,27629,3.0,3,,,,,,,,
,,,,,27632,3.0,3,,,,,,,,
,,,,,27635,3.0,3,,,,,,,,
,,,,,27638,3.0,3,,,,,,,,
,,,,,27642,4.0,4,,,,,,,,
,,,,,27645,3.0,3,,,,,,,,
,,,,,27648,3.0,3,,,,,,,,
,,,,,27653,5.0,5,,,,,,,,
,,,,,27656,3.0,3,,,,,,,,
,,,,,27659,3.0,3,,,,,,,,
,,,,,27662,3.0,3,,,,,,,,
,,,,,27665,3.0,3,,,,,,,,
,,,,,27668,3.0,3,,,,,,,,
,,,,,27671,3.0,3,,,,,,,,
,,,,,27674,3.0,3,,,,,,,,
,,,,,27677,3.0,3,,,,,,,,
,,,,,27680,3.0,3,,,,,,,,
,,,,,27683,3.0,3,,,,,,,,
,,,,,27686,3.0,3,,,,,,,,
,,,,,27689,3.0,3,,,,,,,,
,,,,,27692,3.0,3,,,,,,,,
,,,,,27695,3.0,3,,,,,,,,
,,,,,27698,3.0,3,,,,,,,,
,,,,,27701,3.0,3,,,,,,,,
,,,,,27704,3.0,3,,,,,,,,
,,,,,27708,4.0,4,,,,,,,,
,,,,,27711,3.0,3,,,,,,,,
,,,,,27714,3.0,3,,,,,,,,
,,,,,27717,3.0,3,,,,,,,,
,,,,,27720,3.0,3,,,,,,,,
,,,,,27723,3.0,3,,,,,,,,
,,,,,27726,3.0,3,,,,,,,,
,,,,,27729,3.0,3,,,,,,,,
,,,,,27732,3.0,3,,,,,,,,
,,,,,27736,4.0,4,,,,,,,,
,,,,,27739,3.0,3,,,,,,,,
,,,,,27742,3.0,3,,,,,,,,
,,,,,27745,3.0,3,,,,,,,,
,,,,,27748,3.0,3,,,,,,,,
,,,,,27751,3.0,3,,,,,,,,
,,,,,27754,3.0,3,,,,,,,,
,,,,,27757,3.0,3,,,,,,,,
,,,,,27760,3.0,3,,,,,,,,
,,,,,27764,4.0,4,,,,,,,,
,,,,,27767,3.0,3,,,,,,,,
,,,,,27770,3.0,3,,,,,,,,
,,,,,27773,3.0,3,,,,,,,,
,,,,,27776,3.0,3,,,,,,,,
,,,,,27779,3.0,3,,,,,,,,
,,,,,27782,3.0,3,,,,,,,,
,,,,,27785,3.0,3,,,,,,,,
,,,,,27788,3.0,3,,,,,,,,
,,,,,27791,3.0,3,,,,,,,,
,,,,,27794,3.0,3,,,,,,,,
,,,,,27797,3.0,3,,,,,,,,
,,,,,27800,3.0,3,,,,,,,,
,,,,,27803,3.0,3,,,,,,,,
,,,,,27806,3.0,3,,,,,,,,
,,,,,27812,6.0,6,,,,,,,,
,,,,,27815,3.0,3,,,,,,,,
,,,,,27818,3.0,3,,,,,,,,
,,,,,27821,3.0,3,,,,,,,,
,,,,,27824,3.0,3,,,,,,,,
,,,,,27827,3.0,3,,,,,,,,
,,,,,27830,3.0,3,,,,,,,,
,,,,,27834,4.0,4,,,,,,,,
,,,,,27837,3.0,3,,,,,,,,
,,,,,27841,4.0,4,,,,,,,,
,,,,,27844,3.0,3,,,,,,,,
,,,,,27847,3.0,3,,,,,,,,
,,,,,27851,4.0,4,,,,,,,,
,,,,,27854,3.0,3,,,,,,,,
,,,,,27857,3.0,3,,,,,,,,
,,,,,27862,5.0,5,,,,,,,,
,,,,,27865,3.0,3,,,,,,,,
,,,,,27868,3.0,3,,,,,,,,
,,,,,27872,4.0,4,,,,,,,,
,,,,,27875,3.0,3,,,,,,,,
,,,,,27878,3.0,3,,,,,,,,
,,,,,27881,3.0,3,,,,,,,,
,,,,,27884,3.0,3,,,,,,,,
,,,,,27887,3.0,3,,,,,,,,
,,,,,27890,3.0,3,,,,,,,,
,,,,,27893,3.0,3,,,,,,,,
,,,,,27896,3.0,3,,,,,,,,
,,,,,27899,3.0,3,,,,,,,,
,,,,,27902,3.0,3,,,,,,,,
,,,,,27905,3.0,3,,,,,,,,
,,,,,27908,3.0,3,,,,,,,,
,,,,,27911,3.0,3,,,,,,,,
,,,,,27914,3.0,3,,,,,,,,
,,,,,27917,3.0,3,,,,,,,,
,,,,,27920,3.0,3,,,,,,,,
,,,,,27923,3.0,3,,,,,,,,
,,,,,27926,3.0,3,,,,,,,,
,,,,,27929,3.0,3,,,,,,,,
,,,,,27932,3.0,3,,,,,,,,
,,,,,27935,3.0,3,,,,,,,,
,,,,,27941,6.0,6,,,,,,,,
,,,,,27944,3.0,3,,,,,,,,
,,,,,27947,3.0,3,,,,,,,,
,,,,,27950,3.0,3,,,,,,,,
,,,,,27953,3.0,3,,,,,,,,
,,,,,27956,3.0,3,,,,,,,,
,,,,,27959,3.0,3,,,,,,,,
,,,,,27962,3.0,3,,,,,,,,
,,,,,27965,3.0,3,,,,,,,,
,,,,,27968,3.0,3,,,,,,,,
,,,,,27971,3.0,3,,,,,,,,
,,,,,27974,3.0,3,,,,,,,,
,,,,,27977,3.0,3,,,,,,,,
,,,,,27980,3.0,3,,,,,,,,
,,,,,27983,3.0,3,,,,,,,,
,,,,,27986,3.0,3,,,,,,,,
,,,,,27989,3.0,3,,,,,,,,
,,,,,27994,5.0,5,,,,,,,,
,,,,,27997,3.0,3,,,,,,,,
,,,,,28000,3.0,3,,,,,,,,
,,,,,28000,,,0.12847231328487396,-1.2847230434417725,0.15073508024215698,2.3803024291992188,2.4079577922821045,0.0003,0.0003,0.1
,,,,,28003,3.0,3,,,,,,,,
,,,,,28006,3.0,3,,,,,,,,
,,,,,28009,3.0,3,,,,,,,,
,,,,,28012,3.0,3,,,,,,,,
,,,,,28015,3.0,3,,,,,,,,
,,,,,28018,3.0,3,,,,,,,,
,,,,,28021,3.0,3,,,,,,,,
,,,,,28024,3.0,3,,,,,,,,
,,,,,28027,3.0,3,,,,,,,,
,,,,,28030,3.0,3,,,,,,,,
,,,,,28033,3.0,3,,,,,,,,
,,,,,28036,3.0,3,,,,,,,,
,,,,,28039,3.0,3,,,,,,,,
,,,,,28042,3.0,3,,,,,,,,
,,,,,28045,3.0,3,,,,,,,,
,,,,,28048,3.0,3,,,,,,,,
,,,,,28051,3.0,3,,,,,,,,
,,,,,28054,3.0,3,,,,,,,,
,,,,,28057,3.0,3,,,,,,,,
,,,,,28060,3.0,3,,,,,,,,
,,,,,28067,7.0,7,,,,,,,,
,,,,,28070,3.0,3,,,,,,,,
,,,,,28073,3.0,3,,,,,,,,
,,,,,28076,3.0,3,,,,,,,,
,,,,,28079,3.0,3,,,,,,,,
,,,,,28082,3.0,3,,,,,,,,
,,,,,28085,3.0,3,,,,,,,,
,,,,,28088,3.0,3,,,,,,,,
,,,,,28091,3.0,3,,,,,,,,
,,,,,28096,5.0,5,,,,,,,,
,,,,,28099,3.0,3,,,,,,,,
,,,,,28104,5.0,5,,,,,,,,
,,,,,28107,3.0,3,,,,,,,,
,,,,,28110,3.0,3,,,,,,,,
,,,,,28113,3.0,3,,,,,,,,
,,,,,28116,3.0,3,,,,,,,,
,,,,,28119,3.0,3,,,,,,,,
,,,,,28122,3.0,3,,,,,,,,
,,,,,28125,3.0,3,,,,,,,,
,,,,,28128,3.0,3,,,,,,,,
,,,,,28131,3.0,3,,,,,,,,
,,,,,28135,4.0,4,,,,,,,,
,,,,,28138,3.0,3,,,,,,,,
,,,,,28141,3.0,3,,,,,,,,
,,,,,28145,4.0,4,,,,,,,,
,,,,,28148,3.0,3,,,,,,,,
,,,,,28151,3.0,3,,,,,,,,
,,,,,28154,3.0,3,,,,,,,,
,,,,,28157,3.0,3,,,,,,,,
,,,,,28160,3.0,3,,,,,,,,
,,,,,28163,3.0,3,,,,,,,,
,,,,,28166,3.0,3,,,,,,,,
,,,,,28172,6.0,6,,,,,,,,
,,,,,28175,3.0,3,,,,,,,,
,,,,,28178,3.0,3,,,,,,,,
,,,,,28181,3.0,3,,,,,,,,
,,,,,28184,3.0,3,,,,,,,,
,,,,,28187,3.0,3,,,,,,,,
,,,,,28190,3.0,3,,,,,,,,
,,,,,28193,3.0,3,,,,,,,,
,,,,,28196,3.0,3,,,,,,,,
,,,,,28199,3.0,3,,,,,,,,
,,,,,28202,3.0,3,,,,,,,,
,,,,,28205,3.0,3,,,,,,,,
,,,,,28208,3.0,3,,,,,,,,
,,,,,28211,3.0,3,,,,,,,,
,,,,,28214,3.0,3,,,,,,,,
,,,,,28217,3.0,3,,,,,,,,
,,,,,28220,3.0,3,,,,,,,,
,,,,,28223,3.0,3,,,,,,,,
,,,,,28227,4.0,4,,,,,,,,
,,,,,28230,3.0,3,,,,,,,,
,,,,,28233,3.0,3,,,,,,,,
,,,,,28238,5.0,5,,,,,,,,
,,,,,28241,3.0,3,,,,,,,,
,,,,,28244,3.0,3,,,,,,,,
,,,,,28249,5.0,5,,,,,,,,
,,,,,28252,3.0,3,,,,,,,,
,,,,,28255,3.0,3,,,,,,,,
,,,,,28261,6.0,6,,,,,,,,
,,,,,28264,3.0,3,,,,,,,,
,,,,,28272,8.0,8,,,,,,,,
,,,,,28275,3.0,3,,,,,,,,
,,,,,28278,3.0,3,,,,,,,,
,,,,,28281,3.0,3,,,,,,,,
,,,,,28288,7.0,7,,,,,,,,
,,,,,28291,3.0,3,,,,,,,,
,,,,,28295,4.0,4,,,,,,,,
,,,,,28299,4.0,4,,,,,,,,
,,,,,28302,3.0,3,,,,,,,,
,,,,,28305,3.0,3,,,,,,,,
,,,,,28308,3.0,3,,,,,,,,
,,,,,28312,4.0,4,,,,,,,,
,,,,,28315,3.0,3,,,,,,,,
,,,,,28318,3.0,3,,,,,,,,
,,,,,28321,3.0,3,,,,,,,,
,,,,,28324,3.0,3,,,,,,,,
,,,,,28328,4.0,4,,,,,,,,
,,,,,28331,3.0,3,,,,,,,,
,,,,,28334,3.0,3,,,,,,,,
,,,,,28337,3.0,3,,,,,,,,
,,,,,28340,3.0,3,,,,,,,,
,,,,,28343,3.0,3,,,,,,,,
,,,,,28348,5.0,5,,,,,,,,
,,,,,28351,3.0,3,,,,,,,,
,,,,,28354,3.0,3,,,,,,,,
,,,,,28357,3.0,3,,,,,,,,
,,,,,28360,3.0,3,,,,,,,,
,,,,,28363,3.0,3,,,,,,,,
,,,,,28367,4.0,4,,,,,,,,
,,,,,28370,3.0,3,,,,,,,,
,,,,,28373,3.0,3,,,,,,,,
,,,,,28376,3.0,3,,,,,,,,
,,,,,28379,3.0,3,,,,,,,,
,,,,,28382,3.0,3,,,,,,,,
,,,,,28387,5.0,5,,,,,,,,
,,,,,28390,3.0,3,,,,,,,,
,,,,,28393,3.0,3,,,,,,,,
,,,,,28396,3.0,3,,,,,,,,
,,,,,28399,3.0,3,,,,,,,,
,,,,,28402,3.0,3,,,,,,,,
,,,,,28405,3.0,3,,,,,,,,
,,,,,28408,3.0,3,,,,,,,,
,,,,,28415,7.0,7,,,,,,,,
,,,,,28420,5.0,5,,,,,,,,
,,,,,28423,3.0,3,,,,,,,,
,,,,,28426,3.0,3,,,,,,,,
,,,,,28429,3.0,3,,,,,,,,
,,,,,28432,3.0,3,,,,,,,,
,,,,,28435,3.0,3,,,,,,,,
,,,,,28438,3.0,3,,,,,,,,
,,,,,28441,3.0,3,,,,,,,,
,,,,,28444,3.0,3,,,,,,,,
,,,,,28448,4.0,4,,,,,,,,
,,,,,28451,3.0,3,,,,,,,,
,,,,,28454,3.0,3,,,,,,,,
,,,,,28457,3.0,3,,,,,,,,
,,,,,28460,3.0,3,,,,,,,,
,,,,,28463,3.0,3,,,,,,,,
,,,,,28466,3.0,3,,,,,,,,
,,,,,28469,3.0,3,,,,,,,,
,,,,,28474,5.0,5,,,,,,,,
,,,,,28479,5.0,5,,,,,,,,
,,,,,28482,3.0,3,,,,,,,,
,,,,,28485,3.0,3,,,,,,,,
,,,,,28488,3.0,3,,,,,,,,
,,,,,28491,3.0,3,,,,,,,,
,,,,,28494,3.0,3,,,,,,,,
,,,,,28497,3.0,3,,,,,,,,
,,,,,28500,3.0,3,,,,,,,,
,,,,,28503,3.0,3,,,,,,,,
,,,,,28506,3.0,3,,,,,,,,
,,,,,28511,5.0,5,,,,,,,,
,,,,,28522,11.0,11,,,,,,,,
,,,,,28526,4.0,4,,,,,,,,
,,,,,28530,4.0,4,,,,,,,,
,,,,,28533,3.0,3,,,,,,,,
,,,,,28541,8.0,8,,,,,,,,
,,,,,28544,3.0,3,,,,,,,,
,,,,,28547,3.0,3,,,,,,,,
,,,,,28550,3.0,3,,,,,,,,
,,,,,28553,3.0,3,,,,,,,,
,,,,,28556,3.0,3,,,,,,,,
,,,,,28559,3.0,3,,,,,,,,
,,,,,28562,3.0,3,,,,,,,,
,,,,,28565,3.0,3,,,,,,,,
,,,,,28569,4.0,4,,,,,,,,
,,,,,28572,3.0,3,,,,,,,,
,,,,,28575,3.0,3,,,,,,,,
,,,,,28578,3.0,3,,,,,,,,
,,,,,28581,3.0,3,,,,,,,,
,,,,,28584,3.0,3,,,,,,,,
,,,,,28588,4.0,4,,,,,,,,
,,,,,28593,5.0,5,,,,,,,,
,,,,,28598,5.0,5,,,,,,,,
,,,,,28601,3.0,3,,,,,,,,
,,,,,28604,3.0,3,,,,,,,,
,,,,,28607,3.0,3,,,,,,,,
,,,,,28610,3.0,3,,,,,,,,
,,,,,28613,3.0,3,,,,,,,,
,,,,,28616,3.0,3,,,,,,,,
,,,,,28619,3.0,3,,,,,,,,
,,,,,28622,3.0,3,,,,,,,,
,,,,,28625,3.0,3,,,,,,,,
,,,,,28628,3.0,3,,,,,,,,
,,,,,28633,5.0,5,,,,,,,,
,,,,,28637,4.0,4,,,,,,,,
,,,,,28640,3.0,3,,,,,,,,
,,,,,28643,3.0,3,,,,,,,,
,,,,,28646,3.0,3,,,,,,,,
,,,,,28649,3.0,3,,,,,,,,
,,,,,28653,4.0,4,,,,,,,,
,,,,,28657,4.0,4,,,,,,,,
,,,,,28662,5.0,5,,,,,,,,
,,,,,28665,3.0,3,,,,,,,,
,,,,,28668,3.0,3,,,,,,,,
,,,,,28671,3.0,3,,,,,,,,
,,,,,28674,3.0,3,,,,,,,,
,,,,,28677,3.0,3,,,,,,,,
,,,,,28680,3.0,3,,,,,,,,
,,,,,28683,3.0,3,,,,,,,,
,,,,,28686,3.0,3,,,,,,,,
,,,,,28689,3.0,3,,,,,,,,
,,,,,28692,3.0,3,,,,,,,,
,,,,,28698,6.0,6,,,,,,,,
,,,,,28702,4.0,4,,,,,,,,
,,,,,28705,3.0,3,,,,,,,,
,,,,,28708,3.0,3,,,,,,,,
,,,,,28712,4.0,4,,,,,,,,
,,,,,28715,3.0,3,,,,,,,,
,,,,,28718,3.0,3,,,,,,,,
,,,,,28721,3.0,3,,,,,,,,
,,,,,28724,3.0,3,,,,,,,,
,,,,,28727,3.0,3,,,,,,,,
,,,,,28730,3.0,3,,,,,,,,
,,,,,28733,3.0,3,,,,,,,,
,,,,,28736,3.0,3,,,,,,,,
,,,,,28739,3.0,3,,,,,,,,
,,,,,28742,3.0,3,,,,,,,,
,,,,,28746,4.0,4,,,,,,,,
,,,,,28749,3.0,3,,,,,,,,
,,,,,28752,3.0,3,,,,,,,,
,,,,,28755,3.0,3,,,,,,,,
,,,,,28758,3.0,3,,,,,,,,
,,,,,28761,3.0,3,,,,,,,,
,,,,,28764,3.0,3,,,,,,,,
,,,,,28767,3.0,3,,,,,,,,
,,,,,28770,3.0,3,,,,,,,,
,,,,,28773,3.0,3,,,,,,,,
,,,,,28776,3.0,3,,,,,,,,
,,,,,28779,3.0,3,,,,,,,,
,,,,,28782,3.0,3,,,,,,,,
,,,,,28785,3.0,3,,,,,,,,
,,,,,28788,3.0,3,,,,,,,,
,,,,,28791,3.0,3,,,,,,,,
,,,,,28794,3.0,3,,,,,,,,
,,,,,28797,3.0,3,,,,,,,,
,,,,,28800,3.0,3,,,,,,,,
,,,,,28803,3.0,3,,,,,,,,
,,,,,28810,7.0,7,,,,,,,,
,,,,,28813,3.0,3,,,,,,,,
,,,,,28816,3.0,3,,,,,,,,
,,,,,28819,3.0,3,,,,,,,,
,,,,,28822,3.0,3,,,,,,,,
,,,,,28825,3.0,3,,,,,,,,
,,,,,28828,3.0,3,,,,,,,,
,,,,,28831,3.0,3,,,,,,,,
,,,,,28834,3.0,3,,,,,,,,
,,,,,28837,3.0,3,,,,,,,,
,,,,,28840,3.0,3,,,,,,,,
,,,,,28843,3.0,3,,,,,,,,
,,,,,28846,3.0,3,,,,,,,,
,,,,,28849,3.0,3,,,,,,,,
,,,,,28852,3.0,3,,,,,,,,
,,,,,28855,3.0,3,,,,,,,,
,,,,,28858,3.0,3,,,,,,,,
,,,,,28861,3.0,3,,,,,,,,
,,,,,28864,3.0,3,,,,,,,,
,,,,,28867,3.0,3,,,,,,,,
,,,,,28870,3.0,3,,,,,,,,
,,,,,28873,3.0,3,,,,,,,,
,,,,,28876,3.0,3,,,,,,,,
,,,,,28879,3.0,3,,,,,,,,
,,,,,28882,3.0,3,,,,,,,,
,,,,,28889,7.0,7,,,,,,,,
,,,,,28892,3.0,3,,,,,,,,
,,,,,28896,4.0,4,,,,,,,,
,,,,,28899,3.0,3,,,,,,,,
,,,,,28902,3.0,3,,,,,,,,
,,,,,28906,4.0,4,,,,,,,,
,,,,,28909,3.0,3,,,,,,,,
,,,,,28913,4.0,4,,,,,,,,
,,,,,28916,3.0,3,,,,,,,,
,,,,,28919,3.0,3,,,,,,,,
,,,,,28923,4.0,4,,,,,,,,
,,,,,28926,3.0,3,,,,,,,,
,,,,,28929,3.0,3,,,,,,,,
,,,,,28932,3.0,3,,,,,,,,
,,,,,28935,3.0,3,,,,,,,,
,,,,,28938,3.0,3,,,,,,,,
,,,,,28941,3.0,3,,,,,,,,
,,,,,28944,3.0,3,,,,,,,,
,,,,,28947,3.0,3,,,,,,,,
,,,,,28950,3.0,3,,,,,,,,
,,,,,28953,3.0,3,,,,,,,,
,,,,,28956,3.0,3,,,,,,,,
,,,,,28959,3.0,3,,,,,,,,
,,,,,28962,3.0,3,,,,,,,,
,,,,,28965,3.0,3,,,,,,,,
,,,,,28968,3.0,3,,,,,,,,
,,,,,28971,3.0,3,,,,,,,,
,,,,,28974,3.0,3,,,,,,,,
,,,,,28977,3.0,3,,,,,,,,
,,,,,28982,5.0,5,,,,,,,,
,,,,,28985,3.0,3,,,,,,,,
,,,,,28988,3.0,3,,,,,,,,
,,,,,28991,3.0,3,,,,,,,,
,,,,,28994,3.0,3,,,,,,,,
,,,,,28998,4.0,4,,,,,,,,
,,,,,29000,,,0.09602784365415573,-0.9602783918380737,0.2311716079711914,2.4481964111328125,2.461038589477539,0.0003,0.0003,0.1
,,,,,29001,3.0,3,,,,,,,,
,,,,,29005,4.0,4,,,,,,,,
,,,,,29008,3.0,3,,,,,,,,
,,,,,29011,3.0,3,,,,,,,,
,,,,,29014,3.0,3,,,,,,,,
,,,,,29017,3.0,3,,,,,,,,
,,,,,29020,3.0,3,,,,,,,,
,,,,,29023,3.0,3,,,,,,,,
,,,,,29026,3.0,3,,,,,,,,
,,,,,29029,3.0,3,,,,,,,,
,,,,,29032,3.0,3,,,,,,,,
,,,,,29035,3.0,3,,,,,,,,
,,,,,29038,3.0,3,,,,,,,,
,,,,,29041,3.0,3,,,,,,,,
,,,,,29044,3.0,3,,,,,,,,
,,,,,29049,5.0,5,,,,,,,,
,,,,,29052,3.0,3,,,,,,,,
,,,,,29055,3.0,3,,,,,,,,
,,,,,29059,4.0,4,,,,,,,,
,,,,,29062,3.0,3,,,,,,,,
,,,,,29065,3.0,3,,,,,,,,
,,,,,29068,3.0,3,,,,,,,,
,,,,,29071,3.0,3,,,,,,,,
,,,,,29074,3.0,3,,,,,,,,
,,,,,29077,3.0,3,,,,,,,,
,,,,,29080,3.0,3,,,,,,,,
,,,,,29083,3.0,3,,,,,,,,
,,,,,29086,3.0,3,,,,,,,,
,,,,,29089,3.0,3,,,,,,,,
,,,,,29094,5.0,5,,,,,,,,
,,,,,29097,3.0,3,,,,,,,,
,,,,,29100,3.0,3,,,,,,,,
,,,,,29103,3.0,3,,,,,,,,
,,,,,29106,3.0,3,,,,,,,,
,,,,,29109,3.0,3,,,,,,,,
,,,,,29112,3.0,3,,,,,,,,
,,,,,29115,3.0,3,,,,,,,,
,,,,,29118,3.0,3,,,,,,,,
,,,,,29121,3.0,3,,,,,,,,
,,,,,29124,3.0,3,,,,,,,,
,,,,,29127,3.0,3,,,,,,,,
,,,,,29130,3.0,3,,,,,,,,
,,,,,29135,5.0,5,,,,,,,,
,,,,,29139,4.0,4,,,,,,,,
,,,,,29142,3.0,3,,,,,,,,
,,,,,29145,3.0,3,,,,,,,,
,,,,,29148,3.0,3,,,,,,,,
,,,,,29152,4.0,4,,,,,,,,
,,,,,29155,3.0,3,,,,,,,,
,,,,,29158,3.0,3,,,,,,,,
,,,,,29161,3.0,3,,,,,,,,
,,,,,29164,3.0,3,,,,,,,,
,,,,,29167,3.0,3,,,,,,,,
,,,,,29170,3.0,3,,,,,,,,
,,,,,29173,3.0,3,,,,,,,,
,,,,,29176,3.0,3,,,,,,,,
,,,,,29179,3.0,3,,,,,,,,
,,,,,29182,3.0,3,,,,,,,,
,,,,,29185,3.0,3,,,,,,,,
,,,,,29188,3.0,3,,,,,,,,
,,,,,29191,3.0,3,,,,,,,,
,,,,,29194,3.0,3,,,,,,,,
,,,,,29197,3.0,3,,,,,,,,
,,,,,29200,3.0,3,,,,,,,,
,,,,,29203,3.0,3,,,,,,,,
,,,,,29206,3.0,3,,,,,,,,
,,,,,29209,3.0,3,,,,,,,,
,,,,,29212,3.0,3,,,,,,,,
,,,,,29215,3.0,3,,,,,,,,
,,,,,29221,6.0,6,,,,,,,,
,,,,,29224,3.0,3,,,,,,,,
,,,,,29227,3.0,3,,,,,,,,
,,,,,29230,3.0,3,,,,,,,,
,,,,,29233,3.0,3,,,,,,,,
,,,,,29236,3.0,3,,,,,,,,
,,,,,29239,3.0,3,,,,,,,,
,,,,,29242,3.0,3,,,,,,,,
,,,,,29245,3.0,3,,,,,,,,
,,,,,29248,3.0,3,,,,,,,,
,,,,,29251,3.0,3,,,,,,,,
,,,,,29254,3.0,3,,,,,,,,
,,,,,29257,3.0,3,,,,,,,,
,,,,,29262,5.0,5,,,,,,,,
,,,,,29268,6.0,6,,,,,,,,
,,,,,29271,3.0,3,,,,,,,,
,,,,,29274,3.0,3,,,,,,,,
,,,,,29277,3.0,3,,,,,,,,
,,,,,29280,3.0,3,,,,,,,,
,,,,,29283,3.0,3,,,,,,,,
,,,,,29286,3.0,3,,,,,,,,
,,,,,29290,4.0,4,,,,,,,,
,,,,,29293,3.0,3,,,,,,,,
,,,,,29296,3.0,3,,,,,,,,
,,,,,29299,3.0,3,,,,,,,,
,,,,,29302,3.0,3,,,,,,,,
,,,,,29305,3.0,3,,,,,,,,
,,,,,29308,3.0,3,,,,,,,,
,,,,,29311,3.0,3,,,,,,,,
,,,,,29314,3.0,3,,,,,,,,
,,,,,29317,3.0,3,,,,,,,,
,,,,,29320,3.0,3,,,,,,,,
,,,,,29323,3.0,3,,,,,,,,
,,,,,29326,3.0,3,,,,,,,,
,,,,,29329,3.0,3,,,,,,,,
,,,,,29332,3.0,3,,,,,,,,
,,,,,29336,4.0,4,,,,,,,,
,,,,,29339,3.0,3,,,,,,,,
,,,,,29342,3.0,3,,,,,,,,
,,,,,29345,3.0,3,,,,,,,,
,,,,,29348,3.0,3,,,,,,,,
,,,,,29352,4.0,4,,,,,,,,
,,,,,29355,3.0,3,,,,,,,,
,,,,,29358,3.0,3,,,,,,,,
,,,,,29361,3.0,3,,,,,,,,
,,,,,29365,4.0,4,,,,,,,,
,,,,,29368,3.0,3,,,,,,,,
,,,,,29371,3.0,3,,,,,,,,
,,,,,29374,3.0,3,,,,,,,,
,,,,,29377,3.0,3,,,,,,,,
,,,,,29380,3.0,3,,,,,,,,
,,,,,29383,3.0,3,,,,,,,,
,,,,,29386,3.0,3,,,,,,,,
,,,,,29390,4.0,4,,,,,,,,
,,,,,29393,3.0,3,,,,,,,,
,,,,,29396,3.0,3,,,,,,,,
,,,,,29399,3.0,3,,,,,,,,
,,,,,29402,3.0,3,,,,,,,,
,,,,,29405,3.0,3,,,,,,,,
,,,,,29408,3.0,3,,,,,,,,
,,,,,29411,3.0,3,,,,,,,,
,,,,,29414,3.0,3,,,,,,,,
,,,,,29417,3.0,3,,,,,,,,
,,,,,29420,3.0,3,,,,,,,,
,,,,,29426,6.0,6,,,,,,,,
,,,,,29429,3.0,3,,,,,,,,
,,,,,29432,3.0,3,,,,,,,,
,,,,,29436,4.0,4,,,,,,,,
,,,,,29439,3.0,3,,,,,,,,
,,,,,29443,4.0,4,,,,,,,,
,,,,,29446,3.0,3,,,,,,,,
,,,,,29449,3.0,3,,,,,,,,
,,,,,29452,3.0,3,,,,,,,,
,,,,,29455,3.0,3,,,,,,,,
,,,,,29458,3.0,3,,,,,,,,
,,,,,29461,3.0,3,,,,,,,,
,,,,,29467,6.0,6,,,,,,,,
,,,,,29470,3.0,3,,,,,,,,
,,,,,29473,3.0,3,,,,,,,,
,,,,,29477,4.0,4,,,,,,,,
,,,,,29480,3.0,3,,,,,,,,
,,,,,29484,4.0,4,,,,,,,,
,,,,,29487,3.0,3,,,,,,,,
,,,,,29490,3.0,3,,,,,,,,
,,,,,29493,3.0,3,,,,,,,,
,,,,,29496,3.0,3,,,,,,,,
,,,,,29499,3.0,3,,,,,,,,
,,,,,29504,5.0,5,,,,,,,,
,,,,,29507,3.0,3,,,,,,,,
,,,,,29510,3.0,3,,,,,,,,
,,,,,29514,4.0,4,,,,,,,,
,,,,,29517,3.0,3,,,,,,,,
,,,,,29523,6.0,6,,,,,,,,
,,,,,29526,3.0,3,,,,,,,,
,,,,,29530,4.0,4,,,,,,,,
,,,,,29533,3.0,3,,,,,,,,
,,,,,29537,4.0,4,,,,,,,,
,,,,,29540,3.0,3,,,,,,,,
,,,,,29543,3.0,3,,,,,,,,
,,,,,29546,3.0,3,,,,,,,,
,,,,,29549,3.0,3,,,,,,,,
,,,,,29552,3.0,3,,,,,,,,
,,,,,29555,3.0,3,,,,,,,,
,,,,,29558,3.0,3,,,,,,,,
,,,,,29561,3.0,3,,,,,,,,
,,,,,29564,3.0,3,,,,,,,,
,,,,,29567,3.0,3,,,,,,,,
,,,,,29571,4.0,4,,,,,,,,
,,,,,29574,3.0,3,,,,,,,,
,,,,,29577,3.0,3,,,,,,,,
,,,,,29580,3.0,3,,,,,,,,
,,,,,29585,5.0,5,,,,,,,,
,,,,,29588,3.0,3,,,,,,,,
,,,,,29593,5.0,5,,,,,,,,
,,,,,29597,4.0,4,,,,,,,,
,,,,,29601,4.0,4,,,,,,,,
,,,,,29604,3.0,3,,,,,,,,
,,,,,29607,3.0,3,,,,,,,,
,,,,,29610,3.0,3,,,,,,,,
,,,,,29613,3.0,3,,,,,,,,
,,,,,29616,3.0,3,,,,,,,,
,,,,,29619,3.0,3,,,,,,,,
,,,,,29622,3.0,3,,,,,,,,
,,,,,29625,3.0,3,,,,,,,,
,,,,,29628,3.0,3,,,,,,,,
,,,,,29631,3.0,3,,,,,,,,
,,,,,29636,5.0,5,,,,,,,,
,,,,,29640,4.0,4,,,,,,,,
,,,,,29643,3.0,3,,,,,,,,
,,,,,29646,3.0,3,,,,,,,,
,,,,,29649,3.0,3,,,,,,,,
,,,,,29653,4.0,4,,,,,,,,
,,,,,29656,3.0,3,,,,,,,,
,,,,,29659,3.0,3,,,,,,,,
,,,,,29662,3.0,3,,,,,,,,
,,,,,29666,4.0,4,,,,,,,,
,,,,,29669,3.0,3,,,,,,,,
,,,,,29672,3.0,3,,,,,,,,
,,,,,29675,3.0,3,,,,,,,,
,,,,,29679,4.0,4,,,,,,,,
,,,,,29682,3.0,3,,,,,,,,
,,,,,29685,3.0,3,,,,,,,,
,,,,,29689,4.0,4,,,,,,,,
,,,,,29692,3.0,3,,,,,,,,
,,,,,29695,3.0,3,,,,,,,,
,,,,,29700,5.0,5,,,,,,,,
,,,,,29703,3.0,3,,,,,,,,
,,,,,29707,4.0,4,,,,,,,,
,,,,,29710,3.0,3,,,,,,,,
,,,,,29713,3.0,3,,,,,,,,
,,,,,29716,3.0,3,,,,,,,,
,,,,,29719,3.0,3,,,,,,,,
,,,,,29722,3.0,3,,,,,,,,
,,,,,29725,3.0,3,,,,,,,,
,,,,,29730,5.0,5,,,,,,,,
,,,,,29733,3.0,3,,,,,,,,
,,,,,29736,3.0,3,,,,,,,,
,,,,,29739,3.0,3,,,,,,,,
,,,,,29742,3.0,3,,,,,,,,
,,,,,29745,3.0,3,,,,,,,,
,,,,,29748,3.0,3,,,,,,,,
,,,,,29751,3.0,3,,,,,,,,
,,,,,29754,3.0,3,,,,,,,,
,,,,,29757,3.0,3,,,,,,,,
,,,,,29760,3.0,3,,,,,,,,
,,,,,29763,3.0,3,,,,,,,,
,,,,,29766,3.0,3,,,,,,,,
,,,,,29769,3.0,3,,,,,,,,
,,,,,29775,6.0,6,,,,,,,,
,,,,,29778,3.0,3,,,,,,,,
,,,,,29781,3.0,3,,,,,,,,
,,,,,29784,3.0,3,,,,,,,,
,,,,,29787,3.0,3,,,,,,,,
,,,,,29790,3.0,3,,,,,,,,
,,,,,29793,3.0,3,,,,,,,,
,,,,,29796,3.0,3,,,,,,,,
,,,,,29799,3.0,3,,,,,,,,
,,,,,29802,3.0,3,,,,,,,,
,,,,,29805,3.0,3,,,,,,,,
,,,,,29808,3.0,3,,,,,,,,
,,,,,29811,3.0,3,,,,,,,,
,,,,,29814,3.0,3,,,,,,,,
,,,,,29817,3.0,3,,,,,,,,
,,,,,29820,3.0,3,,,,,,,,
,,,,,29823,3.0,3,,,,,,,,
,,,,,29826,3.0,3,,,,,,,,
,,,,,29829,3.0,3,,,,,,,,
,,,,,29832,3.0,3,,,,,,,,
,,,,,29836,4.0,4,,,,,,,,
,,,,,29840,4.0,4,,,,,,,,
,,,,,29843,3.0,3,,,,,,,,
,,,,,29846,3.0,3,,,,,,,,
,,,,,29850,4.0,4,,,,,,,,
,,,,,29853,3.0,3,,,,,,,,
,,,,,29856,3.0,3,,,,,,,,
,,,,,29859,3.0,3,,,,,,,,
,,,,,29862,3.0,3,,,,,,,,
,,,,,29865,3.0,3,,,,,,,,
,,,,,29869,4.0,4,,,,,,,,
,,,,,29872,3.0,3,,,,,,,,
,,,,,29875,3.0,3,,,,,,,,
,,,,,29878,3.0,3,,,,,,,,
,,,,,29881,3.0,3,,,,,,,,
,,,,,29884,3.0,3,,,,,,,,
,,,,,29888,4.0,4,,,,,,,,
,,,,,29891,3.0,3,,,,,,,,
,,,,,29895,4.0,4,,,,,,,,
,,,,,29898,3.0,3,,,,,,,,
,,,,,29901,3.0,3,,,,,,,,
,,,,,29904,3.0,3,,,,,,,,
,,,,,29907,3.0,3,,,,,,,,
,,,,,29910,3.0,3,,,,,,,,
,,,,,29913,3.0,3,,,,,,,,
,,,,,29916,3.0,3,,,,,,,,
,,,,,29919,3.0,3,,,,,,,,
,,,,,29922,3.0,3,,,,,,,,
,,,,,29925,3.0,3,,,,,,,,
,,,,,29928,3.0,3,,,,,,,,
,,,,,29931,3.0,3,,,,,,,,
,,,,,29935,4.0,4,,,,,,,,
,,,,,29938,3.0,3,,,,,,,,
,,,,,29941,3.0,3,,,,,,,,
,,,,,29944,3.0,3,,,,,,,,
,,,,,29947,3.0,3,,,,,,,,
,,,,,29950,3.0,3,,,,,,,,
,,,,,29953,3.0,3,,,,,,,,
,,,,,29956,3.0,3,,,,,,,,
,,,,,29959,3.0,3,,,,,,,,
,,,,,29962,3.0,3,,,,,,,,
,,,,,29965,3.0,3,,,,,,,,
,,,,,29969,4.0,4,,,,,,,,
,,,,,29973,4.0,4,,,,,,,,
,,,,,29976,3.0,3,,,,,,,,
,,,,,29979,3.0,3,,,,,,,,
,,,,,29982,3.0,3,,,,,,,,
,,,,,29985,3.0,3,,,,,,,,
,,,,,29989,4.0,4,,,,,,,,
,,,,,29992,3.0,3,,,,,,,,
,,,,,29995,3.0,3,,,,,,,,
,,,,,30000,5.0,5,,,,,,,,
3.1,0.3,4.0,3.0,3.1,30000,,,0.10307200253009796,-1.0307199954986572,0.1873367577791214,2.388646125793457,2.3852217197418213,0.0003,0.0003,0.1
,,,,,30003,3.0,3,,,,,,,,
,,,,,30006,3.0,3,,,,,,,,
,,,,,30009,3.0,3,,,,,,,,
,,,,,30012,3.0,3,,,,,,,,
,,,,,30015,3.0,3,,,,,,,,
,,,,,30018,3.0,3,,,,,,,,
,,,,,30022,4.0,4,,,,,,,,
,,,,,30025,3.0,3,,,,,,,,
,,,,,30028,3.0,3,,,,,,,,
,,,,,30031,3.0,3,,,,,,,,
,,,,,30035,4.0,4,,,,,,,,
,,,,,30038,3.0,3,,,,,,,,
,,,,,30041,3.0,3,,,,,,,,
,,,,,30044,3.0,3,,,,,,,,
,,,,,30047,3.0,3,,,,,,,,
,,,,,30050,3.0,3,,,,,,,,
,,,,,30053,3.0,3,,,,,,,,
,,,,,30056,3.0,3,,,,,,,,
,,,,,30059,3.0,3,,,,,,,,
,,,,,30062,3.0,3,,,,,,,,
,,,,,30065,3.0,3,,,,,,,,
,,,,,30068,3.0,3,,,,,,,,
,,,,,30071,3.0,3,,,,,,,,
,,,,,30074,3.0,3,,,,,,,,
,,,,,30077,3.0,3,,,,,,,,
,,,,,30080,3.0,3,,,,,,,,
,,,,,30084,4.0,4,,,,,,,,
,,,,,30088,4.0,4,,,,,,,,
,,,,,30092,4.0,4,,,,,,,,
,,,,,30095,3.0,3,,,,,,,,
,,,,,30098,3.0,3,,,,,,,,
,,,,,30101,3.0,3,,,,,,,,
,,,,,30104,3.0,3,,,,,,,,
,,,,,30107,3.0,3,,,,,,,,
,,,,,30110,3.0,3,,,,,,,,
,,,,,30114,4.0,4,,,,,,,,
,,,,,30117,3.0,3,,,,,,,,
,,,,,30120,3.0,3,,,,,,,,
,,,,,30123,3.0,3,,,,,,,,
,,,,,30126,3.0,3,,,,,,,,
,,,,,30129,3.0,3,,,,,,,,
,,,,,30132,3.0,3,,,,,,,,
,,,,,30135,3.0,3,,,,,,,,
,,,,,30138,3.0,3,,,,,,,,
,,,,,30141,3.0,3,,,,,,,,
,,,,,30144,3.0,3,,,,,,,,
,,,,,30147,3.0,3,,,,,,,,
,,,,,30150,3.0,3,,,,,,,,
,,,,,30153,3.0,3,,,,,,,,
,,,,,30157,4.0,4,,,,,,,,
,,,,,30162,5.0,5,,,,,,,,
,,,,,30165,3.0,3,,,,,,,,
,,,,,30168,3.0,3,,,,,,,,
,,,,,30171,3.0,3,,,,,,,,
,,,,,30175,4.0,4,,,,,,,,
,,,,,30178,3.0,3,,,,,,,,
,,,,,30182,4.0,4,,,,,,,,
,,,,,30185,3.0,3,,,,,,,,
,,,,,30188,3.0,3,,,,,,,,
,,,,,30191,3.0,3,,,,,,,,
,,,,,30194,3.0,3,,,,,,,,
,,,,,30197,3.0,3,,,,,,,,
,,,,,30200,3.0,3,,,,,,,,
,,,,,30203,3.0,3,,,,,,,,
,,,,,30206,3.0,3,,,,,,,,
,,,,,30209,3.0,3,,,,,,,,
,,,,,30212,3.0,3,,,,,,,,
,,,,,30215,3.0,3,,,,,,,,
,,,,,30218,3.0,3,,,,,,,,
,,,,,30221,3.0,3,,,,,,,,
,,,,,30225,4.0,4,,,,,,,,
,,,,,30228,3.0,3,,,,,,,,
,,,,,30231,3.0,3,,,,,,,,
,,,,,30234,3.0,3,,,,,,,,
,,,,,30237,3.0,3,,,,,,,,
,,,,,30240,3.0,3,,,,,,,,
,,,,,30243,3.0,3,,,,,,,,
,,,,,30247,4.0,4,,,,,,,,
,,,,,30253,6.0,6,,,,,,,,
,,,,,30256,3.0,3,,,,,,,,
,,,,,30259,3.0,3,,,,,,,,
,,,,,30262,3.0,3,,,,,,,,
,,,,,30265,3.0,3,,,,,,,,
,,,,,30268,3.0,3,,,,,,,,
,,,,,30271,3.0,3,,,,,,,,
,,,,,30274,3.0,3,,,,,,,,
,,,,,30277,3.0,3,,,,,,,,
,,,,,30280,3.0,3,,,,,,,,
,,,,,30283,3.0,3,,,,,,,,
,,,,,30286,3.0,3,,,,,,,,
,,,,,30289,3.0,3,,,,,,,,
,,,,,30292,3.0,3,,,,,,,,
,,,,,30295,3.0,3,,,,,,,,
,,,,,30298,3.0,3,,,,,,,,
,,,,,30301,3.0,3,,,,,,,,
,,,,,30306,5.0,5,,,,,,,,
,,,,,30309,3.0,3,,,,,,,,
,,,,,30312,3.0,3,,,,,,,,
,,,,,30315,3.0,3,,,,,,,,
,,,,,30319,4.0,4,,,,,,,,
,,,,,30322,3.0,3,,,,,,,,
,,,,,30325,3.0,3,,,,,,,,
,,,,,30328,3.0,3,,,,,,,,
,,,,,30331,3.0,3,,,,,,,,
,,,,,30334,3.0,3,,,,,,,,
,,,,,30337,3.0,3,,,,,,,,
,,,,,30340,3.0,3,,,,,,,,
,,,,,30343,3.0,3,,,,,,,,
,,,,,30346,3.0,3,,,,,,,,
,,,,,30351,5.0,5,,,,,,,,
,,,,,30354,3.0,3,,,,,,,,
,,,,,30357,3.0,3,,,,,,,,
,,,,,30360,3.0,3,,,,,,,,
,,,,,30365,5.0,5,,,,,,,,
,,,,,30368,3.0,3,,,,,,,,
,,,,,30371,3.0,3,,,,,,,,
,,,,,30374,3.0,3,,,,,,,,
,,,,,30377,3.0,3,,,,,,,,
,,,,,30380,3.0,3,,,,,,,,
,,,,,30383,3.0,3,,,,,,,,
,,,,,30387,4.0,4,,,,,,,,
,,,,,30390,3.0,3,,,,,,,,
,,,,,30393,3.0,3,,,,,,,,
,,,,,30396,3.0,3,,,,,,,,
,,,,,30399,3.0,3,,,,,,,,
,,,,,30402,3.0,3,,,,,,,,
,,,,,30408,6.0,6,,,,,,,,
,,,,,30417,9.0,9,,,,,,,,
,,,,,30420,3.0,3,,,,,,,,
,,,,,30423,3.0,3,,,,,,,,
,,,,,30426,3.0,3,,,,,,,,
,,,,,30429,3.0,3,,,,,,,,
,,,,,30432,3.0,3,,,,,,,,
,,,,,30438,6.0,6,,,,,,,,
,,,,,30441,3.0,3,,,,,,,,
,,,,,30444,3.0,3,,,,,,,,
,,,,,30447,3.0,3,,,,,,,,
,,,,,30450,3.0,3,,,,,,,,
,,,,,30453,3.0,3,,,,,,,,
,,,,,30456,3.0,3,,,,,,,,
,,,,,30459,3.0,3,,,,,,,,
,,,,,30462,3.0,3,,,,,,,,
,,,,,30465,3.0,3,,,,,,,,
,,,,,30468,3.0,3,,,,,,,,
,,,,,30472,4.0,4,,,,,,,,
,,,,,30475,3.0,3,,,,,,,,
,,,,,30479,4.0,4,,,,,,,,
,,,,,30482,3.0,3,,,,,,,,
,,,,,30485,3.0,3,,,,,,,,
,,,,,30489,4.0,4,,,,,,,,
,,,,,30492,3.0,3,,,,,,,,
,,,,,30497,5.0,5,,,,,,,,
,,,,,30500,3.0,3,,,,,,,,
,,,,,30503,3.0,3,,,,,,,,
,,,,,30507,4.0,4,,,,,,,,
,,,,,30510,3.0,3,,,,,,,,
,,,,,30513,3.0,3,,,,,,,,
,,,,,30517,4.0,4,,,,,,,,
,,,,,30520,3.0,3,,,,,,,,
,,,,,30523,3.0,3,,,,,,,,
,,,,,30526,3.0,3,,,,,,,,
,,,,,30529,3.0,3,,,,,,,,
,,,,,30532,3.0,3,,,,,,,,
,,,,,30535,3.0,3,,,,,,,,
,,,,,30538,3.0,3,,,,,,,,
,,,,,30541,3.0,3,,,,,,,,
,,,,,30544,3.0,3,,,,,,,,
,,,,,30547,3.0,3,,,,,,,,
,,,,,30550,3.0,3,,,,,,,,
,,,,,30554,4.0,4,,,,,,,,
,,,,,30557,3.0,3,,,,,,,,
,,,,,30560,3.0,3,,,,,,,,
,,,,,30563,3.0,3,,,,,,,,
,,,,,30566,3.0,3,,,,,,,,
,,,,,30569,3.0,3,,,,,,,,
,,,,,30572,3.0,3,,,,,,,,
,,,,,30575,3.0,3,,,,,,,,
,,,,,30579,4.0,4,,,,,,,,
,,,,,30582,3.0,3,,,,,,,,
,,,,,30585,3.0,3,,,,,,,,
,,,,,30588,3.0,3,,,,,,,,
,,,,,30591,3.0,3,,,,,,,,
,,,,,30594,3.0,3,,,,,,,,
,,,,,30597,3.0,3,,,,,,,,
,,,,,30600,3.0,3,,,,,,,,
,,,,,30603,3.0,3,,,,,,,,
,,,,,30606,3.0,3,,,,,,,,
,,,,,30609,3.0,3,,,,,,,,
,,,,,30612,3.0,3,,,,,,,,
,,,,,30615,3.0,3,,,,,,,,
,,,,,30618,3.0,3,,,,,,,,
,,,,,30622,4.0,4,,,,,,,,
,,,,,30627,5.0,5,,,,,,,,
,,,,,30630,3.0,3,,,,,,,,
,,,,,30633,3.0,3,,,,,,,,
,,,,,30637,4.0,4,,,,,,,,
,,,,,30640,3.0,3,,,,,,,,
,,,,,30643,3.0,3,,,,,,,,
,,,,,30646,3.0,3,,,,,,,,
,,,,,30649,3.0,3,,,,,,,,
,,,,,30652,3.0,3,,,,,,,,
,,,,,30656,4.0,4,,,,,,,,
,,,,,30659,3.0,3,,,,,,,,
,,,,,30662,3.0,3,,,,,,,,
,,,,,30665,3.0,3,,,,,,,,
,,,,,30668,3.0,3,,,,,,,,
,,,,,30671,3.0,3,,,,,,,,
,,,,,30674,3.0,3,,,,,,,,
,,,,,30677,3.0,3,,,,,,,,
,,,,,30680,3.0,3,,,,,,,,
,,,,,30683,3.0,3,,,,,,,,
,,,,,30686,3.0,3,,,,,,,,
,,,,,30689,3.0,3,,,,,,,,
,,,,,30692,3.0,3,,,,,,,,
,,,,,30695,3.0,3,,,,,,,,
,,,,,30698,3.0,3,,,,,,,,
,,,,,30701,3.0,3,,,,,,,,
,,,,,30704,3.0,3,,,,,,,,
,,,,,30707,3.0,3,,,,,,,,
,,,,,30710,3.0,3,,,,,,,,
,,,,,30715,5.0,5,,,,,,,,
,,,,,30718,3.0,3,,,,,,,,
,,,,,30722,4.0,4,,,,,,,,
,,,,,30726,4.0,4,,,,,,,,
,,,,,30729,3.0,3,,,,,,,,
,,,,,30734,5.0,5,,,,,,,,
,,,,,30738,4.0,4,,,,,,,,
,,,,,30741,3.0,3,,,,,,,,
,,,,,30744,3.0,3,,,,,,,,
,,,,,30747,3.0,3,,,,,,,,
,,,,,30750,3.0,3,,,,,,,,
,,,,,30755,5.0,5,,,,,,,,
,,,,,30758,3.0,3,,,,,,,,
,,,,,30761,3.0,3,,,,,,,,
,,,,,30764,3.0,3,,,,,,,,
,,,,,30767,3.0,3,,,,,,,,
,,,,,30770,3.0,3,,,,,,,,
,,,,,30773,3.0,3,,,,,,,,
,,,,,30776,3.0,3,,,,,,,,
,,,,,30785,9.0,9,,,,,,,,
,,,,,30788,3.0,3,,,,,,,,
,,,,,30791,3.0,3,,,,,,,,
,,,,,30794,3.0,3,,,,,,,,
,,,,,30797,3.0,3,,,,,,,,
,,,,,30800,3.0,3,,,,,,,,
,,,,,30803,3.0,3,,,,,,,,
,,,,,30806,3.0,3,,,,,,,,
,,,,,30809,3.0,3,,,,,,,,
,,,,,30812,3.0,3,,,,,,,,
,,,,,30815,3.0,3,,,,,,,,
,,,,,30818,3.0,3,,,,,,,,
,,,,,30821,3.0,3,,,,,,,,
,,,,,30824,3.0,3,,,,,,,,
,,,,,30827,3.0,3,,,,,,,,
,,,,,30831,4.0,4,,,,,,,,
,,,,,30835,4.0,4,,,,,,,,
,,,,,30839,4.0,4,,,,,,,,
,,,,,30842,3.0,3,,,,,,,,
,,,,,30845,3.0,3,,,,,,,,
,,,,,30848,3.0,3,,,,,,,,
,,,,,30852,4.0,4,,,,,,,,
,,,,,30855,3.0,3,,,,,,,,
,,,,,30858,3.0,3,,,,,,,,
,,,,,30862,4.0,4,,,,,,,,
,,,,,30865,3.0,3,,,,,,,,
,,,,,30868,3.0,3,,,,,,,,
,,,,,30871,3.0,3,,,,,,,,
,,,,,30874,3.0,3,,,,,,,,
,,,,,30877,3.0,3,,,,,,,,
,,,,,30880,3.0,3,,,,,,,,
,,,,,30884,4.0,4,,,,,,,,
,,,,,30887,3.0,3,,,,,,,,
,,,,,30891,4.0,4,,,,,,,,
,,,,,30894,3.0,3,,,,,,,,
,,,,,30901,7.0,7,,,,,,,,
,,,,,30905,4.0,4,,,,,,,,
,,,,,30908,3.0,3,,,,,,,,
,,,,,30911,3.0,3,,,,,,,,
,,,,,30916,5.0,5,,,,,,,,
,,,,,30919,3.0,3,,,,,,,,
,,,,,30922,3.0,3,,,,,,,,
,,,,,30925,3.0,3,,,,,,,,
,,,,,30928,3.0,3,,,,,,,,
,,,,,30931,3.0,3,,,,,,,,
,,,,,30934,3.0,3,,,,,,,,
,,,,,30937,3.0,3,,,,,,,,
,,,,,30940,3.0,3,,,,,,,,
,,,,,30943,3.0,3,,,,,,,,
,,,,,30948,5.0,5,,,,,,,,
,,,,,30951,3.0,3,,,,,,,,
,,,,,30954,3.0,3,,,,,,,,
,,,,,30957,3.0,3,,,,,,,,
,,,,,30960,3.0,3,,,,,,,,
,,,,,30963,3.0,3,,,,,,,,
,,,,,30966,3.0,3,,,,,,,,
,,,,,30969,3.0,3,,,,,,,,
,,,,,30972,3.0,3,,,,,,,,
,,,,,30975,3.0,3,,,,,,,,
,,,,,30978,3.0,3,,,,,,,,
,,,,,30981,3.0,3,,,,,,,,
,,,,,30984,3.0,3,,,,,,,,
,,,,,30987,3.0,3,,,,,,,,
,,,,,30992,5.0,5,,,,,,,,
,,,,,30995,3.0,3,,,,,,,,
,,,,,31000,,,0.134669691324234,-1.3466968536376953,0.2497500777244568,2.5544967651367188,2.6245765686035156,0.0003,0.0003,0.1
,,,,,31002,7.0,7,,,,,,,,
,,,,,31005,3.0,3,,,,,,,,
,,,,,31009,4.0,4,,,,,,,,
,,,,,31012,3.0,3,,,,,,,,
,,,,,31015,3.0,3,,,,,,,,
,,,,,31018,3.0,3,,,,,,,,
,,,,,31023,5.0,5,,,,,,,,
,,,,,31026,3.0,3,,,,,,,,
,,,,,31029,3.0,3,,,,,,,,
,,,,,31032,3.0,3,,,,,,,,
,,,,,31035,3.0,3,,,,,,,,
,,,,,31038,3.0,3,,,,,,,,
,,,,,31041,3.0,3,,,,,,,,
,,,,,31046,5.0,5,,,,,,,,
,,,,,31049,3.0,3,,,,,,,,
,,,,,31052,3.0,3,,,,,,,,
,,,,,31055,3.0,3,,,,,,,,
,,,,,31058,3.0,3,,,,,,,,
,,,,,31061,3.0,3,,,,,,,,
,,,,,31064,3.0,3,,,,,,,,
,,,,,31068,4.0,4,,,,,,,,
,,,,,31071,3.0,3,,,,,,,,
,,,,,31074,3.0,3,,,,,,,,
,,,,,31077,3.0,3,,,,,,,,
,,,,,31082,5.0,5,,,,,,,,
,,,,,31086,4.0,4,,,,,,,,
,,,,,31089,3.0,3,,,,,,,,
,,,,,31092,3.0,3,,,,,,,,
,,,,,31095,3.0,3,,,,,,,,
,,,,,31099,4.0,4,,,,,,,,
,,,,,31102,3.0,3,,,,,,,,
,,,,,31105,3.0,3,,,,,,,,
,,,,,31111,6.0,6,,,,,,,,
,,,,,31114,3.0,3,,,,,,,,
,,,,,31117,3.0,3,,,,,,,,
,,,,,31120,3.0,3,,,,,,,,
,,,,,31123,3.0,3,,,,,,,,
,,,,,31126,3.0,3,,,,,,,,
,,,,,31129,3.0,3,,,,,,,,
,,,,,31132,3.0,3,,,,,,,,
,,,,,31136,4.0,4,,,,,,,,
,,,,,31139,3.0,3,,,,,,,,
,,,,,31142,3.0,3,,,,,,,,
,,,,,31147,5.0,5,,,,,,,,
,,,,,31150,3.0,3,,,,,,,,
,,,,,31153,3.0,3,,,,,,,,
,,,,,31156,3.0,3,,,,,,,,
,,,,,31159,3.0,3,,,,,,,,
,,,,,31162,3.0,3,,,,,,,,
,,,,,31165,3.0,3,,,,,,,,
,,,,,31169,4.0,4,,,,,,,,
,,,,,31172,3.0,3,,,,,,,,
,,,,,31175,3.0,3,,,,,,,,
,,,,,31179,4.0,4,,,,,,,,
,,,,,31182,3.0,3,,,,,,,,
,,,,,31185,3.0,3,,,,,,,,
,,,,,31188,3.0,3,,,,,,,,
,,,,,31191,3.0,3,,,,,,,,
,,,,,31194,3.0,3,,,,,,,,
,,,,,31197,3.0,3,,,,,,,,
,,,,,31202,5.0,5,,,,,,,,
,,,,,31207,5.0,5,,,,,,,,
,,,,,31210,3.0,3,,,,,,,,
,,,,,31213,3.0,3,,,,,,,,
,,,,,31218,5.0,5,,,,,,,,
,,,,,31221,3.0,3,,,,,,,,
,,,,,31224,3.0,3,,,,,,,,
,,,,,31227,3.0,3,,,,,,,,
,,,,,31231,4.0,4,,,,,,,,
,,,,,31234,3.0,3,,,,,,,,
,,,,,31238,4.0,4,,,,,,,,
,,,,,31241,3.0,3,,,,,,,,
,,,,,31247,6.0,6,,,,,,,,
,,,,,31250,3.0,3,,,,,,,,
,,,,,31253,3.0,3,,,,,,,,
,,,,,31256,3.0,3,,,,,,,,
,,,,,31259,3.0,3,,,,,,,,
,,,,,31262,3.0,3,,,,,,,,
,,,,,31265,3.0,3,,,,,,,,
,,,,,31268,3.0,3,,,,,,,,
,,,,,31273,5.0,5,,,,,,,,
,,,,,31276,3.0,3,,,,,,,,
,,,,,31279,3.0,3,,,,,,,,
,,,,,31285,6.0,6,,,,,,,,
,,,,,31288,3.0,3,,,,,,,,
,,,,,31291,3.0,3,,,,,,,,
,,,,,31294,3.0,3,,,,,,,,
,,,,,31299,5.0,5,,,,,,,,
,,,,,31302,3.0,3,,,,,,,,
,,,,,31307,5.0,5,,,,,,,,
,,,,,31310,3.0,3,,,,,,,,
,,,,,31313,3.0,3,,,,,,,,
,,,,,31316,3.0,3,,,,,,,,
,,,,,31319,3.0,3,,,,,,,,
,,,,,31322,3.0,3,,,,,,,,
,,,,,31325,3.0,3,,,,,,,,
,,,,,31333,8.0,8,,,,,,,,
,,,,,31336,3.0,3,,,,,,,,
,,,,,31339,3.0,3,,,,,,,,
,,,,,31342,3.0,3,,,,,,,,
,,,,,31345,3.0,3,,,,,,,,
,,,,,31349,4.0,4,,,,,,,,
,,,,,31352,3.0,3,,,,,,,,
,,,,,31355,3.0,3,,,,,,,,
,,,,,31358,3.0,3,,,,,,,,
,,,,,31361,3.0,3,,,,,,,,
,,,,,31364,3.0,3,,,,,,,,
,,,,,31367,3.0,3,,,,,,,,
,,,,,31374,7.0,7,,,,,,,,
,,,,,31377,3.0,3,,,,,,,,
,,,,,31380,3.0,3,,,,,,,,
,,,,,31383,3.0,3,,,,,,,,
,,,,,31386,3.0,3,,,,,,,,
,,,,,31389,3.0,3,,,,,,,,
,,,,,31393,4.0,4,,,,,,,,
,,,,,31396,3.0,3,,,,,,,,
,,,,,31399,3.0,3,,,,,,,,
,,,,,31403,4.0,4,,,,,,,,
,,,,,31406,3.0,3,,,,,,,,
,,,,,31409,3.0,3,,,,,,,,
,,,,,31412,3.0,3,,,,,,,,
,,,,,31416,4.0,4,,,,,,,,
,,,,,31419,3.0,3,,,,,,,,
,,,,,31424,5.0,5,,,,,,,,
,,,,,31427,3.0,3,,,,,,,,
,,,,,31430,3.0,3,,,,,,,,
,,,,,31435,5.0,5,,,,,,,,
,,,,,31438,3.0,3,,,,,,,,
,,,,,31444,6.0,6,,,,,,,,
,,,,,31448,4.0,4,,,,,,,,
,,,,,31451,3.0,3,,,,,,,,
,,,,,31454,3.0,3,,,,,,,,
,,,,,31457,3.0,3,,,,,,,,
,,,,,31460,3.0,3,,,,,,,,
,,,,,31463,3.0,3,,,,,,,,
,,,,,31466,3.0,3,,,,,,,,
,,,,,31469,3.0,3,,,,,,,,
,,,,,31472,3.0,3,,,,,,,,
,,,,,31475,3.0,3,,,,,,,,
,,,,,31478,3.0,3,,,,,,,,
,,,,,31481,3.0,3,,,,,,,,
,,,,,31484,3.0,3,,,,,,,,
,,,,,31487,3.0,3,,,,,,,,
,,,,,31490,3.0,3,,,,,,,,
,,,,,31493,3.0,3,,,,,,,,
,,,,,31496,3.0,3,,,,,,,,
,,,,,31501,5.0,5,,,,,,,,
,,,,,31504,3.0,3,,,,,,,,
,,,,,31507,3.0,3,,,,,,,,
,,,,,31511,4.0,4,,,,,,,,
,,,,,31514,3.0,3,,,,,,,,
,,,,,31517,3.0,3,,,,,,,,
,,,,,31520,3.0,3,,,,,,,,
,,,,,31523,3.0,3,,,,,,,,
,,,,,31526,3.0,3,,,,,,,,
,,,,,31529,3.0,3,,,,,,,,
,,,,,31532,3.0,3,,,,,,,,
,,,,,31535,3.0,3,,,,,,,,
,,,,,31538,3.0,3,,,,,,,,
,,,,,31541,3.0,3,,,,,,,,
,,,,,31544,3.0,3,,,,,,,,
,,,,,31547,3.0,3,,,,,,,,
,,,,,31550,3.0,3,,,,,,,,
,,,,,31559,9.0,9,,,,,,,,
,,,,,31563,4.0,4,,,,,,,,
,,,,,31566,3.0,3,,,,,,,,
,,,,,31569,3.0,3,,,,,,,,
,,,,,31572,3.0,3,,,,,,,,
,,,,,31575,3.0,3,,,,,,,,
,,,,,31578,3.0,3,,,,,,,,
,,,,,31581,3.0,3,,,,,,,,
,,,,,31584,3.0,3,,,,,,,,
,,,,,31587,3.0,3,,,,,,,,
,,,,,31590,3.0,3,,,,,,,,
,,,,,31593,3.0,3,,,,,,,,
,,,,,31596,3.0,3,,,,,,,,
,,,,,31599,3.0,3,,,,,,,,
,,,,,31602,3.0,3,,,,,,,,
,,,,,31605,3.0,3,,,,,,,,
,,,,,31608,3.0,3,,,,,,,,
,,,,,31611,3.0,3,,,,,,,,
,,,,,31615,4.0,4,,,,,,,,
,,,,,31618,3.0,3,,,,,,,,
,,,,,31621,3.0,3,,,,,,,,
,,,,,31624,3.0,3,,,,,,,,
,,,,,31627,3.0,3,,,,,,,,
,,,,,31630,3.0,3,,,,,,,,
,,,,,31633,3.0,3,,,,,,,,
,,,,,31636,3.0,3,,,,,,,,
,,,,,31639,3.0,3,,,,,,,,
,,,,,31642,3.0,3,,,,,,,,
,,,,,31645,3.0,3,,,,,,,,
,,,,,31648,3.0,3,,,,,,,,
,,,,,31652,4.0,4,,,,,,,,
,,,,,31656,4.0,4,,,,,,,,
,,,,,31659,3.0,3,,,,,,,,
,,,,,31662,3.0,3,,,,,,,,
,,,,,31665,3.0,3,,,,,,,,
,,,,,31668,3.0,3,,,,,,,,
,,,,,31673,5.0,5,,,,,,,,
,,,,,31676,3.0,3,,,,,,,,
,,,,,31679,3.0,3,,,,,,,,
,,,,,31682,3.0,3,,,,,,,,
,,,,,31685,3.0,3,,,,,,,,
,,,,,31689,4.0,4,,,,,,,,
,,,,,31692,3.0,3,,,,,,,,
,,,,,31695,3.0,3,,,,,,,,
,,,,,31698,3.0,3,,,,,,,,
,,,,,31703,5.0,5,,,,,,,,
,,,,,31706,3.0,3,,,,,,,,
,,,,,31709,3.0,3,,,,,,,,
,,,,,31712,3.0,3,,,,,,,,
,,,,,31715,3.0,3,,,,,,,,
,,,,,31719,4.0,4,,,,,,,,
,,,,,31723,4.0,4,,,,,,,,
,,,,,31726,3.0,3,,,,,,,,
,,,,,31729,3.0,3,,,,,,,,
,,,,,31732,3.0,3,,,,,,,,
,,,,,31735,3.0,3,,,,,,,,
,,,,,31738,3.0,3,,,,,,,,
,,,,,31741,3.0,3,,,,,,,,
,,,,,31744,3.0,3,,,,,,,,
,,,,,31747,3.0,3,,,,,,,,
,,,,,31750,3.0,3,,,,,,,,
,,,,,31753,3.0,3,,,,,,,,
,,,,,31756,3.0,3,,,,,,,,
,,,,,31759,3.0,3,,,,,,,,
,,,,,31762,3.0,3,,,,,,,,
,,,,,31767,5.0,5,,,,,,,,
,,,,,31770,3.0,3,,,,,,,,
,,,,,31773,3.0,3,,,,,,,,
,,,,,31776,3.0,3,,,,,,,,
,,,,,31779,3.0,3,,,,,,,,
,,,,,31784,5.0,5,,,,,,,,
,,,,,31787,3.0,3,,,,,,,,
,,,,,31790,3.0,3,,,,,,,,
,,,,,31793,3.0,3,,,,,,,,
,,,,,31796,3.0,3,,,,,,,,
,,,,,31799,3.0,3,,,,,,,,
,,,,,31803,4.0,4,,,,,,,,
,,,,,31806,3.0,3,,,,,,,,
,,,,,31809,3.0,3,,,,,,,,
,,,,,31813,4.0,4,,,,,,,,
,,,,,31816,3.0,3,,,,,,,,
,,,,,31823,7.0,7,,,,,,,,
,,,,,31826,3.0,3,,,,,,,,
,,,,,31829,3.0,3,,,,,,,,
,,,,,31834,5.0,5,,,,,,,,
,,,,,31840,6.0,6,,,,,,,,
,,,,,31843,3.0,3,,,,,,,,
,,,,,31849,6.0,6,,,,,,,,
,,,,,31852,3.0,3,,,,,,,,
,,,,,31855,3.0,3,,,,,,,,
,,,,,31861,6.0,6,,,,,,,,
,,,,,31864,3.0,3,,,,,,,,
,,,,,31867,3.0,3,,,,,,,,
,,,,,31870,3.0,3,,,,,,,,
,,,,,31873,3.0,3,,,,,,,,
,,,,,31876,3.0,3,,,,,,,,
,,,,,31879,3.0,3,,,,,,,,
,,,,,31882,3.0,3,,,,,,,,
,,,,,31886,4.0,4,,,,,,,,
,,,,,31889,3.0,3,,,,,,,,
,,,,,31893,4.0,4,,,,,,,,
,,,,,31896,3.0,3,,,,,,,,
,,,,,31899,3.0,3,,,,,,,,
,,,,,31908,9.0,9,,,,,,,,
,,,,,31911,3.0,3,,,,,,,,
,,,,,31914,3.0,3,,,,,,,,
,,,,,31917,3.0,3,,,,,,,,
,,,,,31920,3.0,3,,,,,,,,
,,,,,31923,3.0,3,,,,,,,,
,,,,,31926,3.0,3,,,,,,,,
,,,,,31930,4.0,4,,,,,,,,
,,,,,31933,3.0,3,,,,,,,,
,,,,,31936,3.0,3,,,,,,,,
,,,,,31939,3.0,3,,,,,,,,
,,,,,31942,3.0,3,,,,,,,,
,,,,,31946,4.0,4,,,,,,,,
,,,,,31949,3.0,3,,,,,,,,
,,,,,31952,3.0,3,,,,,,,,
,,,,,31959,7.0,7,,,,,,,,
,,,,,31962,3.0,3,,,,,,,,
,,,,,31965,3.0,3,,,,,,,,
,,,,,31971,6.0,6,,,,,,,,
,,,,,31974,3.0,3,,,,,,,,
,,,,,31977,3.0,3,,,,,,,,
,,,,,31980,3.0,3,,,,,,,,
,,,,,31983,3.0,3,,,,,,,,
,,,,,31986,3.0,3,,,,,,,,
,,,,,31989,3.0,3,,,,,,,,
,,,,,31992,3.0,3,,,,,,,,
,,,,,31995,3.0,3,,,,,,,,
,,,,,31998,3.0,3,,,,,,,,
,,,,,32000,,,0.17585115134716034,-1.7585115432739258,0.32779550552368164,2.722437858581543,2.764162540435791,0.0003,0.0003,0.1
,,,,,32001,3.0,3,,,,,,,,
,,,,,32004,3.0,3,,,,,,,,
,,,,,32007,3.0,3,,,,,,,,
,,,,,32011,4.0,4,,,,,,,,
,,,,,32014,3.0,3,,,,,,,,
,,,,,32019,5.0,5,,,,,,,,
,,,,,32022,3.0,3,,,,,,,,
,,,,,32025,3.0,3,,,,,,,,
,,,,,32028,3.0,3,,,,,,,,
,,,,,32031,3.0,3,,,,,,,,
,,,,,32034,3.0,3,,,,,,,,
,,,,,32037,3.0,3,,,,,,,,
,,,,,32040,3.0,3,,,,,,,,
,,,,,32044,4.0,4,,,,,,,,
,,,,,32048,4.0,4,,,,,,,,
,,,,,32054,6.0,6,,,,,,,,
,,,,,32057,3.0,3,,,,,,,,
,,,,,32060,3.0,3,,,,,,,,
,,,,,32063,3.0,3,,,,,,,,
,,,,,32067,4.0,4,,,,,,,,
,,,,,32070,3.0,3,,,,,,,,
,,,,,32073,3.0,3,,,,,,,,
,,,,,32076,3.0,3,,,,,,,,
,,,,,32082,6.0,6,,,,,,,,
,,,,,32085,3.0,3,,,,,,,,
,,,,,32088,3.0,3,,,,,,,,
,,,,,32091,3.0,3,,,,,,,,
,,,,,32098,7.0,7,,,,,,,,
,,,,,32101,3.0,3,,,,,,,,
,,,,,32105,4.0,4,,,,,,,,
,,,,,32108,3.0,3,,,,,,,,
,,,,,32111,3.0,3,,,,,,,,
,,,,,32114,3.0,3,,,,,,,,
,,,,,32117,3.0,3,,,,,,,,
,,,,,32120,3.0,3,,,,,,,,
,,,,,32123,3.0,3,,,,,,,,
,,,,,32126,3.0,3,,,,,,,,
,,,,,32129,3.0,3,,,,,,,,
,,,,,32132,3.0,3,,,,,,,,
,,,,,32136,4.0,4,,,,,,,,
,,,,,32139,3.0,3,,,,,,,,
,,,,,32142,3.0,3,,,,,,,,
,,,,,32145,3.0,3,,,,,,,,
,,,,,32148,3.0,3,,,,,,,,
,,,,,32151,3.0,3,,,,,,,,
,,,,,32154,3.0,3,,,,,,,,
,,,,,32157,3.0,3,,,,,,,,
,,,,,32160,3.0,3,,,,,,,,
,,,,,32163,3.0,3,,,,,,,,
,,,,,32166,3.0,3,,,,,,,,
,,,,,32169,3.0,3,,,,,,,,
,,,,,32172,3.0,3,,,,,,,,
,,,,,32175,3.0,3,,,,,,,,
,,,,,32178,3.0,3,,,,,,,,
,,,,,32181,3.0,3,,,,,,,,
,,,,,32184,3.0,3,,,,,,,,
,,,,,32187,3.0,3,,,,,,,,
,,,,,32190,3.0,3,,,,,,,,
,,,,,32193,3.0,3,,,,,,,,
,,,,,32197,4.0,4,,,,,,,,
,,,,,32200,3.0,3,,,,,,,,
,,,,,32203,3.0,3,,,,,,,,
,,,,,32206,3.0,3,,,,,,,,
,,,,,32210,4.0,4,,,,,,,,
,,,,,32215,5.0,5,,,,,,,,
,,,,,32218,3.0,3,,,,,,,,
,,,,,32221,3.0,3,,,,,,,,
,,,,,32224,3.0,3,,,,,,,,
,,,,,32228,4.0,4,,,,,,,,
,,,,,32232,4.0,4,,,,,,,,
,,,,,32235,3.0,3,,,,,,,,
,,,,,32238,3.0,3,,,,,,,,
,,,,,32241,3.0,3,,,,,,,,
,,,,,32247,6.0,6,,,,,,,,
,,,,,32250,3.0,3,,,,,,,,
,,,,,32253,3.0,3,,,,,,,,
,,,,,32257,4.0,4,,,,,,,,
,,,,,32260,3.0,3,,,,,,,,
,,,,,32263,3.0,3,,,,,,,,
,,,,,32266,3.0,3,,,,,,,,
,,,,,32270,4.0,4,,,,,,,,
,,,,,32273,3.0,3,,,,,,,,
,,,,,32276,3.0,3,,,,,,,,
,,,,,32279,3.0,3,,,,,,,,
,,,,,32282,3.0,3,,,,,,,,
,,,,,32285,3.0,3,,,,,,,,
,,,,,32288,3.0,3,,,,,,,,
,,,,,32291,3.0,3,,,,,,,,
,,,,,32294,3.0,3,,,,,,,,
,,,,,32297,3.0,3,,,,,,,,
,,,,,32300,3.0,3,,,,,,,,
,,,,,32303,3.0,3,,,,,,,,
,,,,,32306,3.0,3,,,,,,,,
,,,,,32309,3.0,3,,,,,,,,
,,,,,32312,3.0,3,,,,,,,,
,,,,,32315,3.0,3,,,,,,,,
,,,,,32318,3.0,3,,,,,,,,
,,,,,32321,3.0,3,,,,,,,,
,,,,,32326,5.0,5,,,,,,,,
,,,,,32329,3.0,3,,,,,,,,
,,,,,32332,3.0,3,,,,,,,,
,,,,,32335,3.0,3,,,,,,,,
,,,,,32338,3.0,3,,,,,,,,
,,,,,32341,3.0,3,,,,,,,,
,,,,,32348,7.0,7,,,,,,,,
,,,,,32351,3.0,3,,,,,,,,
,,,,,32354,3.0,3,,,,,,,,
,,,,,32357,3.0,3,,,,,,,,
,,,,,32360,3.0,3,,,,,,,,
,,,,,32363,3.0,3,,,,,,,,
,,,,,32366,3.0,3,,,,,,,,
,,,,,32369,3.0,3,,,,,,,,
,,,,,32372,3.0,3,,,,,,,,
,,,,,32375,3.0,3,,,,,,,,
,,,,,32380,5.0,5,,,,,,,,
,,,,,32383,3.0,3,,,,,,,,
,,,,,32386,3.0,3,,,,,,,,
,,,,,32389,3.0,3,,,,,,,,
,,,,,32392,3.0,3,,,,,,,,
,,,,,32395,3.0,3,,,,,,,,
,,,,,32399,4.0,4,,,,,,,,
,,,,,32402,3.0,3,,,,,,,,
,,,,,32406,4.0,4,,,,,,,,
,,,,,32409,3.0,3,,,,,,,,
,,,,,32412,3.0,3,,,,,,,,
,,,,,32415,3.0,3,,,,,,,,
,,,,,32418,3.0,3,,,,,,,,
,,,,,32421,3.0,3,,,,,,,,
,,,,,32424,3.0,3,,,,,,,,
,,,,,32427,3.0,3,,,,,,,,
,,,,,32430,3.0,3,,,,,,,,
,,,,,32433,3.0,3,,,,,,,,
,,,,,32436,3.0,3,,,,,,,,
,,,,,32439,3.0,3,,,,,,,,
,,,,,32442,3.0,3,,,,,,,,
,,,,,32445,3.0,3,,,,,,,,
,,,,,32448,3.0,3,,,,,,,,
,,,,,32451,3.0,3,,,,,,,,
,,,,,32454,3.0,3,,,,,,,,
,,,,,32458,4.0,4,,,,,,,,
,,,,,32461,3.0,3,,,,,,,,
,,,,,32464,3.0,3,,,,,,,,
,,,,,32467,3.0,3,,,,,,,,
,,,,,32470,3.0,3,,,,,,,,
,,,,,32473,3.0,3,,,,,,,,
,,,,,32476,3.0,3,,,,,,,,
,,,,,32479,3.0,3,,,,,,,,
,,,,,32482,3.0,3,,,,,,,,
,,,,,32487,5.0,5,,,,,,,,
,,,,,32490,3.0,3,,,,,,,,
,,,,,32494,4.0,4,,,,,,,,
,,,,,32497,3.0,3,,,,,,,,
,,,,,32500,3.0,3,,,,,,,,
,,,,,32503,3.0,3,,,,,,,,
,,,,,32506,3.0,3,,,,,,,,
,,,,,32509,3.0,3,,,,,,,,
,,,,,32512,3.0,3,,,,,,,,
,,,,,32516,4.0,4,,,,,,,,
,,,,,32519,3.0,3,,,,,,,,
,,,,,32528,9.0,9,,,,,,,,
,,,,,32531,3.0,3,,,,,,,,
,,,,,32534,3.0,3,,,,,,,,
,,,,,32537,3.0,3,,,,,,,,
,,,,,32540,3.0,3,,,,,,,,
,,,,,32543,3.0,3,,,,,,,,
,,,,,32546,3.0,3,,,,,,,,
,,,,,32549,3.0,3,,,,,,,,
,,,,,32552,3.0,3,,,,,,,,
,,,,,32555,3.0,3,,,,,,,,
,,,,,32558,3.0,3,,,,,,,,
,,,,,32562,4.0,4,,,,,,,,
,,,,,32565,3.0,3,,,,,,,,
,,,,,32568,3.0,3,,,,,,,,
,,,,,32571,3.0,3,,,,,,,,
,,,,,32574,3.0,3,,,,,,,,
,,,,,32577,3.0,3,,,,,,,,
,,,,,32580,3.0,3,,,,,,,,
,,,,,32583,3.0,3,,,,,,,,
,,,,,32586,3.0,3,,,,,,,,
,,,,,32591,5.0,5,,,,,,,,
,,,,,32594,3.0,3,,,,,,,,
,,,,,32597,3.0,3,,,,,,,,
,,,,,32600,3.0,3,,,,,,,,
,,,,,32603,3.0,3,,,,,,,,
,,,,,32606,3.0,3,,,,,,,,
,,,,,32609,3.0,3,,,,,,,,
,,,,,32612,3.0,3,,,,,,,,
,,,,,32615,3.0,3,,,,,,,,
,,,,,32622,7.0,7,,,,,,,,
,,,,,32625,3.0,3,,,,,,,,
,,,,,32628,3.0,3,,,,,,,,
,,,,,32631,3.0,3,,,,,,,,
,,,,,32634,3.0,3,,,,,,,,
,,,,,32637,3.0,3,,,,,,,,
,,,,,32641,4.0,4,,,,,,,,
,,,,,32644,3.0,3,,,,,,,,
,,,,,32647,3.0,3,,,,,,,,
,,,,,32650,3.0,3,,,,,,,,
,,,,,32655,5.0,5,,,,,,,,
,,,,,32658,3.0,3,,,,,,,,
,,,,,32662,4.0,4,,,,,,,,
,,,,,32665,3.0,3,,,,,,,,
,,,,,32668,3.0,3,,,,,,,,
,,,,,32671,3.0,3,,,,,,,,
,,,,,32676,5.0,5,,,,,,,,
,,,,,32679,3.0,3,,,,,,,,
,,,,,32682,3.0,3,,,,,,,,
,,,,,32685,3.0,3,,,,,,,,
,,,,,32688,3.0,3,,,,,,,,
,,,,,32691,3.0,3,,,,,,,,
,,,,,32694,3.0,3,,,,,,,,
,,,,,32697,3.0,3,,,,,,,,
,,,,,32700,3.0,3,,,,,,,,
,,,,,32703,3.0,3,,,,,,,,
,,,,,32706,3.0,3,,,,,,,,
,,,,,32711,5.0,5,,,,,,,,
,,,,,32716,5.0,5,,,,,,,,
,,,,,32719,3.0,3,,,,,,,,
,,,,,32722,3.0,3,,,,,,,,
,,,,,32725,3.0,3,,,,,,,,
,,,,,32728,3.0,3,,,,,,,,
,,,,,32731,3.0,3,,,,,,,,
,,,,,32734,3.0,3,,,,,,,,
,,,,,32737,3.0,3,,,,,,,,
,,,,,32741,4.0,4,,,,,,,,
,,,,,32744,3.0,3,,,,,,,,
,,,,,32747,3.0,3,,,,,,,,
,,,,,32751,4.0,4,,,,,,,,
,,,,,32758,7.0,7,,,,,,,,
,,,,,32761,3.0,3,,,,,,,,
,,,,,32764,3.0,3,,,,,,,,
,,,,,32767,3.0,3,,,,,,,,
,,,,,32770,3.0,3,,,,,,,,
,,,,,32773,3.0,3,,,,,,,,
,,,,,32776,3.0,3,,,,,,,,
,,,,,32779,3.0,3,,,,,,,,
,,,,,32783,4.0,4,,,,,,,,
,,,,,32786,3.0,3,,,,,,,,
,,,,,32789,3.0,3,,,,,,,,
,,,,,32792,3.0,3,,,,,,,,
,,,,,32799,7.0,7,,,,,,,,
,,,,,32802,3.0,3,,,,,,,,
,,,,,32805,3.0,3,,,,,,,,
,,,,,32808,3.0,3,,,,,,,,
,,,,,32811,3.0,3,,,,,,,,
,,,,,32815,4.0,4,,,,,,,,
,,,,,32818,3.0,3,,,,,,,,
,,,,,32823,5.0,5,,,,,,,,
,,,,,32826,3.0,3,,,,,,,,
,,,,,32829,3.0,3,,,,,,,,
,,,,,32832,3.0,3,,,,,,,,
,,,,,32835,3.0,3,,,,,,,,
,,,,,32838,3.0,3,,,,,,,,
,,,,,32842,4.0,4,,,,,,,,
,,,,,32846,4.0,4,,,,,,,,
,,,,,32849,3.0,3,,,,,,,,
,,,,,32852,3.0,3,,,,,,,,
,,,,,32855,3.0,3,,,,,,,,
,,,,,32858,3.0,3,,,,,,,,
,,,,,32864,6.0,6,,,,,,,,
,,,,,32867,3.0,3,,,,,,,,
,,,,,32871,4.0,4,,,,,,,,
,,,,,32874,3.0,3,,,,,,,,
,,,,,32877,3.0,3,,,,,,,,
,,,,,32880,3.0,3,,,,,,,,
,,,,,32883,3.0,3,,,,,,,,
,,,,,32886,3.0,3,,,,,,,,
,,,,,32891,5.0,5,,,,,,,,
,,,,,32894,3.0,3,,,,,,,,
,,,,,32899,5.0,5,,,,,,,,
,,,,,32903,4.0,4,,,,,,,,
,,,,,32906,3.0,3,,,,,,,,
,,,,,32909,3.0,3,,,,,,,,
,,,,,32912,3.0,3,,,,,,,,
,,,,,32918,6.0,6,,,,,,,,
,,,,,32921,3.0,3,,,,,,,,
,,,,,32925,4.0,4,,,,,,,,
,,,,,32928,3.0,3,,,,,,,,
,,,,,32931,3.0,3,,,,,,,,
,,,,,32934,3.0,3,,,,,,,,
,,,,,32938,4.0,4,,,,,,,,
,,,,,32942,4.0,4,,,,,,,,
,,,,,32945,3.0,3,,,,,,,,
,,,,,32948,3.0,3,,,,,,,,
,,,,,32951,3.0,3,,,,,,,,
,,,,,32954,3.0,3,,,,,,,,
,,,,,32957,3.0,3,,,,,,,,
,,,,,32961,4.0,4,,,,,,,,
,,,,,32967,6.0,6,,,,,,,,
,,,,,32970,3.0,3,,,,,,,,
,,,,,32973,3.0,3,,,,,,,,
,,,,,32976,3.0,3,,,,,,,,
,,,,,32979,3.0,3,,,,,,,,
,,,,,32982,3.0,3,,,,,,,,
,,,,,32985,3.0,3,,,,,,,,
,,,,,32989,4.0,4,,,,,,,,
,,,,,32992,3.0,3,,,,,,,,
,,,,,32995,3.0,3,,,,,,,,
,,,,,32998,3.0,3,,,,,,,,
,,,,,33000,,,0.1032329574227333,-1.0323295593261719,0.29059696197509766,2.5693297386169434,2.6243653297424316,0.0003,0.0003,0.1
,,,,,33001,3.0,3,,,,,,,,
,,,,,33004,3.0,3,,,,,,,,
,,,,,33007,3.0,3,,,,,,,,
,,,,,33010,3.0,3,,,,,,,,
,,,,,33013,3.0,3,,,,,,,,
,,,,,33016,3.0,3,,,,,,,,
,,,,,33022,6.0,6,,,,,,,,
,,,,,33025,3.0,3,,,,,,,,
,,,,,33028,3.0,3,,,,,,,,
,,,,,33031,3.0,3,,,,,,,,
,,,,,33034,3.0,3,,,,,,,,
,,,,,33037,3.0,3,,,,,,,,
,,,,,33040,3.0,3,,,,,,,,
,,,,,33043,3.0,3,,,,,,,,
,,,,,33048,5.0,5,,,,,,,,
,,,,,33052,4.0,4,,,,,,,,
,,,,,33055,3.0,3,,,,,,,,
,,,,,33058,3.0,3,,,,,,,,
,,,,,33061,3.0,3,,,,,,,,
,,,,,33064,3.0,3,,,,,,,,
,,,,,33067,3.0,3,,,,,,,,
,,,,,33070,3.0,3,,,,,,,,
,,,,,33073,3.0,3,,,,,,,,
,,,,,33078,5.0,5,,,,,,,,
,,,,,33081,3.0,3,,,,,,,,
,,,,,33084,3.0,3,,,,,,,,
,,,,,33087,3.0,3,,,,,,,,
,,,,,33090,3.0,3,,,,,,,,
,,,,,33093,3.0,3,,,,,,,,
,,,,,33096,3.0,3,,,,,,,,
,,,,,33099,3.0,3,,,,,,,,
,,,,,33102,3.0,3,,,,,,,,
,,,,,33107,5.0,5,,,,,,,,
,,,,,33110,3.0,3,,,,,,,,
,,,,,33113,3.0,3,,,,,,,,
,,,,,33116,3.0,3,,,,,,,,
,,,,,33119,3.0,3,,,,,,,,
,,,,,33122,3.0,3,,,,,,,,
,,,,,33125,3.0,3,,,,,,,,
,,,,,33128,3.0,3,,,,,,,,
,,,,,33131,3.0,3,,,,,,,,
,,,,,33134,3.0,3,,,,,,,,
,,,,,33137,3.0,3,,,,,,,,
,,,,,33140,3.0,3,,,,,,,,
,,,,,33145,5.0,5,,,,,,,,
,,,,,33148,3.0,3,,,,,,,,
,,,,,33151,3.0,3,,,,,,,,
,,,,,33157,6.0,6,,,,,,,,
,,,,,33162,5.0,5,,,,,,,,
,,,,,33166,4.0,4,,,,,,,,
,,,,,33169,3.0,3,,,,,,,,
,,,,,33172,3.0,3,,,,,,,,
,,,,,33176,4.0,4,,,,,,,,
,,,,,33179,3.0,3,,,,,,,,
,,,,,33182,3.0,3,,,,,,,,
,,,,,33187,5.0,5,,,,,,,,
,,,,,33190,3.0,3,,,,,,,,
,,,,,33193,3.0,3,,,,,,,,
,,,,,33196,3.0,3,,,,,,,,
,,,,,33199,3.0,3,,,,,,,,
,,,,,33203,4.0,4,,,,,,,,
,,,,,33206,3.0,3,,,,,,,,
,,,,,33209,3.0,3,,,,,,,,
,,,,,33212,3.0,3,,,,,,,,
,,,,,33215,3.0,3,,,,,,,,
,,,,,33219,4.0,4,,,,,,,,
,,,,,33222,3.0,3,,,,,,,,
,,,,,33225,3.0,3,,,,,,,,
,,,,,33228,3.0,3,,,,,,,,
,,,,,33231,3.0,3,,,,,,,,
,,,,,33234,3.0,3,,,,,,,,
,,,,,33237,3.0,3,,,,,,,,
,,,,,33241,4.0,4,,,,,,,,
,,,,,33244,3.0,3,,,,,,,,
,,,,,33247,3.0,3,,,,,,,,
,,,,,33250,3.0,3,,,,,,,,
,,,,,33253,3.0,3,,,,,,,,
,,,,,33258,5.0,5,,,,,,,,
,,,,,33261,3.0,3,,,,,,,,
,,,,,33265,4.0,4,,,,,,,,
,,,,,33268,3.0,3,,,,,,,,
,,,,,33271,3.0,3,,,,,,,,
,,,,,33274,3.0,3,,,,,,,,
,,,,,33279,5.0,5,,,,,,,,
,,,,,33282,3.0,3,,,,,,,,
,,,,,33285,3.0,3,,,,,,,,
,,,,,33288,3.0,3,,,,,,,,
,,,,,33291,3.0,3,,,,,,,,
,,,,,33294,3.0,3,,,,,,,,
,,,,,33297,3.0,3,,,,,,,,
,,,,,33300,3.0,3,,,,,,,,
,,,,,33303,3.0,3,,,,,,,,
,,,,,33306,3.0,3,,,,,,,,
,,,,,33309,3.0,3,,,,,,,,
,,,,,33312,3.0,3,,,,,,,,
,,,,,33315,3.0,3,,,,,,,,
,,,,,33318,3.0,3,,,,,,,,
,,,,,33321,3.0,3,,,,,,,,
,,,,,33324,3.0,3,,,,,,,,
,,,,,33327,3.0,3,,,,,,,,
,,,,,33330,3.0,3,,,,,,,,
,,,,,33333,3.0,3,,,,,,,,
,,,,,33336,3.0,3,,,,,,,,
,,,,,33340,4.0,4,,,,,,,,
,,,,,33343,3.0,3,,,,,,,,
,,,,,33347,4.0,4,,,,,,,,
,,,,,33351,4.0,4,,,,,,,,
,,,,,33354,3.0,3,,,,,,,,
,,,,,33357,3.0,3,,,,,,,,
,,,,,33360,3.0,3,,,,,,,,
,,,,,33363,3.0,3,,,,,,,,
,,,,,33366,3.0,3,,,,,,,,
,,,,,33369,3.0,3,,,,,,,,
,,,,,33372,3.0,3,,,,,,,,
,,,,,33375,3.0,3,,,,,,,,
,,,,,33378,3.0,3,,,,,,,,
,,,,,33381,3.0,3,,,,,,,,
,,,,,33384,3.0,3,,,,,,,,
,,,,,33387,3.0,3,,,,,,,,
,,,,,33391,4.0,4,,,,,,,,
,,,,,33394,3.0,3,,,,,,,,
,,,,,33397,3.0,3,,,,,,,,
,,,,,33400,3.0,3,,,,,,,,
,,,,,33403,3.0,3,,,,,,,,
,,,,,33406,3.0,3,,,,,,,,
,,,,,33409,3.0,3,,,,,,,,
,,,,,33412,3.0,3,,,,,,,,
,,,,,33415,3.0,3,,,,,,,,
,,,,,33418,3.0,3,,,,,,,,
,,,,,33421,3.0,3,,,,,,,,
,,,,,33424,3.0,3,,,,,,,,
,,,,,33427,3.0,3,,,,,,,,
,,,,,33430,3.0,3,,,,,,,,
,,,,,33433,3.0,3,,,,,,,,
,,,,,33438,5.0,5,,,,,,,,
,,,,,33441,3.0,3,,,,,,,,
,,,,,33444,3.0,3,,,,,,,,
,,,,,33447,3.0,3,,,,,,,,
,,,,,33450,3.0,3,,,,,,,,
,,,,,33453,3.0,3,,,,,,,,
,,,,,33456,3.0,3,,,,,,,,
,,,,,33461,5.0,5,,,,,,,,
,,,,,33464,3.0,3,,,,,,,,
,,,,,33467,3.0,3,,,,,,,,
,,,,,33470,3.0,3,,,,,,,,
,,,,,33473,3.0,3,,,,,,,,
,,,,,33476,3.0,3,,,,,,,,
,,,,,33479,3.0,3,,,,,,,,
,,,,,33482,3.0,3,,,,,,,,
,,,,,33485,3.0,3,,,,,,,,
,,,,,33488,3.0,3,,,,,,,,
,,,,,33492,4.0,4,,,,,,,,
,,,,,33495,3.0,3,,,,,,,,
,,,,,33498,3.0,3,,,,,,,,
,,,,,33501,3.0,3,,,,,,,,
,,,,,33504,3.0,3,,,,,,,,
,,,,,33507,3.0,3,,,,,,,,
,,,,,33510,3.0,3,,,,,,,,
,,,,,33513,3.0,3,,,,,,,,
,,,,,33516,3.0,3,,,,,,,,
,,,,,33519,3.0,3,,,,,,,,
,,,,,33522,3.0,3,,,,,,,,
,,,,,33525,3.0,3,,,,,,,,
,,,,,33528,3.0,3,,,,,,,,
,,,,,33531,3.0,3,,,,,,,,
,,,,,33535,4.0,4,,,,,,,,
,,,,,33538,3.0,3,,,,,,,,
,,,,,33543,5.0,5,,,,,,,,
,,,,,33546,3.0,3,,,,,,,,
,,,,,33549,3.0,3,,,,,,,,
,,,,,33552,3.0,3,,,,,,,,
,,,,,33555,3.0,3,,,,,,,,
,,,,,33558,3.0,3,,,,,,,,
,,,,,33562,4.0,4,,,,,,,,
,,,,,33565,3.0,3,,,,,,,,
,,,,,33570,5.0,5,,,,,,,,
,,,,,33573,3.0,3,,,,,,,,
,,,,,33577,4.0,4,,,,,,,,
,,,,,33580,3.0,3,,,,,,,,
,,,,,33583,3.0,3,,,,,,,,
,,,,,33586,3.0,3,,,,,,,,
,,,,,33589,3.0,3,,,,,,,,
,,,,,33592,3.0,3,,,,,,,,
,,,,,33595,3.0,3,,,,,,,,
,,,,,33598,3.0,3,,,,,,,,
,,,,,33601,3.0,3,,,,,,,,
,,,,,33604,3.0,3,,,,,,,,
,,,,,33612,8.0,8,,,,,,,,
,,,,,33615,3.0,3,,,,,,,,
,,,,,33618,3.0,3,,,,,,,,
,,,,,33621,3.0,3,,,,,,,,
,,,,,33624,3.0,3,,,,,,,,
,,,,,33627,3.0,3,,,,,,,,
,,,,,33630,3.0,3,,,,,,,,
,,,,,33633,3.0,3,,,,,,,,
,,,,,33637,4.0,4,,,,,,,,
,,,,,33641,4.0,4,,,,,,,,
,,,,,33644,3.0,3,,,,,,,,
,,,,,33647,3.0,3,,,,,,,,
,,,,,33652,5.0,5,,,,,,,,
,,,,,33655,3.0,3,,,,,,,,
,,,,,33659,4.0,4,,,,,,,,
,,,,,33662,3.0,3,,,,,,,,
,,,,,33665,3.0,3,,,,,,,,
,,,,,33668,3.0,3,,,,,,,,
,,,,,33671,3.0,3,,,,,,,,
,,,,,33674,3.0,3,,,,,,,,
,,,,,33677,3.0,3,,,,,,,,
,,,,,33682,5.0,5,,,,,,,,
,,,,,33688,6.0,6,,,,,,,,
,,,,,33691,3.0,3,,,,,,,,
,,,,,33694,3.0,3,,,,,,,,
,,,,,33697,3.0,3,,,,,,,,
,,,,,33700,3.0,3,,,,,,,,
,,,,,33703,3.0,3,,,,,,,,
,,,,,33706,3.0,3,,,,,,,,
,,,,,33709,3.0,3,,,,,,,,
,,,,,33712,3.0,3,,,,,,,,
,,,,,33715,3.0,3,,,,,,,,
,,,,,33718,3.0,3,,,,,,,,
,,,,,33721,3.0,3,,,,,,,,
,,,,,33724,3.0,3,,,,,,,,
,,,,,33727,3.0,3,,,,,,,,
,,,,,33730,3.0,3,,,,,,,,
,,,,,33733,3.0,3,,,,,,,,
,,,,,33736,3.0,3,,,,,,,,
,,,,,33739,3.0,3,,,,,,,,
,,,,,33743,4.0,4,,,,,,,,
,,,,,33746,3.0,3,,,,,,,,
,,,,,33749,3.0,3,,,,,,,,
,,,,,33752,3.0,3,,,,,,,,
,,,,,33755,3.0,3,,,,,,,,
,,,,,33758,3.0,3,,,,,,,,
,,,,,33761,3.0,3,,,,,,,,
,,,,,33764,3.0,3,,,,,,,,
,,,,,33767,3.0,3,,,,,,,,
,,,,,33770,3.0,3,,,,,,,,
,,,,,33773,3.0,3,,,,,,,,
,,,,,33776,3.0,3,,,,,,,,
,,,,,33779,3.0,3,,,,,,,,
,,,,,33782,3.0,3,,,,,,,,
,,,,,33785,3.0,3,,,,,,,,
,,,,,33790,5.0,5,,,,,,,,
,,,,,33793,3.0,3,,,,,,,,
,,,,,33796,3.0,3,,,,,,,,
,,,,,33799,3.0,3,,,,,,,,
,,,,,33803,4.0,4,,,,,,,,
,,,,,33806,3.0,3,,,,,,,,
,,,,,33809,3.0,3,,,,,,,,
,,,,,33812,3.0,3,,,,,,,,
,,,,,33815,3.0,3,,,,,,,,
,,,,,33818,3.0,3,,,,,,,,
,,,,,33821,3.0,3,,,,,,,,
,,,,,33824,3.0,3,,,,,,,,
,,,,,33827,3.0,3,,,,,,,,
,,,,,33830,3.0,3,,,,,,,,
,,,,,33834,4.0,4,,,,,,,,
,,,,,33837,3.0,3,,,,,,,,
,,,,,33840,3.0,3,,,,,,,,
,,,,,33843,3.0,3,,,,,,,,
,,,,,33846,3.0,3,,,,,,,,
,,,,,33849,3.0,3,,,,,,,,
,,,,,33852,3.0,3,,,,,,,,
,,,,,33855,3.0,3,,,,,,,,
,,,,,33859,4.0,4,,,,,,,,
,,,,,33862,3.0,3,,,,,,,,
,,,,,33865,3.0,3,,,,,,,,
,,,,,33868,3.0,3,,,,,,,,
,,,,,33871,3.0,3,,,,,,,,
,,,,,33876,5.0,5,,,,,,,,
,,,,,33879,3.0,3,,,,,,,,
,,,,,33882,3.0,3,,,,,,,,
,,,,,33887,5.0,5,,,,,,,,
,,,,,33890,3.0,3,,,,,,,,
,,,,,33893,3.0,3,,,,,,,,
,,,,,33896,3.0,3,,,,,,,,
,,,,,33902,6.0,6,,,,,,,,
,,,,,33905,3.0,3,,,,,,,,
,,,,,33908,3.0,3,,,,,,,,
,,,,,33911,3.0,3,,,,,,,,
,,,,,33914,3.0,3,,,,,,,,
,,,,,33917,3.0,3,,,,,,,,
,,,,,33920,3.0,3,,,,,,,,
,,,,,33923,3.0,3,,,,,,,,
,,,,,33926,3.0,3,,,,,,,,
,,,,,33929,3.0,3,,,,,,,,
,,,,,33932,3.0,3,,,,,,,,
,,,,,33935,3.0,3,,,,,,,,
,,,,,33938,3.0,3,,,,,,,,
,,,,,33941,3.0,3,,,,,,,,
,,,,,33944,3.0,3,,,,,,,,
,,,,,33947,3.0,3,,,,,,,,
,,,,,33950,3.0,3,,,,,,,,
,,,,,33953,3.0,3,,,,,,,,
,,,,,33956,3.0,3,,,,,,,,
,,,,,33961,5.0,5,,,,,,,,
,,,,,33964,3.0,3,,,,,,,,
,,,,,33967,3.0,3,,,,,,,,
,,,,,33970,3.0,3,,,,,,,,
,,,,,33973,3.0,3,,,,,,,,
,,,,,33976,3.0,3,,,,,,,,
,,,,,33979,3.0,3,,,,,,,,
,,,,,33982,3.0,3,,,,,,,,
,,,,,33985,3.0,3,,,,,,,,
,,,,,33988,3.0,3,,,,,,,,
,,,,,33991,3.0,3,,,,,,,,
,,,,,33994,3.0,3,,,,,,,,
,,,,,34000,6.0,6,,,,,,,,
,,,,,34000,,,0.21027031540870667,-2.102703094482422,0.18162654340267181,2.0979514122009277,2.052730083465576,0.0003,0.0003,0.1
,,,,,34003,3.0,3,,,,,,,,
,,,,,34006,3.0,3,,,,,,,,
,,,,,34009,3.0,3,,,,,,,,
,,,,,34012,3.0,3,,,,,,,,
,,,,,34015,3.0,3,,,,,,,,
,,,,,34018,3.0,3,,,,,,,,
,,,,,34022,4.0,4,,,,,,,,
,,,,,34025,3.0,3,,,,,,,,
,,,,,34029,4.0,4,,,,,,,,
,,,,,34032,3.0,3,,,,,,,,
,,,,,34036,4.0,4,,,,,,,,
,,,,,34039,3.0,3,,,,,,,,
,,,,,34044,5.0,5,,,,,,,,
,,,,,34047,3.0,3,,,,,,,,
,,,,,34050,3.0,3,,,,,,,,
,,,,,34053,3.0,3,,,,,,,,
,,,,,34056,3.0,3,,,,,,,,
,,,,,34060,4.0,4,,,,,,,,
,,,,,34063,3.0,3,,,,,,,,
,,,,,34066,3.0,3,,,,,,,,
,,,,,34069,3.0,3,,,,,,,,
,,,,,34072,3.0,3,,,,,,,,
,,,,,34075,3.0,3,,,,,,,,
,,,,,34078,3.0,3,,,,,,,,
,,,,,34082,4.0,4,,,,,,,,
,,,,,34085,3.0,3,,,,,,,,
,,,,,34088,3.0,3,,,,,,,,
,,,,,34091,3.0,3,,,,,,,,
,,,,,34094,3.0,3,,,,,,,,
,,,,,34097,3.0,3,,,,,,,,
,,,,,34100,3.0,3,,,,,,,,
,,,,,34103,3.0,3,,,,,,,,
,,,,,34106,3.0,3,,,,,,,,
,,,,,34110,4.0,4,,,,,,,,
,,,,,34115,5.0,5,,,,,,,,
,,,,,34118,3.0,3,,,,,,,,
,,,,,34121,3.0,3,,,,,,,,
,,,,,34124,3.0,3,,,,,,,,
,,,,,34127,3.0,3,,,,,,,,
,,,,,34130,3.0,3,,,,,,,,
,,,,,34133,3.0,3,,,,,,,,
,,,,,34136,3.0,3,,,,,,,,
,,,,,34139,3.0,3,,,,,,,,
,,,,,34142,3.0,3,,,,,,,,
,,,,,34145,3.0,3,,,,,,,,
,,,,,34148,3.0,3,,,,,,,,
,,,,,34151,3.0,3,,,,,,,,
,,,,,34154,3.0,3,,,,,,,,
,,,,,34157,3.0,3,,,,,,,,
,,,,,34160,3.0,3,,,,,,,,
,,,,,34163,3.0,3,,,,,,,,
,,,,,34166,3.0,3,,,,,,,,
,,,,,34169,3.0,3,,,,,,,,
,,,,,34172,3.0,3,,,,,,,,
,,,,,34175,3.0,3,,,,,,,,
,,,,,34179,4.0,4,,,,,,,,
,,,,,34182,3.0,3,,,,,,,,
,,,,,34185,3.0,3,,,,,,,,
,,,,,34188,3.0,3,,,,,,,,
,,,,,34191,3.0,3,,,,,,,,
,,,,,34194,3.0,3,,,,,,,,
,,,,,34197,3.0,3,,,,,,,,
,,,,,34202,5.0,5,,,,,,,,
,,,,,34205,3.0,3,,,,,,,,
,,,,,34208,3.0,3,,,,,,,,
,,,,,34214,6.0,6,,,,,,,,
,,,,,34217,3.0,3,,,,,,,,
,,,,,34220,3.0,3,,,,,,,,
,,,,,34224,4.0,4,,,,,,,,
,,,,,34227,3.0,3,,,,,,,,
,,,,,34230,3.0,3,,,,,,,,
,,,,,34233,3.0,3,,,,,,,,
,,,,,34236,3.0,3,,,,,,,,
,,,,,34239,3.0,3,,,,,,,,
,,,,,34242,3.0,3,,,,,,,,
,,,,,34245,3.0,3,,,,,,,,
,,,,,34248,3.0,3,,,,,,,,
,,,,,34251,3.0,3,,,,,,,,
,,,,,34255,4.0,4,,,,,,,,
,,,,,34258,3.0,3,,,,,,,,
,,,,,34261,3.0,3,,,,,,,,
,,,,,34264,3.0,3,,,,,,,,
,,,,,34267,3.0,3,,,,,,,,
,,,,,34270,3.0,3,,,,,,,,
,,,,,34273,3.0,3,,,,,,,,
,,,,,34276,3.0,3,,,,,,,,
,,,,,34279,3.0,3,,,,,,,,
,,,,,34282,3.0,3,,,,,,,,
,,,,,34286,4.0,4,,,,,,,,
,,,,,34291,5.0,5,,,,,,,,
,,,,,34297,6.0,6,,,,,,,,
,,,,,34300,3.0,3,,,,,,,,
,,,,,34303,3.0,3,,,,,,,,
,,,,,34306,3.0,3,,,,,,,,
,,,,,34309,3.0,3,,,,,,,,
,,,,,34312,3.0,3,,,,,,,,
,,,,,34315,3.0,3,,,,,,,,
,,,,,34318,3.0,3,,,,,,,,
,,,,,34321,3.0,3,,,,,,,,
,,,,,34324,3.0,3,,,,,,,,
,,,,,34327,3.0,3,,,,,,,,
,,,,,34330,3.0,3,,,,,,,,
,,,,,34333,3.0,3,,,,,,,,
,,,,,34336,3.0,3,,,,,,,,
,,,,,34339,3.0,3,,,,,,,,
,,,,,34342,3.0,3,,,,,,,,
,,,,,34345,3.0,3,,,,,,,,
,,,,,34348,3.0,3,,,,,,,,
,,,,,34351,3.0,3,,,,,,,,
,,,,,34354,3.0,3,,,,,,,,
,,,,,34357,3.0,3,,,,,,,,
,,,,,34360,3.0,3,,,,,,,,
,,,,,34365,5.0,5,,,,,,,,
,,,,,34369,4.0,4,,,,,,,,
,,,,,34374,5.0,5,,,,,,,,
,,,,,34377,3.0,3,,,,,,,,
,,,,,34380,3.0,3,,,,,,,,
,,,,,34385,5.0,5,,,,,,,,
,,,,,34388,3.0,3,,,,,,,,
,,,,,34391,3.0,3,,,,,,,,
,,,,,34394,3.0,3,,,,,,,,
,,,,,34397,3.0,3,,,,,,,,
,,,,,34400,3.0,3,,,,,,,,
,,,,,34403,3.0,3,,,,,,,,
,,,,,34408,5.0,5,,,,,,,,
,,,,,34411,3.0,3,,,,,,,,
,,,,,34417,6.0,6,,,,,,,,
,,,,,34420,3.0,3,,,,,,,,
,,,,,34423,3.0,3,,,,,,,,
,,,,,34426,3.0,3,,,,,,,,
,,,,,34429,3.0,3,,,,,,,,
,,,,,34432,3.0,3,,,,,,,,
,,,,,34435,3.0,3,,,,,,,,
,,,,,34438,3.0,3,,,,,,,,
,,,,,34441,3.0,3,,,,,,,,
,,,,,34444,3.0,3,,,,,,,,
,,,,,34447,3.0,3,,,,,,,,
,,,,,34450,3.0,3,,,,,,,,
,,,,,34453,3.0,3,,,,,,,,
,,,,,34456,3.0,3,,,,,,,,
,,,,,34459,3.0,3,,,,,,,,
,,,,,34462,3.0,3,,,,,,,,
,,,,,34465,3.0,3,,,,,,,,
,,,,,34468,3.0,3,,,,,,,,
,,,,,34471,3.0,3,,,,,,,,
,,,,,34474,3.0,3,,,,,,,,
,,,,,34477,3.0,3,,,,,,,,
,,,,,34480,3.0,3,,,,,,,,
,,,,,34483,3.0,3,,,,,,,,
,,,,,34487,4.0,4,,,,,,,,
,,,,,34490,3.0,3,,,,,,,,
,,,,,34493,3.0,3,,,,,,,,
,,,,,34498,5.0,5,,,,,,,,
,,,,,34502,4.0,4,,,,,,,,
,,,,,34505,3.0,3,,,,,,,,
,,,,,34508,3.0,3,,,,,,,,
,,,,,34511,3.0,3,,,,,,,,
,,,,,34514,3.0,3,,,,,,,,
,,,,,34517,3.0,3,,,,,,,,
,,,,,34521,4.0,4,,,,,,,,
,,,,,34524,3.0,3,,,,,,,,
,,,,,34527,3.0,3,,,,,,,,
,,,,,34530,3.0,3,,,,,,,,
,,,,,34534,4.0,4,,,,,,,,
,,,,,34537,3.0,3,,,,,,,,
,,,,,34544,7.0,7,,,,,,,,
,,,,,34547,3.0,3,,,,,,,,
,,,,,34550,3.0,3,,,,,,,,
,,,,,34553,3.0,3,,,,,,,,
,,,,,34560,7.0,7,,,,,,,,
,,,,,34563,3.0,3,,,,,,,,
,,,,,34566,3.0,3,,,,,,,,
,,,,,34569,3.0,3,,,,,,,,
,,,,,34572,3.0,3,,,,,,,,
,,,,,34575,3.0,3,,,,,,,,
,,,,,34578,3.0,3,,,,,,,,
,,,,,34581,3.0,3,,,,,,,,
,,,,,34584,3.0,3,,,,,,,,
,,,,,34587,3.0,3,,,,,,,,
,,,,,34591,4.0,4,,,,,,,,
,,,,,34594,3.0,3,,,,,,,,
,,,,,34597,3.0,3,,,,,,,,
,,,,,34600,3.0,3,,,,,,,,
,,,,,34605,5.0,5,,,,,,,,
,,,,,34608,3.0,3,,,,,,,,
,,,,,34616,8.0,8,,,,,,,,
,,,,,34620,4.0,4,,,,,,,,
,,,,,34623,3.0,3,,,,,,,,
,,,,,34626,3.0,3,,,,,,,,
,,,,,34629,3.0,3,,,,,,,,
,,,,,34632,3.0,3,,,,,,,,
,,,,,34637,5.0,5,,,,,,,,
,,,,,34640,3.0,3,,,,,,,,
,,,,,34643,3.0,3,,,,,,,,
,,,,,34646,3.0,3,,,,,,,,
,,,,,34649,3.0,3,,,,,,,,
,,,,,34652,3.0,3,,,,,,,,
,,,,,34655,3.0,3,,,,,,,,
,,,,,34658,3.0,3,,,,,,,,
,,,,,34661,3.0,3,,,,,,,,
,,,,,34664,3.0,3,,,,,,,,
,,,,,34667,3.0,3,,,,,,,,
,,,,,34671,4.0,4,,,,,,,,
,,,,,34674,3.0,3,,,,,,,,
,,,,,34677,3.0,3,,,,,,,,
,,,,,34681,4.0,4,,,,,,,,
,,,,,34684,3.0,3,,,,,,,,
,,,,,34687,3.0,3,,,,,,,,
,,,,,34690,3.0,3,,,,,,,,
,,,,,34693,3.0,3,,,,,,,,
,,,,,34697,4.0,4,,,,,,,,
,,,,,34700,3.0,3,,,,,,,,
,,,,,34703,3.0,3,,,,,,,,
,,,,,34706,3.0,3,,,,,,,,
,,,,,34710,4.0,4,,,,,,,,
,,,,,34714,4.0,4,,,,,,,,
,,,,,34717,3.0,3,,,,,,,,
,,,,,34720,3.0,3,,,,,,,,
,,,,,34723,3.0,3,,,,,,,,
,,,,,34729,6.0,6,,,,,,,,
,,,,,34734,5.0,5,,,,,,,,
,,,,,34737,3.0,3,,,,,,,,
,,,,,34740,3.0,3,,,,,,,,
,,,,,34745,5.0,5,,,,,,,,
,,,,,34748,3.0,3,,,,,,,,
,,,,,34751,3.0,3,,,,,,,,
,,,,,34755,4.0,4,,,,,,,,
,,,,,34759,4.0,4,,,,,,,,
,,,,,34762,3.0,3,,,,,,,,
,,,,,34765,3.0,3,,,,,,,,
,,,,,34768,3.0,3,,,,,,,,
,,,,,34771,3.0,3,,,,,,,,
,,,,,34774,3.0,3,,,,,,,,
,,,,,34778,4.0,4,,,,,,,,
,,,,,34781,3.0,3,,,,,,,,
,,,,,34787,6.0,6,,,,,,,,
,,,,,34790,3.0,3,,,,,,,,
,,,,,34793,3.0,3,,,,,,,,
,,,,,34796,3.0,3,,,,,,,,
,,,,,34799,3.0,3,,,,,,,,
,,,,,34802,3.0,3,,,,,,,,
,,,,,34805,3.0,3,,,,,,,,
,,,,,34808,3.0,3,,,,,,,,
,,,,,34812,4.0,4,,,,,,,,
,,,,,34815,3.0,3,,,,,,,,
,,,,,34818,3.0,3,,,,,,,,
,,,,,34821,3.0,3,,,,,,,,
,,,,,34824,3.0,3,,,,,,,,
,,,,,34827,3.0,3,,,,,,,,
,,,,,34830,3.0,3,,,,,,,,
,,,,,34833,3.0,3,,,,,,,,
,,,,,34836,3.0,3,,,,,,,,
,,,,,34839,3.0,3,,,,,,,,
,,,,,34845,6.0,6,,,,,,,,
,,,,,34848,3.0,3,,,,,,,,
,,,,,34851,3.0,3,,,,,,,,
,,,,,34854,3.0,3,,,,,,,,
,,,,,34857,3.0,3,,,,,,,,
,,,,,34860,3.0,3,,,,,,,,
,,,,,34863,3.0,3,,,,,,,,
,,,,,34866,3.0,3,,,,,,,,
,,,,,34869,3.0,3,,,,,,,,
,,,,,34872,3.0,3,,,,,,,,
,,,,,34875,3.0,3,,,,,,,,
,,,,,34878,3.0,3,,,,,,,,
,,,,,34881,3.0,3,,,,,,,,
,,,,,34884,3.0,3,,,,,,,,
,,,,,34887,3.0,3,,,,,,,,
,,,,,34890,3.0,3,,,,,,,,
,,,,,34895,5.0,5,,,,,,,,
,,,,,34898,3.0,3,,,,,,,,
,,,,,34901,3.0,3,,,,,,,,
,,,,,34904,3.0,3,,,,,,,,
,,,,,34911,7.0,7,,,,,,,,
,,,,,34914,3.0,3,,,,,,,,
,,,,,34918,4.0,4,,,,,,,,
,,,,,34921,3.0,3,,,,,,,,
,,,,,34924,3.0,3,,,,,,,,
,,,,,34927,3.0,3,,,,,,,,
,,,,,34931,4.0,4,,,,,,,,
,,,,,34934,3.0,3,,,,,,,,
,,,,,34937,3.0,3,,,,,,,,
,,,,,34940,3.0,3,,,,,,,,
,,,,,34944,4.0,4,,,,,,,,
,,,,,34947,3.0,3,,,,,,,,
,,,,,34952,5.0,5,,,,,,,,
,,,,,34955,3.0,3,,,,,,,,
,,,,,34958,3.0,3,,,,,,,,
,,,,,34962,4.0,4,,,,,,,,
,,,,,34965,3.0,3,,,,,,,,
,,,,,34968,3.0,3,,,,,,,,
,,,,,34972,4.0,4,,,,,,,,
,,,,,34975,3.0,3,,,,,,,,
,,,,,34979,4.0,4,,,,,,,,
,,,,,34983,4.0,4,,,,,,,,
,,,,,34987,4.0,4,,,,,,,,
,,,,,34993,6.0,6,,,,,,,,
,,,,,34996,3.0,3,,,,,,,,
3.6,0.9165151,6.0,3.0,3.6,35000,,,0.17435382306575775,-1.7435381412506104,0.26940658688545227,2.342919111251831,2.3440537452697754,0.0003,0.0003,0.1
,,,,,35002,6.0,6,,,,,,,,
,,,,,35007,5.0,5,,,,,,,,
,,,,,35010,3.0,3,,,,,,,,
,,,,,35013,3.0,3,,,,,,,,
,,,,,35016,3.0,3,,,,,,,,
,,,,,35019,3.0,3,,,,,,,,
,,,,,35022,3.0,3,,,,,,,,
,,,,,35028,6.0,6,,,,,,,,
,,,,,35031,3.0,3,,,,,,,,
,,,,,35034,3.0,3,,,,,,,,
,,,,,35037,3.0,3,,,,,,,,
,,,,,35040,3.0,3,,,,,,,,
,,,,,35043,3.0,3,,,,,,,,
,,,,,35046,3.0,3,,,,,,,,
,,,,,35050,4.0,4,,,,,,,,
,,,,,35053,3.0,3,,,,,,,,
,,,,,35056,3.0,3,,,,,,,,
,,,,,35060,4.0,4,,,,,,,,
,,,,,35066,6.0,6,,,,,,,,
,,,,,35069,3.0,3,,,,,,,,
,,,,,35072,3.0,3,,,,,,,,
,,,,,35075,3.0,3,,,,,,,,
,,,,,35082,7.0,7,,,,,,,,
,,,,,35088,6.0,6,,,,,,,,
,,,,,35091,3.0,3,,,,,,,,
,,,,,35094,3.0,3,,,,,,,,
,,,,,35098,4.0,4,,,,,,,,
,,,,,35101,3.0,3,,,,,,,,
,,,,,35109,8.0,8,,,,,,,,
,,,,,35112,3.0,3,,,,,,,,
,,,,,35117,5.0,5,,,,,,,,
,,,,,35120,3.0,3,,,,,,,,
,,,,,35123,3.0,3,,,,,,,,
,,,,,35126,3.0,3,,,,,,,,
,,,,,35129,3.0,3,,,,,,,,
,,,,,35135,6.0,6,,,,,,,,
,,,,,35139,4.0,4,,,,,,,,
,,,,,35142,3.0,3,,,,,,,,
,,,,,35145,3.0,3,,,,,,,,
,,,,,35148,3.0,3,,,,,,,,
,,,,,35151,3.0,3,,,,,,,,
,,,,,35154,3.0,3,,,,,,,,
,,,,,35157,3.0,3,,,,,,,,
,,,,,35160,3.0,3,,,,,,,,
,,,,,35163,3.0,3,,,,,,,,
,,,,,35167,4.0,4,,,,,,,,
,,,,,35173,6.0,6,,,,,,,,
,,,,,35176,3.0,3,,,,,,,,
,,,,,35179,3.0,3,,,,,,,,
,,,,,35183,4.0,4,,,,,,,,
,,,,,35186,3.0,3,,,,,,,,
,,,,,35189,3.0,3,,,,,,,,
,,,,,35192,3.0,3,,,,,,,,
,,,,,35195,3.0,3,,,,,,,,
,,,,,35198,3.0,3,,,,,,,,
,,,,,35201,3.0,3,,,,,,,,
,,,,,35204,3.0,3,,,,,,,,
,,,,,35207,3.0,3,,,,,,,,
,,,,,35210,3.0,3,,,,,,,,
,,,,,35213,3.0,3,,,,,,,,
,,,,,35216,3.0,3,,,,,,,,
,,,,,35219,3.0,3,,,,,,,,
,,,,,35222,3.0,3,,,,,,,,
,,,,,35225,3.0,3,,,,,,,,
,,,,,35230,5.0,5,,,,,,,,
,,,,,35233,3.0,3,,,,,,,,
,,,,,35237,4.0,4,,,,,,,,
,,,,,35240,3.0,3,,,,,,,,
,,,,,35243,3.0,3,,,,,,,,
,,,,,35246,3.0,3,,,,,,,,
,,,,,35249,3.0,3,,,,,,,,
,,,,,35252,3.0,3,,,,,,,,
,,,,,35256,4.0,4,,,,,,,,
,,,,,35260,4.0,4,,,,,,,,
,,,,,35263,3.0,3,,,,,,,,
,,,,,35266,3.0,3,,,,,,,,
,,,,,35269,3.0,3,,,,,,,,
,,,,,35272,3.0,3,,,,,,,,
,,,,,35275,3.0,3,,,,,,,,
,,,,,35279,4.0,4,,,,,,,,
,,,,,35285,6.0,6,,,,,,,,
,,,,,35288,3.0,3,,,,,,,,
,,,,,35291,3.0,3,,,,,,,,
,,,,,35294,3.0,3,,,,,,,,
,,,,,35297,3.0,3,,,,,,,,
,,,,,35300,3.0,3,,,,,,,,
,,,,,35303,3.0,3,,,,,,,,
,,,,,35307,4.0,4,,,,,,,,
,,,,,35310,3.0,3,,,,,,,,
,,,,,35313,3.0,3,,,,,,,,
,,,,,35316,3.0,3,,,,,,,,
,,,,,35319,3.0,3,,,,,,,,
,,,,,35322,3.0,3,,,,,,,,
,,,,,35325,3.0,3,,,,,,,,
,,,,,35328,3.0,3,,,,,,,,
,,,,,35331,3.0,3,,,,,,,,
,,,,,35334,3.0,3,,,,,,,,
,,,,,35337,3.0,3,,,,,,,,
,,,,,35340,3.0,3,,,,,,,,
,,,,,35343,3.0,3,,,,,,,,
,,,,,35346,3.0,3,,,,,,,,
,,,,,35350,4.0,4,,,,,,,,
,,,,,35353,3.0,3,,,,,,,,
,,,,,35356,3.0,3,,,,,,,,
,,,,,35359,3.0,3,,,,,,,,
,,,,,35362,3.0,3,,,,,,,,
,,,,,35365,3.0,3,,,,,,,,
,,,,,35368,3.0,3,,,,,,,,
,,,,,35371,3.0,3,,,,,,,,
,,,,,35374,3.0,3,,,,,,,,
,,,,,35377,3.0,3,,,,,,,,
,,,,,35380,3.0,3,,,,,,,,
,,,,,35383,3.0,3,,,,,,,,
,,,,,35386,3.0,3,,,,,,,,
,,,,,35390,4.0,4,,,,,,,,
,,,,,35393,3.0,3,,,,,,,,
,,,,,35396,3.0,3,,,,,,,,
,,,,,35399,3.0,3,,,,,,,,
,,,,,35402,3.0,3,,,,,,,,
,,,,,35405,3.0,3,,,,,,,,
,,,,,35408,3.0,3,,,,,,,,
,,,,,35413,5.0,5,,,,,,,,
,,,,,35416,3.0,3,,,,,,,,
,,,,,35420,4.0,4,,,,,,,,
,,,,,35426,6.0,6,,,,,,,,
,,,,,35429,3.0,3,,,,,,,,
,,,,,35432,3.0,3,,,,,,,,
,,,,,35437,5.0,5,,,,,,,,
,,,,,35440,3.0,3,,,,,,,,
,,,,,35443,3.0,3,,,,,,,,
,,,,,35446,3.0,3,,,,,,,,
,,,,,35449,3.0,3,,,,,,,,
,,,,,35453,4.0,4,,,,,,,,
,,,,,35457,4.0,4,,,,,,,,
,,,,,35460,3.0,3,,,,,,,,
,,,,,35463,3.0,3,,,,,,,,
,,,,,35466,3.0,3,,,,,,,,
,,,,,35469,3.0,3,,,,,,,,
,,,,,35475,6.0,6,,,,,,,,
,,,,,35478,3.0,3,,,,,,,,
,,,,,35481,3.0,3,,,,,,,,
,,,,,35484,3.0,3,,,,,,,,
,,,,,35491,7.0,7,,,,,,,,
,,,,,35494,3.0,3,,,,,,,,
,,,,,35497,3.0,3,,,,,,,,
,,,,,35500,3.0,3,,,,,,,,
,,,,,35503,3.0,3,,,,,,,,
,,,,,35506,3.0,3,,,,,,,,
,,,,,35509,3.0,3,,,,,,,,
,,,,,35512,3.0,3,,,,,,,,
,,,,,35515,3.0,3,,,,,,,,
,,,,,35525,10.0,10,,,,,,,,
,,,,,35528,3.0,3,,,,,,,,
,,,,,35531,3.0,3,,,,,,,,
,,,,,35534,3.0,3,,,,,,,,
,,,,,35537,3.0,3,,,,,,,,
,,,,,35540,3.0,3,,,,,,,,
,,,,,35543,3.0,3,,,,,,,,
,,,,,35546,3.0,3,,,,,,,,
,,,,,35549,3.0,3,,,,,,,,
,,,,,35553,4.0,4,,,,,,,,
,,,,,35558,5.0,5,,,,,,,,
,,,,,35561,3.0,3,,,,,,,,
,,,,,35566,5.0,5,,,,,,,,
,,,,,35569,3.0,3,,,,,,,,
,,,,,35572,3.0,3,,,,,,,,
,,,,,35576,4.0,4,,,,,,,,
,,,,,35579,3.0,3,,,,,,,,
,,,,,35582,3.0,3,,,,,,,,
,,,,,35585,3.0,3,,,,,,,,
,,,,,35588,3.0,3,,,,,,,,
,,,,,35591,3.0,3,,,,,,,,
,,,,,35594,3.0,3,,,,,,,,
,,,,,35597,3.0,3,,,,,,,,
,,,,,35600,3.0,3,,,,,,,,
,,,,,35603,3.0,3,,,,,,,,
,,,,,35607,4.0,4,,,,,,,,
,,,,,35613,6.0,6,,,,,,,,
,,,,,35616,3.0,3,,,,,,,,
,,,,,35620,4.0,4,,,,,,,,
,,,,,35623,3.0,3,,,,,,,,
,,,,,35626,3.0,3,,,,,,,,
,,,,,35629,3.0,3,,,,,,,,
,,,,,35632,3.0,3,,,,,,,,
,,,,,35635,3.0,3,,,,,,,,
,,,,,35638,3.0,3,,,,,,,,
,,,,,35641,3.0,3,,,,,,,,
,,,,,35647,6.0,6,,,,,,,,
,,,,,35650,3.0,3,,,,,,,,
,,,,,35653,3.0,3,,,,,,,,
,,,,,35656,3.0,3,,,,,,,,
,,,,,35659,3.0,3,,,,,,,,
,,,,,35662,3.0,3,,,,,,,,
,,,,,35665,3.0,3,,,,,,,,
,,,,,35668,3.0,3,,,,,,,,
,,,,,35671,3.0,3,,,,,,,,
,,,,,35674,3.0,3,,,,,,,,
,,,,,35678,4.0,4,,,,,,,,
,,,,,35681,3.0,3,,,,,,,,
,,,,,35686,5.0,5,,,,,,,,
,,,,,35689,3.0,3,,,,,,,,
,,,,,35692,3.0,3,,,,,,,,
,,,,,35695,3.0,3,,,,,,,,
,,,,,35698,3.0,3,,,,,,,,
,,,,,35701,3.0,3,,,,,,,,
,,,,,35704,3.0,3,,,,,,,,
,,,,,35707,3.0,3,,,,,,,,
,,,,,35713,6.0,6,,,,,,,,
,,,,,35716,3.0,3,,,,,,,,
,,,,,35721,5.0,5,,,,,,,,
,,,,,35725,4.0,4,,,,,,,,
,,,,,35729,4.0,4,,,,,,,,
,,,,,35732,3.0,3,,,,,,,,
,,,,,35743,11.0,11,,,,,,,,
,,,,,35746,3.0,3,,,,,,,,
,,,,,35749,3.0,3,,,,,,,,
,,,,,35752,3.0,3,,,,,,,,
,,,,,35755,3.0,3,,,,,,,,
,,,,,35758,3.0,3,,,,,,,,
,,,,,35763,5.0,5,,,,,,,,
,,,,,35766,3.0,3,,,,,,,,
,,,,,35769,3.0,3,,,,,,,,
,,,,,35773,4.0,4,,,,,,,,
,,,,,35776,3.0,3,,,,,,,,
,,,,,35779,3.0,3,,,,,,,,
,,,,,35784,5.0,5,,,,,,,,
,,,,,35787,3.0,3,,,,,,,,
,,,,,35790,3.0,3,,,,,,,,
,,,,,35794,4.0,4,,,,,,,,
,,,,,35797,3.0,3,,,,,,,,
,,,,,35800,3.0,3,,,,,,,,
,,,,,35803,3.0,3,,,,,,,,
,,,,,35806,3.0,3,,,,,,,,
,,,,,35809,3.0,3,,,,,,,,
,,,,,35816,7.0,7,,,,,,,,
,,,,,35819,3.0,3,,,,,,,,
,,,,,35823,4.0,4,,,,,,,,
,,,,,35826,3.0,3,,,,,,,,
,,,,,35831,5.0,5,,,,,,,,
,,,,,35834,3.0,3,,,,,,,,
,,,,,35837,3.0,3,,,,,,,,
,,,,,35840,3.0,3,,,,,,,,
,,,,,35845,5.0,5,,,,,,,,
,,,,,35848,3.0,3,,,,,,,,
,,,,,35851,3.0,3,,,,,,,,
,,,,,35854,3.0,3,,,,,,,,
,,,,,35857,3.0,3,,,,,,,,
,,,,,35860,3.0,3,,,,,,,,
,,,,,35863,3.0,3,,,,,,,,
,,,,,35866,3.0,3,,,,,,,,
,,,,,35869,3.0,3,,,,,,,,
,,,,,35873,4.0,4,,,,,,,,
,,,,,35876,3.0,3,,,,,,,,
,,,,,35881,5.0,5,,,,,,,,
,,,,,35885,4.0,4,,,,,,,,
,,,,,35888,3.0,3,,,,,,,,
,,,,,35891,3.0,3,,,,,,,,
,,,,,35894,3.0,3,,,,,,,,
,,,,,35899,5.0,5,,,,,,,,
,,,,,35902,3.0,3,,,,,,,,
,,,,,35905,3.0,3,,,,,,,,
,,,,,35908,3.0,3,,,,,,,,
,,,,,35915,7.0,7,,,,,,,,
,,,,,35919,4.0,4,,,,,,,,
,,,,,35925,6.0,6,,,,,,,,
,,,,,35928,3.0,3,,,,,,,,
,,,,,35932,4.0,4,,,,,,,,
,,,,,35935,3.0,3,,,,,,,,
,,,,,35938,3.0,3,,,,,,,,
,,,,,35942,4.0,4,,,,,,,,
,,,,,35945,3.0,3,,,,,,,,
,,,,,35951,6.0,6,,,,,,,,
,,,,,35954,3.0,3,,,,,,,,
,,,,,35963,9.0,9,,,,,,,,
,,,,,35968,5.0,5,,,,,,,,
,,,,,35971,3.0,3,,,,,,,,
,,,,,35975,4.0,4,,,,,,,,
,,,,,35979,4.0,4,,,,,,,,
,,,,,35982,3.0,3,,,,,,,,
,,,,,35987,5.0,5,,,,,,,,
,,,,,35991,4.0,4,,,,,,,,
,,,,,35994,3.0,3,,,,,,,,
,,,,,35997,3.0,3,,,,,,,,
,,,,,36000,3.0,3,,,,,,,,
,,,,,36000,,,0.057566821575164795,-0.575668215751648,0.28322523832321167,2.624872922897339,2.6144912242889404,0.0003,0.0003,0.1
,,,,,36003,3.0,3,,,,,,,,
,,,,,36007,4.0,4,,,,,,,,
,,,,,36013,6.0,6,,,,,,,,
,,,,,36016,3.0,3,,,,,,,,
,,,,,36019,3.0,3,,,,,,,,
,,,,,36022,3.0,3,,,,,,,,
,,,,,36025,3.0,3,,,,,,,,
,,,,,36029,4.0,4,,,,,,,,
,,,,,36032,3.0,3,,,,,,,,
,,,,,36037,5.0,5,,,,,,,,
,,,,,36041,4.0,4,,,,,,,,
,,,,,36045,4.0,4,,,,,,,,
,,,,,36050,5.0,5,,,,,,,,
,,,,,36058,8.0,8,,,,,,,,
,,,,,36063,5.0,5,,,,,,,,
,,,,,36066,3.0,3,,,,,,,,
,,,,,36069,3.0,3,,,,,,,,
,,,,,36075,6.0,6,,,,,,,,
,,,,,36078,3.0,3,,,,,,,,
,,,,,36081,3.0,3,,,,,,,,
,,,,,36087,6.0,6,,,,,,,,
,,,,,36090,3.0,3,,,,,,,,
,,,,,36094,4.0,4,,,,,,,,
,,,,,36097,3.0,3,,,,,,,,
,,,,,36100,3.0,3,,,,,,,,
,,,,,36103,3.0,3,,,,,,,,
,,,,,36106,3.0,3,,,,,,,,
,,,,,36109,3.0,3,,,,,,,,
,,,,,36116,7.0,7,,,,,,,,
,,,,,36120,4.0,4,,,,,,,,
,,,,,36124,4.0,4,,,,,,,,
,,,,,36128,4.0,4,,,,,,,,
,,,,,36131,3.0,3,,,,,,,,
,,,,,36135,4.0,4,,,,,,,,
,,,,,36138,3.0,3,,,,,,,,
,,,,,36141,3.0,3,,,,,,,,
,,,,,36144,3.0,3,,,,,,,,
,,,,,36149,5.0,5,,,,,,,,
,,,,,36152,3.0,3,,,,,,,,
,,,,,36156,4.0,4,,,,,,,,
,,,,,36160,4.0,4,,,,,,,,
,,,,,36164,4.0,4,,,,,,,,
,,,,,36167,3.0,3,,,,,,,,
,,,,,36170,3.0,3,,,,,,,,
,,,,,36174,4.0,4,,,,,,,,
,,,,,36177,3.0,3,,,,,,,,
,,,,,36180,3.0,3,,,,,,,,
,,,,,36183,3.0,3,,,,,,,,
,,,,,36186,3.0,3,,,,,,,,
,,,,,36189,3.0,3,,,,,,,,
,,,,,36194,5.0,5,,,,,,,,
,,,,,36197,3.0,3,,,,,,,,
,,,,,36201,4.0,4,,,,,,,,
,,,,,36204,3.0,3,,,,,,,,
,,,,,36207,3.0,3,,,,,,,,
,,,,,36211,4.0,4,,,,,,,,
,,,,,36214,3.0,3,,,,,,,,
,,,,,36221,7.0,7,,,,,,,,
,,,,,36224,3.0,3,,,,,,,,
,,,,,36228,4.0,4,,,,,,,,
,,,,,36231,3.0,3,,,,,,,,
,,,,,36236,5.0,5,,,,,,,,
,,,,,36241,5.0,5,,,,,,,,
,,,,,36244,3.0,3,,,,,,,,
,,,,,36247,3.0,3,,,,,,,,
,,,,,36252,5.0,5,,,,,,,,
,,,,,36257,5.0,5,,,,,,,,
,,,,,36260,3.0,3,,,,,,,,
,,,,,36265,5.0,5,,,,,,,,
,,,,,36268,3.0,3,,,,,,,,
,,,,,36272,4.0,4,,,,,,,,
,,,,,36275,3.0,3,,,,,,,,
,,,,,36279,4.0,4,,,,,,,,
,,,,,36284,5.0,5,,,,,,,,
,,,,,36289,5.0,5,,,,,,,,
,,,,,36292,3.0,3,,,,,,,,
,,,,,36295,3.0,3,,,,,,,,
,,,,,36298,3.0,3,,,,,,,,
,,,,,36302,4.0,4,,,,,,,,
,,,,,36305,3.0,3,,,,,,,,
,,,,,36308,3.0,3,,,,,,,,
,,,,,36311,3.0,3,,,,,,,,
,,,,,36314,3.0,3,,,,,,,,
,,,,,36317,3.0,3,,,,,,,,
,,,,,36320,3.0,3,,,,,,,,
,,,,,36324,4.0,4,,,,,,,,
,,,,,36328,4.0,4,,,,,,,,
,,,,,36331,3.0,3,,,,,,,,
,,,,,36334,3.0,3,,,,,,,,
,,,,,36337,3.0,3,,,,,,,,
,,,,,36340,3.0,3,,,,,,,,
,,,,,36343,3.0,3,,,,,,,,
,,,,,36346,3.0,3,,,,,,,,
,,,,,36352,6.0,6,,,,,,,,
,,,,,36356,4.0,4,,,,,,,,
,,,,,36359,3.0,3,,,,,,,,
,,,,,36362,3.0,3,,,,,,,,
,,,,,36366,4.0,4,,,,,,,,
,,,,,36371,5.0,5,,,,,,,,
,,,,,36374,3.0,3,,,,,,,,
,,,,,36381,7.0,7,,,,,,,,
,,,,,36388,7.0,7,,,,,,,,
,,,,,36391,3.0,3,,,,,,,,
,,,,,36394,3.0,3,,,,,,,,
,,,,,36397,3.0,3,,,,,,,,
,,,,,36400,3.0,3,,,,,,,,
,,,,,36403,3.0,3,,,,,,,,
,,,,,36406,3.0,3,,,,,,,,
,,,,,36409,3.0,3,,,,,,,,
,,,,,36412,3.0,3,,,,,,,,
,,,,,36415,3.0,3,,,,,,,,
,,,,,36418,3.0,3,,,,,,,,
,,,,,36421,3.0,3,,,,,,,,
,,,,,36424,3.0,3,,,,,,,,
,,,,,36427,3.0,3,,,,,,,,
,,,,,36430,3.0,3,,,,,,,,
,,,,,36433,3.0,3,,,,,,,,
,,,,,36436,3.0,3,,,,,,,,
,,,,,36443,7.0,7,,,,,,,,
,,,,,36447,4.0,4,,,,,,,,
,,,,,36450,3.0,3,,,,,,,,
,,,,,36453,3.0,3,,,,,,,,
,,,,,36457,4.0,4,,,,,,,,
,,,,,36460,3.0,3,,,,,,,,
,,,,,36465,5.0,5,,,,,,,,
,,,,,36468,3.0,3,,,,,,,,
,,,,,36471,3.0,3,,,,,,,,
,,,,,36475,4.0,4,,,,,,,,
,,,,,36479,4.0,4,,,,,,,,
,,,,,36482,3.0,3,,,,,,,,
,,,,,36486,4.0,4,,,,,,,,
,,,,,36489,3.0,3,,,,,,,,
,,,,,36497,8.0,8,,,,,,,,
,,,,,36500,3.0,3,,,,,,,,
,,,,,36503,3.0,3,,,,,,,,
,,,,,36506,3.0,3,,,,,,,,
,,,,,36509,3.0,3,,,,,,,,
,,,,,36514,5.0,5,,,,,,,,
,,,,,36517,3.0,3,,,,,,,,
,,,,,36522,5.0,5,,,,,,,,
,,,,,36525,3.0,3,,,,,,,,
,,,,,36528,3.0,3,,,,,,,,
,,,,,36531,3.0,3,,,,,,,,
,,,,,36534,3.0,3,,,,,,,,
,,,,,36544,10.0,10,,,,,,,,
,,,,,36547,3.0,3,,,,,,,,
,,,,,36550,3.0,3,,,,,,,,
,,,,,36556,6.0,6,,,,,,,,
,,,,,36561,5.0,5,,,,,,,,
,,,,,36564,3.0,3,,,,,,,,
,,,,,36567,3.0,3,,,,,,,,
,,,,,36572,5.0,5,,,,,,,,
,,,,,36575,3.0,3,,,,,,,,
,,,,,36578,3.0,3,,,,,,,,
,,,,,36581,3.0,3,,,,,,,,
,,,,,36584,3.0,3,,,,,,,,
,,,,,36591,7.0,7,,,,,,,,
,,,,,36594,3.0,3,,,,,,,,
,,,,,36597,3.0,3,,,,,,,,
,,,,,36600,3.0,3,,,,,,,,
,,,,,36603,3.0,3,,,,,,,,
,,,,,36606,3.0,3,,,,,,,,
,,,,,36614,8.0,8,,,,,,,,
,,,,,36617,3.0,3,,,,,,,,
,,,,,36620,3.0,3,,,,,,,,
,,,,,36628,8.0,8,,,,,,,,
,,,,,36631,3.0,3,,,,,,,,
,,,,,36636,5.0,5,,,,,,,,
,,,,,36640,4.0,4,,,,,,,,
,,,,,36643,3.0,3,,,,,,,,
,,,,,36650,7.0,7,,,,,,,,
,,,,,36654,4.0,4,,,,,,,,
,,,,,36660,6.0,6,,,,,,,,
,,,,,36664,4.0,4,,,,,,,,
,,,,,36667,3.0,3,,,,,,,,
,,,,,36674,7.0,7,,,,,,,,
,,,,,36677,3.0,3,,,,,,,,
,,,,,36680,3.0,3,,,,,,,,
,,,,,36683,3.0,3,,,,,,,,
,,,,,36686,3.0,3,,,,,,,,
,,,,,36690,4.0,4,,,,,,,,
,,,,,36693,3.0,3,,,,,,,,
,,,,,36699,6.0,6,,,,,,,,
,,,,,36705,6.0,6,,,,,,,,
,,,,,36710,5.0,5,,,,,,,,
,,,,,36714,4.0,4,,,,,,,,
,,,,,36721,7.0,7,,,,,,,,
,,,,,36724,3.0,3,,,,,,,,
,,,,,36728,4.0,4,,,,,,,,
,,,,,36731,3.0,3,,,,,,,,
,,,,,36734,3.0,3,,,,,,,,
,,,,,36737,3.0,3,,,,,,,,
,,,,,36740,3.0,3,,,,,,,,
,,,,,36745,5.0,5,,,,,,,,
,,,,,36751,6.0,6,,,,,,,,
,,,,,36762,11.0,11,,,,,,,,
,,,,,36765,3.0,3,,,,,,,,
,,,,,36770,5.0,5,,,,,,,,
,,,,,36775,5.0,5,,,,,,,,
,,,,,36779,4.0,4,,,,,,,,
,,,,,36789,10.0,10,,,,,,,,
,,,,,36792,3.0,3,,,,,,,,
,,,,,36797,5.0,5,,,,,,,,
,,,,,36806,9.0,9,,,,,,,,
,,,,,36809,3.0,3,,,,,,,,
,,,,,36813,4.0,4,,,,,,,,
,,,,,36820,7.0,7,,,,,,,,
,,,,,36828,8.0,8,,,,,,,,
,,,,,36831,3.0,3,,,,,,,,
,,,,,36835,4.0,4,,,,,,,,
,,,,,36839,4.0,4,,,,,,,,
,,,,,36842,3.0,3,,,,,,,,
,,,,,36847,5.0,5,,,,,,,,
,,,,,36851,4.0,4,,,,,,,,
,,,,,36854,3.0,3,,,,,,,,
,,,,,36859,5.0,5,,,,,,,,
,,,,,36862,3.0,3,,,,,,,,
,,,,,36866,4.0,4,,,,,,,,
,,,,,36869,3.0,3,,,,,,,,
,,,,,36872,3.0,3,,,,,,,,
,,,,,36878,6.0,6,,,,,,,,
,,,,,36881,3.0,3,,,,,,,,
,,,,,36884,3.0,3,,,,,,,,
,,,,,36888,4.0,4,,,,,,,,
,,,,,36891,3.0,3,,,,,,,,
,,,,,36894,3.0,3,,,,,,,,
,,,,,36897,3.0,3,,,,,,,,
,,,,,36903,6.0,6,,,,,,,,
,,,,,36906,3.0,3,,,,,,,,
,,,,,36909,3.0,3,,,,,,,,
,,,,,36917,8.0,8,,,,,,,,
,,,,,36920,3.0,3,,,,,,,,
,,,,,36923,3.0,3,,,,,,,,
,,,,,36926,3.0,3,,,,,,,,
,,,,,36929,3.0,3,,,,,,,,
,,,,,36933,4.0,4,,,,,,,,
,,,,,36940,7.0,7,,,,,,,,
,,,,,36943,3.0,3,,,,,,,,
,,,,,36947,4.0,4,,,,,,,,
,,,,,36952,5.0,5,,,,,,,,
,,,,,36961,9.0,9,,,,,,,,
,,,,,36970,9.0,9,,,,,,,,
,,,,,36973,3.0,3,,,,,,,,
,,,,,36977,4.0,4,,,,,,,,
,,,,,36982,5.0,5,,,,,,,,
,,,,,36985,3.0,3,,,,,,,,
,,,,,36991,6.0,6,,,,,,,,
,,,,,36995,4.0,4,,,,,,,,
,,,,,36998,3.0,3,,,,,,,,
,,,,,37000,,,0.06604857742786407,-0.6604857444763184,0.7236512899398804,2.8816566467285156,2.9765584468841553,0.0003,0.0003,0.1
,,,,,37001,3.0,3,,,,,,,,
,,,,,37004,3.0,3,,,,,,,,
,,,,,37010,6.0,6,,,,,,,,
,,,,,37014,4.0,4,,,,,,,,
,,,,,37017,3.0,3,,,,,,,,
,,,,,37021,4.0,4,,,,,,,,
,,,,,37025,4.0,4,,,,,,,,
,,,,,37028,3.0,3,,,,,,,,
,,,,,37033,5.0,5,,,,,,,,
,,,,,37036,3.0,3,,,,,,,,
,,,,,37039,3.0,3,,,,,,,,
,,,,,37042,3.0,3,,,,,,,,
,,,,,37045,3.0,3,,,,,,,,
,,,,,37048,3.0,3,,,,,,,,
,,,,,37051,3.0,3,,,,,,,,
,,,,,37056,5.0,5,,,,,,,,
,,,,,37059,3.0,3,,,,,,,,
,,,,,37062,3.0,3,,,,,,,,
,,,,,37065,3.0,3,,,,,,,,
,,,,,37068,3.0,3,,,,,,,,
,,,,,37073,5.0,5,,,,,,,,
,,,,,37076,3.0,3,,,,,,,,
,,,,,37079,3.0,3,,,,,,,,
,,,,,37082,3.0,3,,,,,,,,
,,,,,37090,8.0,8,,,,,,,,
,,,,,37094,4.0,4,,,,,,,,
,,,,,37097,3.0,3,,,,,,,,
,,,,,37103,6.0,6,,,,,,,,
,,,,,37106,3.0,3,,,,,,,,
,,,,,37109,3.0,3,,,,,,,,
,,,,,37112,3.0,3,,,,,,,,
,,,,,37115,3.0,3,,,,,,,,
,,,,,37118,3.0,3,,,,,,,,
,,,,,37125,7.0,7,,,,,,,,
,,,,,37128,3.0,3,,,,,,,,
,,,,,37133,5.0,5,,,,,,,,
,,,,,37138,5.0,5,,,,,,,,
,,,,,37142,4.0,4,,,,,,,,
,,,,,37145,3.0,3,,,,,,,,
,,,,,37150,5.0,5,,,,,,,,
,,,,,37156,6.0,6,,,,,,,,
,,,,,37159,3.0,3,,,,,,,,
,,,,,37164,5.0,5,,,,,,,,
,,,,,37167,3.0,3,,,,,,,,
,,,,,37170,3.0,3,,,,,,,,
,,,,,37173,3.0,3,,,,,,,,
,,,,,37176,3.0,3,,,,,,,,
,,,,,37180,4.0,4,,,,,,,,
,,,,,37187,7.0,7,,,,,,,,
,,,,,37197,10.0,10,,,,,,,,
,,,,,37200,3.0,3,,,,,,,,
,,,,,37203,3.0,3,,,,,,,,
,,,,,37210,7.0,7,,,,,,,,
,,,,,37213,3.0,3,,,,,,,,
,,,,,37216,3.0,3,,,,,,,,
,,,,,37220,4.0,4,,,,,,,,
,,,,,37223,3.0,3,,,,,,,,
,,,,,37226,3.0,3,,,,,,,,
,,,,,37231,5.0,5,,,,,,,,
,,,,,37234,3.0,3,,,,,,,,
,,,,,37237,3.0,3,,,,,,,,
,,,,,37242,5.0,5,,,,,,,,
,,,,,37250,8.0,8,,,,,,,,
,,,,,37253,3.0,3,,,,,,,,
,,,,,37256,3.0,3,,,,,,,,
,,,,,37259,3.0,3,,,,,,,,
,,,,,37262,3.0,3,,,,,,,,
,,,,,37267,5.0,5,,,,,,,,
,,,,,37273,6.0,6,,,,,,,,
,,,,,37276,3.0,3,,,,,,,,
,,,,,37282,6.0,6,,,,,,,,
,,,,,37285,3.0,3,,,,,,,,
,,,,,37288,3.0,3,,,,,,,,
,,,,,37291,3.0,3,,,,,,,,
,,,,,37296,5.0,5,,,,,,,,
,,,,,37299,3.0,3,,,,,,,,
,,,,,37303,4.0,4,,,,,,,,
,,,,,37310,7.0,7,,,,,,,,
,,,,,37314,4.0,4,,,,,,,,
,,,,,37320,6.0,6,,,,,,,,
,,,,,37326,6.0,6,,,,,,,,
,,,,,37329,3.0,3,,,,,,,,
,,,,,37332,3.0,3,,,,,,,,
,,,,,37335,3.0,3,,,,,,,,
,,,,,37338,3.0,3,,,,,,,,
,,,,,37341,3.0,3,,,,,,,,
,,,,,37344,3.0,3,,,,,,,,
,,,,,37349,5.0,5,,,,,,,,
,,,,,37356,7.0,7,,,,,,,,
,,,,,37359,3.0,3,,,,,,,,
,,,,,37362,3.0,3,,,,,,,,
,,,,,37365,3.0,3,,,,,,,,
,,,,,37368,3.0,3,,,,,,,,
,,,,,37376,8.0,8,,,,,,,,
,,,,,37381,5.0,5,,,,,,,,
,,,,,37384,3.0,3,,,,,,,,
,,,,,37387,3.0,3,,,,,,,,
,,,,,37390,3.0,3,,,,,,,,
,,,,,37393,3.0,3,,,,,,,,
,,,,,37396,3.0,3,,,,,,,,
,,,,,37401,5.0,5,,,,,,,,
,,,,,37408,7.0,7,,,,,,,,
,,,,,37412,4.0,4,,,,,,,,
,,,,,37415,3.0,3,,,,,,,,
,,,,,37418,3.0,3,,,,,,,,
,,,,,37422,4.0,4,,,,,,,,
,,,,,37429,7.0,7,,,,,,,,
,,,,,37434,5.0,5,,,,,,,,
,,,,,37438,4.0,4,,,,,,,,
,,,,,37442,4.0,4,,,,,,,,
,,,,,37445,3.0,3,,,,,,,,
,,,,,37454,9.0,9,,,,,,,,
,,,,,37457,3.0,3,,,,,,,,
,,,,,37460,3.0,3,,,,,,,,
,,,,,37463,3.0,3,,,,,,,,
,,,,,37474,11.0,11,,,,,,,,
,,,,,37477,3.0,3,,,,,,,,
,,,,,37485,8.0,8,,,,,,,,
,,,,,37490,5.0,5,,,,,,,,
,,,,,37493,3.0,3,,,,,,,,
,,,,,37496,3.0,3,,,,,,,,
,,,,,37499,3.0,3,,,,,,,,
,,,,,37502,3.0,3,,,,,,,,
,,,,,37505,3.0,3,,,,,,,,
,,,,,37510,5.0,5,,,,,,,,
,,,,,37513,3.0,3,,,,,,,,
,,,,,37521,8.0,8,,,,,,,,
,,,,,37529,8.0,8,,,,,,,,
,,,,,37532,3.0,3,,,,,,,,
,,,,,37535,3.0,3,,,,,,,,
,,,,,37542,7.0,7,,,,,,,,
,,,,,37547,5.0,5,,,,,,,,
,,,,,37551,4.0,4,,,,,,,,
,,,,,37554,3.0,3,,,,,,,,
,,,,,37558,4.0,4,,,,,,,,
,,,,,37570,12.0,12,,,,,,,,
,,,,,37573,3.0,3,,,,,,,,
,,,,,37576,3.0,3,,,,,,,,
,,,,,37579,3.0,3,,,,,,,,
,,,,,37590,11.0,11,,,,,,,,
,,,,,37602,12.0,12,,,,,,,,
,,,,,37606,4.0,4,,,,,,,,
,,,,,37609,3.0,3,,,,,,,,
,,,,,37612,3.0,3,,,,,,,,
,,,,,37616,4.0,4,,,,,,,,
,,,,,37620,4.0,4,,,,,,,,
,,,,,37625,5.0,5,,,,,,,,
,,,,,37628,3.0,3,,,,,,,,
,,,,,37631,3.0,3,,,,,,,,
,,,,,37634,3.0,3,,,,,,,,
,,,,,37637,3.0,3,,,,,,,,
,,,,,37640,3.0,3,,,,,,,,
,,,,,37644,4.0,4,,,,,,,,
,,,,,37647,3.0,3,,,,,,,,
,,,,,37650,3.0,3,,,,,,,,
,,,,,37656,6.0,6,,,,,,,,
,,,,,37660,4.0,4,,,,,,,,
,,,,,37664,4.0,4,,,,,,,,
,,,,,37669,5.0,5,,,,,,,,
,,,,,37673,4.0,4,,,,,,,,
,,,,,37676,3.0,3,,,,,,,,
,,,,,37679,3.0,3,,,,,,,,
,,,,,37686,7.0,7,,,,,,,,
,,,,,37690,4.0,4,,,,,,,,
,,,,,37693,3.0,3,,,,,,,,
,,,,,37696,3.0,3,,,,,,,,
,,,,,37701,5.0,5,,,,,,,,
,,,,,37705,4.0,4,,,,,,,,
,,,,,37709,4.0,4,,,,,,,,
,,,,,37718,9.0,9,,,,,,,,
,,,,,37721,3.0,3,,,,,,,,
,,,,,37724,3.0,3,,,,,,,,
,,,,,37727,3.0,3,,,,,,,,
,,,,,37732,5.0,5,,,,,,,,
,,,,,37736,4.0,4,,,,,,,,
,,,,,37739,3.0,3,,,,,,,,
,,,,,37742,3.0,3,,,,,,,,
,,,,,37746,4.0,4,,,,,,,,
,,,,,37751,5.0,5,,,,,,,,
,,,,,37758,7.0,7,,,,,,,,
,,,,,37763,5.0,5,,,,,,,,
,,,,,37766,3.0,3,,,,,,,,
,,,,,37771,5.0,5,,,,,,,,
,,,,,37774,3.0,3,,,,,,,,
,,,,,37777,3.0,3,,,,,,,,
,,,,,37783,6.0,6,,,,,,,,
,,,,,37787,4.0,4,,,,,,,,
,,,,,37791,4.0,4,,,,,,,,
,,,,,37796,5.0,5,,,,,,,,
,,,,,37799,3.0,3,,,,,,,,
,,,,,37802,3.0,3,,,,,,,,
,,,,,37806,4.0,4,,,,,,,,
,,,,,37809,3.0,3,,,,,,,,
,,,,,37814,5.0,5,,,,,,,,
,,,,,37825,11.0,11,,,,,,,,
,,,,,37828,3.0,3,,,,,,,,
,,,,,37832,4.0,4,,,,,,,,
,,,,,37836,4.0,4,,,,,,,,
,,,,,37839,3.0,3,,,,,,,,
,,,,,37842,3.0,3,,,,,,,,
,,,,,37845,3.0,3,,,,,,,,
,,,,,37848,3.0,3,,,,,,,,
,,,,,37858,10.0,10,,,,,,,,
,,,,,37866,8.0,8,,,,,,,,
,,,,,37869,3.0,3,,,,,,,,
,,,,,37873,4.0,4,,,,,,,,
,,,,,37876,3.0,3,,,,,,,,
,,,,,37879,3.0,3,,,,,,,,
,,,,,37884,5.0,5,,,,,,,,
,,,,,37887,3.0,3,,,,,,,,
,,,,,37890,3.0,3,,,,,,,,
,,,,,37893,3.0,3,,,,,,,,
,,,,,37908,15.0,15,,,,,,,,
,,,,,37914,6.0,6,,,,,,,,
,,,,,37920,6.0,6,,,,,,,,
,,,,,37924,4.0,4,,,,,,,,
,,,,,37927,3.0,3,,,,,,,,
,,,,,37931,4.0,4,,,,,,,,
,,,,,37935,4.0,4,,,,,,,,
,,,,,37941,6.0,6,,,,,,,,
,,,,,37948,7.0,7,,,,,,,,
,,,,,37959,11.0,11,,,,,,,,
,,,,,37962,3.0,3,,,,,,,,
,,,,,37965,3.0,3,,,,,,,,
,,,,,37968,3.0,3,,,,,,,,
,,,,,37973,5.0,5,,,,,,,,
,,,,,37979,6.0,6,,,,,,,,
,,,,,37982,3.0,3,,,,,,,,
,,,,,37986,4.0,4,,,,,,,,
,,,,,37991,5.0,5,,,,,,,,
,,,,,37995,4.0,4,,,,,,,,
,,,,,37998,3.0,3,,,,,,,,
,,,,,38000,,,0.0003373786748852581,-0.0033737868070602417,0.7850319147109985,3.2259714603424072,3.314157485961914,0.0003,0.0003,0.1
,,,,,38001,3.0,3,,,,,,,,
,,,,,38006,5.0,5,,,,,,,,
,,,,,38009,3.0,3,,,,,,,,
,,,,,38015,6.0,6,,,,,,,,
,,,,,38022,7.0,7,,,,,,,,
,,,,,38025,3.0,3,,,,,,,,
,,,,,38031,6.0,6,,,,,,,,
,,,,,38034,3.0,3,,,,,,,,
,,,,,38044,10.0,10,,,,,,,,
,,,,,38048,4.0,4,,,,,,,,
,,,,,38051,3.0,3,,,,,,,,
,,,,,38055,4.0,4,,,,,,,,
,,,,,38058,3.0,3,,,,,,,,
,,,,,38062,4.0,4,,,,,,,,
,,,,,38072,10.0,10,,,,,,,,
,,,,,38076,4.0,4,,,,,,,,
,,,,,38083,7.0,7,,,,,,,,
,,,,,38088,5.0,5,,,,,,,,
,,,,,38093,5.0,5,,,,,,,,
,,,,,38110,17.0,17,,,,,,,,
,,,,,38115,5.0,5,,,,,,,,
,,,,,38118,3.0,3,,,,,,,,
,,,,,38123,5.0,5,,,,,,,,
,,,,,38127,4.0,4,,,,,,,,
,,,,,38130,3.0,3,,,,,,,,
,,,,,38134,4.0,4,,,,,,,,
,,,,,38137,3.0,3,,,,,,,,
,,,,,38140,3.0,3,,,,,,,,
,,,,,38143,3.0,3,,,,,,,,
,,,,,38146,3.0,3,,,,,,,,
,,,,,38152,6.0,6,,,,,,,,
,,,,,38155,3.0,3,,,,,,,,
,,,,,38161,6.0,6,,,,,,,,
,,,,,38165,4.0,4,,,,,,,,
,,,,,38173,8.0,8,,,,,,,,
,,,,,38176,3.0,3,,,,,,,,
,,,,,38179,3.0,3,,,,,,,,
,,,,,38189,10.0,10,,,,,,,,
,,,,,38194,5.0,5,,,,,,,,
,,,,,38197,3.0,3,,,,,,,,
,,,,,38200,3.0,3,,,,,,,,
,,,,,38204,4.0,4,,,,,,,,
,,,,,38208,4.0,4,,,,,,,,
,,,,,38213,5.0,5,,,,,,,,
,,,,,38216,3.0,3,,,,,,,,
,,,,,38227,11.0,11,,,,,,,,
,,,,,38230,3.0,3,,,,,,,,
,,,,,38237,7.0,7,,,,,,,,
,,,,,38241,4.0,4,,,,,,,,
,,,,,38244,3.0,3,,,,,,,,
,,,,,38248,4.0,4,,,,,,,,
,,,,,38251,3.0,3,,,,,,,,
,,,,,38258,7.0,7,,,,,,,,
,,,,,38262,4.0,4,,,,,,,,
,,,,,38270,8.0,8,,,,,,,,
,,,,,38274,4.0,4,,,,,,,,
,,,,,38279,5.0,5,,,,,,,,
,,,,,38282,3.0,3,,,,,,,,
,,,,,38285,3.0,3,,,,,,,,
,,,,,38288,3.0,3,,,,,,,,
,,,,,38291,3.0,3,,,,,,,,
,,,,,38294,3.0,3,,,,,,,,
,,,,,38297,3.0,3,,,,,,,,
,,,,,38300,3.0,3,,,,,,,,
,,,,,38303,3.0,3,,,,,,,,
,,,,,38306,3.0,3,,,,,,,,
,,,,,38309,3.0,3,,,,,,,,
,,,,,38313,4.0,4,,,,,,,,
,,,,,38316,3.0,3,,,,,,,,
,,,,,38320,4.0,4,,,,,,,,
,,,,,38330,10.0,10,,,,,,,,
,,,,,38336,6.0,6,,,,,,,,
,,,,,38341,5.0,5,,,,,,,,
,,,,,38346,5.0,5,,,,,,,,
,,,,,38349,3.0,3,,,,,,,,
,,,,,38352,3.0,3,,,,,,,,
,,,,,38357,5.0,5,,,,,,,,
,,,,,38372,15.0,15,,,,,,,,
,,,,,38377,5.0,5,,,,,,,,
,,,,,38380,3.0,3,,,,,,,,
,,,,,38385,5.0,5,,,,,,,,
,,,,,38390,5.0,5,,,,,,,,
,,,,,38403,13.0,13,,,,,,,,
,,,,,38407,4.0,4,,,,,,,,
,,,,,38411,4.0,4,,,,,,,,
,,,,,38416,5.0,5,,,,,,,,
,,,,,38421,5.0,5,,,,,,,,
,,,,,38424,3.0,3,,,,,,,,
,,,,,38427,3.0,3,,,,,,,,
,,,,,38430,3.0,3,,,,,,,,
,,,,,38436,6.0,6,,,,,,,,
,,,,,38440,4.0,4,,,,,,,,
,,,,,38445,5.0,5,,,,,,,,
,,,,,38450,5.0,5,,,,,,,,
,,,,,38455,5.0,5,,,,,,,,
,,,,,38468,13.0,13,,,,,,,,
,,,,,38472,4.0,4,,,,,,,,
,,,,,38475,3.0,3,,,,,,,,
,,,,,38478,3.0,3,,,,,,,,
,,,,,38484,6.0,6,,,,,,,,
,,,,,38490,6.0,6,,,,,,,,
,,,,,38493,3.0,3,,,,,,,,
,,,,,38503,10.0,10,,,,,,,,
,,,,,38507,4.0,4,,,,,,,,
,,,,,38510,3.0,3,,,,,,,,
,,,,,38515,5.0,5,,,,,,,,
,,,,,38521,6.0,6,,,,,,,,
,,,,,38537,16.0,16,,,,,,,,
,,,,,38540,3.0,3,,,,,,,,
,,,,,38548,8.0,8,,,,,,,,
,,,,,38554,6.0,6,,,,,,,,
,,,,,38561,7.0,7,,,,,,,,
,,,,,38564,3.0,3,,,,,,,,
,,,,,38568,4.0,4,,,,,,,,
,,,,,38571,3.0,3,,,,,,,,
,,,,,38575,4.0,4,,,,,,,,
,,,,,38580,5.0,5,,,,,,,,
,,,,,38585,5.0,5,,,,,,,,
,,,,,38592,7.0,7,,,,,,,,
,,,,,38599,7.0,7,,,,,,,,
,,,,,38604,5.0,5,,,,,,,,
,,,,,38608,4.0,4,,,,,,,,
,,,,,38622,14.0,14,,,,,,,,
,,,,,38629,7.0,7,,,,,,,,
,,,,,38638,9.0,9,,,,,,,,
,,,,,38651,13.0,13,,,,,,,,
,,,,,38656,5.0,5,,,,,,,,
,,,,,38659,3.0,3,,,,,,,,
,,,,,38663,4.0,4,,,,,,,,
,,,,,38669,6.0,6,,,,,,,,
,,,,,38672,3.0,3,,,,,,,,
,,,,,38675,3.0,3,,,,,,,,
,,,,,38678,3.0,3,,,,,,,,
,,,,,38682,4.0,4,,,,,,,,
,,,,,38689,7.0,7,,,,,,,,
,,,,,38697,8.0,8,,,,,,,,
,,,,,38704,7.0,7,,,,,,,,
,,,,,38707,3.0,3,,,,,,,,
,,,,,38715,8.0,8,,,,,,,,
,,,,,38719,4.0,4,,,,,,,,
,,,,,38724,5.0,5,,,,,,,,
,,,,,38728,4.0,4,,,,,,,,
,,,,,38731,3.0,3,,,,,,,,
,,,,,38734,3.0,3,,,,,,,,
,,,,,38745,11.0,11,,,,,,,,
,,,,,38751,6.0,6,,,,,,,,
,,,,,38758,7.0,7,,,,,,,,
,,,,,38765,7.0,7,,,,,,,,
,,,,,38776,11.0,11,,,,,,,,
,,,,,38780,4.0,4,,,,,,,,
,,,,,38783,3.0,3,,,,,,,,
,,,,,38789,6.0,6,,,,,,,,
,,,,,38793,4.0,4,,,,,,,,
,,,,,38799,6.0,6,,,,,,,,
,,,,,38811,12.0,12,,,,,,,,
,,,,,38814,3.0,3,,,,,,,,
,,,,,38820,6.0,6,,,,,,,,
,,,,,38827,7.0,7,,,,,,,,
,,,,,38832,5.0,5,,,,,,,,
,,,,,38835,3.0,3,,,,,,,,
,,,,,38838,3.0,3,,,,,,,,
,,,,,38843,5.0,5,,,,,,,,
,,,,,38851,8.0,8,,,,,,,,
,,,,,38855,4.0,4,,,,,,,,
,,,,,38859,4.0,4,,,,,,,,
,,,,,38862,3.0,3,,,,,,,,
,,,,,38866,4.0,4,,,,,,,,
,,,,,38869,3.0,3,,,,,,,,
,,,,,38874,5.0,5,,,,,,,,
,,,,,38882,8.0,8,,,,,,,,
,,,,,38885,3.0,3,,,,,,,,
,,,,,38888,3.0,3,,,,,,,,
,,,,,38892,4.0,4,,,,,,,,
,,,,,38895,3.0,3,,,,,,,,
,,,,,38915,20.0,20,,,,,,,,
,,,,,38920,5.0,5,,,,,,,,
,,,,,38924,4.0,4,,,,,,,,
,,,,,38927,3.0,3,,,,,,,,
,,,,,38932,5.0,5,,,,,,,,
,,,,,38936,4.0,4,,,,,,,,
,,,,,38943,7.0,7,,,,,,,,
,,,,,38947,4.0,4,,,,,,,,
,,,,,38951,4.0,4,,,,,,,,
,,,,,38968,17.0,17,,,,,,,,
,,,,,38973,5.0,5,,,,,,,,
,,,,,38978,5.0,5,,,,,,,,
,,,,,38984,6.0,6,,,,,,,,
,,,,,38992,8.0,8,,,,,,,,
,,,,,38998,6.0,6,,,,,,,,
,,,,,39000,,,-0.02315044216811657,0.2315044105052948,1.3556838035583496,3.5003650188446045,3.479011297225952,0.0003,0.0003,0.1
,,,,,39002,4.0,4,,,,,,,,
,,,,,39020,18.0,18,,,,,,,,
,,,,,39023,3.0,3,,,,,,,,
,,,,,39029,6.0,6,,,,,,,,
,,,,,39038,9.0,9,,,,,,,,
,,,,,39045,7.0,7,,,,,,,,
,,,,,39049,4.0,4,,,,,,,,
,,,,,39052,3.0,3,,,,,,,,
,,,,,39056,4.0,4,,,,,,,,
,,,,,39061,5.0,5,,,,,,,,
,,,,,39066,5.0,5,,,,,,,,
,,,,,39069,3.0,3,,,,,,,,
,,,,,39073,4.0,4,,,,,,,,
,,,,,39076,3.0,3,,,,,,,,
,,,,,39079,3.0,3,,,,,,,,
,,,,,39082,3.0,3,,,,,,,,
,,,,,39086,4.0,4,,,,,,,,
,,,,,39089,3.0,3,,,,,,,,
,,,,,39093,4.0,4,,,,,,,,
,,,,,39096,3.0,3,,,,,,,,
,,,,,39100,4.0,4,,,,,,,,
,,,,,39105,5.0,5,,,,,,,,
,,,,,39108,3.0,3,,,,,,,,
,,,,,39111,3.0,3,,,,,,,,
,,,,,39114,3.0,3,,,,,,,,
,,,,,39117,3.0,3,,,,,,,,
,,,,,39123,6.0,6,,,,,,,,
,,,,,39127,4.0,4,,,,,,,,
,,,,,39132,5.0,5,,,,,,,,
,,,,,39135,3.0,3,,,,,,,,
,,,,,39141,6.0,6,,,,,,,,
,,,,,39151,10.0,10,,,,,,,,
,,,,,39155,4.0,4,,,,,,,,
,,,,,39159,4.0,4,,,,,,,,
,,,,,39162,3.0,3,,,,,,,,
,,,,,39165,3.0,3,,,,,,,,
,,,,,39169,4.0,4,,,,,,,,
,,,,,39184,15.0,15,,,,,,,,
,,,,,39187,3.0,3,,,,,,,,
,,,,,39190,3.0,3,,,,,,,,
,,,,,39193,3.0,3,,,,,,,,
,,,,,39196,3.0,3,,,,,,,,
,,,,,39199,3.0,3,,,,,,,,
,,,,,39202,3.0,3,,,,,,,,
,,,,,39208,6.0,6,,,,,,,,
,,,,,39214,6.0,6,,,,,,,,
,,,,,39219,5.0,5,,,,,,,,
,,,,,39223,4.0,4,,,,,,,,
,,,,,39226,3.0,3,,,,,,,,
,,,,,39231,5.0,5,,,,,,,,
,,,,,39239,8.0,8,,,,,,,,
,,,,,39242,3.0,3,,,,,,,,
,,,,,39245,3.0,3,,,,,,,,
,,,,,39248,3.0,3,,,,,,,,
,,,,,39252,4.0,4,,,,,,,,
,,,,,39255,3.0,3,,,,,,,,
,,,,,39258,3.0,3,,,,,,,,
,,,,,39261,3.0,3,,,,,,,,
,,,,,39264,3.0,3,,,,,,,,
,,,,,39270,6.0,6,,,,,,,,
,,,,,39273,3.0,3,,,,,,,,
,,,,,39277,4.0,4,,,,,,,,
,,,,,39281,4.0,4,,,,,,,,
,,,,,39284,3.0,3,,,,,,,,
,,,,,39287,3.0,3,,,,,,,,
,,,,,39290,3.0,3,,,,,,,,
,,,,,39296,6.0,6,,,,,,,,
,,,,,39299,3.0,3,,,,,,,,
,,,,,39303,4.0,4,,,,,,,,
,,,,,39308,5.0,5,,,,,,,,
,,,,,39311,3.0,3,,,,,,,,
,,,,,39315,4.0,4,,,,,,,,
,,,,,39318,3.0,3,,,,,,,,
,,,,,39324,6.0,6,,,,,,,,
,,,,,39327,3.0,3,,,,,,,,
,,,,,39331,4.0,4,,,,,,,,
,,,,,39335,4.0,4,,,,,,,,
,,,,,39339,4.0,4,,,,,,,,
,,,,,39342,3.0,3,,,,,,,,
,,,,,39345,3.0,3,,,,,,,,
,,,,,39348,3.0,3,,,,,,,,
,,,,,39351,3.0,3,,,,,,,,
,,,,,39354,3.0,3,,,,,,,,
,,,,,39357,3.0,3,,,,,,,,
,,,,,39364,7.0,7,,,,,,,,
,,,,,39371,7.0,7,,,,,,,,
,,,,,39375,4.0,4,,,,,,,,
,,,,,39378,3.0,3,,,,,,,,
,,,,,39381,3.0,3,,,,,,,,
,,,,,39385,4.0,4,,,,,,,,
,,,,,39389,4.0,4,,,,,,,,
,,,,,39392,3.0,3,,,,,,,,
,,,,,39396,4.0,4,,,,,,,,
,,,,,39400,4.0,4,,,,,,,,
,,,,,39403,3.0,3,,,,,,,,
,,,,,39406,3.0,3,,,,,,,,
,,,,,39409,3.0,3,,,,,,,,
,,,,,39413,4.0,4,,,,,,,,
,,,,,39421,8.0,8,,,,,,,,
,,,,,39429,8.0,8,,,,,,,,
,,,,,39432,3.0,3,,,,,,,,
,,,,,39435,3.0,3,,,,,,,,
,,,,,39441,6.0,6,,,,,,,,
,,,,,39444,3.0,3,,,,,,,,
,,,,,39448,4.0,4,,,,,,,,
,,,,,39461,13.0,13,,,,,,,,
,,,,,39465,4.0,4,,,,,,,,
,,,,,39472,7.0,7,,,,,,,,
,,,,,39476,4.0,4,,,,,,,,
,,,,,39480,4.0,4,,,,,,,,
,,,,,39486,6.0,6,,,,,,,,
,,,,,39491,5.0,5,,,,,,,,
,,,,,39494,3.0,3,,,,,,,,
,,,,,39503,9.0,9,,,,,,,,
,,,,,39508,5.0,5,,,,,,,,
,,,,,39513,5.0,5,,,,,,,,
,,,,,39516,3.0,3,,,,,,,,
,,,,,39520,4.0,4,,,,,,,,
,,,,,39523,3.0,3,,,,,,,,
,,,,,39530,7.0,7,,,,,,,,
,,,,,39535,5.0,5,,,,,,,,
,,,,,39541,6.0,6,,,,,,,,
,,,,,39545,4.0,4,,,,,,,,
,,,,,39552,7.0,7,,,,,,,,
,,,,,39556,4.0,4,,,,,,,,
,,,,,39559,3.0,3,,,,,,,,
,,,,,39562,3.0,3,,,,,,,,
,,,,,39569,7.0,7,,,,,,,,
,,,,,39572,3.0,3,,,,,,,,
,,,,,39575,3.0,3,,,,,,,,
,,,,,39578,3.0,3,,,,,,,,
,,,,,39582,4.0,4,,,,,,,,
,,,,,39585,3.0,3,,,,,,,,
,,,,,39591,6.0,6,,,,,,,,
,,,,,39595,4.0,4,,,,,,,,
,,,,,39598,3.0,3,,,,,,,,
,,,,,39604,6.0,6,,,,,,,,
,,,,,39607,3.0,3,,,,,,,,
,,,,,39615,8.0,8,,,,,,,,
,,,,,39622,7.0,7,,,,,,,,
,,,,,39625,3.0,3,,,,,,,,
,,,,,39628,3.0,3,,,,,,,,
,,,,,39632,4.0,4,,,,,,,,
,,,,,39637,5.0,5,,,,,,,,
,,,,,39640,3.0,3,,,,,,,,
,,,,,39646,6.0,6,,,,,,,,
,,,,,39652,6.0,6,,,,,,,,
,,,,,39655,3.0,3,,,,,,,,
,,,,,39658,3.0,3,,,,,,,,
,,,,,39664,6.0,6,,,,,,,,
,,,,,39673,9.0,9,,,,,,,,
,,,,,39678,5.0,5,,,,,,,,
,,,,,39681,3.0,3,,,,,,,,
,,,,,39684,3.0,3,,,,,,,,
,,,,,39689,5.0,5,,,,,,,,
,,,,,39694,5.0,5,,,,,,,,
,,,,,39704,10.0,10,,,,,,,,
,,,,,39708,4.0,4,,,,,,,,
,,,,,39711,3.0,3,,,,,,,,
,,,,,39714,3.0,3,,,,,,,,
,,,,,39718,4.0,4,,,,,,,,
,,,,,39722,4.0,4,,,,,,,,
,,,,,39727,5.0,5,,,,,,,,
,,,,,39730,3.0,3,,,,,,,,
,,,,,39733,3.0,3,,,,,,,,
,,,,,39737,4.0,4,,,,,,,,
,,,,,39743,6.0,6,,,,,,,,
,,,,,39746,3.0,3,,,,,,,,
,,,,,39750,4.0,4,,,,,,,,
,,,,,39756,6.0,6,,,,,,,,
,,,,,39760,4.0,4,,,,,,,,
,,,,,39764,4.0,4,,,,,,,,
,,,,,39767,3.0,3,,,,,,,,
,,,,,39770,3.0,3,,,,,,,,
,,,,,39775,5.0,5,,,,,,,,
,,,,,39778,3.0,3,,,,,,,,
,,,,,39782,4.0,4,,,,,,,,
,,,,,39794,12.0,12,,,,,,,,
,,,,,39804,10.0,10,,,,,,,,
,,,,,39807,3.0,3,,,,,,,,
,,,,,39812,5.0,5,,,,,,,,
,,,,,39816,4.0,4,,,,,,,,
,,,,,39819,3.0,3,,,,,,,,
,,,,,39823,4.0,4,,,,,,,,
,,,,,39830,7.0,7,,,,,,,,
,,,,,39833,3.0,3,,,,,,,,
,,,,,39839,6.0,6,,,,,,,,
,,,,,39847,8.0,8,,,,,,,,
,,,,,39850,3.0,3,,,,,,,,
,,,,,39854,4.0,4,,,,,,,,
,,,,,39858,4.0,4,,,,,,,,
,,,,,39862,4.0,4,,,,,,,,
,,,,,39868,6.0,6,,,,,,,,
,,,,,39874,6.0,6,,,,,,,,
,,,,,39883,9.0,9,,,,,,,,
,,,,,39887,4.0,4,,,,,,,,
,,,,,39890,3.0,3,,,,,,,,
,,,,,39895,5.0,5,,,,,,,,
,,,,,39898,3.0,3,,,,,,,,
,,,,,39901,3.0,3,,,,,,,,
,,,,,39904,3.0,3,,,,,,,,
,,,,,39908,4.0,4,,,,,,,,
,,,,,39911,3.0,3,,,,,,,,
,,,,,39914,3.0,3,,,,,,,,
,,,,,39919,5.0,5,,,,,,,,
,,,,,39927,8.0,8,,,,,,,,
,,,,,39930,3.0,3,,,,,,,,
,,,,,39939,9.0,9,,,,,,,,
,,,,,39943,4.0,4,,,,,,,,
,,,,,39948,5.0,5,,,,,,,,
,,,,,39951,3.0,3,,,,,,,,
,,,,,39959,8.0,8,,,,,,,,
,,,,,39963,4.0,4,,,,,,,,
,,,,,39968,5.0,5,,,,,,,,
,,,,,39974,6.0,6,,,,,,,,
,,,,,39977,3.0,3,,,,,,,,
,,,,,39981,4.0,4,,,,,,,,
,,,,,39987,6.0,6,,,,,,,,
,,,,,39990,3.0,3,,,,,,,,
,,,,,39993,3.0,3,,,,,,,,
,,,,,39996,3.0,3,,,,,,,,
4.4,1.8000001,9.0,3.0,4.4,40000,,,-0.028474295511841774,0.28474295139312744,0.9755246639251709,3.176252603530884,3.1480960845947266,0.0003,0.0003,0.1
,,,,,40001,5.0,5,,,,,,,,
,,,,,40005,4.0,4,,,,,,,,
,,,,,40013,8.0,8,,,,,,,,
,,,,,40016,3.0,3,,,,,,,,
,,,,,40019,3.0,3,,,,,,,,
,,,,,40022,3.0,3,,,,,,,,
,,,,,40025,3.0,3,,,,,,,,
,,,,,40028,3.0,3,,,,,,,,
,,,,,40031,3.0,3,,,,,,,,
,,,,,40034,3.0,3,,,,,,,,
,,,,,40037,3.0,3,,,,,,,,
,,,,,40040,3.0,3,,,,,,,,
,,,,,40043,3.0,3,,,,,,,,
,,,,,40048,5.0,5,,,,,,,,
,,,,,40051,3.0,3,,,,,,,,
,,,,,40055,4.0,4,,,,,,,,
,,,,,40058,3.0,3,,,,,,,,
,,,,,40064,6.0,6,,,,,,,,
,,,,,40067,3.0,3,,,,,,,,
,,,,,40070,3.0,3,,,,,,,,
,,,,,40073,3.0,3,,,,,,,,
,,,,,40076,3.0,3,,,,,,,,
,,,,,40080,4.0,4,,,,,,,,
,,,,,40083,3.0,3,,,,,,,,
,,,,,40086,3.0,3,,,,,,,,
,,,,,40090,4.0,4,,,,,,,,
,,,,,40093,3.0,3,,,,,,,,
,,,,,40096,3.0,3,,,,,,,,
,,,,,40100,4.0,4,,,,,,,,
,,,,,40104,4.0,4,,,,,,,,
,,,,,40108,4.0,4,,,,,,,,
,,,,,40113,5.0,5,,,,,,,,
,,,,,40119,6.0,6,,,,,,,,
,,,,,40122,3.0,3,,,,,,,,
,,,,,40128,6.0,6,,,,,,,,
,,,,,40133,5.0,5,,,,,,,,
,,,,,40136,3.0,3,,,,,,,,
,,,,,40142,6.0,6,,,,,,,,
,,,,,40145,3.0,3,,,,,,,,
,,,,,40148,3.0,3,,,,,,,,
,,,,,40151,3.0,3,,,,,,,,
,,,,,40154,3.0,3,,,,,,,,
,,,,,40157,3.0,3,,,,,,,,
,,,,,40160,3.0,3,,,,,,,,
,,,,,40163,3.0,3,,,,,,,,
,,,,,40166,3.0,3,,,,,,,,
,,,,,40170,4.0,4,,,,,,,,
,,,,,40173,3.0,3,,,,,,,,
,,,,,40176,3.0,3,,,,,,,,
,,,,,40179,3.0,3,,,,,,,,
,,,,,40182,3.0,3,,,,,,,,
,,,,,40185,3.0,3,,,,,,,,
,,,,,40190,5.0,5,,,,,,,,
,,,,,40194,4.0,4,,,,,,,,
,,,,,40198,4.0,4,,,,,,,,
,,,,,40202,4.0,4,,,,,,,,
,,,,,40210,8.0,8,,,,,,,,
,,,,,40215,5.0,5,,,,,,,,
,,,,,40218,3.0,3,,,,,,,,
,,,,,40221,3.0,3,,,,,,,,
,,,,,40225,4.0,4,,,,,,,,
,,,,,40229,4.0,4,,,,,,,,
,,,,,40234,5.0,5,,,,,,,,
,,,,,40237,3.0,3,,,,,,,,
,,,,,40240,3.0,3,,,,,,,,
,,,,,40244,4.0,4,,,,,,,,
,,,,,40247,3.0,3,,,,,,,,
,,,,,40250,3.0,3,,,,,,,,
,,,,,40253,3.0,3,,,,,,,,
,,,,,40256,3.0,3,,,,,,,,
,,,,,40260,4.0,4,,,,,,,,
,,,,,40267,7.0,7,,,,,,,,
,,,,,40270,3.0,3,,,,,,,,
,,,,,40274,4.0,4,,,,,,,,
,,,,,40281,7.0,7,,,,,,,,
,,,,,40289,8.0,8,,,,,,,,
,,,,,40292,3.0,3,,,,,,,,
,,,,,40295,3.0,3,,,,,,,,
,,,,,40298,3.0,3,,,,,,,,
,,,,,40303,5.0,5,,,,,,,,
,,,,,40306,3.0,3,,,,,,,,
,,,,,40309,3.0,3,,,,,,,,
,,,,,40312,3.0,3,,,,,,,,
,,,,,40315,3.0,3,,,,,,,,
,,,,,40318,3.0,3,,,,,,,,
,,,,,40322,4.0,4,,,,,,,,
,,,,,40328,6.0,6,,,,,,,,
,,,,,40331,3.0,3,,,,,,,,
,,,,,40336,5.0,5,,,,,,,,
,,,,,40339,3.0,3,,,,,,,,
,,,,,40342,3.0,3,,,,,,,,
,,,,,40345,3.0,3,,,,,,,,
,,,,,40350,5.0,5,,,,,,,,
,,,,,40353,3.0,3,,,,,,,,
,,,,,40356,3.0,3,,,,,,,,
,,,,,40359,3.0,3,,,,,,,,
,,,,,40362,3.0,3,,,,,,,,
,,,,,40366,4.0,4,,,,,,,,
,,,,,40369,3.0,3,,,,,,,,
,,,,,40372,3.0,3,,,,,,,,
,,,,,40375,3.0,3,,,,,,,,
,,,,,40380,5.0,5,,,,,,,,
,,,,,40383,3.0,3,,,,,,,,
,,,,,40390,7.0,7,,,,,,,,
,,,,,40393,3.0,3,,,,,,,,
,,,,,40396,3.0,3,,,,,,,,
,,,,,40399,3.0,3,,,,,,,,
,,,,,40403,4.0,4,,,,,,,,
,,,,,40410,7.0,7,,,,,,,,
,,,,,40413,3.0,3,,,,,,,,
,,,,,40416,3.0,3,,,,,,,,
,,,,,40420,4.0,4,,,,,,,,
,,,,,40423,3.0,3,,,,,,,,
,,,,,40426,3.0,3,,,,,,,,
,,,,,40429,3.0,3,,,,,,,,
,,,,,40432,3.0,3,,,,,,,,
,,,,,40436,4.0,4,,,,,,,,
,,,,,40439,3.0,3,,,,,,,,
,,,,,40442,3.0,3,,,,,,,,
,,,,,40445,3.0,3,,,,,,,,
,,,,,40448,3.0,3,,,,,,,,
,,,,,40451,3.0,3,,,,,,,,
,,,,,40454,3.0,3,,,,,,,,
,,,,,40457,3.0,3,,,,,,,,
,,,,,40462,5.0,5,,,,,,,,
,,,,,40465,3.0,3,,,,,,,,
,,,,,40471,6.0,6,,,,,,,,
,,,,,40474,3.0,3,,,,,,,,
,,,,,40477,3.0,3,,,,,,,,
,,,,,40481,4.0,4,,,,,,,,
,,,,,40485,4.0,4,,,,,,,,
,,,,,40488,3.0,3,,,,,,,,
,,,,,40491,3.0,3,,,,,,,,
,,,,,40494,3.0,3,,,,,,,,
,,,,,40497,3.0,3,,,,,,,,
,,,,,40500,3.0,3,,,,,,,,
,,,,,40503,3.0,3,,,,,,,,
,,,,,40508,5.0,5,,,,,,,,
,,,,,40511,3.0,3,,,,,,,,
,,,,,40514,3.0,3,,,,,,,,
,,,,,40517,3.0,3,,,,,,,,
,,,,,40524,7.0,7,,,,,,,,
,,,,,40529,5.0,5,,,,,,,,
,,,,,40539,10.0,10,,,,,,,,
,,,,,40543,4.0,4,,,,,,,,
,,,,,40546,3.0,3,,,,,,,,
,,,,,40549,3.0,3,,,,,,,,
,,,,,40553,4.0,4,,,,,,,,
,,,,,40556,3.0,3,,,,,,,,
,,,,,40559,3.0,3,,,,,,,,
,,,,,40563,4.0,4,,,,,,,,
,,,,,40566,3.0,3,,,,,,,,
,,,,,40569,3.0,3,,,,,,,,
,,,,,40573,4.0,4,,,,,,,,
,,,,,40576,3.0,3,,,,,,,,
,,,,,40580,4.0,4,,,,,,,,
,,,,,40583,3.0,3,,,,,,,,
,,,,,40586,3.0,3,,,,,,,,
,,,,,40589,3.0,3,,,,,,,,
,,,,,40592,3.0,3,,,,,,,,
,,,,,40595,3.0,3,,,,,,,,
,,,,,40598,3.0,3,,,,,,,,
,,,,,40602,4.0,4,,,,,,,,
,,,,,40605,3.0,3,,,,,,,,
,,,,,40610,5.0,5,,,,,,,,
,,,,,40618,8.0,8,,,,,,,,
,,,,,40625,7.0,7,,,,,,,,
,,,,,40628,3.0,3,,,,,,,,
,,,,,40631,3.0,3,,,,,,,,
,,,,,40641,10.0,10,,,,,,,,
,,,,,40644,3.0,3,,,,,,,,
,,,,,40647,3.0,3,,,,,,,,
,,,,,40651,4.0,4,,,,,,,,
,,,,,40654,3.0,3,,,,,,,,
,,,,,40660,6.0,6,,,,,,,,
,,,,,40664,4.0,4,,,,,,,,
,,,,,40667,3.0,3,,,,,,,,
,,,,,40676,9.0,9,,,,,,,,
,,,,,40684,8.0,8,,,,,,,,
,,,,,40688,4.0,4,,,,,,,,
,,,,,40691,3.0,3,,,,,,,,
,,,,,40694,3.0,3,,,,,,,,
,,,,,40699,5.0,5,,,,,,,,
,,,,,40702,3.0,3,,,,,,,,
,,,,,40706,4.0,4,,,,,,,,
,,,,,40711,5.0,5,,,,,,,,
,,,,,40714,3.0,3,,,,,,,,
,,,,,40717,3.0,3,,,,,,,,
,,,,,40720,3.0,3,,,,,,,,
,,,,,40723,3.0,3,,,,,,,,
,,,,,40734,11.0,11,,,,,,,,
,,,,,40742,8.0,8,,,,,,,,
,,,,,40745,3.0,3,,,,,,,,
,,,,,40748,3.0,3,,,,,,,,
,,,,,40752,4.0,4,,,,,,,,
,,,,,40756,4.0,4,,,,,,,,
,,,,,40760,4.0,4,,,,,,,,
,,,,,40763,3.0,3,,,,,,,,
,,,,,40766,3.0,3,,,,,,,,
,,,,,40772,6.0,6,,,,,,,,
,,,,,40775,3.0,3,,,,,,,,
,,,,,40778,3.0,3,,,,,,,,
,,,,,40782,4.0,4,,,,,,,,
,,,,,40785,3.0,3,,,,,,,,
,,,,,40788,3.0,3,,,,,,,,
,,,,,40791,3.0,3,,,,,,,,
,,,,,40794,3.0,3,,,,,,,,
,,,,,40797,3.0,3,,,,,,,,
,,,,,40800,3.0,3,,,,,,,,
,,,,,40807,7.0,7,,,,,,,,
,,,,,40810,3.0,3,,,,,,,,
,,,,,40815,5.0,5,,,,,,,,
,,,,,40818,3.0,3,,,,,,,,
,,,,,40821,3.0,3,,,,,,,,
,,,,,40824,3.0,3,,,,,,,,
,,,,,40827,3.0,3,,,,,,,,
,,,,,40830,3.0,3,,,,,,,,
,,,,,40833,3.0,3,,,,,,,,
,,,,,40836,3.0,3,,,,,,,,
,,,,,40839,3.0,3,,,,,,,,
,,,,,40845,6.0,6,,,,,,,,
,,,,,40848,3.0,3,,,,,,,,
,,,,,40851,3.0,3,,,,,,,,
,,,,,40855,4.0,4,,,,,,,,
,,,,,40860,5.0,5,,,,,,,,
,,,,,40864,4.0,4,,,,,,,,
,,,,,40869,5.0,5,,,,,,,,
,,,,,40876,7.0,7,,,,,,,,
,,,,,40881,5.0,5,,,,,,,,
,,,,,40885,4.0,4,,,,,,,,
,,,,,40889,4.0,4,,,,,,,,
,,,,,40892,3.0,3,,,,,,,,
,,,,,40898,6.0,6,,,,,,,,
,,,,,40901,3.0,3,,,,,,,,
,,,,,40904,3.0,3,,,,,,,,
,,,,,40907,3.0,3,,,,,,,,
,,,,,40910,3.0,3,,,,,,,,
,,,,,40913,3.0,3,,,,,,,,
,,,,,40916,3.0,3,,,,,,,,
,,,,,40920,4.0,4,,,,,,,,
,,,,,40923,3.0,3,,,,,,,,
,,,,,40928,5.0,5,,,,,,,,
,,,,,40934,6.0,6,,,,,,,,
,,,,,40940,6.0,6,,,,,,,,
,,,,,40944,4.0,4,,,,,,,,
,,,,,40947,3.0,3,,,,,,,,
,,,,,40950,3.0,3,,,,,,,,
,,,,,40966,16.0,16,,,,,,,,
,,,,,40969,3.0,3,,,,,,,,
,,,,,40973,4.0,4,,,,,,,,
,,,,,40977,4.0,4,,,,,,,,
,,,,,40980,3.0,3,,,,,,,,
,,,,,40985,5.0,5,,,,,,,,
,,,,,40988,3.0,3,,,,,,,,
,,,,,40994,6.0,6,,,,,,,,
,,,,,41000,,,-0.02479085698723793,0.2479085624217987,0.5095508098602295,3.0586764812469482,3.0367116928100586,0.0003,0.0003,0.1
,,,,,41001,7.0,7,,,,,,,,
,,,,,41004,3.0,3,,,,,,,,
,,,,,41007,3.0,3,,,,,,,,
,,,,,41014,7.0,7,,,,,,,,
,,,,,41017,3.0,3,,,,,,,,
,,,,,41025,8.0,8,,,,,,,,
,,,,,41029,4.0,4,,,,,,,,
,,,,,41032,3.0,3,,,,,,,,
,,,,,41041,9.0,9,,,,,,,,
,,,,,41044,3.0,3,,,,,,,,
,,,,,41047,3.0,3,,,,,,,,
,,,,,41052,5.0,5,,,,,,,,
,,,,,41055,3.0,3,,,,,,,,
,,,,,41058,3.0,3,,,,,,,,
,,,,,41061,3.0,3,,,,,,,,
,,,,,41064,3.0,3,,,,,,,,
,,,,,41067,3.0,3,,,,,,,,
,,,,,41070,3.0,3,,,,,,,,
,,,,,41073,3.0,3,,,,,,,,
,,,,,41076,3.0,3,,,,,,,,
,,,,,41079,3.0,3,,,,,,,,
,,,,,41082,3.0,3,,,,,,,,
,,,,,41085,3.0,3,,,,,,,,
,,,,,41091,6.0,6,,,,,,,,
,,,,,41095,4.0,4,,,,,,,,
,,,,,41099,4.0,4,,,,,,,,
,,,,,41102,3.0,3,,,,,,,,
,,,,,41108,6.0,6,,,,,,,,
,,,,,41111,3.0,3,,,,,,,,
,,,,,41114,3.0,3,,,,,,,,
,,,,,41120,6.0,6,,,,,,,,
,,,,,41123,3.0,3,,,,,,,,
,,,,,41126,3.0,3,,,,,,,,
,,,,,41129,3.0,3,,,,,,,,
,,,,,41132,3.0,3,,,,,,,,
,,,,,41137,5.0,5,,,,,,,,
,,,,,41148,11.0,11,,,,,,,,
,,,,,41151,3.0,3,,,,,,,,
,,,,,41154,3.0,3,,,,,,,,
,,,,,41159,5.0,5,,,,,,,,
,,,,,41162,3.0,3,,,,,,,,
,,,,,41165,3.0,3,,,,,,,,
,,,,,41168,3.0,3,,,,,,,,
,,,,,41171,3.0,3,,,,,,,,
,,,,,41175,4.0,4,,,,,,,,
,,,,,41183,8.0,8,,,,,,,,
,,,,,41186,3.0,3,,,,,,,,
,,,,,41193,7.0,7,,,,,,,,
,,,,,41200,7.0,7,,,,,,,,
,,,,,41203,3.0,3,,,,,,,,
,,,,,41207,4.0,4,,,,,,,,
,,,,,41210,3.0,3,,,,,,,,
,,,,,41213,3.0,3,,,,,,,,
,,,,,41216,3.0,3,,,,,,,,
,,,,,41220,4.0,4,,,,,,,,
,,,,,41223,3.0,3,,,,,,,,
,,,,,41226,3.0,3,,,,,,,,
,,,,,41229,3.0,3,,,,,,,,
,,,,,41234,5.0,5,,,,,,,,
,,,,,41237,3.0,3,,,,,,,,
,,,,,41245,8.0,8,,,,,,,,
,,,,,41252,7.0,7,,,,,,,,
,,,,,41256,4.0,4,,,,,,,,
,,,,,41262,6.0,6,,,,,,,,
,,,,,41267,5.0,5,,,,,,,,
,,,,,41272,5.0,5,,,,,,,,
,,,,,41275,3.0,3,,,,,,,,
,,,,,41282,7.0,7,,,,,,,,
,,,,,41285,3.0,3,,,,,,,,
,,,,,41290,5.0,5,,,,,,,,
,,,,,41294,4.0,4,,,,,,,,
,,,,,41297,3.0,3,,,,,,,,
,,,,,41300,3.0,3,,,,,,,,
,,,,,41304,4.0,4,,,,,,,,
,,,,,41308,4.0,4,,,,,,,,
,,,,,41311,3.0,3,,,,,,,,
,,,,,41314,3.0,3,,,,,,,,
,,,,,41317,3.0,3,,,,,,,,
,,,,,41320,3.0,3,,,,,,,,
,,,,,41323,3.0,3,,,,,,,,
,,,,,41326,3.0,3,,,,,,,,
,,,,,41329,3.0,3,,,,,,,,
,,,,,41333,4.0,4,,,,,,,,
,,,,,41336,3.0,3,,,,,,,,
,,,,,41340,4.0,4,,,,,,,,
,,,,,41350,10.0,10,,,,,,,,
,,,,,41354,4.0,4,,,,,,,,
,,,,,41359,5.0,5,,,,,,,,
,,,,,41362,3.0,3,,,,,,,,
,,,,,41365,3.0,3,,,,,,,,
,,,,,41368,3.0,3,,,,,,,,
,,,,,41371,3.0,3,,,,,,,,
,,,,,41375,4.0,4,,,,,,,,
,,,,,41378,3.0,3,,,,,,,,
,,,,,41381,3.0,3,,,,,,,,
,,,,,41385,4.0,4,,,,,,,,
,,,,,41388,3.0,3,,,,,,,,
,,,,,41393,5.0,5,,,,,,,,
,,,,,41396,3.0,3,,,,,,,,
,,,,,41399,3.0,3,,,,,,,,
,,,,,41404,5.0,5,,,,,,,,
,,,,,41407,3.0,3,,,,,,,,
,,,,,41410,3.0,3,,,,,,,,
,,,,,41413,3.0,3,,,,,,,,
,,,,,41419,6.0,6,,,,,,,,
,,,,,41423,4.0,4,,,,,,,,
,,,,,41426,3.0,3,,,,,,,,
,,,,,41429,3.0,3,,,,,,,,
,,,,,41432,3.0,3,,,,,,,,
,,,,,41436,4.0,4,,,,,,,,
,,,,,41439,3.0,3,,,,,,,,
,,,,,41442,3.0,3,,,,,,,,
,,,,,41446,4.0,4,,,,,,,,
,,,,,41449,3.0,3,,,,,,,,
,,,,,41453,4.0,4,,,,,,,,
,,,,,41456,3.0,3,,,,,,,,
,,,,,41459,3.0,3,,,,,,,,
,,,,,41464,5.0,5,,,,,,,,
,,,,,41468,4.0,4,,,,,,,,
,,,,,41472,4.0,4,,,,,,,,
,,,,,41475,3.0,3,,,,,,,,
,,,,,41478,3.0,3,,,,,,,,
,,,,,41484,6.0,6,,,,,,,,
,,,,,41488,4.0,4,,,,,,,,
,,,,,41493,5.0,5,,,,,,,,
,,,,,41497,4.0,4,,,,,,,,
,,,,,41500,3.0,3,,,,,,,,
,,,,,41504,4.0,4,,,,,,,,
,,,,,41509,5.0,5,,,,,,,,
,,,,,41516,7.0,7,,,,,,,,
,,,,,41519,3.0,3,,,,,,,,
,,,,,41522,3.0,3,,,,,,,,
,,,,,41525,3.0,3,,,,,,,,
,,,,,41528,3.0,3,,,,,,,,
,,,,,41531,3.0,3,,,,,,,,
,,,,,41535,4.0,4,,,,,,,,
,,,,,41538,3.0,3,,,,,,,,
,,,,,41541,3.0,3,,,,,,,,
,,,,,41547,6.0,6,,,,,,,,
,,,,,41550,3.0,3,,,,,,,,
,,,,,41559,9.0,9,,,,,,,,
,,,,,41564,5.0,5,,,,,,,,
,,,,,41567,3.0,3,,,,,,,,
,,,,,41570,3.0,3,,,,,,,,
,,,,,41578,8.0,8,,,,,,,,
,,,,,41582,4.0,4,,,,,,,,
,,,,,41585,3.0,3,,,,,,,,
,,,,,41588,3.0,3,,,,,,,,
,,,,,41592,4.0,4,,,,,,,,
,,,,,41595,3.0,3,,,,,,,,
,,,,,41598,3.0,3,,,,,,,,
,,,,,41601,3.0,3,,,,,,,,
,,,,,41604,3.0,3,,,,,,,,
,,,,,41608,4.0,4,,,,,,,,
,,,,,41612,4.0,4,,,,,,,,
,,,,,41618,6.0,6,,,,,,,,
,,,,,41621,3.0,3,,,,,,,,
,,,,,41626,5.0,5,,,,,,,,
,,,,,41629,3.0,3,,,,,,,,
,,,,,41632,3.0,3,,,,,,,,
,,,,,41636,4.0,4,,,,,,,,
,,,,,41639,3.0,3,,,,,,,,
,,,,,41642,3.0,3,,,,,,,,
,,,,,41646,4.0,4,,,,,,,,
,,,,,41649,3.0,3,,,,,,,,
,,,,,41652,3.0,3,,,,,,,,
,,,,,41655,3.0,3,,,,,,,,
,,,,,41661,6.0,6,,,,,,,,
,,,,,41664,3.0,3,,,,,,,,
,,,,,41667,3.0,3,,,,,,,,
,,,,,41672,5.0,5,,,,,,,,
,,,,,41675,3.0,3,,,,,,,,
,,,,,41680,5.0,5,,,,,,,,
,,,,,41683,3.0,3,,,,,,,,
,,,,,41686,3.0,3,,,,,,,,
,,,,,41689,3.0,3,,,,,,,,
,,,,,41692,3.0,3,,,,,,,,
,,,,,41695,3.0,3,,,,,,,,
,,,,,41702,7.0,7,,,,,,,,
,,,,,41706,4.0,4,,,,,,,,
,,,,,41711,5.0,5,,,,,,,,
,,,,,41714,3.0,3,,,,,,,,
,,,,,41717,3.0,3,,,,,,,,
,,,,,41721,4.0,4,,,,,,,,
,,,,,41725,4.0,4,,,,,,,,
,,,,,41729,4.0,4,,,,,,,,
,,,,,41733,4.0,4,,,,,,,,
,,,,,41737,4.0,4,,,,,,,,
,,,,,41741,4.0,4,,,,,,,,
,,,,,41744,3.0,3,,,,,,,,
,,,,,41748,4.0,4,,,,,,,,
,,,,,41751,3.0,3,,,,,,,,
,,,,,41754,3.0,3,,,,,,,,
,,,,,41760,6.0,6,,,,,,,,
,,,,,41763,3.0,3,,,,,,,,
,,,,,41768,5.0,5,,,,,,,,
,,,,,41771,3.0,3,,,,,,,,
,,,,,41777,6.0,6,,,,,,,,
,,,,,41785,8.0,8,,,,,,,,
,,,,,41789,4.0,4,,,,,,,,
,,,,,41795,6.0,6,,,,,,,,
,,,,,41798,3.0,3,,,,,,,,
,,,,,41801,3.0,3,,,,,,,,
,,,,,41804,3.0,3,,,,,,,,
,,,,,41807,3.0,3,,,,,,,,
,,,,,41813,6.0,6,,,,,,,,
,,,,,41816,3.0,3,,,,,,,,
,,,,,41821,5.0,5,,,,,,,,
,,,,,41827,6.0,6,,,,,,,,
,,,,,41831,4.0,4,,,,,,,,
,,,,,41834,3.0,3,,,,,,,,
,,,,,41838,4.0,4,,,,,,,,
,,,,,41841,3.0,3,,,,,,,,
,,,,,41844,3.0,3,,,,,,,,
,,,,,41852,8.0,8,,,,,,,,
,,,,,41856,4.0,4,,,,,,,,
,,,,,41859,3.0,3,,,,,,,,
,,,,,41865,6.0,6,,,,,,,,
,,,,,41872,7.0,7,,,,,,,,
,,,,,41878,6.0,6,,,,,,,,
,,,,,41881,3.0,3,,,,,,,,
,,,,,41886,5.0,5,,,,,,,,
,,,,,41889,3.0,3,,,,,,,,
,,,,,41893,4.0,4,,,,,,,,
,,,,,41896,3.0,3,,,,,,,,
,,,,,41908,12.0,12,,,,,,,,
,,,,,41911,3.0,3,,,,,,,,
,,,,,41916,5.0,5,,,,,,,,
,,,,,41919,3.0,3,,,,,,,,
,,,,,41922,3.0,3,,,,,,,,
,,,,,41925,3.0,3,,,,,,,,
,,,,,41931,6.0,6,,,,,,,,
,,,,,41934,3.0,3,,,,,,,,
,,,,,41943,9.0,9,,,,,,,,
,,,,,41947,4.0,4,,,,,,,,
,,,,,41952,5.0,5,,,,,,,,
,,,,,41955,3.0,3,,,,,,,,
,,,,,41963,8.0,8,,,,,,,,
,,,,,41969,6.0,6,,,,,,,,
,,,,,41973,4.0,4,,,,,,,,
,,,,,41979,6.0,6,,,,,,,,
,,,,,41982,3.0,3,,,,,,,,
,,,,,41986,4.0,4,,,,,,,,
,,,,,41989,3.0,3,,,,,,,,
,,,,,41992,3.0,3,,,,,,,,
,,,,,41995,3.0,3,,,,,,,,
,,,,,41998,3.0,3,,,,,,,,
,,,,,42000,,,0.021438568830490112,-0.21438568830490112,0.542894721031189,2.942976474761963,2.8920035362243652,0.0003,0.0003,0.1
,,,,,42001,3.0,3,,,,,,,,
,,,,,42006,5.0,5,,,,,,,,
,,,,,42009,3.0,3,,,,,,,,
,,,,,42012,3.0,3,,,,,,,,
,,,,,42016,4.0,4,,,,,,,,
,,,,,42019,3.0,3,,,,,,,,
,,,,,42024,5.0,5,,,,,,,,
,,,,,42027,3.0,3,,,,,,,,
,,,,,42035,8.0,8,,,,,,,,
,,,,,42038,3.0,3,,,,,,,,
,,,,,42041,3.0,3,,,,,,,,
,,,,,42044,3.0,3,,,,,,,,
,,,,,42048,4.0,4,,,,,,,,
,,,,,42053,5.0,5,,,,,,,,
,,,,,42056,3.0,3,,,,,,,,
,,,,,42059,3.0,3,,,,,,,,
,,,,,42062,3.0,3,,,,,,,,
,,,,,42065,3.0,3,,,,,,,,
,,,,,42068,3.0,3,,,,,,,,
,,,,,42071,3.0,3,,,,,,,,
,,,,,42074,3.0,3,,,,,,,,
,,,,,42077,3.0,3,,,,,,,,
,,,,,42080,3.0,3,,,,,,,,
,,,,,42083,3.0,3,,,,,,,,
,,,,,42086,3.0,3,,,,,,,,
,,,,,42089,3.0,3,,,,,,,,
,,,,,42092,3.0,3,,,,,,,,
,,,,,42095,3.0,3,,,,,,,,
,,,,,42100,5.0,5,,,,,,,,
,,,,,42104,4.0,4,,,,,,,,
,,,,,42107,3.0,3,,,,,,,,
,,,,,42110,3.0,3,,,,,,,,
,,,,,42115,5.0,5,,,,,,,,
,,,,,42118,3.0,3,,,,,,,,
,,,,,42121,3.0,3,,,,,,,,
,,,,,42124,3.0,3,,,,,,,,
,,,,,42127,3.0,3,,,,,,,,
,,,,,42130,3.0,3,,,,,,,,
,,,,,42133,3.0,3,,,,,,,,
,,,,,42138,5.0,5,,,,,,,,
,,,,,42141,3.0,3,,,,,,,,
,,,,,42145,4.0,4,,,,,,,,
,,,,,42148,3.0,3,,,,,,,,
,,,,,42157,9.0,9,,,,,,,,
,,,,,42160,3.0,3,,,,,,,,
,,,,,42166,6.0,6,,,,,,,,
,,,,,42169,3.0,3,,,,,,,,
,,,,,42172,3.0,3,,,,,,,,
,,,,,42175,3.0,3,,,,,,,,
,,,,,42179,4.0,4,,,,,,,,
,,,,,42183,4.0,4,,,,,,,,
,,,,,42187,4.0,4,,,,,,,,
,,,,,42190,3.0,3,,,,,,,,
,,,,,42193,3.0,3,,,,,,,,
,,,,,42196,3.0,3,,,,,,,,
,,,,,42199,3.0,3,,,,,,,,
,,,,,42202,3.0,3,,,,,,,,
,,,,,42207,5.0,5,,,,,,,,
,,,,,42211,4.0,4,,,,,,,,
,,,,,42219,8.0,8,,,,,,,,
,,,,,42222,3.0,3,,,,,,,,
,,,,,42226,4.0,4,,,,,,,,
,,,,,42229,3.0,3,,,,,,,,
,,,,,42232,3.0,3,,,,,,,,
,,,,,42235,3.0,3,,,,,,,,
,,,,,42238,3.0,3,,,,,,,,
,,,,,42241,3.0,3,,,,,,,,
,,,,,42244,3.0,3,,,,,,,,
,,,,,42247,3.0,3,,,,,,,,
,,,,,42250,3.0,3,,,,,,,,
,,,,,42258,8.0,8,,,,,,,,
,,,,,42265,7.0,7,,,,,,,,
,,,,,42268,3.0,3,,,,,,,,
,,,,,42274,6.0,6,,,,,,,,
,,,,,42278,4.0,4,,,,,,,,
,,,,,42282,4.0,4,,,,,,,,
,,,,,42286,4.0,4,,,,,,,,
,,,,,42289,3.0,3,,,,,,,,
,,,,,42293,4.0,4,,,,,,,,
,,,,,42297,4.0,4,,,,,,,,
,,,,,42304,7.0,7,,,,,,,,
,,,,,42308,4.0,4,,,,,,,,
,,,,,42311,3.0,3,,,,,,,,
,,,,,42318,7.0,7,,,,,,,,
,,,,,42323,5.0,5,,,,,,,,
,,,,,42329,6.0,6,,,,,,,,
,,,,,42332,3.0,3,,,,,,,,
,,,,,42336,4.0,4,,,,,,,,
,,,,,42339,3.0,3,,,,,,,,
,,,,,42342,3.0,3,,,,,,,,
,,,,,42347,5.0,5,,,,,,,,
,,,,,42350,3.0,3,,,,,,,,
,,,,,42354,4.0,4,,,,,,,,
,,,,,42362,8.0,8,,,,,,,,
,,,,,42365,3.0,3,,,,,,,,
,,,,,42370,5.0,5,,,,,,,,
,,,,,42373,3.0,3,,,,,,,,
,,,,,42376,3.0,3,,,,,,,,
,,,,,42385,9.0,9,,,,,,,,
,,,,,42388,3.0,3,,,,,,,,
,,,,,42391,3.0,3,,,,,,,,
,,,,,42396,5.0,5,,,,,,,,
,,,,,42401,5.0,5,,,,,,,,
,,,,,42405,4.0,4,,,,,,,,
,,,,,42408,3.0,3,,,,,,,,
,,,,,42412,4.0,4,,,,,,,,
,,,,,42417,5.0,5,,,,,,,,
,,,,,42421,4.0,4,,,,,,,,
,,,,,42424,3.0,3,,,,,,,,
,,,,,42427,3.0,3,,,,,,,,
,,,,,42441,14.0,14,,,,,,,,
,,,,,42444,3.0,3,,,,,,,,
,,,,,42447,3.0,3,,,,,,,,
,,,,,42450,3.0,3,,,,,,,,
,,,,,42453,3.0,3,,,,,,,,
,,,,,42456,3.0,3,,,,,,,,
,,,,,42462,6.0,6,,,,,,,,
,,,,,42466,4.0,4,,,,,,,,
,,,,,42469,3.0,3,,,,,,,,
,,,,,42472,3.0,3,,,,,,,,
,,,,,42475,3.0,3,,,,,,,,
,,,,,42478,3.0,3,,,,,,,,
,,,,,42483,5.0,5,,,,,,,,
,,,,,42486,3.0,3,,,,,,,,
,,,,,42491,5.0,5,,,,,,,,
,,,,,42495,4.0,4,,,,,,,,
,,,,,42501,6.0,6,,,,,,,,
,,,,,42504,3.0,3,,,,,,,,
,,,,,42507,3.0,3,,,,,,,,
,,,,,42519,12.0,12,,,,,,,,
,,,,,42522,3.0,3,,,,,,,,
,,,,,42525,3.0,3,,,,,,,,
,,,,,42528,3.0,3,,,,,,,,
,,,,,42531,3.0,3,,,,,,,,
,,,,,42534,3.0,3,,,,,,,,
,,,,,42537,3.0,3,,,,,,,,
,,,,,42540,3.0,3,,,,,,,,
,,,,,42546,6.0,6,,,,,,,,
,,,,,42551,5.0,5,,,,,,,,
,,,,,42554,3.0,3,,,,,,,,
,,,,,42566,12.0,12,,,,,,,,
,,,,,42569,3.0,3,,,,,,,,
,,,,,42572,3.0,3,,,,,,,,
,,,,,42575,3.0,3,,,,,,,,
,,,,,42579,4.0,4,,,,,,,,
,,,,,42582,3.0,3,,,,,,,,
,,,,,42585,3.0,3,,,,,,,,
,,,,,42588,3.0,3,,,,,,,,
,,,,,42591,3.0,3,,,,,,,,
,,,,,42597,6.0,6,,,,,,,,
,,,,,42604,7.0,7,,,,,,,,
,,,,,42607,3.0,3,,,,,,,,
,,,,,42610,3.0,3,,,,,,,,
,,,,,42613,3.0,3,,,,,,,,
,,,,,42622,9.0,9,,,,,,,,
,,,,,42627,5.0,5,,,,,,,,
,,,,,42630,3.0,3,,,,,,,,
,,,,,42633,3.0,3,,,,,,,,
,,,,,42636,3.0,3,,,,,,,,
,,,,,42641,5.0,5,,,,,,,,
,,,,,42644,3.0,3,,,,,,,,
,,,,,42647,3.0,3,,,,,,,,
,,,,,42650,3.0,3,,,,,,,,
,,,,,42653,3.0,3,,,,,,,,
,,,,,42657,4.0,4,,,,,,,,
,,,,,42661,4.0,4,,,,,,,,
,,,,,42665,4.0,4,,,,,,,,
,,,,,42669,4.0,4,,,,,,,,
,,,,,42672,3.0,3,,,,,,,,
,,,,,42675,3.0,3,,,,,,,,
,,,,,42678,3.0,3,,,,,,,,
,,,,,42681,3.0,3,,,,,,,,
,,,,,42685,4.0,4,,,,,,,,
,,,,,42690,5.0,5,,,,,,,,
,,,,,42696,6.0,6,,,,,,,,
,,,,,42701,5.0,5,,,,,,,,
,,,,,42710,9.0,9,,,,,,,,
,,,,,42713,3.0,3,,,,,,,,
,,,,,42716,3.0,3,,,,,,,,
,,,,,42719,3.0,3,,,,,,,,
,,,,,42724,5.0,5,,,,,,,,
,,,,,42727,3.0,3,,,,,,,,
,,,,,42730,3.0,3,,,,,,,,
,,,,,42734,4.0,4,,,,,,,,
,,,,,42737,3.0,3,,,,,,,,
,,,,,42740,3.0,3,,,,,,,,
,,,,,42744,4.0,4,,,,,,,,
,,,,,42747,3.0,3,,,,,,,,
,,,,,42750,3.0,3,,,,,,,,
,,,,,42753,3.0,3,,,,,,,,
,,,,,42759,6.0,6,,,,,,,,
,,,,,42763,4.0,4,,,,,,,,
,,,,,42766,3.0,3,,,,,,,,
,,,,,42769,3.0,3,,,,,,,,
,,,,,42774,5.0,5,,,,,,,,
,,,,,42780,6.0,6,,,,,,,,
,,,,,42783,3.0,3,,,,,,,,
,,,,,42786,3.0,3,,,,,,,,
,,,,,42791,5.0,5,,,,,,,,
,,,,,42796,5.0,5,,,,,,,,
,,,,,42800,4.0,4,,,,,,,,
,,,,,42804,4.0,4,,,,,,,,
,,,,,42814,10.0,10,,,,,,,,
,,,,,42819,5.0,5,,,,,,,,
,,,,,42822,3.0,3,,,,,,,,
,,,,,42832,10.0,10,,,,,,,,
,,,,,42842,10.0,10,,,,,,,,
,,,,,42845,3.0,3,,,,,,,,
,,,,,42852,7.0,7,,,,,,,,
,,,,,42855,3.0,3,,,,,,,,
,,,,,42860,5.0,5,,,,,,,,
,,,,,42863,3.0,3,,,,,,,,
,,,,,42869,6.0,6,,,,,,,,
,,,,,42875,6.0,6,,,,,,,,
,,,,,42878,3.0,3,,,,,,,,
,,,,,42885,7.0,7,,,,,,,,
,,,,,42888,3.0,3,,,,,,,,
,,,,,42891,3.0,3,,,,,,,,
,,,,,42894,3.0,3,,,,,,,,
,,,,,42897,3.0,3,,,,,,,,
,,,,,42900,3.0,3,,,,,,,,
,,,,,42904,4.0,4,,,,,,,,
,,,,,42907,3.0,3,,,,,,,,
,,,,,42910,3.0,3,,,,,,,,
,,,,,42913,3.0,3,,,,,,,,
,,,,,42916,3.0,3,,,,,,,,
,,,,,42920,4.0,4,,,,,,,,
,,,,,42923,3.0,3,,,,,,,,
,,,,,42926,3.0,3,,,,,,,,
,,,,,42932,6.0,6,,,,,,,,
,,,,,42938,6.0,6,,,,,,,,
,,,,,42941,3.0,3,,,,,,,,
,,,,,42947,6.0,6,,,,,,,,
,,,,,42953,6.0,6,,,,,,,,
,,,,,42956,3.0,3,,,,,,,,
,,,,,42962,6.0,6,,,,,,,,
,,,,,42966,4.0,4,,,,,,,,
,,,,,42971,5.0,5,,,,,,,,
,,,,,42976,5.0,5,,,,,,,,
,,,,,42979,3.0,3,,,,,,,,
,,,,,42982,3.0,3,,,,,,,,
,,,,,42985,3.0,3,,,,,,,,
,,,,,42988,3.0,3,,,,,,,,
,,,,,42991,3.0,3,,,,,,,,
,,,,,42994,3.0,3,,,,,,,,
,,,,,42997,3.0,3,,,,,,,,
,,,,,43000,3.0,3,,,,,,,,
,,,,,43000,,,0.02691684477031231,-0.2691684365272522,0.45582690834999084,2.5905981063842773,2.53519344329834,0.0003,0.0003,0.1
,,,,,43007,7.0,7,,,,,,,,
,,,,,43010,3.0,3,,,,,,,,
,,,,,43013,3.0,3,,,,,,,,
,,,,,43019,6.0,6,,,,,,,,
,,,,,43024,5.0,5,,,,,,,,
,,,,,43027,3.0,3,,,,,,,,
,,,,,43030,3.0,3,,,,,,,,
,,,,,43033,3.0,3,,,,,,,,
,,,,,43036,3.0,3,,,,,,,,
,,,,,43040,4.0,4,,,,,,,,
,,,,,43043,3.0,3,,,,,,,,
,,,,,43046,3.0,3,,,,,,,,
,,,,,43058,12.0,12,,,,,,,,
,,,,,43061,3.0,3,,,,,,,,
,,,,,43065,4.0,4,,,,,,,,
,,,,,43068,3.0,3,,,,,,,,
,,,,,43073,5.0,5,,,,,,,,
,,,,,43076,3.0,3,,,,,,,,
,,,,,43079,3.0,3,,,,,,,,
,,,,,43083,4.0,4,,,,,,,,
,,,,,43088,5.0,5,,,,,,,,
,,,,,43091,3.0,3,,,,,,,,
,,,,,43101,10.0,10,,,,,,,,
,,,,,43105,4.0,4,,,,,,,,
,,,,,43108,3.0,3,,,,,,,,
,,,,,43111,3.0,3,,,,,,,,
,,,,,43114,3.0,3,,,,,,,,
,,,,,43117,3.0,3,,,,,,,,
,,,,,43120,3.0,3,,,,,,,,
,,,,,43123,3.0,3,,,,,,,,
,,,,,43130,7.0,7,,,,,,,,
,,,,,43133,3.0,3,,,,,,,,
,,,,,43136,3.0,3,,,,,,,,
,,,,,43139,3.0,3,,,,,,,,
,,,,,43142,3.0,3,,,,,,,,
,,,,,43145,3.0,3,,,,,,,,
,,,,,43148,3.0,3,,,,,,,,
,,,,,43151,3.0,3,,,,,,,,
,,,,,43155,4.0,4,,,,,,,,
,,,,,43158,3.0,3,,,,,,,,
,,,,,43161,3.0,3,,,,,,,,
,,,,,43167,6.0,6,,,,,,,,
,,,,,43172,5.0,5,,,,,,,,
,,,,,43175,3.0,3,,,,,,,,
,,,,,43178,3.0,3,,,,,,,,
,,,,,43182,4.0,4,,,,,,,,
,,,,,43185,3.0,3,,,,,,,,
,,,,,43189,4.0,4,,,,,,,,
,,,,,43193,4.0,4,,,,,,,,
,,,,,43196,3.0,3,,,,,,,,
,,,,,43199,3.0,3,,,,,,,,
,,,,,43207,8.0,8,,,,,,,,
,,,,,43211,4.0,4,,,,,,,,
,,,,,43216,5.0,5,,,,,,,,
,,,,,43219,3.0,3,,,,,,,,
,,,,,43222,3.0,3,,,,,,,,
,,,,,43225,3.0,3,,,,,,,,
,,,,,43228,3.0,3,,,,,,,,
,,,,,43231,3.0,3,,,,,,,,
,,,,,43234,3.0,3,,,,,,,,
,,,,,43237,3.0,3,,,,,,,,
,,,,,43240,3.0,3,,,,,,,,
,,,,,43248,8.0,8,,,,,,,,
,,,,,43251,3.0,3,,,,,,,,
,,,,,43254,3.0,3,,,,,,,,
,,,,,43260,6.0,6,,,,,,,,
,,,,,43263,3.0,3,,,,,,,,
,,,,,43266,3.0,3,,,,,,,,
,,,,,43269,3.0,3,,,,,,,,
,,,,,43272,3.0,3,,,,,,,,
,,,,,43275,3.0,3,,,,,,,,
,,,,,43278,3.0,3,,,,,,,,
,,,,,43281,3.0,3,,,,,,,,
,,,,,43285,4.0,4,,,,,,,,
,,,,,43289,4.0,4,,,,,,,,
,,,,,43297,8.0,8,,,,,,,,
,,,,,43301,4.0,4,,,,,,,,
,,,,,43304,3.0,3,,,,,,,,
,,,,,43307,3.0,3,,,,,,,,
,,,,,43310,3.0,3,,,,,,,,
,,,,,43314,4.0,4,,,,,,,,
,,,,,43318,4.0,4,,,,,,,,
,,,,,43321,3.0,3,,,,,,,,
,,,,,43325,4.0,4,,,,,,,,
,,,,,43328,3.0,3,,,,,,,,
,,,,,43331,3.0,3,,,,,,,,
,,,,,43340,9.0,9,,,,,,,,
,,,,,43343,3.0,3,,,,,,,,
,,,,,43346,3.0,3,,,,,,,,
,,,,,43349,3.0,3,,,,,,,,
,,,,,43353,4.0,4,,,,,,,,
,,,,,43356,3.0,3,,,,,,,,
,,,,,43359,3.0,3,,,,,,,,
,,,,,43363,4.0,4,,,,,,,,
,,,,,43367,4.0,4,,,,,,,,
,,,,,43371,4.0,4,,,,,,,,
,,,,,43378,7.0,7,,,,,,,,
,,,,,43383,5.0,5,,,,,,,,
,,,,,43386,3.0,3,,,,,,,,
,,,,,43389,3.0,3,,,,,,,,
,,,,,43392,3.0,3,,,,,,,,
,,,,,43395,3.0,3,,,,,,,,
,,,,,43399,4.0,4,,,,,,,,
,,,,,43402,3.0,3,,,,,,,,
,,,,,43405,3.0,3,,,,,,,,
,,,,,43409,4.0,4,,,,,,,,
,,,,,43413,4.0,4,,,,,,,,
,,,,,43417,4.0,4,,,,,,,,
,,,,,43420,3.0,3,,,,,,,,
,,,,,43423,3.0,3,,,,,,,,
,,,,,43426,3.0,3,,,,,,,,
,,,,,43432,6.0,6,,,,,,,,
,,,,,43437,5.0,5,,,,,,,,
,,,,,43442,5.0,5,,,,,,,,
,,,,,43445,3.0,3,,,,,,,,
,,,,,43448,3.0,3,,,,,,,,
,,,,,43453,5.0,5,,,,,,,,
,,,,,43458,5.0,5,,,,,,,,
,,,,,43462,4.0,4,,,,,,,,
,,,,,43465,3.0,3,,,,,,,,
,,,,,43468,3.0,3,,,,,,,,
,,,,,43472,4.0,4,,,,,,,,
,,,,,43478,6.0,6,,,,,,,,
,,,,,43482,4.0,4,,,,,,,,
,,,,,43485,3.0,3,,,,,,,,
,,,,,43488,3.0,3,,,,,,,,
,,,,,43491,3.0,3,,,,,,,,
,,,,,43494,3.0,3,,,,,,,,
,,,,,43500,6.0,6,,,,,,,,
,,,,,43503,3.0,3,,,,,,,,
,,,,,43506,3.0,3,,,,,,,,
,,,,,43517,11.0,11,,,,,,,,
,,,,,43523,6.0,6,,,,,,,,
,,,,,43535,12.0,12,,,,,,,,
,,,,,43538,3.0,3,,,,,,,,
,,,,,43541,3.0,3,,,,,,,,
,,,,,43544,3.0,3,,,,,,,,
,,,,,43547,3.0,3,,,,,,,,
,,,,,43554,7.0,7,,,,,,,,
,,,,,43557,3.0,3,,,,,,,,
,,,,,43560,3.0,3,,,,,,,,
,,,,,43563,3.0,3,,,,,,,,
,,,,,43566,3.0,3,,,,,,,,
,,,,,43573,7.0,7,,,,,,,,
,,,,,43576,3.0,3,,,,,,,,
,,,,,43579,3.0,3,,,,,,,,
,,,,,43582,3.0,3,,,,,,,,
,,,,,43587,5.0,5,,,,,,,,
,,,,,43590,3.0,3,,,,,,,,
,,,,,43593,3.0,3,,,,,,,,
,,,,,43596,3.0,3,,,,,,,,
,,,,,43599,3.0,3,,,,,,,,
,,,,,43606,7.0,7,,,,,,,,
,,,,,43612,6.0,6,,,,,,,,
,,,,,43615,3.0,3,,,,,,,,
,,,,,43618,3.0,3,,,,,,,,
,,,,,43621,3.0,3,,,,,,,,
,,,,,43624,3.0,3,,,,,,,,
,,,,,43632,8.0,8,,,,,,,,
,,,,,43635,3.0,3,,,,,,,,
,,,,,43638,3.0,3,,,,,,,,
,,,,,43645,7.0,7,,,,,,,,
,,,,,43648,3.0,3,,,,,,,,
,,,,,43655,7.0,7,,,,,,,,
,,,,,43658,3.0,3,,,,,,,,
,,,,,43661,3.0,3,,,,,,,,
,,,,,43665,4.0,4,,,,,,,,
,,,,,43669,4.0,4,,,,,,,,
,,,,,43672,3.0,3,,,,,,,,
,,,,,43677,5.0,5,,,,,,,,
,,,,,43680,3.0,3,,,,,,,,
,,,,,43685,5.0,5,,,,,,,,
,,,,,43688,3.0,3,,,,,,,,
,,,,,43691,3.0,3,,,,,,,,
,,,,,43695,4.0,4,,,,,,,,
,,,,,43699,4.0,4,,,,,,,,
,,,,,43707,8.0,8,,,,,,,,
,,,,,43710,3.0,3,,,,,,,,
,,,,,43713,3.0,3,,,,,,,,
,,,,,43716,3.0,3,,,,,,,,
,,,,,43719,3.0,3,,,,,,,,
,,,,,43724,5.0,5,,,,,,,,
,,,,,43727,3.0,3,,,,,,,,
,,,,,43731,4.0,4,,,,,,,,
,,,,,43735,4.0,4,,,,,,,,
,,,,,43739,4.0,4,,,,,,,,
,,,,,43742,3.0,3,,,,,,,,
,,,,,43746,4.0,4,,,,,,,,
,,,,,43749,3.0,3,,,,,,,,
,,,,,43752,3.0,3,,,,,,,,
,,,,,43757,5.0,5,,,,,,,,
,,,,,43760,3.0,3,,,,,,,,
,,,,,43764,4.0,4,,,,,,,,
,,,,,43767,3.0,3,,,,,,,,
,,,,,43770,3.0,3,,,,,,,,
,,,,,43775,5.0,5,,,,,,,,
,,,,,43781,6.0,6,,,,,,,,
,,,,,43784,3.0,3,,,,,,,,
,,,,,43787,3.0,3,,,,,,,,
,,,,,43790,3.0,3,,,,,,,,
,,,,,43793,3.0,3,,,,,,,,
,,,,,43796,3.0,3,,,,,,,,
,,,,,43800,4.0,4,,,,,,,,
,,,,,43804,4.0,4,,,,,,,,
,,,,,43808,4.0,4,,,,,,,,
,,,,,43811,3.0,3,,,,,,,,
,,,,,43814,3.0,3,,,,,,,,
,,,,,43819,5.0,5,,,,,,,,
,,,,,43825,6.0,6,,,,,,,,
,,,,,43832,7.0,7,,,,,,,,
,,,,,43835,3.0,3,,,,,,,,
,,,,,43839,4.0,4,,,,,,,,
,,,,,43842,3.0,3,,,,,,,,
,,,,,43845,3.0,3,,,,,,,,
,,,,,43849,4.0,4,,,,,,,,
,,,,,43860,11.0,11,,,,,,,,
,,,,,43863,3.0,3,,,,,,,,
,,,,,43866,3.0,3,,,,,,,,
,,,,,43878,12.0,12,,,,,,,,
,,,,,43882,4.0,4,,,,,,,,
,,,,,43885,3.0,3,,,,,,,,
,,,,,43891,6.0,6,,,,,,,,
,,,,,43894,3.0,3,,,,,,,,
,,,,,43897,3.0,3,,,,,,,,
,,,,,43901,4.0,4,,,,,,,,
,,,,,43906,5.0,5,,,,,,,,
,,,,,43909,3.0,3,,,,,,,,
,,,,,43914,5.0,5,,,,,,,,
,,,,,43917,3.0,3,,,,,,,,
,,,,,43920,3.0,3,,,,,,,,
,,,,,43923,3.0,3,,,,,,,,
,,,,,43929,6.0,6,,,,,,,,
,,,,,43932,3.0,3,,,,,,,,
,,,,,43935,3.0,3,,,,,,,,
,,,,,43938,3.0,3,,,,,,,,
,,,,,43941,3.0,3,,,,,,,,
,,,,,43944,3.0,3,,,,,,,,
,,,,,43947,3.0,3,,,,,,,,
,,,,,43951,4.0,4,,,,,,,,
,,,,,43957,6.0,6,,,,,,,,
,,,,,43960,3.0,3,,,,,,,,
,,,,,43965,5.0,5,,,,,,,,
,,,,,43968,3.0,3,,,,,,,,
,,,,,43972,4.0,4,,,,,,,,
,,,,,43976,4.0,4,,,,,,,,
,,,,,43982,6.0,6,,,,,,,,
,,,,,43986,4.0,4,,,,,,,,
,,,,,43991,5.0,5,,,,,,,,
,,,,,44000,,,0.005000831093639135,-0.05000831186771393,0.6865332126617432,2.9269485473632812,2.994457721710205,0.0003,0.0003,0.1
,,,,,44008,17.0,17,,,,,,,,
,,,,,44011,3.0,3,,,,,,,,
,,,,,44014,3.0,3,,,,,,,,
,,,,,44018,4.0,4,,,,,,,,
,,,,,44021,3.0,3,,,,,,,,
,,,,,44024,3.0,3,,,,,,,,
,,,,,44027,3.0,3,,,,,,,,
,,,,,44030,3.0,3,,,,,,,,
,,,,,44035,5.0,5,,,,,,,,
,,,,,44039,4.0,4,,,,,,,,
,,,,,44045,6.0,6,,,,,,,,
,,,,,44048,3.0,3,,,,,,,,
,,,,,44052,4.0,4,,,,,,,,
,,,,,44055,3.0,3,,,,,,,,
,,,,,44058,3.0,3,,,,,,,,
,,,,,44061,3.0,3,,,,,,,,
,,,,,44067,6.0,6,,,,,,,,
,,,,,44073,6.0,6,,,,,,,,
,,,,,44076,3.0,3,,,,,,,,
,,,,,44079,3.0,3,,,,,,,,
,,,,,44082,3.0,3,,,,,,,,
,,,,,44089,7.0,7,,,,,,,,
,,,,,44094,5.0,5,,,,,,,,
,,,,,44097,3.0,3,,,,,,,,
,,,,,44100,3.0,3,,,,,,,,
,,,,,44103,3.0,3,,,,,,,,
,,,,,44107,4.0,4,,,,,,,,
,,,,,44110,3.0,3,,,,,,,,
,,,,,44113,3.0,3,,,,,,,,
,,,,,44122,9.0,9,,,,,,,,
,,,,,44125,3.0,3,,,,,,,,
,,,,,44128,3.0,3,,,,,,,,
,,,,,44131,3.0,3,,,,,,,,
,,,,,44134,3.0,3,,,,,,,,
,,,,,44139,5.0,5,,,,,,,,
,,,,,44142,3.0,3,,,,,,,,
,,,,,44145,3.0,3,,,,,,,,
,,,,,44148,3.0,3,,,,,,,,
,,,,,44153,5.0,5,,,,,,,,
,,,,,44156,3.0,3,,,,,,,,
,,,,,44160,4.0,4,,,,,,,,
,,,,,44163,3.0,3,,,,,,,,
,,,,,44166,3.0,3,,,,,,,,
,,,,,44169,3.0,3,,,,,,,,
,,,,,44174,5.0,5,,,,,,,,
,,,,,44177,3.0,3,,,,,,,,
,,,,,44187,10.0,10,,,,,,,,
,,,,,44190,3.0,3,,,,,,,,
,,,,,44193,3.0,3,,,,,,,,
,,,,,44196,3.0,3,,,,,,,,
,,,,,44199,3.0,3,,,,,,,,
,,,,,44202,3.0,3,,,,,,,,
,,,,,44210,8.0,8,,,,,,,,
,,,,,44213,3.0,3,,,,,,,,
,,,,,44222,9.0,9,,,,,,,,
,,,,,44226,4.0,4,,,,,,,,
,,,,,44229,3.0,3,,,,,,,,
,,,,,44232,3.0,3,,,,,,,,
,,,,,44235,3.0,3,,,,,,,,
,,,,,44238,3.0,3,,,,,,,,
,,,,,44241,3.0,3,,,,,,,,
,,,,,44247,6.0,6,,,,,,,,
,,,,,44250,3.0,3,,,,,,,,
,,,,,44253,3.0,3,,,,,,,,
,,,,,44256,3.0,3,,,,,,,,
,,,,,44259,3.0,3,,,,,,,,
,,,,,44263,4.0,4,,,,,,,,
,,,,,44266,3.0,3,,,,,,,,
,,,,,44271,5.0,5,,,,,,,,
,,,,,44274,3.0,3,,,,,,,,
,,,,,44277,3.0,3,,,,,,,,
,,,,,44285,8.0,8,,,,,,,,
,,,,,44288,3.0,3,,,,,,,,
,,,,,44291,3.0,3,,,,,,,,
,,,,,44294,3.0,3,,,,,,,,
,,,,,44297,3.0,3,,,,,,,,
,,,,,44303,6.0,6,,,,,,,,
,,,,,44306,3.0,3,,,,,,,,
,,,,,44309,3.0,3,,,,,,,,
,,,,,44313,4.0,4,,,,,,,,
,,,,,44316,3.0,3,,,,,,,,
,,,,,44320,4.0,4,,,,,,,,
,,,,,44323,3.0,3,,,,,,,,
,,,,,44326,3.0,3,,,,,,,,
,,,,,44329,3.0,3,,,,,,,,
,,,,,44332,3.0,3,,,,,,,,
,,,,,44335,3.0,3,,,,,,,,
,,,,,44343,8.0,8,,,,,,,,
,,,,,44346,3.0,3,,,,,,,,
,,,,,44351,5.0,5,,,,,,,,
,,,,,44354,3.0,3,,,,,,,,
,,,,,44357,3.0,3,,,,,,,,
,,,,,44364,7.0,7,,,,,,,,
,,,,,44367,3.0,3,,,,,,,,
,,,,,44370,3.0,3,,,,,,,,
,,,,,44374,4.0,4,,,,,,,,
,,,,,44377,3.0,3,,,,,,,,
,,,,,44380,3.0,3,,,,,,,,
,,,,,44383,3.0,3,,,,,,,,
,,,,,44388,5.0,5,,,,,,,,
,,,,,44392,4.0,4,,,,,,,,
,,,,,44396,4.0,4,,,,,,,,
,,,,,44399,3.0,3,,,,,,,,
,,,,,44403,4.0,4,,,,,,,,
,,,,,44407,4.0,4,,,,,,,,
,,,,,44410,3.0,3,,,,,,,,
,,,,,44413,3.0,3,,,,,,,,
,,,,,44419,6.0,6,,,,,,,,
,,,,,44422,3.0,3,,,,,,,,
,,,,,44430,8.0,8,,,,,,,,
,,,,,44441,11.0,11,,,,,,,,
,,,,,44444,3.0,3,,,,,,,,
,,,,,44447,3.0,3,,,,,,,,
,,,,,44450,3.0,3,,,,,,,,
,,,,,44453,3.0,3,,,,,,,,
,,,,,44456,3.0,3,,,,,,,,
,,,,,44459,3.0,3,,,,,,,,
,,,,,44462,3.0,3,,,,,,,,
,,,,,44467,5.0,5,,,,,,,,
,,,,,44471,4.0,4,,,,,,,,
,,,,,44474,3.0,3,,,,,,,,
,,,,,44477,3.0,3,,,,,,,,
,,,,,44480,3.0,3,,,,,,,,
,,,,,44485,5.0,5,,,,,,,,
,,,,,44488,3.0,3,,,,,,,,
,,,,,44491,3.0,3,,,,,,,,
,,,,,44494,3.0,3,,,,,,,,
,,,,,44497,3.0,3,,,,,,,,
,,,,,44501,4.0,4,,,,,,,,
,,,,,44504,3.0,3,,,,,,,,
,,,,,44515,11.0,11,,,,,,,,
,,,,,44518,3.0,3,,,,,,,,
,,,,,44522,4.0,4,,,,,,,,
,,,,,44525,3.0,3,,,,,,,,
,,,,,44528,3.0,3,,,,,,,,
,,,,,44531,3.0,3,,,,,,,,
,,,,,44534,3.0,3,,,,,,,,
,,,,,44541,7.0,7,,,,,,,,
,,,,,44546,5.0,5,,,,,,,,
,,,,,44549,3.0,3,,,,,,,,
,,,,,44552,3.0,3,,,,,,,,
,,,,,44556,4.0,4,,,,,,,,
,,,,,44562,6.0,6,,,,,,,,
,,,,,44565,3.0,3,,,,,,,,
,,,,,44571,6.0,6,,,,,,,,
,,,,,44580,9.0,9,,,,,,,,
,,,,,44584,4.0,4,,,,,,,,
,,,,,44587,3.0,3,,,,,,,,
,,,,,44594,7.0,7,,,,,,,,
,,,,,44597,3.0,3,,,,,,,,
,,,,,44601,4.0,4,,,,,,,,
,,,,,44604,3.0,3,,,,,,,,
,,,,,44607,3.0,3,,,,,,,,
,,,,,44610,3.0,3,,,,,,,,
,,,,,44613,3.0,3,,,,,,,,
,,,,,44616,3.0,3,,,,,,,,
,,,,,44619,3.0,3,,,,,,,,
,,,,,44622,3.0,3,,,,,,,,
,,,,,44625,3.0,3,,,,,,,,
,,,,,44628,3.0,3,,,,,,,,
,,,,,44631,3.0,3,,,,,,,,
,,,,,44634,3.0,3,,,,,,,,
,,,,,44637,3.0,3,,,,,,,,
,,,,,44642,5.0,5,,,,,,,,
,,,,,44645,3.0,3,,,,,,,,
,,,,,44648,3.0,3,,,,,,,,
,,,,,44652,4.0,4,,,,,,,,
,,,,,44655,3.0,3,,,,,,,,
,,,,,44664,9.0,9,,,,,,,,
,,,,,44667,3.0,3,,,,,,,,
,,,,,44670,3.0,3,,,,,,,,
,,,,,44673,3.0,3,,,,,,,,
,,,,,44676,3.0,3,,,,,,,,
,,,,,44680,4.0,4,,,,,,,,
,,,,,44684,4.0,4,,,,,,,,
,,,,,44687,3.0,3,,,,,,,,
,,,,,44691,4.0,4,,,,,,,,
,,,,,44694,3.0,3,,,,,,,,
,,,,,44701,7.0,7,,,,,,,,
,,,,,44705,4.0,4,,,,,,,,
,,,,,44709,4.0,4,,,,,,,,
,,,,,44712,3.0,3,,,,,,,,
,,,,,44715,3.0,3,,,,,,,,
,,,,,44718,3.0,3,,,,,,,,
,,,,,44721,3.0,3,,,,,,,,
,,,,,44725,4.0,4,,,,,,,,
,,,,,44728,3.0,3,,,,,,,,
,,,,,44732,4.0,4,,,,,,,,
,,,,,44735,3.0,3,,,,,,,,
,,,,,44738,3.0,3,,,,,,,,
,,,,,44743,5.0,5,,,,,,,,
,,,,,44747,4.0,4,,,,,,,,
,,,,,44750,3.0,3,,,,,,,,
,,,,,44754,4.0,4,,,,,,,,
,,,,,44760,6.0,6,,,,,,,,
,,,,,44763,3.0,3,,,,,,,,
,,,,,44768,5.0,5,,,,,,,,
,,,,,44772,4.0,4,,,,,,,,
,,,,,44775,3.0,3,,,,,,,,
,,,,,44778,3.0,3,,,,,,,,
,,,,,44783,5.0,5,,,,,,,,
,,,,,44786,3.0,3,,,,,,,,
,,,,,44789,3.0,3,,,,,,,,
,,,,,44792,3.0,3,,,,,,,,
,,,,,44796,4.0,4,,,,,,,,
,,,,,44799,3.0,3,,,,,,,,
,,,,,44803,4.0,4,,,,,,,,
,,,,,44809,6.0,6,,,,,,,,
,,,,,44815,6.0,6,,,,,,,,
,,,,,44822,7.0,7,,,,,,,,
,,,,,44826,4.0,4,,,,,,,,
,,,,,44832,6.0,6,,,,,,,,
,,,,,44835,3.0,3,,,,,,,,
,,,,,44841,6.0,6,,,,,,,,
,,,,,44844,3.0,3,,,,,,,,
,,,,,44847,3.0,3,,,,,,,,
,,,,,44852,5.0,5,,,,,,,,
,,,,,44855,3.0,3,,,,,,,,
,,,,,44860,5.0,5,,,,,,,,
,,,,,44863,3.0,3,,,,,,,,
,,,,,44866,3.0,3,,,,,,,,
,,,,,44869,3.0,3,,,,,,,,
,,,,,44873,4.0,4,,,,,,,,
,,,,,44876,3.0,3,,,,,,,,
,,,,,44883,7.0,7,,,,,,,,
,,,,,44888,5.0,5,,,,,,,,
,,,,,44891,3.0,3,,,,,,,,
,,,,,44894,3.0,3,,,,,,,,
,,,,,44897,3.0,3,,,,,,,,
,,,,,44900,3.0,3,,,,,,,,
,,,,,44903,3.0,3,,,,,,,,
,,,,,44906,3.0,3,,,,,,,,
,,,,,44909,3.0,3,,,,,,,,
,,,,,44912,3.0,3,,,,,,,,
,,,,,44915,3.0,3,,,,,,,,
,,,,,44919,4.0,4,,,,,,,,
,,,,,44923,4.0,4,,,,,,,,
,,,,,44926,3.0,3,,,,,,,,
,,,,,44930,4.0,4,,,,,,,,
,,,,,44933,3.0,3,,,,,,,,
,,,,,44936,3.0,3,,,,,,,,
,,,,,44939,3.0,3,,,,,,,,
,,,,,44945,6.0,6,,,,,,,,
,,,,,44948,3.0,3,,,,,,,,
,,,,,44951,3.0,3,,,,,,,,
,,,,,44954,3.0,3,,,,,,,,
,,,,,44957,3.0,3,,,,,,,,
,,,,,44960,3.0,3,,,,,,,,
,,,,,44963,3.0,3,,,,,,,,
,,,,,44966,3.0,3,,,,,,,,
,,,,,44969,3.0,3,,,,,,,,
,,,,,44972,3.0,3,,,,,,,,
,,,,,44975,3.0,3,,,,,,,,
,,,,,44978,3.0,3,,,,,,,,
,,,,,44981,3.0,3,,,,,,,,
,,,,,44984,3.0,3,,,,,,,,
,,,,,44988,4.0,4,,,,,,,,
,,,,,44991,3.0,3,,,,,,,,
,,,,,44996,5.0,5,,,,,,,,
,,,,,44999,3.0,3,,,,,,,,
3.8,1.2489996,7.0,3.0,3.8,45000,,,0.06686723232269287,-0.6686723232269287,0.44227856397628784,2.5677549839019775,2.598158359527588,0.0003,0.0003,0.1
,,,,,45002,3.0,3,,,,,,,,
,,,,,45008,6.0,6,,,,,,,,
,,,,,45011,3.0,3,,,,,,,,
,,,,,45014,3.0,3,,,,,,,,
,,,,,45017,3.0,3,,,,,,,,
,,,,,45020,3.0,3,,,,,,,,
,,,,,45023,3.0,3,,,,,,,,
,,,,,45027,4.0,4,,,,,,,,
,,,,,45030,3.0,3,,,,,,,,
,,,,,45033,3.0,3,,,,,,,,
,,,,,45036,3.0,3,,,,,,,,
,,,,,45039,3.0,3,,,,,,,,
,,,,,45042,3.0,3,,,,,,,,
,,,,,45047,5.0,5,,,,,,,,
,,,,,45050,3.0,3,,,,,,,,
,,,,,45053,3.0,3,,,,,,,,
,,,,,45056,3.0,3,,,,,,,,
,,,,,45059,3.0,3,,,,,,,,
,,,,,45062,3.0,3,,,,,,,,
,,,,,45065,3.0,3,,,,,,,,
,,,,,45068,3.0,3,,,,,,,,
,,,,,45073,5.0,5,,,,,,,,
,,,,,45077,4.0,4,,,,,,,,
,,,,,45080,3.0,3,,,,,,,,
,,,,,45083,3.0,3,,,,,,,,
,,,,,45086,3.0,3,,,,,,,,
,,,,,45090,4.0,4,,,,,,,,
,,,,,45095,5.0,5,,,,,,,,
,,,,,45098,3.0,3,,,,,,,,
,,,,,45101,3.0,3,,,,,,,,
,,,,,45105,4.0,4,,,,,,,,
,,,,,45109,4.0,4,,,,,,,,
,,,,,45113,4.0,4,,,,,,,,
,,,,,45118,5.0,5,,,,,,,,
,,,,,45123,5.0,5,,,,,,,,
,,,,,45126,3.0,3,,,,,,,,
,,,,,45129,3.0,3,,,,,,,,
,,,,,45133,4.0,4,,,,,,,,
,,,,,45140,7.0,7,,,,,,,,
,,,,,45143,3.0,3,,,,,,,,
,,,,,45146,3.0,3,,,,,,,,
,,,,,45152,6.0,6,,,,,,,,
,,,,,45156,4.0,4,,,,,,,,
,,,,,45159,3.0,3,,,,,,,,
,,,,,45162,3.0,3,,,,,,,,
,,,,,45165,3.0,3,,,,,,,,
,,,,,45168,3.0,3,,,,,,,,
,,,,,45171,3.0,3,,,,,,,,
,,,,,45174,3.0,3,,,,,,,,
,,,,,45183,9.0,9,,,,,,,,
,,,,,45186,3.0,3,,,,,,,,
,,,,,45193,7.0,7,,,,,,,,
,,,,,45196,3.0,3,,,,,,,,
,,,,,45199,3.0,3,,,,,,,,
,,,,,45202,3.0,3,,,,,,,,
,,,,,45205,3.0,3,,,,,,,,
,,,,,45208,3.0,3,,,,,,,,
,,,,,45211,3.0,3,,,,,,,,
,,,,,45214,3.0,3,,,,,,,,
,,,,,45217,3.0,3,,,,,,,,
,,,,,45222,5.0,5,,,,,,,,
,,,,,45225,3.0,3,,,,,,,,
,,,,,45233,8.0,8,,,,,,,,
,,,,,45239,6.0,6,,,,,,,,
,,,,,45242,3.0,3,,,,,,,,
,,,,,45245,3.0,3,,,,,,,,
,,,,,45248,3.0,3,,,,,,,,
,,,,,45251,3.0,3,,,,,,,,
,,,,,45255,4.0,4,,,,,,,,
,,,,,45259,4.0,4,,,,,,,,
,,,,,45263,4.0,4,,,,,,,,
,,,,,45273,10.0,10,,,,,,,,
,,,,,45276,3.0,3,,,,,,,,
,,,,,45279,3.0,3,,,,,,,,
,,,,,45287,8.0,8,,,,,,,,
,,,,,45290,3.0,3,,,,,,,,
,,,,,45293,3.0,3,,,,,,,,
,,,,,45296,3.0,3,,,,,,,,
,,,,,45299,3.0,3,,,,,,,,
,,,,,45303,4.0,4,,,,,,,,
,,,,,45306,3.0,3,,,,,,,,
,,,,,45309,3.0,3,,,,,,,,
,,,,,45312,3.0,3,,,,,,,,
,,,,,45315,3.0,3,,,,,,,,
,,,,,45319,4.0,4,,,,,,,,
,,,,,45322,3.0,3,,,,,,,,
,,,,,45325,3.0,3,,,,,,,,
,,,,,45328,3.0,3,,,,,,,,
,,,,,45334,6.0,6,,,,,,,,
,,,,,45337,3.0,3,,,,,,,,
,,,,,45340,3.0,3,,,,,,,,
,,,,,45343,3.0,3,,,,,,,,
,,,,,45346,3.0,3,,,,,,,,
,,,,,45349,3.0,3,,,,,,,,
,,,,,45352,3.0,3,,,,,,,,
,,,,,45355,3.0,3,,,,,,,,
,,,,,45358,3.0,3,,,,,,,,
,,,,,45362,4.0,4,,,,,,,,
,,,,,45365,3.0,3,,,,,,,,
,,,,,45368,3.0,3,,,,,,,,
,,,,,45376,8.0,8,,,,,,,,
,,,,,45379,3.0,3,,,,,,,,
,,,,,45387,8.0,8,,,,,,,,
,,,,,45391,4.0,4,,,,,,,,
,,,,,45394,3.0,3,,,,,,,,
,,,,,45397,3.0,3,,,,,,,,
,,,,,45400,3.0,3,,,,,,,,
,,,,,45406,6.0,6,,,,,,,,
,,,,,45409,3.0,3,,,,,,,,
,,,,,45412,3.0,3,,,,,,,,
,,,,,45415,3.0,3,,,,,,,,
,,,,,45418,3.0,3,,,,,,,,
,,,,,45421,3.0,3,,,,,,,,
,,,,,45424,3.0,3,,,,,,,,
,,,,,45430,6.0,6,,,,,,,,
,,,,,45435,5.0,5,,,,,,,,
,,,,,45438,3.0,3,,,,,,,,
,,,,,45441,3.0,3,,,,,,,,
,,,,,45446,5.0,5,,,,,,,,
,,,,,45449,3.0,3,,,,,,,,
,,,,,45454,5.0,5,,,,,,,,
,,,,,45457,3.0,3,,,,,,,,
,,,,,45460,3.0,3,,,,,,,,
,,,,,45464,4.0,4,,,,,,,,
,,,,,45467,3.0,3,,,,,,,,
,,,,,45471,4.0,4,,,,,,,,
,,,,,45475,4.0,4,,,,,,,,
,,,,,45481,6.0,6,,,,,,,,
,,,,,45484,3.0,3,,,,,,,,
,,,,,45487,3.0,3,,,,,,,,
,,,,,45490,3.0,3,,,,,,,,
,,,,,45493,3.0,3,,,,,,,,
,,,,,45496,3.0,3,,,,,,,,
,,,,,45499,3.0,3,,,,,,,,
,,,,,45502,3.0,3,,,,,,,,
,,,,,45505,3.0,3,,,,,,,,
,,,,,45508,3.0,3,,,,,,,,
,,,,,45511,3.0,3,,,,,,,,
,,,,,45516,5.0,5,,,,,,,,
,,,,,45519,3.0,3,,,,,,,,
,,,,,45524,5.0,5,,,,,,,,
,,,,,45527,3.0,3,,,,,,,,
,,,,,45530,3.0,3,,,,,,,,
,,,,,45533,3.0,3,,,,,,,,
,,,,,45538,5.0,5,,,,,,,,
,,,,,45541,3.0,3,,,,,,,,
,,,,,45544,3.0,3,,,,,,,,
,,,,,45547,3.0,3,,,,,,,,
,,,,,45550,3.0,3,,,,,,,,
,,,,,45553,3.0,3,,,,,,,,
,,,,,45557,4.0,4,,,,,,,,
,,,,,45560,3.0,3,,,,,,,,
,,,,,45563,3.0,3,,,,,,,,
,,,,,45567,4.0,4,,,,,,,,
,,,,,45572,5.0,5,,,,,,,,
,,,,,45581,9.0,9,,,,,,,,
,,,,,45584,3.0,3,,,,,,,,
,,,,,45587,3.0,3,,,,,,,,
,,,,,45595,8.0,8,,,,,,,,
,,,,,45598,3.0,3,,,,,,,,
,,,,,45603,5.0,5,,,,,,,,
,,,,,45609,6.0,6,,,,,,,,
,,,,,45612,3.0,3,,,,,,,,
,,,,,45616,4.0,4,,,,,,,,
,,,,,45623,7.0,7,,,,,,,,
,,,,,45629,6.0,6,,,,,,,,
,,,,,45632,3.0,3,,,,,,,,
,,,,,45635,3.0,3,,,,,,,,
,,,,,45638,3.0,3,,,,,,,,
,,,,,45641,3.0,3,,,,,,,,
,,,,,45644,3.0,3,,,,,,,,
,,,,,45647,3.0,3,,,,,,,,
,,,,,45650,3.0,3,,,,,,,,
,,,,,45656,6.0,6,,,,,,,,
,,,,,45659,3.0,3,,,,,,,,
,,,,,45663,4.0,4,,,,,,,,
,,,,,45666,3.0,3,,,,,,,,
,,,,,45669,3.0,3,,,,,,,,
,,,,,45672,3.0,3,,,,,,,,
,,,,,45675,3.0,3,,,,,,,,
,,,,,45678,3.0,3,,,,,,,,
,,,,,45681,3.0,3,,,,,,,,
,,,,,45684,3.0,3,,,,,,,,
,,,,,45689,5.0,5,,,,,,,,
,,,,,45692,3.0,3,,,,,,,,
,,,,,45699,7.0,7,,,,,,,,
,,,,,45703,4.0,4,,,,,,,,
,,,,,45707,4.0,4,,,,,,,,
,,,,,45710,3.0,3,,,,,,,,
,,,,,45713,3.0,3,,,,,,,,
,,,,,45716,3.0,3,,,,,,,,
,,,,,45719,3.0,3,,,,,,,,
,,,,,45722,3.0,3,,,,,,,,
,,,,,45726,4.0,4,,,,,,,,
,,,,,45729,3.0,3,,,,,,,,
,,,,,45732,3.0,3,,,,,,,,
,,,,,45735,3.0,3,,,,,,,,
,,,,,45739,4.0,4,,,,,,,,
,,,,,45742,3.0,3,,,,,,,,
,,,,,45745,3.0,3,,,,,,,,
,,,,,45748,3.0,3,,,,,,,,
,,,,,45751,3.0,3,,,,,,,,
,,,,,45755,4.0,4,,,,,,,,
,,,,,45758,3.0,3,,,,,,,,
,,,,,45761,3.0,3,,,,,,,,
,,,,,45764,3.0,3,,,,,,,,
,,,,,45767,3.0,3,,,,,,,,
,,,,,45771,4.0,4,,,,,,,,
,,,,,45776,5.0,5,,,,,,,,
,,,,,45779,3.0,3,,,,,,,,
,,,,,45782,3.0,3,,,,,,,,
,,,,,45785,3.0,3,,,,,,,,
,,,,,45789,4.0,4,,,,,,,,
,,,,,45792,3.0,3,,,,,,,,
,,,,,45795,3.0,3,,,,,,,,
,,,,,45798,3.0,3,,,,,,,,
,,,,,45801,3.0,3,,,,,,,,
,,,,,45806,5.0,5,,,,,,,,
,,,,,45809,3.0,3,,,,,,,,
,,,,,45812,3.0,3,,,,,,,,
,,,,,45815,3.0,3,,,,,,,,
,,,,,45818,3.0,3,,,,,,,,
,,,,,45821,3.0,3,,,,,,,,
,,,,,45824,3.0,3,,,,,,,,
,,,,,45831,7.0,7,,,,,,,,
,,,,,45835,4.0,4,,,,,,,,
,,,,,45838,3.0,3,,,,,,,,
,,,,,45842,4.0,4,,,,,,,,
,,,,,45848,6.0,6,,,,,,,,
,,,,,45853,5.0,5,,,,,,,,
,,,,,45859,6.0,6,,,,,,,,
,,,,,45863,4.0,4,,,,,,,,
,,,,,45866,3.0,3,,,,,,,,
,,,,,45869,3.0,3,,,,,,,,
,,,,,45872,3.0,3,,,,,,,,
,,,,,45875,3.0,3,,,,,,,,
,,,,,45878,3.0,3,,,,,,,,
,,,,,45886,8.0,8,,,,,,,,
,,,,,45889,3.0,3,,,,,,,,
,,,,,45894,5.0,5,,,,,,,,
,,,,,45897,3.0,3,,,,,,,,
,,,,,45900,3.0,3,,,,,,,,
,,,,,45905,5.0,5,,,,,,,,
,,,,,45909,4.0,4,,,,,,,,
,,,,,45912,3.0,3,,,,,,,,
,,,,,45915,3.0,3,,,,,,,,
,,,,,45918,3.0,3,,,,,,,,
,,,,,45921,3.0,3,,,,,,,,
,,,,,45924,3.0,3,,,,,,,,
,,,,,45928,4.0,4,,,,,,,,
,,,,,45931,3.0,3,,,,,,,,
,,,,,45935,4.0,4,,,,,,,,
,,,,,45938,3.0,3,,,,,,,,
,,,,,45941,3.0,3,,,,,,,,
,,,,,45944,3.0,3,,,,,,,,
,,,,,45947,3.0,3,,,,,,,,
,,,,,45950,3.0,3,,,,,,,,
,,,,,45955,5.0,5,,,,,,,,
,,,,,45958,3.0,3,,,,,,,,
,,,,,45961,3.0,3,,,,,,,,
,,,,,45965,4.0,4,,,,,,,,
,,,,,45969,4.0,4,,,,,,,,
,,,,,45972,3.0,3,,,,,,,,
,,,,,45975,3.0,3,,,,,,,,
,,,,,45981,6.0,6,,,,,,,,
,,,,,45984,3.0,3,,,,,,,,
,,,,,45989,5.0,5,,,,,,,,
,,,,,45992,3.0,3,,,,,,,,
,,,,,45995,3.0,3,,,,,,,,
,,,,,45998,3.0,3,,,,,,,,
,,,,,46000,,,0.006118142977356911,-0.06118142977356911,0.5152946710586548,2.6499147415161133,2.7596287727355957,0.0003,0.0003,0.1
,,,,,46001,3.0,3,,,,,,,,
,,,,,46004,3.0,3,,,,,,,,
,,,,,46007,3.0,3,,,,,,,,
,,,,,46011,4.0,4,,,,,,,,
,,,,,46015,4.0,4,,,,,,,,
,,,,,46018,3.0,3,,,,,,,,
,,,,,46021,3.0,3,,,,,,,,
,,,,,46024,3.0,3,,,,,,,,
,,,,,46031,7.0,7,,,,,,,,
,,,,,46035,4.0,4,,,,,,,,
,,,,,46042,7.0,7,,,,,,,,
,,,,,46048,6.0,6,,,,,,,,
,,,,,46051,3.0,3,,,,,,,,
,,,,,46057,6.0,6,,,,,,,,
,,,,,46060,3.0,3,,,,,,,,
,,,,,46063,3.0,3,,,,,,,,
,,,,,46067,4.0,4,,,,,,,,
,,,,,46071,4.0,4,,,,,,,,
,,,,,46074,3.0,3,,,,,,,,
,,,,,46077,3.0,3,,,,,,,,
,,,,,46080,3.0,3,,,,,,,,
,,,,,46089,9.0,9,,,,,,,,
,,,,,46096,7.0,7,,,,,,,,
,,,,,46100,4.0,4,,,,,,,,
,,,,,46103,3.0,3,,,,,,,,
,,,,,46106,3.0,3,,,,,,,,
,,,,,46115,9.0,9,,,,,,,,
,,,,,46123,8.0,8,,,,,,,,
,,,,,46127,4.0,4,,,,,,,,
,,,,,46132,5.0,5,,,,,,,,
,,,,,46135,3.0,3,,,,,,,,
,,,,,46138,3.0,3,,,,,,,,
,,,,,46141,3.0,3,,,,,,,,
,,,,,46144,3.0,3,,,,,,,,
,,,,,46147,3.0,3,,,,,,,,
,,,,,46150,3.0,3,,,,,,,,
,,,,,46153,3.0,3,,,,,,,,
,,,,,46156,3.0,3,,,,,,,,
,,,,,46161,5.0,5,,,,,,,,
,,,,,46164,3.0,3,,,,,,,,
,,,,,46167,3.0,3,,,,,,,,
,,,,,46170,3.0,3,,,,,,,,
,,,,,46173,3.0,3,,,,,,,,
,,,,,46176,3.0,3,,,,,,,,
,,,,,46181,5.0,5,,,,,,,,
,,,,,46184,3.0,3,,,,,,,,
,,,,,46191,7.0,7,,,,,,,,
,,,,,46194,3.0,3,,,,,,,,
,,,,,46197,3.0,3,,,,,,,,
,,,,,46200,3.0,3,,,,,,,,
,,,,,46203,3.0,3,,,,,,,,
,,,,,46206,3.0,3,,,,,,,,
,,,,,46209,3.0,3,,,,,,,,
,,,,,46212,3.0,3,,,,,,,,
,,,,,46215,3.0,3,,,,,,,,
,,,,,46222,7.0,7,,,,,,,,
,,,,,46225,3.0,3,,,,,,,,
,,,,,46229,4.0,4,,,,,,,,
,,,,,46233,4.0,4,,,,,,,,
,,,,,46236,3.0,3,,,,,,,,
,,,,,46239,3.0,3,,,,,,,,
,,,,,46242,3.0,3,,,,,,,,
,,,,,46245,3.0,3,,,,,,,,
,,,,,46248,3.0,3,,,,,,,,
,,,,,46252,4.0,4,,,,,,,,
,,,,,46255,3.0,3,,,,,,,,
,,,,,46259,4.0,4,,,,,,,,
,,,,,46262,3.0,3,,,,,,,,
,,,,,46266,4.0,4,,,,,,,,
,,,,,46269,3.0,3,,,,,,,,
,,,,,46273,4.0,4,,,,,,,,
,,,,,46276,3.0,3,,,,,,,,
,,,,,46280,4.0,4,,,,,,,,
,,,,,46283,3.0,3,,,,,,,,
,,,,,46286,3.0,3,,,,,,,,
,,,,,46292,6.0,6,,,,,,,,
,,,,,46295,3.0,3,,,,,,,,
,,,,,46303,8.0,8,,,,,,,,
,,,,,46306,3.0,3,,,,,,,,
,,,,,46309,3.0,3,,,,,,,,
,,,,,46314,5.0,5,,,,,,,,
,,,,,46317,3.0,3,,,,,,,,
,,,,,46320,3.0,3,,,,,,,,
,,,,,46323,3.0,3,,,,,,,,
,,,,,46326,3.0,3,,,,,,,,
,,,,,46329,3.0,3,,,,,,,,
,,,,,46333,4.0,4,,,,,,,,
,,,,,46338,5.0,5,,,,,,,,
,,,,,46341,3.0,3,,,,,,,,
,,,,,46344,3.0,3,,,,,,,,
,,,,,46347,3.0,3,,,,,,,,
,,,,,46350,3.0,3,,,,,,,,
,,,,,46358,8.0,8,,,,,,,,
,,,,,46361,3.0,3,,,,,,,,
,,,,,46364,3.0,3,,,,,,,,
,,,,,46369,5.0,5,,,,,,,,
,,,,,46373,4.0,4,,,,,,,,
,,,,,46377,4.0,4,,,,,,,,
,,,,,46380,3.0,3,,,,,,,,
,,,,,46386,6.0,6,,,,,,,,
,,,,,46389,3.0,3,,,,,,,,
,,,,,46394,5.0,5,,,,,,,,
,,,,,46397,3.0,3,,,,,,,,
,,,,,46400,3.0,3,,,,,,,,
,,,,,46405,5.0,5,,,,,,,,
,,,,,46408,3.0,3,,,,,,,,
,,,,,46412,4.0,4,,,,,,,,
,,,,,46416,4.0,4,,,,,,,,
,,,,,46419,3.0,3,,,,,,,,
,,,,,46423,4.0,4,,,,,,,,
,,,,,46426,3.0,3,,,,,,,,
,,,,,46429,3.0,3,,,,,,,,
,,,,,46432,3.0,3,,,,,,,,
,,,,,46435,3.0,3,,,,,,,,
,,,,,46439,4.0,4,,,,,,,,
,,,,,46442,3.0,3,,,,,,,,
,,,,,46445,3.0,3,,,,,,,,
,,,,,46448,3.0,3,,,,,,,,
,,,,,46451,3.0,3,,,,,,,,
,,,,,46456,5.0,5,,,,,,,,
,,,,,46459,3.0,3,,,,,,,,
,,,,,46462,3.0,3,,,,,,,,
,,,,,46465,3.0,3,,,,,,,,
,,,,,46469,4.0,4,,,,,,,,
,,,,,46472,3.0,3,,,,,,,,
,,,,,46476,4.0,4,,,,,,,,
,,,,,46479,3.0,3,,,,,,,,
,,,,,46483,4.0,4,,,,,,,,
,,,,,46487,4.0,4,,,,,,,,
,,,,,46490,3.0,3,,,,,,,,
,,,,,46493,3.0,3,,,,,,,,
,,,,,46496,3.0,3,,,,,,,,
,,,,,46499,3.0,3,,,,,,,,
,,,,,46502,3.0,3,,,,,,,,
,,,,,46506,4.0,4,,,,,,,,
,,,,,46510,4.0,4,,,,,,,,
,,,,,46513,3.0,3,,,,,,,,
,,,,,46516,3.0,3,,,,,,,,
,,,,,46519,3.0,3,,,,,,,,
,,,,,46524,5.0,5,,,,,,,,
,,,,,46528,4.0,4,,,,,,,,
,,,,,46534,6.0,6,,,,,,,,
,,,,,46537,3.0,3,,,,,,,,
,,,,,46540,3.0,3,,,,,,,,
,,,,,46543,3.0,3,,,,,,,,
,,,,,46548,5.0,5,,,,,,,,
,,,,,46551,3.0,3,,,,,,,,
,,,,,46556,5.0,5,,,,,,,,
,,,,,46560,4.0,4,,,,,,,,
,,,,,46563,3.0,3,,,,,,,,
,,,,,46566,3.0,3,,,,,,,,
,,,,,46569,3.0,3,,,,,,,,
,,,,,46573,4.0,4,,,,,,,,
,,,,,46577,4.0,4,,,,,,,,
,,,,,46580,3.0,3,,,,,,,,
,,,,,46583,3.0,3,,,,,,,,
,,,,,46586,3.0,3,,,,,,,,
,,,,,46592,6.0,6,,,,,,,,
,,,,,46599,7.0,7,,,,,,,,
,,,,,46602,3.0,3,,,,,,,,
,,,,,46605,3.0,3,,,,,,,,
,,,,,46608,3.0,3,,,,,,,,
,,,,,46614,6.0,6,,,,,,,,
,,,,,46617,3.0,3,,,,,,,,
,,,,,46621,4.0,4,,,,,,,,
,,,,,46624,3.0,3,,,,,,,,
,,,,,46627,3.0,3,,,,,,,,
,,,,,46634,7.0,7,,,,,,,,
,,,,,46637,3.0,3,,,,,,,,
,,,,,46644,7.0,7,,,,,,,,
,,,,,46647,3.0,3,,,,,,,,
,,,,,46650,3.0,3,,,,,,,,
,,,,,46653,3.0,3,,,,,,,,
,,,,,46657,4.0,4,,,,,,,,
,,,,,46661,4.0,4,,,,,,,,
,,,,,46664,3.0,3,,,,,,,,
,,,,,46670,6.0,6,,,,,,,,
,,,,,46673,3.0,3,,,,,,,,
,,,,,46676,3.0,3,,,,,,,,
,,,,,46680,4.0,4,,,,,,,,
,,,,,46683,3.0,3,,,,,,,,
,,,,,46688,5.0,5,,,,,,,,
,,,,,46691,3.0,3,,,,,,,,
,,,,,46694,3.0,3,,,,,,,,
,,,,,46701,7.0,7,,,,,,,,
,,,,,46706,5.0,5,,,,,,,,
,,,,,46710,4.0,4,,,,,,,,
,,,,,46713,3.0,3,,,,,,,,
,,,,,46718,5.0,5,,,,,,,,
,,,,,46723,5.0,5,,,,,,,,
,,,,,46727,4.0,4,,,,,,,,
,,,,,46730,3.0,3,,,,,,,,
,,,,,46733,3.0,3,,,,,,,,
,,,,,46736,3.0,3,,,,,,,,
,,,,,46739,3.0,3,,,,,,,,
,,,,,46742,3.0,3,,,,,,,,
,,,,,46745,3.0,3,,,,,,,,
,,,,,46748,3.0,3,,,,,,,,
,,,,,46754,6.0,6,,,,,,,,
,,,,,46758,4.0,4,,,,,,,,
,,,,,46761,3.0,3,,,,,,,,
,,,,,46764,3.0,3,,,,,,,,
,,,,,46769,5.0,5,,,,,,,,
,,,,,46772,3.0,3,,,,,,,,
,,,,,46775,3.0,3,,,,,,,,
,,,,,46778,3.0,3,,,,,,,,
,,,,,46782,4.0,4,,,,,,,,
,,,,,46787,5.0,5,,,,,,,,
,,,,,46790,3.0,3,,,,,,,,
,,,,,46793,3.0,3,,,,,,,,
,,,,,46796,3.0,3,,,,,,,,
,,,,,46799,3.0,3,,,,,,,,
,,,,,46802,3.0,3,,,,,,,,
,,,,,46806,4.0,4,,,,,,,,
,,,,,46810,4.0,4,,,,,,,,
,,,,,46814,4.0,4,,,,,,,,
,,,,,46817,3.0,3,,,,,,,,
,,,,,46820,3.0,3,,,,,,,,
,,,,,46823,3.0,3,,,,,,,,
,,,,,46826,3.0,3,,,,,,,,
,,,,,46832,6.0,6,,,,,,,,
,,,,,46837,5.0,5,,,,,,,,
,,,,,46840,3.0,3,,,,,,,,
,,,,,46843,3.0,3,,,,,,,,
,,,,,46846,3.0,3,,,,,,,,
,,,,,46850,4.0,4,,,,,,,,
,,,,,46853,3.0,3,,,,,,,,
,,,,,46856,3.0,3,,,,,,,,
,,,,,46859,3.0,3,,,,,,,,
,,,,,46862,3.0,3,,,,,,,,
,,,,,46865,3.0,3,,,,,,,,
,,,,,46868,3.0,3,,,,,,,,
,,,,,46871,3.0,3,,,,,,,,
,,,,,46878,7.0,7,,,,,,,,
,,,,,46882,4.0,4,,,,,,,,
,,,,,46885,3.0,3,,,,,,,,
,,,,,46888,3.0,3,,,,,,,,
,,,,,46891,3.0,3,,,,,,,,
,,,,,46894,3.0,3,,,,,,,,
,,,,,46899,5.0,5,,,,,,,,
,,,,,46902,3.0,3,,,,,,,,
,,,,,46905,3.0,3,,,,,,,,
,,,,,46909,4.0,4,,,,,,,,
,,,,,46913,4.0,4,,,,,,,,
,,,,,46916,3.0,3,,,,,,,,
,,,,,46919,3.0,3,,,,,,,,
,,,,,46922,3.0,3,,,,,,,,
,,,,,46925,3.0,3,,,,,,,,
,,,,,46928,3.0,3,,,,,,,,
,,,,,46931,3.0,3,,,,,,,,
,,,,,46935,4.0,4,,,,,,,,
,,,,,46941,6.0,6,,,,,,,,
,,,,,46944,3.0,3,,,,,,,,
,,,,,46947,3.0,3,,,,,,,,
,,,,,46952,5.0,5,,,,,,,,
,,,,,46955,3.0,3,,,,,,,,
,,,,,46958,3.0,3,,,,,,,,
,,,,,46961,3.0,3,,,,,,,,
,,,,,46965,4.0,4,,,,,,,,
,,,,,46968,3.0,3,,,,,,,,
,,,,,46973,5.0,5,,,,,,,,
,,,,,46977,4.0,4,,,,,,,,
,,,,,46980,3.0,3,,,,,,,,
,,,,,46984,4.0,4,,,,,,,,
,,,,,46987,3.0,3,,,,,,,,
,,,,,46990,3.0,3,,,,,,,,
,,,,,46994,4.0,4,,,,,,,,
,,,,,46997,3.0,3,,,,,,,,
,,,,,47000,,,-0.009916596114635468,0.09916596114635468,0.30094364285469055,2.4808411598205566,2.4814453125,0.0003,0.0003,0.1
,,,,,47001,4.0,4,,,,,,,,
,,,,,47004,3.0,3,,,,,,,,
,,,,,47010,6.0,6,,,,,,,,
,,,,,47013,3.0,3,,,,,,,,
,,,,,47016,3.0,3,,,,,,,,
,,,,,47019,3.0,3,,,,,,,,
,,,,,47022,3.0,3,,,,,,,,
,,,,,47025,3.0,3,,,,,,,,
,,,,,47029,4.0,4,,,,,,,,
,,,,,47032,3.0,3,,,,,,,,
,,,,,47035,3.0,3,,,,,,,,
,,,,,47038,3.0,3,,,,,,,,
,,,,,47041,3.0,3,,,,,,,,
,,,,,47044,3.0,3,,,,,,,,
,,,,,47049,5.0,5,,,,,,,,
,,,,,47052,3.0,3,,,,,,,,
,,,,,47055,3.0,3,,,,,,,,
,,,,,47058,3.0,3,,,,,,,,
,,,,,47061,3.0,3,,,,,,,,
,,,,,47064,3.0,3,,,,,,,,
,,,,,47067,3.0,3,,,,,,,,
,,,,,47070,3.0,3,,,,,,,,
,,,,,47073,3.0,3,,,,,,,,
,,,,,47079,6.0,6,,,,,,,,
,,,,,47082,3.0,3,,,,,,,,
,,,,,47087,5.0,5,,,,,,,,
,,,,,47091,4.0,4,,,,,,,,
,,,,,47094,3.0,3,,,,,,,,
,,,,,47099,5.0,5,,,,,,,,
,,,,,47103,4.0,4,,,,,,,,
,,,,,47106,3.0,3,,,,,,,,
,,,,,47109,3.0,3,,,,,,,,
,,,,,47114,5.0,5,,,,,,,,
,,,,,47117,3.0,3,,,,,,,,
,,,,,47120,3.0,3,,,,,,,,
,,,,,47123,3.0,3,,,,,,,,
,,,,,47128,5.0,5,,,,,,,,
,,,,,47133,5.0,5,,,,,,,,
,,,,,47141,8.0,8,,,,,,,,
,,,,,47144,3.0,3,,,,,,,,
,,,,,47147,3.0,3,,,,,,,,
,,,,,47150,3.0,3,,,,,,,,
,,,,,47153,3.0,3,,,,,,,,
,,,,,47156,3.0,3,,,,,,,,
,,,,,47160,4.0,4,,,,,,,,
,,,,,47163,3.0,3,,,,,,,,
,,,,,47166,3.0,3,,,,,,,,
,,,,,47169,3.0,3,,,,,,,,
,,,,,47173,4.0,4,,,,,,,,
,,,,,47181,8.0,8,,,,,,,,
,,,,,47184,3.0,3,,,,,,,,
,,,,,47187,3.0,3,,,,,,,,
,,,,,47190,3.0,3,,,,,,,,
,,,,,47193,3.0,3,,,,,,,,
,,,,,47196,3.0,3,,,,,,,,
,,,,,47201,5.0,5,,,,,,,,
,,,,,47204,3.0,3,,,,,,,,
,,,,,47207,3.0,3,,,,,,,,
,,,,,47211,4.0,4,,,,,,,,
,,,,,47214,3.0,3,,,,,,,,
,,,,,47217,3.0,3,,,,,,,,
,,,,,47220,3.0,3,,,,,,,,
,,,,,47223,3.0,3,,,,,,,,
,,,,,47226,3.0,3,,,,,,,,
,,,,,47229,3.0,3,,,,,,,,
,,,,,47233,4.0,4,,,,,,,,
,,,,,47237,4.0,4,,,,,,,,
,,,,,47242,5.0,5,,,,,,,,
,,,,,47245,3.0,3,,,,,,,,
,,,,,47248,3.0,3,,,,,,,,
,,,,,47251,3.0,3,,,,,,,,
,,,,,47256,5.0,5,,,,,,,,
,,,,,47259,3.0,3,,,,,,,,
,,,,,47263,4.0,4,,,,,,,,
,,,,,47267,4.0,4,,,,,,,,
,,,,,47270,3.0,3,,,,,,,,
,,,,,47274,4.0,4,,,,,,,,
,,,,,47277,3.0,3,,,,,,,,
,,,,,47281,4.0,4,,,,,,,,
,,,,,47285,4.0,4,,,,,,,,
,,,,,47289,4.0,4,,,,,,,,
,,,,,47296,7.0,7,,,,,,,,
,,,,,47299,3.0,3,,,,,,,,
,,,,,47304,5.0,5,,,,,,,,
,,,,,47307,3.0,3,,,,,,,,
,,,,,47310,3.0,3,,,,,,,,
,,,,,47313,3.0,3,,,,,,,,
,,,,,47316,3.0,3,,,,,,,,
,,,,,47319,3.0,3,,,,,,,,
,,,,,47322,3.0,3,,,,,,,,
,,,,,47325,3.0,3,,,,,,,,
,,,,,47329,4.0,4,,,,,,,,
,,,,,47333,4.0,4,,,,,,,,
,,,,,47336,3.0,3,,,,,,,,
,,,,,47339,3.0,3,,,,,,,,
,,,,,47344,5.0,5,,,,,,,,
,,,,,47349,5.0,5,,,,,,,,
,,,,,47355,6.0,6,,,,,,,,
,,,,,47358,3.0,3,,,,,,,,
,,,,,47361,3.0,3,,,,,,,,
,,,,,47365,4.0,4,,,,,,,,
,,,,,47368,3.0,3,,,,,,,,
,,,,,47376,8.0,8,,,,,,,,
,,,,,47379,3.0,3,,,,,,,,
,,,,,47382,3.0,3,,,,,,,,
,,,,,47385,3.0,3,,,,,,,,
,,,,,47388,3.0,3,,,,,,,,
,,,,,47391,3.0,3,,,,,,,,
,,,,,47395,4.0,4,,,,,,,,
,,,,,47398,3.0,3,,,,,,,,
,,,,,47401,3.0,3,,,,,,,,
,,,,,47405,4.0,4,,,,,,,,
,,,,,47408,3.0,3,,,,,,,,
,,,,,47411,3.0,3,,,,,,,,
,,,,,47414,3.0,3,,,,,,,,
,,,,,47420,6.0,6,,,,,,,,
,,,,,47425,5.0,5,,,,,,,,
,,,,,47428,3.0,3,,,,,,,,
,,,,,47434,6.0,6,,,,,,,,
,,,,,47437,3.0,3,,,,,,,,
,,,,,47440,3.0,3,,,,,,,,
,,,,,47444,4.0,4,,,,,,,,
,,,,,47447,3.0,3,,,,,,,,
,,,,,47451,4.0,4,,,,,,,,
,,,,,47455,4.0,4,,,,,,,,
,,,,,47458,3.0,3,,,,,,,,
,,,,,47461,3.0,3,,,,,,,,
,,,,,47467,6.0,6,,,,,,,,
,,,,,47470,3.0,3,,,,,,,,
,,,,,47473,3.0,3,,,,,,,,
,,,,,47477,4.0,4,,,,,,,,
,,,,,47480,3.0,3,,,,,,,,
,,,,,47484,4.0,4,,,,,,,,
,,,,,47489,5.0,5,,,,,,,,
,,,,,47493,4.0,4,,,,,,,,
,,,,,47496,3.0,3,,,,,,,,
,,,,,47499,3.0,3,,,,,,,,
,,,,,47506,7.0,7,,,,,,,,
,,,,,47509,3.0,3,,,,,,,,
,,,,,47512,3.0,3,,,,,,,,
,,,,,47515,3.0,3,,,,,,,,
,,,,,47518,3.0,3,,,,,,,,
,,,,,47521,3.0,3,,,,,,,,
,,,,,47527,6.0,6,,,,,,,,
,,,,,47530,3.0,3,,,,,,,,
,,,,,47533,3.0,3,,,,,,,,
,,,,,47536,3.0,3,,,,,,,,
,,,,,47540,4.0,4,,,,,,,,
,,,,,47543,3.0,3,,,,,,,,
,,,,,47546,3.0,3,,,,,,,,
,,,,,47549,3.0,3,,,,,,,,
,,,,,47552,3.0,3,,,,,,,,
,,,,,47557,5.0,5,,,,,,,,
,,,,,47560,3.0,3,,,,,,,,
,,,,,47563,3.0,3,,,,,,,,
,,,,,47566,3.0,3,,,,,,,,
,,,,,47570,4.0,4,,,,,,,,
,,,,,47574,4.0,4,,,,,,,,
,,,,,47579,5.0,5,,,,,,,,
,,,,,47582,3.0,3,,,,,,,,
,,,,,47585,3.0,3,,,,,,,,
,,,,,47591,6.0,6,,,,,,,,
,,,,,47594,3.0,3,,,,,,,,
,,,,,47599,5.0,5,,,,,,,,
,,,,,47603,4.0,4,,,,,,,,
,,,,,47606,3.0,3,,,,,,,,
,,,,,47609,3.0,3,,,,,,,,
,,,,,47613,4.0,4,,,,,,,,
,,,,,47616,3.0,3,,,,,,,,
,,,,,47619,3.0,3,,,,,,,,
,,,,,47622,3.0,3,,,,,,,,
,,,,,47625,3.0,3,,,,,,,,
,,,,,47630,5.0,5,,,,,,,,
,,,,,47633,3.0,3,,,,,,,,
,,,,,47637,4.0,4,,,,,,,,
,,,,,47640,3.0,3,,,,,,,,
,,,,,47647,7.0,7,,,,,,,,
,,,,,47651,4.0,4,,,,,,,,
,,,,,47654,3.0,3,,,,,,,,
,,,,,47657,3.0,3,,,,,,,,
,,,,,47660,3.0,3,,,,,,,,
,,,,,47663,3.0,3,,,,,,,,
,,,,,47666,3.0,3,,,,,,,,
,,,,,47669,3.0,3,,,,,,,,
,,,,,47672,3.0,3,,,,,,,,
,,,,,47678,6.0,6,,,,,,,,
,,,,,47681,3.0,3,,,,,,,,
,,,,,47684,3.0,3,,,,,,,,
,,,,,47687,3.0,3,,,,,,,,
,,,,,47690,3.0,3,,,,,,,,
,,,,,47694,4.0,4,,,,,,,,
,,,,,47702,8.0,8,,,,,,,,
,,,,,47707,5.0,5,,,,,,,,
,,,,,47711,4.0,4,,,,,,,,
,,,,,47714,3.0,3,,,,,,,,
,,,,,47717,3.0,3,,,,,,,,
,,,,,47722,5.0,5,,,,,,,,
,,,,,47727,5.0,5,,,,,,,,
,,,,,47730,3.0,3,,,,,,,,
,,,,,47736,6.0,6,,,,,,,,
,,,,,47741,5.0,5,,,,,,,,
,,,,,47744,3.0,3,,,,,,,,
,,,,,47747,3.0,3,,,,,,,,
,,,,,47750,3.0,3,,,,,,,,
,,,,,47754,4.0,4,,,,,,,,
,,,,,47758,4.0,4,,,,,,,,
,,,,,47761,3.0,3,,,,,,,,
,,,,,47765,4.0,4,,,,,,,,
,,,,,47768,3.0,3,,,,,,,,
,,,,,47772,4.0,4,,,,,,,,
,,,,,47777,5.0,5,,,,,,,,
,,,,,47780,3.0,3,,,,,,,,
,,,,,47783,3.0,3,,,,,,,,
,,,,,47787,4.0,4,,,,,,,,
,,,,,47792,5.0,5,,,,,,,,
,,,,,47795,3.0,3,,,,,,,,
,,,,,47798,3.0,3,,,,,,,,
,,,,,47803,5.0,5,,,,,,,,
,,,,,47809,6.0,6,,,,,,,,
,,,,,47812,3.0,3,,,,,,,,
,,,,,47815,3.0,3,,,,,,,,
,,,,,47818,3.0,3,,,,,,,,
,,,,,47821,3.0,3,,,,,,,,
,,,,,47824,3.0,3,,,,,,,,
,,,,,47827,3.0,3,,,,,,,,
,,,,,47830,3.0,3,,,,,,,,
,,,,,47835,5.0,5,,,,,,,,
,,,,,47838,3.0,3,,,,,,,,
,,,,,47843,5.0,5,,,,,,,,
,,,,,47846,3.0,3,,,,,,,,
,,,,,47849,3.0,3,,,,,,,,
,,,,,47852,3.0,3,,,,,,,,
,,,,,47855,3.0,3,,,,,,,,
,,,,,47859,4.0,4,,,,,,,,
,,,,,47864,5.0,5,,,,,,,,
,,,,,47867,3.0,3,,,,,,,,
,,,,,47870,3.0,3,,,,,,,,
,,,,,47873,3.0,3,,,,,,,,
,,,,,47876,3.0,3,,,,,,,,
,,,,,47879,3.0,3,,,,,,,,
,,,,,47882,3.0,3,,,,,,,,
,,,,,47886,4.0,4,,,,,,,,
,,,,,47889,3.0,3,,,,,,,,
,,,,,47893,4.0,4,,,,,,,,
,,,,,47897,4.0,4,,,,,,,,
,,,,,47900,3.0,3,,,,,,,,
,,,,,47903,3.0,3,,,,,,,,
,,,,,47907,4.0,4,,,,,,,,
,,,,,47910,3.0,3,,,,,,,,
,,,,,47913,3.0,3,,,,,,,,
,,,,,47917,4.0,4,,,,,,,,
,,,,,47920,3.0,3,,,,,,,,
,,,,,47923,3.0,3,,,,,,,,
,,,,,47926,3.0,3,,,,,,,,
,,,,,47929,3.0,3,,,,,,,,
,,,,,47933,4.0,4,,,,,,,,
,,,,,47936,3.0,3,,,,,,,,
,,,,,47939,3.0,3,,,,,,,,
,,,,,47942,3.0,3,,,,,,,,
,,,,,47945,3.0,3,,,,,,,,
,,,,,47948,3.0,3,,,,,,,,
,,,,,47952,4.0,4,,,,,,,,
,,,,,47956,4.0,4,,,,,,,,
,,,,,47960,4.0,4,,,,,,,,
,,,,,47963,3.0,3,,,,,,,,
,,,,,47966,3.0,3,,,,,,,,
,,,,,47969,3.0,3,,,,,,,,
,,,,,47972,3.0,3,,,,,,,,
,,,,,47975,3.0,3,,,,,,,,
,,,,,47978,3.0,3,,,,,,,,
,,,,,47981,3.0,3,,,,,,,,
,,,,,47984,3.0,3,,,,,,,,
,,,,,47987,3.0,3,,,,,,,,
,,,,,47990,3.0,3,,,,,,,,
,,,,,47993,3.0,3,,,,,,,,
,,,,,47996,3.0,3,,,,,,,,
,,,,,47999,3.0,3,,,,,,,,
,,,,,48000,,,0.2368568480014801,-2.3685684204101562,0.16587351262569427,1.9174919128417969,1.9350991249084473,0.0003,0.0003,0.1
,,,,,48002,3.0,3,,,,,,,,
,,,,,48007,5.0,5,,,,,,,,
,,,,,48010,3.0,3,,,,,,,,
,,,,,48013,3.0,3,,,,,,,,
,,,,,48016,3.0,3,,,,,,,,
,,,,,48020,4.0,4,,,,,,,,
,,,,,48024,4.0,4,,,,,,,,
,,,,,48027,3.0,3,,,,,,,,
,,,,,48030,3.0,3,,,,,,,,
,,,,,48034,4.0,4,,,,,,,,
,,,,,48037,3.0,3,,,,,,,,
,,,,,48040,3.0,3,,,,,,,,
,,,,,48043,3.0,3,,,,,,,,
,,,,,48048,5.0,5,,,,,,,,
,,,,,48052,4.0,4,,,,,,,,
,,,,,48055,3.0,3,,,,,,,,
,,,,,48061,6.0,6,,,,,,,,
,,,,,48066,5.0,5,,,,,,,,
,,,,,48069,3.0,3,,,,,,,,
,,,,,48072,3.0,3,,,,,,,,
,,,,,48075,3.0,3,,,,,,,,
,,,,,48078,3.0,3,,,,,,,,
,,,,,48081,3.0,3,,,,,,,,
,,,,,48084,3.0,3,,,,,,,,
,,,,,48087,3.0,3,,,,,,,,
,,,,,48090,3.0,3,,,,,,,,
,,,,,48093,3.0,3,,,,,,,,
,,,,,48097,4.0,4,,,,,,,,
,,,,,48100,3.0,3,,,,,,,,
,,,,,48103,3.0,3,,,,,,,,
,,,,,48107,4.0,4,,,,,,,,
,,,,,48110,3.0,3,,,,,,,,
,,,,,48113,3.0,3,,,,,,,,
,,,,,48116,3.0,3,,,,,,,,
,,,,,48120,4.0,4,,,,,,,,
,,,,,48124,4.0,4,,,,,,,,
,,,,,48127,3.0,3,,,,,,,,
,,,,,48130,3.0,3,,,,,,,,
,,,,,48133,3.0,3,,,,,,,,
,,,,,48137,4.0,4,,,,,,,,
,,,,,48140,3.0,3,,,,,,,,
,,,,,48143,3.0,3,,,,,,,,
,,,,,48146,3.0,3,,,,,,,,
,,,,,48151,5.0,5,,,,,,,,
,,,,,48154,3.0,3,,,,,,,,
,,,,,48157,3.0,3,,,,,,,,
,,,,,48160,3.0,3,,,,,,,,
,,,,,48168,8.0,8,,,,,,,,
,,,,,48174,6.0,6,,,,,,,,
,,,,,48177,3.0,3,,,,,,,,
,,,,,48180,3.0,3,,,,,,,,
,,,,,48184,4.0,4,,,,,,,,
,,,,,48187,3.0,3,,,,,,,,
,,,,,48190,3.0,3,,,,,,,,
,,,,,48193,3.0,3,,,,,,,,
,,,,,48196,3.0,3,,,,,,,,
,,,,,48199,3.0,3,,,,,,,,
,,,,,48202,3.0,3,,,,,,,,
,,,,,48205,3.0,3,,,,,,,,
,,,,,48209,4.0,4,,,,,,,,
,,,,,48212,3.0,3,,,,,,,,
,,,,,48215,3.0,3,,,,,,,,
,,,,,48218,3.0,3,,,,,,,,
,,,,,48221,3.0,3,,,,,,,,
,,,,,48224,3.0,3,,,,,,,,
,,,,,48228,4.0,4,,,,,,,,
,,,,,48231,3.0,3,,,,,,,,
,,,,,48237,6.0,6,,,,,,,,
,,,,,48240,3.0,3,,,,,,,,
,,,,,48243,3.0,3,,,,,,,,
,,,,,48248,5.0,5,,,,,,,,
,,,,,48251,3.0,3,,,,,,,,
,,,,,48255,4.0,4,,,,,,,,
,,,,,48258,3.0,3,,,,,,,,
,,,,,48263,5.0,5,,,,,,,,
,,,,,48266,3.0,3,,,,,,,,
,,,,,48270,4.0,4,,,,,,,,
,,,,,48274,4.0,4,,,,,,,,
,,,,,48277,3.0,3,,,,,,,,
,,,,,48280,3.0,3,,,,,,,,
,,,,,48283,3.0,3,,,,,,,,
,,,,,48286,3.0,3,,,,,,,,
,,,,,48289,3.0,3,,,,,,,,
,,,,,48292,3.0,3,,,,,,,,
,,,,,48295,3.0,3,,,,,,,,
,,,,,48298,3.0,3,,,,,,,,
,,,,,48301,3.0,3,,,,,,,,
,,,,,48304,3.0,3,,,,,,,,
,,,,,48308,4.0,4,,,,,,,,
,,,,,48311,3.0,3,,,,,,,,
,,,,,48314,3.0,3,,,,,,,,
,,,,,48317,3.0,3,,,,,,,,
,,,,,48320,3.0,3,,,,,,,,
,,,,,48323,3.0,3,,,,,,,,
,,,,,48326,3.0,3,,,,,,,,
,,,,,48331,5.0,5,,,,,,,,
,,,,,48334,3.0,3,,,,,,,,
,,,,,48337,3.0,3,,,,,,,,
,,,,,48340,3.0,3,,,,,,,,
,,,,,48343,3.0,3,,,,,,,,
,,,,,48346,3.0,3,,,,,,,,
,,,,,48349,3.0,3,,,,,,,,
,,,,,48352,3.0,3,,,,,,,,
,,,,,48355,3.0,3,,,,,,,,
,,,,,48358,3.0,3,,,,,,,,
,,,,,48361,3.0,3,,,,,,,,
,,,,,48364,3.0,3,,,,,,,,
,,,,,48368,4.0,4,,,,,,,,
,,,,,48372,4.0,4,,,,,,,,
,,,,,48375,3.0,3,,,,,,,,
,,,,,48378,3.0,3,,,,,,,,
,,,,,48381,3.0,3,,,,,,,,
,,,,,48384,3.0,3,,,,,,,,
,,,,,48387,3.0,3,,,,,,,,
,,,,,48390,3.0,3,,,,,,,,
,,,,,48393,3.0,3,,,,,,,,
,,,,,48396,3.0,3,,,,,,,,
,,,,,48399,3.0,3,,,,,,,,
,,,,,48402,3.0,3,,,,,,,,
,,,,,48405,3.0,3,,,,,,,,
,,,,,48408,3.0,3,,,,,,,,
,,,,,48412,4.0,4,,,,,,,,
,,,,,48415,3.0,3,,,,,,,,
,,,,,48419,4.0,4,,,,,,,,
,,,,,48422,3.0,3,,,,,,,,
,,,,,48425,3.0,3,,,,,,,,
,,,,,48428,3.0,3,,,,,,,,
,,,,,48431,3.0,3,,,,,,,,
,,,,,48434,3.0,3,,,,,,,,
,,,,,48438,4.0,4,,,,,,,,
,,,,,48441,3.0,3,,,,,,,,
,,,,,48444,3.0,3,,,,,,,,
,,,,,48447,3.0,3,,,,,,,,
,,,,,48451,4.0,4,,,,,,,,
,,,,,48454,3.0,3,,,,,,,,
,,,,,48457,3.0,3,,,,,,,,
,,,,,48460,3.0,3,,,,,,,,
,,,,,48463,3.0,3,,,,,,,,
,,,,,48466,3.0,3,,,,,,,,
,,,,,48474,8.0,8,,,,,,,,
,,,,,48477,3.0,3,,,,,,,,
,,,,,48480,3.0,3,,,,,,,,
,,,,,48483,3.0,3,,,,,,,,
,,,,,48486,3.0,3,,,,,,,,
,,,,,48489,3.0,3,,,,,,,,
,,,,,48493,4.0,4,,,,,,,,
,,,,,48496,3.0,3,,,,,,,,
,,,,,48499,3.0,3,,,,,,,,
,,,,,48502,3.0,3,,,,,,,,
,,,,,48505,3.0,3,,,,,,,,
,,,,,48508,3.0,3,,,,,,,,
,,,,,48511,3.0,3,,,,,,,,
,,,,,48514,3.0,3,,,,,,,,
,,,,,48517,3.0,3,,,,,,,,
,,,,,48520,3.0,3,,,,,,,,
,,,,,48523,3.0,3,,,,,,,,
,,,,,48526,3.0,3,,,,,,,,
,,,,,48529,3.0,3,,,,,,,,
,,,,,48532,3.0,3,,,,,,,,
,,,,,48535,3.0,3,,,,,,,,
,,,,,48538,3.0,3,,,,,,,,
,,,,,48541,3.0,3,,,,,,,,
,,,,,48544,3.0,3,,,,,,,,
,,,,,48547,3.0,3,,,,,,,,
,,,,,48550,3.0,3,,,,,,,,
,,,,,48553,3.0,3,,,,,,,,
,,,,,48556,3.0,3,,,,,,,,
,,,,,48559,3.0,3,,,,,,,,
,,,,,48563,4.0,4,,,,,,,,
,,,,,48566,3.0,3,,,,,,,,
,,,,,48569,3.0,3,,,,,,,,
,,,,,48572,3.0,3,,,,,,,,
,,,,,48575,3.0,3,,,,,,,,
,,,,,48578,3.0,3,,,,,,,,
,,,,,48581,3.0,3,,,,,,,,
,,,,,48585,4.0,4,,,,,,,,
,,,,,48588,3.0,3,,,,,,,,
,,,,,48591,3.0,3,,,,,,,,
,,,,,48594,3.0,3,,,,,,,,
,,,,,48597,3.0,3,,,,,,,,
,,,,,48600,3.0,3,,,,,,,,
,,,,,48603,3.0,3,,,,,,,,
,,,,,48606,3.0,3,,,,,,,,
,,,,,48609,3.0,3,,,,,,,,
,,,,,48612,3.0,3,,,,,,,,
,,,,,48615,3.0,3,,,,,,,,
,,,,,48620,5.0,5,,,,,,,,
,,,,,48623,3.0,3,,,,,,,,
,,,,,48626,3.0,3,,,,,,,,
,,,,,48629,3.0,3,,,,,,,,
,,,,,48632,3.0,3,,,,,,,,
,,,,,48635,3.0,3,,,,,,,,
,,,,,48640,5.0,5,,,,,,,,
,,,,,48643,3.0,3,,,,,,,,
,,,,,48646,3.0,3,,,,,,,,
,,,,,48649,3.0,3,,,,,,,,
,,,,,48653,4.0,4,,,,,,,,
,,,,,48656,3.0,3,,,,,,,,
,,,,,48659,3.0,3,,,,,,,,
,,,,,48662,3.0,3,,,,,,,,
,,,,,48666,4.0,4,,,,,,,,
,,,,,48669,3.0,3,,,,,,,,
,,,,,48675,6.0,6,,,,,,,,
,,,,,48678,3.0,3,,,,,,,,
,,,,,48681,3.0,3,,,,,,,,
,,,,,48685,4.0,4,,,,,,,,
,,,,,48688,3.0,3,,,,,,,,
,,,,,48692,4.0,4,,,,,,,,
,,,,,48695,3.0,3,,,,,,,,
,,,,,48698,3.0,3,,,,,,,,
,,,,,48701,3.0,3,,,,,,,,
,,,,,48704,3.0,3,,,,,,,,
,,,,,48707,3.0,3,,,,,,,,
,,,,,48710,3.0,3,,,,,,,,
,,,,,48713,3.0,3,,,,,,,,
,,,,,48716,3.0,3,,,,,,,,
,,,,,48719,3.0,3,,,,,,,,
,,,,,48722,3.0,3,,,,,,,,
,,,,,48725,3.0,3,,,,,,,,
,,,,,48728,3.0,3,,,,,,,,
,,,,,48731,3.0,3,,,,,,,,
,,,,,48734,3.0,3,,,,,,,,
,,,,,48738,4.0,4,,,,,,,,
,,,,,48741,3.0,3,,,,,,,,
,,,,,48745,4.0,4,,,,,,,,
,,,,,48748,3.0,3,,,,,,,,
,,,,,48753,5.0,5,,,,,,,,
,,,,,48757,4.0,4,,,,,,,,
,,,,,48760,3.0,3,,,,,,,,
,,,,,48763,3.0,3,,,,,,,,
,,,,,48767,4.0,4,,,,,,,,
,,,,,48770,3.0,3,,,,,,,,
,,,,,48774,4.0,4,,,,,,,,
,,,,,48777,3.0,3,,,,,,,,
,,,,,48780,3.0,3,,,,,,,,
,,,,,48786,6.0,6,,,,,,,,
,,,,,48789,3.0,3,,,,,,,,
,,,,,48792,3.0,3,,,,,,,,
,,,,,48795,3.0,3,,,,,,,,
,,,,,48798,3.0,3,,,,,,,,
,,,,,48801,3.0,3,,,,,,,,
,,,,,48804,3.0,3,,,,,,,,
,,,,,48807,3.0,3,,,,,,,,
,,,,,48810,3.0,3,,,,,,,,
,,,,,48814,4.0,4,,,,,,,,
,,,,,48817,3.0,3,,,,,,,,
,,,,,48820,3.0,3,,,,,,,,
,,,,,48823,3.0,3,,,,,,,,
,,,,,48827,4.0,4,,,,,,,,
,,,,,48831,4.0,4,,,,,,,,
,,,,,48834,3.0,3,,,,,,,,
,,,,,48838,4.0,4,,,,,,,,
,,,,,48841,3.0,3,,,,,,,,
,,,,,48844,3.0,3,,,,,,,,
,,,,,48847,3.0,3,,,,,,,,
,,,,,48850,3.0,3,,,,,,,,
,,,,,48853,3.0,3,,,,,,,,
,,,,,48856,3.0,3,,,,,,,,
,,,,,48859,3.0,3,,,,,,,,
,,,,,48862,3.0,3,,,,,,,,
,,,,,48865,3.0,3,,,,,,,,
,,,,,48869,4.0,4,,,,,,,,
,,,,,48872,3.0,3,,,,,,,,
,,,,,48875,3.0,3,,,,,,,,
,,,,,48878,3.0,3,,,,,,,,
,,,,,48881,3.0,3,,,,,,,,
,,,,,48884,3.0,3,,,,,,,,
,,,,,48887,3.0,3,,,,,,,,
,,,,,48891,4.0,4,,,,,,,,
,,,,,48894,3.0,3,,,,,,,,
,,,,,48899,5.0,5,,,,,,,,
,,,,,48902,3.0,3,,,,,,,,
,,,,,48905,3.0,3,,,,,,,,
,,,,,48908,3.0,3,,,,,,,,
,,,,,48911,3.0,3,,,,,,,,
,,,,,48915,4.0,4,,,,,,,,
,,,,,48918,3.0,3,,,,,,,,
,,,,,48921,3.0,3,,,,,,,,
,,,,,48924,3.0,3,,,,,,,,
,,,,,48928,4.0,4,,,,,,,,
,,,,,48931,3.0,3,,,,,,,,
,,,,,48934,3.0,3,,,,,,,,
,,,,,48937,3.0,3,,,,,,,,
,,,,,48940,3.0,3,,,,,,,,
,,,,,48943,3.0,3,,,,,,,,
,,,,,48946,3.0,3,,,,,,,,
,,,,,48949,3.0,3,,,,,,,,
,,,,,48953,4.0,4,,,,,,,,
,,,,,48956,3.0,3,,,,,,,,
,,,,,48959,3.0,3,,,,,,,,
,,,,,48962,3.0,3,,,,,,,,
,,,,,48965,3.0,3,,,,,,,,
,,,,,48968,3.0,3,,,,,,,,
,,,,,48973,5.0,5,,,,,,,,
,,,,,48976,3.0,3,,,,,,,,
,,,,,48979,3.0,3,,,,,,,,
,,,,,48982,3.0,3,,,,,,,,
,,,,,48985,3.0,3,,,,,,,,
,,,,,48988,3.0,3,,,,,,,,
,,,,,48991,3.0,3,,,,,,,,
,,,,,48994,3.0,3,,,,,,,,
,,,,,48997,3.0,3,,,,,,,,
,,,,,49000,3.0,3,,,,,,,,
,,,,,49000,,,0.18911054730415344,-1.8911054134368896,0.09755144268274307,1.885341763496399,1.9374620914459229,0.0003,0.0003,0.1
,,,,,49006,6.0,6,,,,,,,,
,,,,,49009,3.0,3,,,,,,,,
,,,,,49012,3.0,3,,,,,,,,
,,,,,49015,3.0,3,,,,,,,,
,,,,,49018,3.0,3,,,,,,,,
,,,,,49021,3.0,3,,,,,,,,
,,,,,49024,3.0,3,,,,,,,,
,,,,,49028,4.0,4,,,,,,,,
,,,,,49032,4.0,4,,,,,,,,
,,,,,49035,3.0,3,,,,,,,,
,,,,,49040,5.0,5,,,,,,,,
,,,,,49043,3.0,3,,,,,,,,
,,,,,49046,3.0,3,,,,,,,,
,,,,,49049,3.0,3,,,,,,,,
,,,,,49052,3.0,3,,,,,,,,
,,,,,49056,4.0,4,,,,,,,,
,,,,,49059,3.0,3,,,,,,,,
,,,,,49062,3.0,3,,,,,,,,
,,,,,49065,3.0,3,,,,,,,,
,,,,,49068,3.0,3,,,,,,,,
,,,,,49073,5.0,5,,,,,,,,
,,,,,49076,3.0,3,,,,,,,,
,,,,,49079,3.0,3,,,,,,,,
,,,,,49082,3.0,3,,,,,,,,
,,,,,49086,4.0,4,,,,,,,,
,,,,,49089,3.0,3,,,,,,,,
,,,,,49093,4.0,4,,,,,,,,
,,,,,49101,8.0,8,,,,,,,,
,,,,,49104,3.0,3,,,,,,,,
,,,,,49107,3.0,3,,,,,,,,
,,,,,49110,3.0,3,,,,,,,,
,,,,,49113,3.0,3,,,,,,,,
,,,,,49116,3.0,3,,,,,,,,
,,,,,49119,3.0,3,,,,,,,,
,,,,,49122,3.0,3,,,,,,,,
,,,,,49125,3.0,3,,,,,,,,
,,,,,49128,3.0,3,,,,,,,,
,,,,,49132,4.0,4,,,,,,,,
,,,,,49135,3.0,3,,,,,,,,
,,,,,49138,3.0,3,,,,,,,,
,,,,,49141,3.0,3,,,,,,,,
,,,,,49144,3.0,3,,,,,,,,
,,,,,49147,3.0,3,,,,,,,,
,,,,,49150,3.0,3,,,,,,,,
,,,,,49153,3.0,3,,,,,,,,
,,,,,49156,3.0,3,,,,,,,,
,,,,,49159,3.0,3,,,,,,,,
,,,,,49162,3.0,3,,,,,,,,
,,,,,49165,3.0,3,,,,,,,,
,,,,,49168,3.0,3,,,,,,,,
,,,,,49172,4.0,4,,,,,,,,
,,,,,49175,3.0,3,,,,,,,,
,,,,,49179,4.0,4,,,,,,,,
,,,,,49183,4.0,4,,,,,,,,
,,,,,49187,4.0,4,,,,,,,,
,,,,,49190,3.0,3,,,,,,,,
,,,,,49193,3.0,3,,,,,,,,
,,,,,49196,3.0,3,,,,,,,,
,,,,,49199,3.0,3,,,,,,,,
,,,,,49202,3.0,3,,,,,,,,
,,,,,49205,3.0,3,,,,,,,,
,,,,,49208,3.0,3,,,,,,,,
,,,,,49211,3.0,3,,,,,,,,
,,,,,49214,3.0,3,,,,,,,,
,,,,,49218,4.0,4,,,,,,,,
,,,,,49221,3.0,3,,,,,,,,
,,,,,49224,3.0,3,,,,,,,,
,,,,,49227,3.0,3,,,,,,,,
,,,,,49230,3.0,3,,,,,,,,
,,,,,49233,3.0,3,,,,,,,,
,,,,,49236,3.0,3,,,,,,,,
,,,,,49239,3.0,3,,,,,,,,
,,,,,49243,4.0,4,,,,,,,,
,,,,,49246,3.0,3,,,,,,,,
,,,,,49249,3.0,3,,,,,,,,
,,,,,49252,3.0,3,,,,,,,,
,,,,,49255,3.0,3,,,,,,,,
,,,,,49258,3.0,3,,,,,,,,
,,,,,49261,3.0,3,,,,,,,,
,,,,,49264,3.0,3,,,,,,,,
,,,,,49267,3.0,3,,,,,,,,
,,,,,49270,3.0,3,,,,,,,,
,,,,,49273,3.0,3,,,,,,,,
,,,,,49276,3.0,3,,,,,,,,
,,,,,49280,4.0,4,,,,,,,,
,,,,,49284,4.0,4,,,,,,,,
,,,,,49287,3.0,3,,,,,,,,
,,,,,49290,3.0,3,,,,,,,,
,,,,,49295,5.0,5,,,,,,,,
,,,,,49300,5.0,5,,,,,,,,
,,,,,49303,3.0,3,,,,,,,,
,,,,,49308,5.0,5,,,,,,,,
,,,,,49311,3.0,3,,,,,,,,
,,,,,49314,3.0,3,,,,,,,,
,,,,,49317,3.0,3,,,,,,,,
,,,,,49320,3.0,3,,,,,,,,
,,,,,49323,3.0,3,,,,,,,,
,,,,,49332,9.0,9,,,,,,,,
,,,,,49335,3.0,3,,,,,,,,
,,,,,49340,5.0,5,,,,,,,,
,,,,,49345,5.0,5,,,,,,,,
,,,,,49348,3.0,3,,,,,,,,
,,,,,49351,3.0,3,,,,,,,,
,,,,,49356,5.0,5,,,,,,,,
,,,,,49359,3.0,3,,,,,,,,
,,,,,49362,3.0,3,,,,,,,,
,,,,,49365,3.0,3,,,,,,,,
,,,,,49368,3.0,3,,,,,,,,
,,,,,49372,4.0,4,,,,,,,,
,,,,,49375,3.0,3,,,,,,,,
,,,,,49379,4.0,4,,,,,,,,
,,,,,49382,3.0,3,,,,,,,,
,,,,,49385,3.0,3,,,,,,,,
,,,,,49389,4.0,4,,,,,,,,
,,,,,49392,3.0,3,,,,,,,,
,,,,,49395,3.0,3,,,,,,,,
,,,,,49398,3.0,3,,,,,,,,
,,,,,49401,3.0,3,,,,,,,,
,,,,,49405,4.0,4,,,,,,,,
,,,,,49408,3.0,3,,,,,,,,
,,,,,49412,4.0,4,,,,,,,,
,,,,,49415,3.0,3,,,,,,,,
,,,,,49418,3.0,3,,,,,,,,
,,,,,49421,3.0,3,,,,,,,,
,,,,,49426,5.0,5,,,,,,,,
,,,,,49431,5.0,5,,,,,,,,
,,,,,49435,4.0,4,,,,,,,,
,,,,,49438,3.0,3,,,,,,,,
,,,,,49441,3.0,3,,,,,,,,
,,,,,49444,3.0,3,,,,,,,,
,,,,,49447,3.0,3,,,,,,,,
,,,,,49451,4.0,4,,,,,,,,
,,,,,49454,3.0,3,,,,,,,,
,,,,,49457,3.0,3,,,,,,,,
,,,,,49460,3.0,3,,,,,,,,
,,,,,49463,3.0,3,,,,,,,,
,,,,,49466,3.0,3,,,,,,,,
,,,,,49469,3.0,3,,,,,,,,
,,,,,49472,3.0,3,,,,,,,,
,,,,,49475,3.0,3,,,,,,,,
,,,,,49479,4.0,4,,,,,,,,
,,,,,49483,4.0,4,,,,,,,,
,,,,,49486,3.0,3,,,,,,,,
,,,,,49489,3.0,3,,,,,,,,
,,,,,49492,3.0,3,,,,,,,,
,,,,,49497,5.0,5,,,,,,,,
,,,,,49501,4.0,4,,,,,,,,
,,,,,49504,3.0,3,,,,,,,,
,,,,,49507,3.0,3,,,,,,,,
,,,,,49511,4.0,4,,,,,,,,
,,,,,49514,3.0,3,,,,,,,,
,,,,,49518,4.0,4,,,,,,,,
,,,,,49522,4.0,4,,,,,,,,
,,,,,49525,3.0,3,,,,,,,,
,,,,,49528,3.0,3,,,,,,,,
,,,,,49531,3.0,3,,,,,,,,
,,,,,49534,3.0,3,,,,,,,,
,,,,,49538,4.0,4,,,,,,,,
,,,,,49542,4.0,4,,,,,,,,
,,,,,49545,3.0,3,,,,,,,,
,,,,,49548,3.0,3,,,,,,,,
,,,,,49551,3.0,3,,,,,,,,
,,,,,49554,3.0,3,,,,,,,,
,,,,,49557,3.0,3,,,,,,,,
,,,,,49561,4.0,4,,,,,,,,
,,,,,49564,3.0,3,,,,,,,,
,,,,,49567,3.0,3,,,,,,,,
,,,,,49570,3.0,3,,,,,,,,
,,,,,49574,4.0,4,,,,,,,,
,,,,,49577,3.0,3,,,,,,,,
,,,,,49580,3.0,3,,,,,,,,
,,,,,49583,3.0,3,,,,,,,,
,,,,,49586,3.0,3,,,,,,,,
,,,,,49589,3.0,3,,,,,,,,
,,,,,49592,3.0,3,,,,,,,,
,,,,,49595,3.0,3,,,,,,,,
,,,,,49598,3.0,3,,,,,,,,
,,,,,49602,4.0,4,,,,,,,,
,,,,,49606,4.0,4,,,,,,,,
,,,,,49611,5.0,5,,,,,,,,
,,,,,49614,3.0,3,,,,,,,,
,,,,,49617,3.0,3,,,,,,,,
,,,,,49620,3.0,3,,,,,,,,
,,,,,49623,3.0,3,,,,,,,,
,,,,,49626,3.0,3,,,,,,,,
,,,,,49630,4.0,4,,,,,,,,
,,,,,49633,3.0,3,,,,,,,,
,,,,,49637,4.0,4,,,,,,,,
,,,,,49640,3.0,3,,,,,,,,
,,,,,49643,3.0,3,,,,,,,,
,,,,,49646,3.0,3,,,,,,,,
,,,,,49649,3.0,3,,,,,,,,
,,,,,49652,3.0,3,,,,,,,,
,,,,,49655,3.0,3,,,,,,,,
,,,,,49659,4.0,4,,,,,,,,
,,,,,49662,3.0,3,,,,,,,,
,,,,,49665,3.0,3,,,,,,,,
,,,,,49668,3.0,3,,,,,,,,
,,,,,49671,3.0,3,,,,,,,,
,,,,,49678,7.0,7,,,,,,,,
,,,,,49683,5.0,5,,,,,,,,
,,,,,49686,3.0,3,,,,,,,,
,,,,,49689,3.0,3,,,,,,,,
,,,,,49692,3.0,3,,,,,,,,
,,,,,49695,3.0,3,,,,,,,,
,,,,,49698,3.0,3,,,,,,,,
,,,,,49701,3.0,3,,,,,,,,
,,,,,49706,5.0,5,,,,,,,,
,,,,,49709,3.0,3,,,,,,,,
,,,,,49712,3.0,3,,,,,,,,
,,,,,49715,3.0,3,,,,,,,,
,,,,,49718,3.0,3,,,,,,,,
,,,,,49721,3.0,3,,,,,,,,
,,,,,49725,4.0,4,,,,,,,,
,,,,,49729,4.0,4,,,,,,,,
,,,,,49732,3.0,3,,,,,,,,
,,,,,49735,3.0,3,,,,,,,,
,,,,,49738,3.0,3,,,,,,,,
,,,,,49741,3.0,3,,,,,,,,
,,,,,49747,6.0,6,,,,,,,,
,,,,,49750,3.0,3,,,,,,,,
,,,,,49753,3.0,3,,,,,,,,
,,,,,49756,3.0,3,,,,,,,,
,,,,,49759,3.0,3,,,,,,,,
,,,,,49763,4.0,4,,,,,,,,
,,,,,49766,3.0,3,,,,,,,,
,,,,,49769,3.0,3,,,,,,,,
,,,,,49772,3.0,3,,,,,,,,
,,,,,49776,4.0,4,,,,,,,,
,,,,,49779,3.0,3,,,,,,,,
,,,,,49782,3.0,3,,,,,,,,
,,,,,49785,3.0,3,,,,,,,,
,,,,,49788,3.0,3,,,,,,,,
,,,,,49791,3.0,3,,,,,,,,
,,,,,49794,3.0,3,,,,,,,,
,,,,,49797,3.0,3,,,,,,,,
,,,,,49800,3.0,3,,,,,,,,
,,,,,49803,3.0,3,,,,,,,,
,,,,,49806,3.0,3,,,,,,,,
,,,,,49809,3.0,3,,,,,,,,
,,,,,49813,4.0,4,,,,,,,,
,,,,,49816,3.0,3,,,,,,,,
,,,,,49819,3.0,3,,,,,,,,
,,,,,49823,4.0,4,,,,,,,,
,,,,,49826,3.0,3,,,,,,,,
,,,,,49829,3.0,3,,,,,,,,
,,,,,49832,3.0,3,,,,,,,,
,,,,,49835,3.0,3,,,,,,,,
,,,,,49838,3.0,3,,,,,,,,
,,,,,49842,4.0,4,,,,,,,,
,,,,,49845,3.0,3,,,,,,,,
,,,,,49848,3.0,3,,,,,,,,
,,,,,49851,3.0,3,,,,,,,,
,,,,,49854,3.0,3,,,,,,,,
,,,,,49857,3.0,3,,,,,,,,
,,,,,49860,3.0,3,,,,,,,,
,,,,,49863,3.0,3,,,,,,,,
,,,,,49866,3.0,3,,,,,,,,
,,,,,49869,3.0,3,,,,,,,,
,,,,,49873,4.0,4,,,,,,,,
,,,,,49876,3.0,3,,,,,,,,
,,,,,49879,3.0,3,,,,,,,,
,,,,,49883,4.0,4,,,,,,,,
,,,,,49886,3.0,3,,,,,,,,
,,,,,49890,4.0,4,,,,,,,,
,,,,,49893,3.0,3,,,,,,,,
,,,,,49897,4.0,4,,,,,,,,
,,,,,49903,6.0,6,,,,,,,,
,,,,,49906,3.0,3,,,,,,,,
,,,,,49909,3.0,3,,,,,,,,
,,,,,49912,3.0,3,,,,,,,,
,,,,,49915,3.0,3,,,,,,,,
,,,,,49918,3.0,3,,,,,,,,
,,,,,49924,6.0,6,,,,,,,,
,,,,,49929,5.0,5,,,,,,,,
,,,,,49932,3.0,3,,,,,,,,
,,,,,49935,3.0,3,,,,,,,,
,,,,,49938,3.0,3,,,,,,,,
,,,,,49941,3.0,3,,,,,,,,
,,,,,49945,4.0,4,,,,,,,,
,,,,,49950,5.0,5,,,,,,,,
,,,,,49953,3.0,3,,,,,,,,
,,,,,49956,3.0,3,,,,,,,,
,,,,,49959,3.0,3,,,,,,,,
,,,,,49962,3.0,3,,,,,,,,
,,,,,49966,4.0,4,,,,,,,,
,,,,,49969,3.0,3,,,,,,,,
,,,,,49972,3.0,3,,,,,,,,
,,,,,49976,4.0,4,,,,,,,,
,,,,,49979,3.0,3,,,,,,,,
,,,,,49982,3.0,3,,,,,,,,
,,,,,49985,3.0,3,,,,,,,,
,,,,,49988,3.0,3,,,,,,,,
,,,,,49991,3.0,3,,,,,,,,
,,,,,49994,3.0,3,,,,,,,,
,,,,,49997,3.0,3,,,,,,,,
