Eval_AverageReturn,Eval_StdReturn,Eval_MaxReturn,Eval_MinReturn,Eval_AverageEpLen,step,Train_EpisodeReturn,Train_EpisodeLen,actor_loss,entropy,critic_loss,q_values,target_values,actor_lr,critic_lr,temperature
16.68118,6.9354687,30.518812,7.209612,18.8,0,,,,,,,,,,
,,,,,11,8.782521,12,,,,,,,,
,,,,,21,6.7512584,10,,,,,,,,
,,,,,42,22.524832,21,,,,,,,,
,,,,,63,22.911617,21,,,,,,,,
,,,,,86,17.532799,23,,,,,,,,
,,,,,111,13.110384,25,,,,,,,,
,,,,,128,12.981853,17,,,,,,,,
,,,,,158,28.084457,30,,,,,,,,
,,,,,169,9.022103,11,,,,,,,,
,,,,,187,15.512313,18,,,,,,,,
,,,,,216,34.187004,29,,,,,,,,
,,,,,248,26.460934,32,,,,,,,,
,,,,,266,18.116701,18,,,,,,,,
,,,,,277,8.490129,11,,,,,,,,
,,,,,288,7.771879,11,,,,,,,,
,,,,,298,6.8333926,10,,,,,,,,
,,,,,308,7.3153963,10,,,,,,,,
,,,,,332,18.048141,24,,,,,,,,
,,,,,349,17.094099,17,,,,,,,,
,,,,,364,11.029524,15,,,,,,,,
,,,,,377,11.557882,13,,,,,,,,
,,,,,392,13.568327,15,,,,,,,,
,,,,,406,10.675972,14,,,,,,,,
,,,,,415,7.389848,9,,,,,,,,
,,,,,442,11.087319,27,,,,,,,,
,,,,,455,10.717225,13,,,,,,,,
,,,,,482,16.553389,27,,,,,,,,
,,,,,515,31.372898,33,,,,,,,,
,,,,,526,8.508314,11,,,,,,,,
,,,,,541,11.316653,15,,,,,,,,
,,,,,559,15.049399,18,,,,,,,,
,,,,,583,9.561017,24,,,,,,,,
,,,,,594,6.247746,11,,,,,,,,
,,,,,619,21.795403,25,,,,,,,,
,,,,,642,16.198473,23,,,,,,,,
,,,,,654,10.782102,12,,,,,,,,
,,,,,689,27.594131,35,,,,,,,,
,,,,,700,7.7303605,11,,,,,,,,
,,,,,713,10.971386,13,,,,,,,,
,,,,,748,38.233223,35,,,,,,,,
,,,,,761,7.3979597,13,,,,,,,,
,,,,,800,39.327908,39,,,,,,,,
,,,,,836,15.6867485,36,,,,,,,,
,,,,,856,17.413532,20,,,,,,,,
,,,,,867,8.184828,11,,,,,,,,
,,,,,880,11.227755,13,,,,,,,,
,,,,,921,57.849747,41,,,,,,,,
,,,,,953,12.605454,32,,,,,,,,
,,,,,964,9.733026,11,,,,,,,,
,,,,,989,27.502888,25,,,,,,,,
,,,,,1015,30.939592,26,,,,,,,,
,,,,,1028,10.2163105,13,,,,,,,,
,,,,,1042,6.8623953,14,,,,,,,,
,,,,,1083,63.00789,41,,,,,,,,
,,,,,1094,8.973339,11,,,,,,,,
,,,,,1134,29.441793,40,,,,,,,,
,,,,,1179,37.743248,45,,,,,,,,
,,,,,1191,8.201513,12,,,,,,,,
,,,,,1201,8.094088,10,,,,,,,,
,,,,,1225,23.745466,24,,,,,,,,
,,,,,1246,25.379637,21,,,,,,,,
,,,,,1259,7.435691,13,,,,,,,,
,,,,,1271,8.1630335,12,,,,,,,,
,,,,,1287,9.818879,16,,,,,,,,
,,,,,1303,12.455437,16,,,,,,,,
,,,,,1336,12.275226,33,,,,,,,,
,,,,,1345,7.4572253,9,,,,,,,,
,,,,,1369,12.625789,24,,,,,,,,
,,,,,1437,117.02176,68,,,,,,,,
,,,,,1453,11.696522,16,,,,,,,,
,,,,,1473,20.02665,20,,,,,,,,
,,,,,1496,10.97869,23,,,,,,,,
,,,,,1514,8.836341,18,,,,,,,,
,,,,,1558,38.235756,44,,,,,,,,
,,,,,1584,19.274836,26,,,,,,,,
,,,,,1602,11.154553,18,,,,,,,,
,,,,,1620,12.761894,18,,,,,,,,
,,,,,1631,9.627387,11,,,,,,,,
,,,,,1646,9.29461,15,,,,,,,,
,,,,,1660,11.906536,14,,,,,,,,
,,,,,1676,14.094584,16,,,,,,,,
,,,,,1694,11.206097,18,,,,,,,,
,,,,,1707,10.096297,13,,,,,,,,
,,,,,1727,15.129317,20,,,,,,,,
,,,,,1740,11.492297,13,,,,,,,,
,,,,,1751,9.361592,11,,,,,,,,
,,,,,1766,10.947142,15,,,,,,,,
,,,,,1789,15.683491,23,,,,,,,,
,,,,,1820,18.475721,31,,,,,,,,
,,,,,1846,21.281878,26,,,,,,,,
,,,,,1858,7.4454145,12,,,,,,,,
,,,,,1878,21.960848,20,,,,,,,,
,,,,,1907,20.974043,29,,,,,,,,
,,,,,1923,10.096075,16,,,,,,,,
,,,,,1948,13.988917,25,,,,,,,,
,,,,,1989,25.298521,41,,,,,,,,
,,,,,2016,20.73264,27,,,,,,,,
,,,,,2036,12.353884,20,,,,,,,,
,,,,,2056,17.54499,20,,,,,,,,
,,,,,2097,22.293673,41,,,,,,,,
,,,,,2109,9.752361,12,,,,,,,,
,,,,,2131,25.8855,22,,,,,,,,
,,,,,2148,13.511347,17,,,,,,,,
,,,,,2166,13.558795,18,,,,,,,,
,,,,,2178,7.9635086,12,,,,,,,,
,,,,,2198,10.158604,20,,,,,,,,
,,,,,2222,26.874752,24,,,,,,,,
,,,,,2257,21.034025,35,,,,,,,,
,,,,,2277,13.142043,20,,,,,,,,
,,,,,2328,83.84162,51,,,,,,,,
,,,,,2349,13.603761,21,,,,,,,,
,,,,,2366,13.007309,17,,,,,,,,
,,,,,2387,22.319016,21,,,,,,,,
,,,,,2407,19.133873,20,,,,,,,,
,,,,,2422,14.625481,15,,,,,,,,
,,,,,2434,9.8737135,12,,,,,,,,
,,,,,2448,9.465995,14,,,,,,,,
,,,,,2459,9.084552,11,,,,,,,,
,,,,,2470,8.055382,11,,,,,,,,
,,,,,2500,12.728843,30,,,,,,,,
,,,,,2512,8.685162,12,,,,,,,,
,,,,,2525,11.169021,13,,,,,,,,
,,,,,2539,10.358057,14,,,,,,,,
,,,,,2547,5.3026304,8,,,,,,,,
,,,,,2581,21.512526,34,,,,,,,,
,,,,,2603,12.571641,22,,,,,,,,
,,,,,2618,13.630157,15,,,,,,,,
,,,,,2654,44.582077,36,,,,,,,,
,,,,,2676,23.597282,22,,,,,,,,
,,,,,2705,6.4741797,29,,,,,,,,
,,,,,2727,20.938143,22,,,,,,,,
,,,,,2748,20.57631,21,,,,,,,,
,,,,,2768,18.645699,20,,,,,,,,
,,,,,2796,15.04286,28,,,,,,,,
,,,,,2815,11.869572,19,,,,,,,,
,,,,,2848,38.985092,33,,,,,,,,
,,,,,2878,17.750696,30,,,,,,,,
,,,,,2909,36.23968,31,,,,,,,,
,,,,,2919,9.1527815,10,,,,,,,,
,,,,,2934,9.014651,15,,,,,,,,
,,,,,2957,9.121351,23,,,,,,,,
,,,,,3001,62.592922,44,,,,,,,,
,,,,,3038,15.44821,37,,,,,,,,
,,,,,3050,4.842933,12,,,,,,,,
,,,,,3062,10.84808,12,,,,,,,,
,,,,,3082,17.722317,20,,,,,,,,
,,,,,3101,16.429718,19,,,,,,,,
,,,,,3112,6.2776814,11,,,,,,,,
,,,,,3129,12.174411,17,,,,,,,,
,,,,,3233,102.02409,104,,,,,,,,
,,,,,3279,31.1218,46,,,,,,,,
,,,,,3317,18.239443,38,,,,,,,,
,,,,,3326,5.680877,9,,,,,,,,
,,,,,3353,26.906881,27,,,,,,,,
,,,,,3408,88.313286,55,,,,,,,,
,,,,,3418,7.1314464,10,,,,,,,,
,,,,,3462,18.427546,44,,,,,,,,
,,,,,3477,11.110046,15,,,,,,,,
,,,,,3506,12.207529,29,,,,,,,,
,,,,,3532,12.474699,26,,,,,,,,
,,,,,3549,11.285137,17,,,,,,,,
,,,,,3570,11.336008,21,,,,,,,,
,,,,,3580,4.9044847,10,,,,,,,,
,,,,,3592,9.659499,12,,,,,,,,
,,,,,3605,8.182305,13,,,,,,,,
,,,,,3646,29.98589,41,,,,,,,,
,,,,,3662,16.442308,16,,,,,,,,
,,,,,3679,10.171136,17,,,,,,,,
,,,,,3691,10.6376915,12,,,,,,,,
,,,,,3737,21.283554,46,,,,,,,,
,,,,,3761,17.038439,24,,,,,,,,
,,,,,3788,17.151772,27,,,,,,,,
,,,,,3802,12.2114935,14,,,,,,,,
,,,,,3824,22.535936,22,,,,,,,,
,,,,,3841,11.876595,17,,,,,,,,
,,,,,3855,12.033896,14,,,,,,,,
,,,,,3876,11.216226,21,,,,,,,,
,,,,,3891,12.055228,15,,,,,,,,
,,,,,3906,9.870123,15,,,,,,,,
,,,,,3919,5.902594,13,,,,,,,,
,,,,,3928,5.008579,9,,,,,,,,
,,,,,3962,33.84604,34,,,,,,,,
,,,,,3972,7.544274,10,,,,,,,,
,,,,,3989,14.361366,17,,,,,,,,
,,,,,4004,15.89205,15,,,,,,,,
,,,,,4016,8.865114,12,,,,,,,,
,,,,,4044,10.676719,28,,,,,,,,
,,,,,4056,10.241374,12,,,,,,,,
,,,,,4090,13.89696,34,,,,,,,,
,,,,,4107,10.404677,17,,,,,,,,
,,,,,4136,24.576092,29,,,,,,,,
,,,,,4167,18.43266,31,,,,,,,,
,,,,,4188,24.215372,21,,,,,,,,
,,,,,4218,21.047867,30,,,,,,,,
,,,,,4263,58.99069,45,,,,,,,,
,,,,,4277,12.175604,14,,,,,,,,
,,,,,4300,24.075853,23,,,,,,,,
,,,,,4329,33.957157,29,,,,,,,,
,,,,,4346,10.457191,17,,,,,,,,
,,,,,4357,5.7083316,11,,,,,,,,
,,,,,4366,6.704618,9,,,,,,,,
,,,,,4386,19.36163,20,,,,,,,,
,,,,,4399,10.750037,13,,,,,,,,
,,,,,4418,16.804136,19,,,,,,,,
,,,,,4436,9.779551,18,,,,,,,,
,,,,,4457,10.531446,21,,,,,,,,
,,,,,4480,25.70568,23,,,,,,,,
,,,,,4499,18.284569,19,,,,,,,,
,,,,,4511,9.739952,12,,,,,,,,
,,,,,4521,8.163224,10,,,,,,,,
,,,,,4533,6.872952,12,,,,,,,,
,,,,,4564,16.724733,31,,,,,,,,
,,,,,4577,11.447949,13,,,,,,,,
,,,,,4591,12.2843,14,,,,,,,,
,,,,,4616,10.025892,25,,,,,,,,
,,,,,4639,15.549267,23,,,,,,,,
,,,,,4659,10.441041,20,,,,,,,,
,,,,,4675,6.949327,16,,,,,,,,
,,,,,4685,6.1338086,10,,,,,,,,
,,,,,4699,10.547973,14,,,,,,,,
,,,,,4712,4.5713973,13,,,,,,,,
,,,,,4730,15.290934,18,,,,,,,,
,,,,,4781,87.24174,51,,,,,,,,
,,,,,4806,30.234661,25,,,,,,,,
,,,,,4825,10.327145,19,,,,,,,,
,,,,,4843,17.882133,18,,,,,,,,
,,,,,4858,7.841722,15,,,,,,,,
,,,,,4892,32.31237,34,,,,,,,,
,,,,,4909,15.083771,17,,,,,,,,
,,,,,4921,8.745387,12,,,,,,,,
,,,,,4970,65.67712,49,,,,,,,,
,,,,,4993,11.355465,23,,,,,,,,
18.744562,8.818668,38.927284,10.435075,22.7,5000,,,,,,,,,,
,,,,,5003,7.747795,10,,,,,,,,
,,,,,5033,14.367098,30,,,,,,,,
,,,,,5056,25.329725,23,,,,,,,,
,,,,,5066,7.507787,10,,,,,,,,
,,,,,5079,11.509625,13,,,,,,,,
,,,,,5103,15.380416,24,,,,,,,,
,,,,,5125,16.778545,22,,,,,,,,
,,,,,5160,23.553673,35,,,,,,,,
,,,,,5180,15.103753,20,,,,,,,,
,,,,,5217,11.687933,37,,,,,,,,
,,,,,5238,14.312088,21,,,,,,,,
,,,,,5256,10.44418,18,,,,,,,,
,,,,,5274,16.61949,18,,,,,,,,
,,,,,5295,19.016884,21,,,,,,,,
,,,,,5316,6.2912765,21,,,,,,,,
,,,,,5333,15.105269,17,,,,,,,,
,,,,,5345,9.489998,12,,,,,,,,
,,,,,5358,10.010267,13,,,,,,,,
,,,,,5399,29.293924,41,,,,,,,,
,,,,,5435,38.76607,36,,,,,,,,
,,,,,5454,19.06649,19,,,,,,,,
,,,,,5493,39.752552,39,,,,,,,,
,,,,,5509,16.806623,16,,,,,,,,
,,,,,5546,43.9867,37,,,,,,,,
,,,,,5564,17.906496,18,,,,,,,,
,,,,,5586,10.783843,22,,,,,,,,
,,,,,5603,15.109011,17,,,,,,,,
,,,,,5618,12.339351,15,,,,,,,,
,,,,,5631,11.380058,13,,,,,,,,
,,,,,5650,18.000528,19,,,,,,,,
,,,,,5665,11.132653,15,,,,,,,,
,,,,,5682,14.830323,17,,,,,,,,
,,,,,5697,13.968224,15,,,,,,,,
,,,,,5707,8.5986395,10,,,,,,,,
,,,,,5724,15.296921,17,,,,,,,,
,,,,,5754,37.209175,30,,,,,,,,
,,,,,5786,32.63642,32,,,,,,,,
,,,,,5810,11.534986,24,,,,,,,,
,,,,,5825,11.580677,15,,,,,,,,
,,,,,5842,13.158632,17,,,,,,,,
,,,,,5864,22.584776,22,,,,,,,,
,,,,,5883,20.763746,19,,,,,,,,
,,,,,5905,16.730467,22,,,,,,,,
,,,,,5930,32.251663,25,,,,,,,,
,,,,,5951,23.640097,21,,,,,,,,
,,,,,5980,21.769861,29,,,,,,,,
,,,,,6033,68.644394,53,,,,,,,,
,,,,,6049,13.560528,16,,,,,,,,
,,,,,6064,15.239132,15,,,,,,,,
,,,,,6096,20.355108,32,,,,,,,,
,,,,,6114,18.386047,18,,,,,,,,
,,,,,6142,15.855788,28,,,,,,,,
,,,,,6197,66.845245,55,,,,,,,,
,,,,,6213,10.734003,16,,,,,,,,
,,,,,6243,22.376755,30,,,,,,,,
,,,,,6362,172.0125,119,,,,,,,,
,,,,,6392,9.981139,30,,,,,,,,
,,,,,6422,35.82846,30,,,,,,,,
,,,,,6471,83.38911,49,,,,,,,,
,,,,,6496,29.912098,25,,,,,,,,
,,,,,6511,10.587037,15,,,,,,,,
,,,,,6548,46.813454,37,,,,,,,,
,,,,,6560,10.345466,12,,,,,,,,
,,,,,6599,36.857933,39,,,,,,,,
,,,,,6633,25.954775,34,,,,,,,,
,,,,,6690,64.32252,57,,,,,,,,
,,,,,6714,31.74455,24,,,,,,,,
,,,,,6746,35.365456,32,,,,,,,,
,,,,,6759,12.2903,13,,,,,,,,
,,,,,6774,12.573579,15,,,,,,,,
,,,,,6784,8.269627,10,,,,,,,,
,,,,,6795,8.882393,11,,,,,,,,
,,,,,6850,89.66674,55,,,,,,,,
,,,,,6862,8.684194,12,,,,,,,,
,,,,,6884,18.71301,22,,,,,,,,
,,,,,6898,13.26068,14,,,,,,,,
,,,,,6921,14.058394,23,,,,,,,,
,,,,,6936,16.298195,15,,,,,,,,
,,,,,6955,15.224402,19,,,,,,,,
,,,,,6968,14.008238,13,,,,,,,,
,,,,,6992,19.176743,24,,,,,,,,
,,,,,7023,17.360699,31,,,,,,,,
,,,,,7037,13.833458,14,,,,,,,,
,,,,,7053,10.115368,16,,,,,,,,
,,,,,7083,16.342348,30,,,,,,,,
,,,,,7105,20.360996,22,,,,,,,,
,,,,,7131,32.55644,26,,,,,,,,
,,,,,7140,5.6469307,9,,,,,,,,
,,,,,7160,14.519213,20,,,,,,,,
,,,,,7209,49.66232,49,,,,,,,,
,,,,,7301,188.09631,92,,,,,,,,
,,,,,7328,29.433733,27,,,,,,,,
,,,,,7354,25.632011,26,,,,,,,,
,,,,,7389,15.689598,35,,,,,,,,
,,,,,7400,9.002707,11,,,,,,,,
,,,,,7414,11.747249,14,,,,,,,,
,,,,,7429,8.958695,15,,,,,,,,
,,,,,7467,46.22849,38,,,,,,,,
,,,,,7496,16.899883,29,,,,,,,,
,,,,,7522,12.475728,26,,,,,,,,
,,,,,7539,16.352835,17,,,,,,,,
,,,,,7598,104.621765,59,,,,,,,,
,,,,,7632,34.574974,34,,,,,,,,
,,,,,7648,15.4252405,16,,,,,,,,
,,,,,7658,7.336917,10,,,,,,,,
,,,,,7676,16.16647,18,,,,,,,,
,,,,,7689,9.9927225,13,,,,,,,,
,,,,,7704,13.0183525,15,,,,,,,,
,,,,,7721,16.6258,17,,,,,,,,
,,,,,7747,14.491438,26,,,,,,,,
,,,,,7789,40.904186,42,,,,,,,,
,,,,,7841,60.64167,52,,,,,,,,
,,,,,7889,34.14083,48,,,,,,,,
,,,,,7901,9.9755,12,,,,,,,,
,,,,,7961,60.870216,60,,,,,,,,
,,,,,7983,12.107291,22,,,,,,,,
,,,,,8054,89.797195,71,,,,,,,,
,,,,,8079,20.710638,25,,,,,,,,
,,,,,8099,13.574545,20,,,,,,,,
,,,,,8127,22.42397,28,,,,,,,,
,,,,,8155,18.057962,28,,,,,,,,
,,,,,8165,7.4159575,10,,,,,,,,
,,,,,8195,30.080053,30,,,,,,,,
,,,,,8217,15.307609,22,,,,,,,,
,,,,,8233,14.16054,16,,,,,,,,
,,,,,8244,9.4747505,11,,,,,,,,
,,,,,8262,18.962158,18,,,,,,,,
,,,,,8275,9.044866,13,,,,,,,,
,,,,,8307,44.581284,32,,,,,,,,
,,,,,8324,16.95454,17,,,,,,,,
,,,,,8346,25.854948,22,,,,,,,,
,,,,,8361,13.802868,15,,,,,,,,
,,,,,8371,8.256554,10,,,,,,,,
,,,,,8387,17.006615,16,,,,,,,,
,,,,,8409,23.267204,22,,,,,,,,
,,,,,8426,16.422783,17,,,,,,,,
,,,,,8440,12.131823,14,,,,,,,,
,,,,,8497,68.59226,57,,,,,,,,
,,,,,8522,20.156355,25,,,,,,,,
,,,,,8541,5.889812,19,,,,,,,,
,,,,,8557,12.036338,16,,,,,,,,
,,,,,8573,13.845816,16,,,,,,,,
,,,,,8587,11.647207,14,,,,,,,,
,,,,,8601,12.163096,14,,,,,,,,
,,,,,8613,9.477732,12,,,,,,,,
,,,,,8632,19.223528,19,,,,,,,,
,,,,,8667,40.89238,35,,,,,,,,
,,,,,8685,21.259075,18,,,,,,,,
,,,,,8703,17.835367,18,,,,,,,,
,,,,,8741,24.629192,38,,,,,,,,
,,,,,8757,8.521287,16,,,,,,,,
,,,,,8799,48.838814,42,,,,,,,,
,,,,,8814,10.729116,15,,,,,,,,
,,,,,8828,12.326866,14,,,,,,,,
,,,,,8859,36.82571,31,,,,,,,,
,,,,,8876,15.029742,17,,,,,,,,
,,,,,8952,124.999176,76,,,,,,,,
,,,,,8968,12.537779,16,,,,,,,,
,,,,,8996,11.2007,28,,,,,,,,
,,,,,9016,20.343578,20,,,,,,,,
,,,,,9035,10.77312,19,,,,,,,,
,,,,,9049,11.464974,14,,,,,,,,
,,,,,9065,11.769743,16,,,,,,,,
,,,,,9084,12.38103,19,,,,,,,,
,,,,,9106,12.989657,22,,,,,,,,
,,,,,9127,15.971984,21,,,,,,,,
,,,,,9160,25.82706,33,,,,,,,,
,,,,,9178,12.575531,18,,,,,,,,
,,,,,9194,9.7041445,16,,,,,,,,
,,,,,9229,54.287716,35,,,,,,,,
,,,,,9256,30.850225,27,,,,,,,,
,,,,,9271,13.357433,15,,,,,,,,
,,,,,9283,7.440745,12,,,,,,,,
,,,,,9297,13.013476,14,,,,,,,,
,,,,,9366,121.21619,69,,,,,,,,
,,,,,9394,26.785908,28,,,,,,,,
,,,,,9405,6.895613,11,,,,,,,,
,,,,,9416,10.015153,11,,,,,,,,
,,,,,9438,10.803483,22,,,,,,,,
,,,,,9459,12.774642,21,,,,,,,,
,,,,,9494,48.931053,35,,,,,,,,
,,,,,9513,9.150802,19,,,,,,,,
,,,,,9538,18.093472,25,,,,,,,,
,,,,,9550,9.4768095,12,,,,,,,,
,,,,,9582,17.520468,32,,,,,,,,
,,,,,9599,15.761815,17,,,,,,,,
,,,,,9612,9.753298,13,,,,,,,,
,,,,,9645,45.064022,33,,,,,,,,
,,,,,9664,7.5271435,19,,,,,,,,
,,,,,9688,15.70531,24,,,,,,,,
,,,,,9714,22.931557,26,,,,,,,,
,,,,,9731,16.749859,17,,,,,,,,
,,,,,9756,21.857037,25,,,,,,,,
,,,,,9826,104.533966,70,,,,,,,,
,,,,,9842,14.201219,16,,,,,,,,
,,,,,9857,14.081697,15,,,,,,,,
,,,,,9869,9.310674,12,,,,,,,,
,,,,,9886,12.738576,17,,,,,,,,
,,,,,9899,8.435375,13,,,,,,,,
,,,,,9924,15.011075,25,,,,,,,,
,,,,,9946,17.785467,22,,,,,,,,
,,,,,9959,10.617277,13,,,,,,,,
,,,,,9974,11.042982,15,,,,,,,,
,,,,,9994,21.44833,20,,,,,,,,
24.426125,16.447979,66.1824,11.367445,24.3,10000,,,-0.36067619919776917,1.986754298210144,1.0871508121490479,0.002021759282797575,0.9519524574279785,0.0003,0.0003,0.1
,,,,,10018,28.03107,24,,,,,,,,
,,,,,10078,108.59893,60,,,,,,,,
,,,,,10165,186.77303,87,,,,,,,,
,,,,,10223,105.75622,58,,,,,,,,
,,,,,10268,73.212845,45,,,,,,,,
,,,,,10316,82.8577,48,,,,,,,,
,,,,,10359,73.338234,43,,,,,,,,
,,,,,10402,74.034256,43,,,,,,,,
,,,,,10462,98.913315,60,,,,,,,,
,,,,,10507,75.99372,45,,,,,,,,
,,,,,10554,79.88482,47,,,,,,,,
,,,,,10592,61.694046,38,,,,,,,,
,,,,,10645,93.65222,53,,,,,,,,
,,,,,10680,58.645245,35,,,,,,,,
,,,,,10721,67.17418,41,,,,,,,,
,,,,,10752,50.78697,31,,,,,,,,
,,,,,10788,59.498985,36,,,,,,,,
,,,,,10823,57.431168,35,,,,,,,,
,,,,,10861,63.575127,38,,,,,,,,
,,,,,10893,53.615753,32,,,,,,,,
,,,,,10925,52.700947,32,,,,,,,,
,,,,,10964,66.37791,39,,,,,,,,
,,,,,10998,55.98229,34,,,,,,,,
,,,,,11000,,,-6.708119869232178,0.4393370747566223,0.4720912575721741,6.327975273132324,6.234230041503906,0.0003,0.0003,0.1
,,,,,11035,61.234818,37,,,,,,,,
,,,,,11075,66.38513,40,,,,,,,,
,,,,,11112,60.575665,37,,,,,,,,
,,,,,11157,77.44375,45,,,,,,,,
,,,,,11191,55.446476,34,,,,,,,,
,,,,,11231,68.83578,40,,,,,,,,
,,,,,11264,54.265236,33,,,,,,,,
,,,,,11333,139.21509,69,,,,,,,,
,,,,,11420,189.90608,87,,,,,,,,
,,,,,11501,177.76178,81,,,,,,,,
,,,,,11594,210.59016,93,,,,,,,,
,,,,,11687,209.60846,93,,,,,,,,
,,,,,11777,206.16193,90,,,,,,,,
,,,,,11867,201.90677,90,,,,,,,,
,,,,,11945,160.89957,78,,,,,,,,
,,,,,12000,,,-14.355618476867676,-1.2795140743255615,1.6634116172790527,13.01742935180664,13.21025276184082,0.0003,0.0003,0.1
,,,,,12036,205.10515,91,,,,,,,,
,,,,,12126,199.09483,90,,,,,,,,
,,,,,12215,199.40884,89,,,,,,,,
,,,,,12307,204.16461,92,,,,,,,,
,,,,,12401,206.67133,94,,,,,,,,
,,,,,12496,221.63495,95,,,,,,,,
,,,,,12587,198.94708,91,,,,,,,,
,,,,,12691,230.8179,104,,,,,,,,
,,,,,12779,191.72607,88,,,,,,,,
,,,,,12866,185.35112,87,,,,,,,,
,,,,,12955,194.48602,89,,,,,,,,
,,,,,13000,,,-24.183725357055664,-1.1534349918365479,1.3853999376296997,22.667823791503906,22.99858856201172,0.0003,0.0003,0.1
,,,,,13044,192.86037,89,,,,,,,,
,,,,,13139,208.61346,95,,,,,,,,
,,,,,13235,216.51204,96,,,,,,,,
,,,,,13336,227.91301,101,,,,,,,,
,,,,,13429,209.41222,93,,,,,,,,
,,,,,13520,197.32835,91,,,,,,,,
,,,,,13605,182.66805,85,,,,,,,,
,,,,,13699,205.22484,94,,,,,,,,
,,,,,13795,211.2481,96,,,,,,,,
,,,,,13885,184.6708,90,,,,,,,,
,,,,,13979,192.28712,94,,,,,,,,
,,,,,14000,,,-33.53014373779297,-1.1333681344985962,7.177005290985107,31.915157318115234,32.40758514404297,0.0003,0.0003,0.1
,,,,,14070,192.42487,91,,,,,,,,
,,,,,14163,200.02682,93,,,,,,,,
,,,,,14254,195.28789,91,,,,,,,,
,,,,,14343,187.21367,89,,,,,,,,
,,,,,14433,193.19974,90,,,,,,,,
,,,,,14520,188.4962,87,,,,,,,,
,,,,,14613,193.23964,93,,,,,,,,
,,,,,14711,212.16531,98,,,,,,,,
,,,,,14813,223.82283,102,,,,,,,,
,,,,,14910,218.14816,97,,,,,,,,
217.55576,31.883488,255.81453,128.8817,100.1,15000,,,-42.43907165527344,-1.359114408493042,1.6355239152908325,40.58854293823242,40.747196197509766,0.0003,0.0003,0.1
,,,,,15005,208.39027,95,,,,,,,,
,,,,,15102,199.21613,97,,,,,,,,
,,,,,15196,198.92831,94,,,,,,,,
,,,,,15296,222.64122,100,,,,,,,,
,,,,,15392,208.79524,96,,,,,,,,
,,,,,15490,203.69568,98,,,,,,,,
,,,,,15584,189.3019,94,,,,,,,,
,,,,,15679,196.19678,95,,,,,,,,
,,,,,15765,190.27782,86,,,,,,,,
,,,,,15869,233.10748,104,,,,,,,,
,,,,,15969,232.377,100,,,,,,,,
,,,,,16000,,,-51.41504669189453,-1.4828355312347412,6.352721214294434,49.288047790527344,49.559226989746094,0.0003,0.0003,0.1
,,,,,16069,220.59122,100,,,,,,,,
,,,,,16167,221.75697,98,,,,,,,,
,,,,,16263,234.34348,96,,,,,,,,
,,,,,16363,210.28418,100,,,,,,,,
,,,,,16471,259.4238,108,,,,,,,,
,,,,,16581,257.4766,110,,,,,,,,
,,,,,16683,239.95544,102,,,,,,,,
,,,,,16785,232.73758,102,,,,,,,,
,,,,,16882,223.89403,97,,,,,,,,
,,,,,16994,247.21591,112,,,,,,,,
,,,,,17000,,,-59.61331558227539,-1.323456048965454,4.206295490264893,57.827571868896484,57.802650451660156,0.0003,0.0003,0.1
,,,,,17105,251.7788,111,,,,,,,,
,,,,,17211,258.53876,106,,,,,,,,
,,,,,17323,249.05618,112,,,,,,,,
,,,,,17430,252.35127,107,,,,,,,,
,,,,,17543,242.83755,113,,,,,,,,
,,,,,17642,237.16539,99,,,,,,,,
,,,,,17749,240.62685,107,,,,,,,,
,,,,,17862,244.96786,113,,,,,,,,
,,,,,17971,252.38692,109,,,,,,,,
,,,,,18000,,,-66.5283432006836,-1.077660083770752,6.808320045471191,63.481292724609375,63.51490020751953,0.0003,0.0003,0.1
,,,,,18080,240.28064,109,,,,,,,,
,,,,,18133,95.97173,53,,,,,,,,
,,,,,18236,242.96027,103,,,,,,,,
,,,,,18347,268.4985,111,,,,,,,,
,,,,,18456,245.93417,109,,,,,,,,
,,,,,18569,248.54387,113,,,,,,,,
,,,,,18682,266.25586,113,,,,,,,,
,,,,,18795,246.54759,113,,,,,,,,
,,,,,18908,251.2558,113,,,,,,,,
,,,,,19000,,,-73.22331237792969,-1.3737637996673584,16.636585235595703,70.14483642578125,70.39708709716797,0.0003,0.0003,0.1
,,,,,19018,246.68748,110,,,,,,,,
,,,,,19132,249.52727,114,,,,,,,,
,,,,,19234,235.18256,102,,,,,,,,
,,,,,19345,278.0822,111,,,,,,,,
,,,,,19455,240.79562,110,,,,,,,,
,,,,,19564,250.31042,109,,,,,,,,
,,,,,19676,245.99489,112,,,,,,,,
,,,,,19798,279.5431,122,,,,,,,,
,,,,,19918,263.1878,120,,,,,,,,
271.94122,7.9662666,281.96094,256.2966,117.4,20000,,,-82.26896667480469,-1.322693109512329,13.474855422973633,79.55055236816406,80.30856323242188,0.0003,0.0003,0.1
,,,,,20032,263.62518,114,,,,,,,,
,,,,,20134,247.45674,102,,,,,,,,
,,,,,20241,261.8703,107,,,,,,,,
,,,,,20344,246.75691,103,,,,,,,,
,,,,,20453,240.18437,109,,,,,,,,
,,,,,20562,244.36491,109,,,,,,,,
,,,,,20678,284.36652,116,,,,,,,,
,,,,,20730,93.257164,52,,,,,,,,
,,,,,20837,266.84515,107,,,,,,,,
,,,,,20938,225.89241,101,,,,,,,,
,,,,,21000,,,-86.078857421875,-1.1828641891479492,8.72720718383789,83.20352172851562,82.94769287109375,0.0003,0.0003,0.1
,,,,,21001,110.35321,63,,,,,,,,
,,,,,21116,264.8855,115,,,,,,,,
,,,,,21173,104.04926,57,,,,,,,,
,,,,,21278,263.18094,105,,,,,,,,
,,,,,21392,238.03453,114,,,,,,,,
,,,,,21505,250.82852,113,,,,,,,,
,,,,,21614,244.84065,109,,,,,,,,
,,,,,21719,270.7719,105,,,,,,,,
,,,,,21826,271.00565,107,,,,,,,,
,,,,,21922,225.87924,96,,,,,,,,
,,,,,22000,,,-94.74517822265625,-1.3071407079696655,9.367960929870605,90.41410827636719,90.4805679321289,0.0003,0.0003,0.1
,,,,,22029,275.99924,107,,,,,,,,
,,,,,22143,276.20074,114,,,,,,,,
,,,,,22248,269.2653,105,,,,,,,,
,,,,,22352,259.81982,104,,,,,,,,
,,,,,22442,219.1407,90,,,,,,,,
,,,,,22560,263.17435,118,,,,,,,,
,,,,,22670,296.04797,110,,,,,,,,
,,,,,22781,293.97015,111,,,,,,,,
,,,,,22885,253.60458,104,,,,,,,,
,,,,,22999,257.8173,114,,,,,,,,
,,,,,23000,,,-98.23880004882812,-1.3101251125335693,9.449457168579102,95.06121063232422,95.40046691894531,0.0003,0.0003,0.1
,,,,,23115,282.107,116,,,,,,,,
,,,,,23228,273.54495,113,,,,,,,,
,,,,,23348,278.2533,120,,,,,,,,
,,,,,23465,283.75803,117,,,,,,,,
,,,,,23575,256.52097,110,,,,,,,,
,,,,,23684,274.106,109,,,,,,,,
,,,,,23769,169.68404,85,,,,,,,,
,,,,,23874,239.81158,105,,,,,,,,
,,,,,23991,286.36005,117,,,,,,,,
,,,,,24000,,,-101.39216613769531,-1.4284324645996094,13.631877899169922,98.10215759277344,97.98670959472656,0.0003,0.0003,0.1
,,,,,24104,261.97476,113,,,,,,,,
,,,,,24214,245.3547,110,,,,,,,,
,,,,,24320,240.00241,106,,,,,,,,
,,,,,24422,229.92725,102,,,,,,,,
,,,,,24532,260.77026,110,,,,,,,,
,,,,,24637,238.78781,105,,,,,,,,
,,,,,24738,238.40727,101,,,,,,,,
,,,,,24841,225.37276,103,,,,,,,,
,,,,,24942,227.93405,101,,,,,,,,
243.98872,20.617477,283.4322,217.80139,105.7,25000,,,-105.0561752319336,-1.5717358589172363,5.116888523101807,101.51872253417969,101.28926849365234,0.0003,0.0003,0.1
,,,,,25054,266.27078,112,,,,,,,,
,,,,,25158,229.62875,104,,,,,,,,
,,,,,25278,288.52573,120,,,,,,,,
,,,,,25390,286.85535,112,,,,,,,,
,,,,,25498,273.8044,108,,,,,,,,
,,,,,25610,275.81116,112,,,,,,,,
,,,,,25723,283.63498,113,,,,,,,,
,,,,,25831,283.67017,108,,,,,,,,
,,,,,25936,262.69986,105,,,,,,,,
,,,,,26000,,,-110.00760650634766,-2.1251206398010254,13.679732322692871,105.34379577636719,104.67683410644531,0.0003,0.0003,0.1
,,,,,26050,266.61823,114,,,,,,,,
,,,,,26162,266.3379,112,,,,,,,,
,,,,,26275,304.23538,113,,,,,,,,
,,,,,26385,250.64043,110,,,,,,,,
,,,,,26502,301.63623,117,,,,,,,,
,,,,,26601,244.06134,99,,,,,,,,
,,,,,26711,279.9678,110,,,,,,,,
,,,,,26823,294.10013,112,,,,,,,,
,,,,,26939,292.02234,116,,,,,,,,
,,,,,27000,,,-112.69961547851562,-1.5110461711883545,21.40652847290039,109.24034118652344,108.94841003417969,0.0003,0.0003,0.1
,,,,,27048,294.05988,109,,,,,,,,
,,,,,27171,325.67603,123,,,,,,,,
,,,,,27283,276.3535,112,,,,,,,,
,,,,,27402,330.43845,119,,,,,,,,
,,,,,27523,324.6494,121,,,,,,,,
,,,,,27635,277.469,112,,,,,,,,
,,,,,27750,274.6798,115,,,,,,,,
,,,,,27861,278.18863,111,,,,,,,,
,,,,,27979,288.02042,118,,,,,,,,
,,,,,28000,,,-118.3272705078125,-1.7061128616333008,3.602447509765625,115.9146499633789,115.99656677246094,0.0003,0.0003,0.1
,,,,,28094,280.32977,115,,,,,,,,
,,,,,28204,265.14444,110,,,,,,,,
,,,,,28322,296.29553,118,,,,,,,,
,,,,,28439,279.65845,117,,,,,,,,
,,,,,28556,274.85147,117,,,,,,,,
,,,,,28684,304.59677,128,,,,,,,,
,,,,,28817,326.593,133,,,,,,,,
,,,,,28940,322.48724,123,,,,,,,,
,,,,,29000,,,-120.61091613769531,-1.9501831531524658,5.79390811920166,116.70838165283203,116.46575927734375,0.0003,0.0003,0.1
,,,,,29063,302.0645,123,,,,,,,,
,,,,,29191,317.6107,128,,,,,,,,
,,,,,29313,323.70255,122,,,,,,,,
,,,,,29445,319.61554,132,,,,,,,,
,,,,,29589,335.7802,144,,,,,,,,
,,,,,29719,327.31845,130,,,,,,,,
,,,,,29844,303.10785,125,,,,,,,,
,,,,,29969,314.29474,125,,,,,,,,
335.14545,5.59613,343.56946,322.66913,138.3,30000,,,-130.8341827392578,-1.4729366302490234,3.574939727783203,127.61505126953125,127.43274688720703,0.0003,0.0003,0.1
,,,,,30106,345.4644,137,,,,,,,,
,,,,,30239,328.383,133,,,,,,,,
,,,,,30375,342.49606,136,,,,,,,,
,,,,,30510,326.26187,135,,,,,,,,
,,,,,30649,354.61084,139,,,,,,,,
,,,,,30785,325.41516,136,,,,,,,,
,,,,,30919,317.5563,134,,,,,,,,
,,,,,31000,,,-132.0980987548828,-1.9761854410171509,10.756482124328613,127.9216079711914,128.114990234375,0.0003,0.0003,0.1
,,,,,31063,338.77884,144,,,,,,,,
,,,,,31208,374.6088,145,,,,,,,,
,,,,,31346,324.9713,138,,,,,,,,
,,,,,31489,369.25488,143,,,,,,,,
,,,,,31628,326.04785,139,,,,,,,,
,,,,,31765,324.5639,137,,,,,,,,
,,,,,31905,331.72263,140,,,,,,,,
,,,,,32000,,,-133.0900421142578,-1.757241129875183,25.460487365722656,129.26812744140625,129.64157104492188,0.0003,0.0003,0.1
,,,,,32028,264.59116,123,,,,,,,,
,,,,,32165,322.8929,137,,,,,,,,
,,,,,32307,347.70422,142,,,,,,,,
,,,,,32448,325.89316,141,,,,,,,,
,,,,,32578,307.24115,130,,,,,,,,
,,,,,32711,314.33163,133,,,,,,,,
,,,,,32847,316.06213,136,,,,,,,,
,,,,,32973,265.65466,126,,,,,,,,
,,,,,33000,,,-130.2535858154297,-1.7491905689239502,11.358329772949219,125.860595703125,126.14407348632812,0.0003,0.0003,0.1
,,,,,33102,291.85638,129,,,,,,,,
,,,,,33238,312.86407,136,,,,,,,,
,,,,,33374,319.33124,136,,,,,,,,
,,,,,33511,318.1042,137,,,,,,,,
,,,,,33647,320.5755,136,,,,,,,,
,,,,,33784,335.67508,137,,,,,,,,
,,,,,33922,324.26398,138,,,,,,,,
,,,,,34000,,,-135.39349365234375,-1.5966300964355469,8.650171279907227,132.26654052734375,131.81387329101562,0.0003,0.0003,0.1
,,,,,34052,303.84918,130,,,,,,,,
,,,,,34187,320.98822,135,,,,,,,,
,,,,,34321,312.6734,134,,,,,,,,
,,,,,34451,304.574,130,,,,,,,,
,,,,,34586,318.98215,135,,,,,,,,
,,,,,34720,317.17285,134,,,,,,,,
,,,,,34858,315.3739,138,,,,,,,,
,,,,,34982,283.66498,124,,,,,,,,
330.5166,8.038643,343.81805,316.951,140.3,35000,,,-136.7233123779297,-1.406632661819458,2.1004767417907715,135.0332794189453,134.9500274658203,0.0003,0.0003,0.1
,,,,,35116,311.58185,134,,,,,,,,
,,,,,35246,303.90533,130,,,,,,,,
,,,,,35390,343.1345,144,,,,,,,,
,,,,,35521,304.1611,131,,,,,,,,
,,,,,35666,342.25653,145,,,,,,,,
,,,,,35822,421.74078,156,,,,,,,,
,,,,,35964,352.2771,142,,,,,,,,
,,,,,36000,,,-138.13180541992188,-1.6001331806182861,11.033626556396484,134.75640869140625,134.30905151367188,0.0003,0.0003,0.1
,,,,,36101,326.12613,137,,,,,,,,
,,,,,36238,328.79004,137,,,,,,,,
,,,,,36368,300.72256,130,,,,,,,,
,,,,,36515,376.16016,147,,,,,,,,
,,,,,36661,352.88293,146,,,,,,,,
,,,,,36807,372.1839,146,,,,,,,,
,,,,,36945,313.9764,138,,,,,,,,
,,,,,37000,,,-140.14988708496094,-1.2514381408691406,4.963481903076172,136.53729248046875,136.35499572753906,0.0003,0.0003,0.1
,,,,,37096,392.57022,151,,,,,,,,
,,,,,37241,369.00433,145,,,,,,,,
,,,,,37394,375.64206,153,,,,,,,,
,,,,,37540,354.18683,146,,,,,,,,
,,,,,37664,270.94608,124,,,,,,,,
,,,,,37803,347.51294,139,,,,,,,,
,,,,,37953,358.27966,150,,,,,,,,
,,,,,38000,,,-140.3006134033203,-1.596421241760254,4.879483222961426,137.30343627929688,137.79769897460938,0.0003,0.0003,0.1
,,,,,38089,317.5989,136,,,,,,,,
,,,,,38218,290.85025,129,,,,,,,,
,,,,,38360,329.42212,142,,,,,,,,
,,,,,38497,310.5346,137,,,,,,,,
,,,,,38638,345.3562,141,,,,,,,,
,,,,,38783,370.93967,145,,,,,,,,
,,,,,38862,142.96457,79,,,,,,,,
,,,,,39000,,,-144.0114288330078,-1.376253604888916,3.850173234939575,141.2808837890625,141.70391845703125,0.0003,0.0003,0.1
,,,,,39005,354.06625,143,,,,,,,,
,,,,,39141,339.43103,136,,,,,,,,
,,,,,39174,55.231556,33,,,,,,,,
,,,,,39204,51.53479,30,,,,,,,,
,,,,,39349,323.5688,145,,,,,,,,
,,,,,39498,379.36282,149,,,,,,,,
,,,,,39642,345.14487,144,,,,,,,,
,,,,,39794,374.03122,152,,,,,,,,
,,,,,39913,235.50372,119,,,,,,,,
337.90094,36.99642,373.66888,258.37274,143.6,40000,,,-140.0047149658203,-1.4175212383270264,23.309955596923828,137.68988037109375,136.97471618652344,0.0003,0.0003,0.1
,,,,,40060,352.63492,147,,,,,,,,
,,,,,40211,389.46866,151,,,,,,,,
,,,,,40347,336.9589,136,,,,,,,,
,,,,,40486,349.07138,139,,,,,,,,
,,,,,40634,384.41077,148,,,,,,,,
,,,,,40773,354.06018,139,,,,,,,,
,,,,,40929,384.13904,156,,,,,,,,
,,,,,41000,,,-142.3672637939453,-1.392276406288147,19.53876495361328,137.67816162109375,138.1446533203125,0.0003,0.0003,0.1
,,,,,41076,355.4962,147,,,,,,,,
,,,,,41217,341.10776,141,,,,,,,,
,,,,,41353,330.87015,136,,,,,,,,
,,,,,41483,300.541,130,,,,,,,,
,,,,,41629,355.85785,146,,,,,,,,
,,,,,41765,339.42572,136,,,,,,,,
,,,,,41910,375.71927,145,,,,,,,,
,,,,,42000,,,-139.00929260253906,-1.1625685691833496,6.049932956695557,137.48265075683594,137.66012573242188,0.0003,0.0003,0.1
,,,,,42035,287.55582,125,,,,,,,,
,,,,,42190,395.1006,155,,,,,,,,
,,,,,42332,355.75708,142,,,,,,,,
,,,,,42477,351.28928,145,,,,,,,,
,,,,,42584,231.35773,107,,,,,,,,
,,,,,42710,294.79285,126,,,,,,,,
,,,,,42874,414.87106,164,,,,,,,,
,,,,,43000,,,-143.97381591796875,-1.3576877117156982,6.552513122558594,140.98138427734375,141.12518310546875,0.0003,0.0003,0.1
,,,,,43034,398.3594,160,,,,,,,,
,,,,,43198,401.62225,164,,,,,,,,
,,,,,43344,356.19934,146,,,,,,,,
,,,,,43501,377.11508,157,,,,,,,,
,,,,,43669,418.81348,168,,,,,,,,
,,,,,43828,377.07617,159,,,,,,,,
,,,,,43986,395.11908,158,,,,,,,,
,,,,,44000,,,-142.02845764160156,-1.4524508714675903,9.668764114379883,140.01515197753906,140.56326293945312,0.0003,0.0003,0.1
,,,,,44161,455.77307,175,,,,,,,,
,,,,,44324,379.22287,163,,,,,,,,
,,,,,44476,349.52255,152,,,,,,,,
,,,,,44641,392.66043,165,,,,,,,,
,,,,,44810,411.57086,169,,,,,,,,
,,,,,44988,436.55414,178,,,,,,,,
428.8288,74.02741,640.5005,371.02783,178.6,45000,,,-142.87701416015625,-1.607067584991455,25.061080932617188,139.50540161132812,138.8881072998047,0.0003,0.0003,0.1
,,,,,45159,425.549,171,,,,,,,,
,,,,,45322,370.69333,163,,,,,,,,
,,,,,45484,396.5464,162,,,,,,,,
,,,,,45667,386.1866,183,,,,,,,,
,,,,,45866,408.34964,199,,,,,,,,
,,,,,46000,,,-144.93177795410156,-1.29258394241333,4.4823174476623535,142.68878173828125,142.62733459472656,0.0003,0.0003,0.1
,,,,,46067,407.0202,201,,,,,,,,
,,,,,46252,386.08707,185,,,,,,,,
,,,,,46447,391.23993,195,,,,,,,,
,,,,,46655,423.51657,208,,,,,,,,
,,,,,46868,433.7037,213,,,,,,,,
,,,,,47000,,,-144.39727783203125,-1.432868242263794,9.359161376953125,142.56793212890625,142.29296875,0.0003,0.0003,0.1
,,,,,47103,447.77374,235,,,,,,,,
,,,,,47325,431.82242,222,,,,,,,,
,,,,,47574,445.98672,249,,,,,,,,
,,,,,47816,483.23798,242,,,,,,,,
,,,,,48000,,,-143.46397399902344,-1.1830637454986572,6.658758640289307,140.8151092529297,140.6507568359375,0.0003,0.0003,0.1
,,,,,48032,419.757,216,,,,,,,,
,,,,,48258,422.51736,226,,,,,,,,
,,,,,48501,486.88342,243,,,,,,,,
,,,,,48721,468.9574,220,,,,,,,,
,,,,,48926,435.60214,205,,,,,,,,
,,,,,49000,,,-147.59039306640625,-1.2836239337921143,3.9933338165283203,143.93206787109375,143.80020141601562,0.0003,0.0003,0.1
,,,,,49183,515.30585,257,,,,,,,,
,,,,,49411,479.5359,228,,,,,,,,
,,,,,49499,170.04047,88,,,,,,,,
,,,,,49681,459.96686,182,,,,,,,,
,,,,,49856,364.21945,175,,,,,,,,
401.6662,90.67646,530.80505,273.36435,160.3,50000,,,-141.2366943359375,-1.4216673374176025,16.07420539855957,137.87258911132812,138.04763793945312,0.0003,0.0003,0.1
,,,,,50048,520.60284,192,,,,,,,,
,,,,,50297,726.05206,249,,,,,,,,
,,,,,50527,679.4887,230,,,,,,,,
,,,,,50656,357.83,129,,,,,,,,
,,,,,50827,470.6604,171,,,,,,,,
,,,,,50971,351.4171,144,,,,,,,,
,,,,,51000,,,-143.98678588867188,-1.2183349132537842,3.4836742877960205,139.66445922851562,139.39041137695312,0.0003,0.0003,0.1
,,,,,51102,317.76898,131,,,,,,,,
,,,,,51258,416.74017,156,,,,,,,,
,,,,,51390,327.92825,132,,,,,,,,
,,,,,51533,346.65985,143,,,,,,,,
,,,,,51672,351.28024,139,,,,,,,,
,,,,,51840,434.94864,168,,,,,,,,
,,,,,52000,,,-146.902587890625,-0.8879849314689636,14.734670639038086,144.43048095703125,144.58145141601562,0.0003,0.0003,0.1
,,,,,52009,461.2233,169,,,,,,,,
,,,,,52161,394.99185,152,,,,,,,,
,,,,,52263,208.90424,102,,,,,,,,
,,,,,52430,442.49982,167,,,,,,,,
,,,,,52600,464.55594,170,,,,,,,,
,,,,,52742,369.78342,142,,,,,,,,
,,,,,52929,474.17603,187,,,,,,,,
,,,,,53000,,,-144.3431854248047,-0.6114784479141235,20.96826934814453,142.4530029296875,142.631103515625,0.0003,0.0003,0.1
,,,,,53093,452.1862,164,,,,,,,,
,,,,,53132,64.14954,39,,,,,,,,
,,,,,53258,313.58954,126,,,,,,,,
,,,,,53374,305.13345,116,,,,,,,,
,,,,,53555,484.95294,181,,,,,,,,
,,,,,53728,464.5439,173,,,,,,,,
,,,,,53897,480.7318,169,,,,,,,,
,,,,,54000,,,-142.8380889892578,-1.1201980113983154,18.83363151550293,140.88668823242188,140.42474365234375,0.0003,0.0003,0.1
,,,,,54063,454.6334,166,,,,,,,,
,,,,,54238,487.57352,175,,,,,,,,
,,,,,54400,439.73724,162,,,,,,,,
,,,,,54583,506.58517,183,,,,,,,,
,,,,,54741,388.90387,158,,,,,,,,
,,,,,54920,500.31177,179,,,,,,,,
457.55695,49.0383,503.3874,337.0969,160.3,55000,,,-144.22906494140625,-1.07570219039917,6.380480766296387,140.96697998046875,140.7906951904297,0.0003,0.0003,0.1
,,,,,55083,439.96585,163,,,,,,,,
,,,,,55215,328.8208,132,,,,,,,,
,,,,,55373,411.2587,158,,,,,,,,
,,,,,55539,468.13168,166,,,,,,,,
,,,,,55683,378.78723,144,,,,,,,,
,,,,,55858,498.33493,175,,,,,,,,
,,,,,56000,,,-145.9469451904297,-1.033984899520874,2.4466426372528076,144.26116943359375,144.0657958984375,0.0003,0.0003,0.1
,,,,,56106,687.69824,248,,,,,,,,
,,,,,56276,472.3922,170,,,,,,,,
,,,,,56357,158.6834,81,,,,,,,,
,,,,,56520,411.8732,163,,,,,,,,
,,,,,56696,464.71216,176,,,,,,,,
,,,,,56875,472.37674,179,,,,,,,,
,,,,,57000,,,-148.64080810546875,-1.3386332988739014,4.712961196899414,146.38735961914062,146.3211669921875,0.0003,0.0003,0.1
,,,,,57041,359.43732,166,,,,,,,,
,,,,,57213,472.75504,172,,,,,,,,
,,,,,57389,466.23422,176,,,,,,,,
,,,,,57570,439.58218,181,,,,,,,,
,,,,,57773,565.438,203,,,,,,,,
,,,,,57955,507.67227,182,,,,,,,,
,,,,,58000,,,-141.7533721923828,-1.0702683925628662,8.68655014038086,140.7029266357422,140.588623046875,0.0003,0.0003,0.1
,,,,,58136,443.0844,181,,,,,,,,
,,,,,58328,528.5721,192,,,,,,,,
,,,,,58511,474.77866,183,,,,,,,,
,,,,,58693,512.5592,182,,,,,,,,
,,,,,58868,461.38345,175,,,,,,,,
,,,,,59000,,,-145.04212951660156,-1.301484227180481,2.9493701457977295,144.18145751953125,144.0026397705078,0.0003,0.0003,0.1
,,,,,59111,675.7906,243,,,,,,,,
,,,,,59290,525.02496,179,,,,,,,,
,,,,,59464,478.62418,174,,,,,,,,
,,,,,59712,741.5119,248,,,,,,,,
,,,,,59875,455.50363,163,,,,,,,,
596.2511,90.67688,740.6254,468.4327,206.1,60000,,,-149.36000061035156,-1.4389877319335938,18.188722610473633,146.51576232910156,146.70599365234375,0.0003,0.0003,0.1
,,,,,60056,531.3145,181,,,,,,,,
,,,,,60279,665.504,223,,,,,,,,
,,,,,60448,474.71103,169,,,,,,,,
,,,,,60679,662.4083,231,,,,,,,,
,,,,,60860,521.9793,181,,,,,,,,
,,,,,61000,,,-150.9651641845703,-1.4156012535095215,4.193039894104004,149.20022583007812,149.39682006835938,0.0003,0.0003,0.1
,,,,,61043,537.33875,183,,,,,,,,
,,,,,61244,556.0644,201,,,,,,,,
,,,,,61457,670.84485,213,,,,,,,,
,,,,,61628,417.51935,171,,,,,,,,
,,,,,61876,753.42206,248,,,,,,,,
,,,,,62000,,,-150.71624755859375,-1.6809078454971313,6.328240394592285,146.78680419921875,146.20916748046875,0.0003,0.0003,0.1
,,,,,62099,682.134,223,,,,,,,,
,,,,,62343,763.54926,244,,,,,,,,
,,,,,62617,873.74243,274,,,,,,,,
,,,,,62816,509.86996,199,,,,,,,,
,,,,,63000,,,-154.86080932617188,-1.4800975322723389,34.865386962890625,153.00462341308594,152.46340942382812,0.0003,0.0003,0.1
,,,,,63017,621.99194,201,,,,,,,,
,,,,,63229,680.5242,212,,,,,,,,
,,,,,63426,635.84393,197,,,,,,,,
,,,,,63631,645.688,205,,,,,,,,
,,,,,63673,66.326416,42,,,,,,,,
,,,,,63887,663.07904,214,,,,,,,,
,,,,,64000,,,-151.36703491210938,-1.5198369026184082,4.238183975219727,147.95724487304688,147.6775360107422,0.0003,0.0003,0.1
,,,,,64074,569.61694,187,,,,,,,,
,,,,,64293,688.63007,219,,,,,,,,
,,,,,64499,578.18506,206,,,,,,,,
,,,,,64731,711.7138,232,,,,,,,,
,,,,,64898,491.56882,167,,,,,,,,
640.1085,62.404564,750.3095,529.63715,217.6,65000,,,-148.33612060546875,-1.8792868852615356,5.369998931884766,145.77725219726562,145.79226684570312,0.0003,0.0003,0.1
,,,,,65039,345.75824,141,,,,,,,,
,,,,,65251,561.1932,212,,,,,,,,
,,,,,65403,413.7957,152,,,,,,,,
,,,,,65570,451.39658,167,,,,,,,,
,,,,,65781,645.8854,211,,,,,,,,
,,,,,66000,,,-157.3552703857422,-1.3300801515579224,11.312853813171387,155.0976104736328,155.115234375,0.0003,0.0003,0.1
,,,,,66006,645.512,225,,,,,,,,
,,,,,66197,550.12146,191,,,,,,,,
,,,,,66405,652.4049,208,,,,,,,,
,,,,,66634,626.3399,229,,,,,,,,
,,,,,66885,767.9893,251,,,,,,,,
,,,,,67000,,,-156.85208129882812,-1.4281353950500488,6.418913841247559,154.9392547607422,154.74810791015625,0.0003,0.0003,0.1
,,,,,67161,840.9422,276,,,,,,,,
,,,,,67405,746.1974,244,,,,,,,,
,,,,,67636,693.1165,231,,,,,,,,
,,,,,67907,762.6329,271,,,,,,,,
,,,,,68000,,,-162.6249237060547,-1.6318989992141724,4.048583030700684,160.39871215820312,160.30642700195312,0.0003,0.0003,0.1
,,,,,68112,631.6888,205,,,,,,,,
,,,,,68279,482.33447,167,,,,,,,,
,,,,,68480,530.1987,201,,,,,,,,
,,,,,68693,668.3529,213,,,,,,,,
,,,,,68879,530.0496,186,,,,,,,,
,,,,,69000,,,-160.34727478027344,-1.2306735515594482,3.583763837814331,158.49874877929688,158.51730346679688,0.0003,0.0003,0.1
,,,,,69091,566.6706,212,,,,,,,,
,,,,,69297,615.37054,206,,,,,,,,
,,,,,69482,529.5,185,,,,,,,,
,,,,,69694,617.5433,212,,,,,,,,
,,,,,69885,492.81015,191,,,,,,,,
514.81714,31.452854,572.5272,469.40433,200.5,70000,,,-158.1139678955078,-1.8042199611663818,3.942282199859619,155.32955932617188,155.39596557617188,0.0003,0.0003,0.1
,,,,,70088,497.0717,203,,,,,,,,
,,,,,70268,490.18448,180,,,,,,,,
,,,,,70480,588.3938,212,,,,,,,,
,,,,,70710,633.70123,230,,,,,,,,
,,,,,70940,691.50494,230,,,,,,,,
,,,,,71000,,,-164.81976318359375,-1.762363076210022,3.5773730278015137,163.38177490234375,163.51751708984375,0.0003,0.0003,0.1
,,,,,71165,622.93585,225,,,,,,,,
,,,,,71439,791.1333,274,,,,,,,,
,,,,,71709,812.8447,270,,,,,,,,
,,,,,71987,837.2344,278,,,,,,,,
,,,,,72000,,,-170.7380828857422,-1.6377812623977661,8.215324401855469,169.11793518066406,168.82041931152344,0.0003,0.0003,0.1
,,,,,72208,648.9297,221,,,,,,,,
,,,,,72418,613.63763,210,,,,,,,,
,,,,,72654,710.1753,236,,,,,,,,
,,,,,72882,693.47894,228,,,,,,,,
,,,,,73000,,,-166.7139892578125,-1.418518304824829,14.707898139953613,164.50479125976562,164.45030212402344,0.0003,0.0003,0.1
,,,,,73101,637.3252,219,,,,,,,,
,,,,,73304,558.10046,203,,,,,,,,
,,,,,73489,512.64905,185,,,,,,,,
,,,,,73692,593.4696,203,,,,,,,,
,,,,,73900,589.43024,208,,,,,,,,
,,,,,74000,,,-165.7516326904297,-1.6604335308074951,4.294752597808838,164.12368774414062,164.1414794921875,0.0003,0.0003,0.1
,,,,,74123,673.07416,223,,,,,,,,
,,,,,74340,659.8975,217,,,,,,,,
,,,,,74557,629.0362,217,,,,,,,,
,,,,,74791,705.1436,234,,,,,,,,
,,,,,74996,583.0092,205,,,,,,,,
649.1345,37.888683,717.38916,574.28174,213.2,75000,,,-171.58541870117188,-1.3985642194747925,6.311347007751465,169.38751220703125,168.9677276611328,0.0003,0.0003,0.1
,,,,,75183,538.8759,187,,,,,,,,
,,,,,75389,614.9669,206,,,,,,,,
,,,,,75588,566.2256,199,,,,,,,,
,,,,,75803,649.42426,215,,,,,,,,
,,,,,76000,,,-170.6248016357422,-1.4875547885894775,8.657777786254883,168.48562622070312,168.65518188476562,0.0003,0.0003,0.1
,,,,,76004,571.09973,201,,,,,,,,
,,,,,76219,656.5522,215,,,,,,,,
,,,,,76463,761.9217,244,,,,,,,,
,,,,,76691,705.1044,228,,,,,,,,
,,,,,76908,667.30585,217,,,,,,,,
,,,,,77000,,,-169.310791015625,-1.5189615488052368,3.9026947021484375,167.13427734375,167.2046661376953,0.0003,0.0003,0.1
,,,,,77133,691.91406,225,,,,,,,,
,,,,,77354,687.17755,221,,,,,,,,
,,,,,77573,675.602,219,,,,,,,,
,,,,,77811,724.4573,238,,,,,,,,
,,,,,78000,,,-171.21157836914062,-1.7379112243652344,7.59152364730835,168.55001831054688,168.16351318359375,0.0003,0.0003,0.1
,,,,,78036,689.816,225,,,,,,,,
,,,,,78255,661.38,219,,,,,,,,
,,,,,78434,580.60785,179,,,,,,,,
,,,,,78652,654.9553,218,,,,,,,,
,,,,,78882,744.4405,230,,,,,,,,
,,,,,79000,,,-178.97357177734375,-1.3806606531143188,7.664927005767822,175.47604370117188,175.83889770507812,0.0003,0.0003,0.1
,,,,,79108,692.84314,226,,,,,,,,
,,,,,79360,824.73065,252,,,,,,,,
,,,,,79572,655.12616,212,,,,,,,,
,,,,,79842,908.2564,270,,,,,,,,
734.19934,63.487347,825.6612,624.9042,234.8,80000,,,-176.6785430908203,-1.8050663471221924,4.061184883117676,174.351806640625,174.5333251953125,0.0003,0.0003,0.1
,,,,,80061,658.2535,219,,,,,,,,
,,,,,80297,753.76074,236,,,,,,,,
,,,,,80539,765.166,242,,,,,,,,
,,,,,80801,775.03754,262,,,,,,,,
,,,,,81000,,,-175.37452697753906,-0.8173211812973022,2.3605501651763916,174.29864501953125,174.2236328125,0.0003,0.0003,0.1
,,,,,81020,666.9626,219,,,,,,,,
,,,,,81255,740.85046,235,,,,,,,,
,,,,,81490,738.6254,235,,,,,,,,
,,,,,81755,804.1881,265,,,,,,,,
,,,,,82000,,,-168.71331787109375,-1.7544174194335938,4.52008056640625,166.7041473388672,166.51466369628906,0.0003,0.0003,0.1
,,,,,82021,817.0479,266,,,,,,,,
,,,,,82262,733.505,241,,,,,,,,
,,,,,82475,627.23096,213,,,,,,,,
,,,,,82695,651.1003,220,,,,,,,,
,,,,,82958,855.92206,263,,,,,,,,
,,,,,83000,,,-179.4376983642578,-1.4226237535476685,56.68013000488281,178.33428955078125,178.27194213867188,0.0003,0.0003,0.1
,,,,,83224,893.50854,266,,,,,,,,
,,,,,83486,855.8146,262,,,,,,,,
,,,,,83745,797.9423,259,,,,,,,,
,,,,,83977,742.6897,232,,,,,,,,
,,,,,84000,,,-177.0635986328125,-1.6253886222839355,3.7352025508880615,173.9320068359375,173.6961669921875,0.0003,0.0003,0.1
,,,,,84201,705.3235,224,,,,,,,,
,,,,,84467,852.21344,266,,,,,,,,
,,,,,84725,810.33844,258,,,,,,,,
,,,,,84991,873.7936,266,,,,,,,,
821.23126,108.30173,968.671,652.5149,255.9,85000,,,-181.39984130859375,-1.125189185142517,4.469193458557129,179.51116943359375,179.9972686767578,0.0003,0.0003,0.1
,,,,,85236,765.2271,245,,,,,,,,
,,,,,85467,697.72327,231,,,,,,,,
,,,,,85695,691.4349,228,,,,,,,,
,,,,,86000,,,-180.52919006347656,-1.4832603931427002,5.972784042358398,177.888916015625,178.1566162109375,0.0003,0.0003,0.1
,,,,,86097,1297.755,402,,,,,,,,
,,,,,86339,746.14233,242,,,,,,,,
,,,,,86615,882.06757,276,,,,,,,,
,,,,,86849,731.62006,234,,,,,,,,
,,,,,87000,,,-184.10545349121094,-1.1353776454925537,8.4676513671875,181.65478515625,181.33865356445312,0.0003,0.0003,0.1
,,,,,87128,875.1887,279,,,,,,,,
,,,,,87397,868.96045,269,,,,,,,,
,,,,,87673,865.10565,276,,,,,,,,
,,,,,87909,757.2405,236,,,,,,,,
,,,,,88000,,,-182.4405059814453,-1.562701940536499,18.503143310546875,179.1953125,179.13108825683594,0.0003,0.0003,0.1
,,,,,88182,892.1533,273,,,,,,,,
,,,,,88467,890.7838,285,,,,,,,,
,,,,,88739,804.2394,272,,,,,,,,
,,,,,89000,,,-183.30606079101562,-1.4586535692214966,6.741786956787109,181.1517791748047,181.13909912109375,0.0003,0.0003,0.1
,,,,,89028,925.1792,289,,,,,,,,
,,,,,89298,932.9368,270,,,,,,,,
,,,,,89583,891.3131,285,,,,,,,,
,,,,,89853,872.0519,270,,,,,,,,
953.225,55.229774,1050.2395,837.0212,280.4,90000,,,-179.45921325683594,-2.031691789627075,16.29117202758789,175.83428955078125,175.58038330078125,0.0003,0.0003,0.1
,,,,,90122,864.7355,269,,,,,,,,
,,,,,90400,956.35785,278,,,,,,,,
,,,,,90665,867.2356,265,,,,,,,,
,,,,,90951,963.5305,286,,,,,,,,
,,,,,91000,,,-184.2337188720703,-1.3887097835540771,5.56536340713501,183.22683715820312,183.32501220703125,0.0003,0.0003,0.1
,,,,,91251,1000.2223,300,,,,,,,,
,,,,,91560,974.1397,309,,,,,,,,
,,,,,91828,881.4571,268,,,,,,,,
,,,,,92000,,,-187.5861053466797,-1.550489902496338,4.16519832611084,186.07241821289062,186.4390106201172,0.0003,0.0003,0.1
,,,,,92096,901.9616,268,,,,,,,,
,,,,,92366,880.34906,270,,,,,,,,
,,,,,92658,886.82104,292,,,,,,,,
,,,,,92925,912.55975,267,,,,,,,,
,,,,,93000,,,-188.551513671875,-1.6415925025939941,3.69358229637146,186.22544860839844,186.3290557861328,0.0003,0.0003,0.1
,,,,,93193,875.96387,268,,,,,,,,
,,,,,93466,933.89136,273,,,,,,,,
,,,,,93716,776.3826,250,,,,,,,,
,,,,,94000,,,-185.5442657470703,-1.8022465705871582,10.19573974609375,182.66552734375,182.81027221679688,0.0003,0.0003,0.1
,,,,,94007,980.94855,291,,,,,,,,
,,,,,94282,956.73755,275,,,,,,,,
,,,,,94566,911.669,284,,,,,,,,
,,,,,94837,901.7531,271,,,,,,,,
978.3553,203.82144,1523.0599,785.2419,303.4,95000,,,-185.364990234375,-1.6487672328948975,15.384132385253906,182.9444122314453,182.57066345214844,0.0003,0.0003,0.1
,,,,,95151,994.96344,314,,,,,,,,
,,,,,95447,955.185,296,,,,,,,,
,,,,,95691,768.97266,244,,,,,,,,
,,,,,96000,,,-192.17825317382812,-1.3862855434417725,3.3939192295074463,189.67864990234375,189.74798583984375,0.0003,0.0003,0.1
,,,,,96029,1128.8044,338,,,,,,,,
,,,,,96299,884.3261,270,,,,,,,,
,,,,,96608,1053.5531,309,,,,,,,,
,,,,,96907,965.4307,299,,,,,,,,
,,,,,97000,,,-190.6058807373047,-1.7292487621307373,4.7726216316223145,188.90567016601562,188.98190307617188,0.0003,0.0003,0.1
,,,,,97207,934.7496,300,,,,,,,,
,,,,,97446,765.16754,239,,,,,,,,
,,,,,97725,927.7858,279,,,,,,,,
,,,,,98000,,,-191.64395141601562,-1.5197656154632568,8.347779273986816,187.97360229492188,187.61962890625,0.0003,0.0003,0.1
,,,,,98039,1029.9314,314,,,,,,,,
,,,,,98334,924.92126,295,,,,,,,,
,,,,,98668,1116.9902,334,,,,,,,,
,,,,,98987,1020.88605,319,,,,,,,,
,,,,,99000,,,-195.1303253173828,-1.723852515220642,5.0034589767456055,192.9561767578125,192.93231201171875,0.0003,0.0003,0.1
,,,,,99295,966.2811,308,,,,,,,,
,,,,,99585,970.807,290,,,,,,,,
,,,,,99857,900.22485,272,,,,,,,,
1171.1614,300.99374,1818.1492,941.7772,365.1,100000,,,-194.9941864013672,-1.4638361930847168,8.105514526367188,192.18551635742188,192.0284881591797,0.0003,0.0003,0.1
,,,,,100156,939.04834,299,,,,,,,,
,,,,,100461,1003.7348,305,,,,,,,,
,,,,,100744,960.3494,283,,,,,,,,
,,,,,101000,,,-189.88246154785156,-1.6569509506225586,5.0271735191345215,187.7571258544922,187.88014221191406,0.0003,0.0003,0.1
,,,,,101030,920.5361,286,,,,,,,,
,,,,,101614,1899.906,584,,,,,,,,
,,,,,101902,980.31146,288,,,,,,,,
,,,,,102000,,,-194.857666015625,-1.984729528427124,4.515620231628418,193.27545166015625,193.4100341796875,0.0003,0.0003,0.1
,,,,,102314,1344.8944,412,,,,,,,,
,,,,,102708,1276.2007,394,,,,,,,,
,,,,,103000,,,-193.9688262939453,-1.7869195938110352,7.454697132110596,190.8924560546875,191.07131958007812,0.0003,0.0003,0.1
,,,,,103048,1099.7526,340,,,,,,,,
,,,,,103382,1126.623,334,,,,,,,,
,,,,,104000,,,-199.96095275878906,-1.7042996883392334,2.48209285736084,198.5866241455078,198.6883544921875,0.0003,0.0003,0.1
,,,,,104355,3096.2124,973,,,,,,,,
,,,,,104704,1158.9117,349,,,,,,,,
1801.969,839.83136,3113.6113,747.30273,589.5,105000,,,-199.1723175048828,-1.5562938451766968,3.9222495555877686,197.6171875,197.60406494140625,0.0003,0.0003,0.1
,,,,,105704,3003.8186,1000,,,,,,,,
,,,,,106000,,,-200.2872772216797,-2.041569471359253,6.018398284912109,196.92288208007812,197.18092346191406,0.0003,0.0003,0.1
,,,,,106132,1280.2085,428,,,,,,,,
,,,,,106407,774.3852,275,,,,,,,,
,,,,,106940,1681.0712,533,,,,,,,,
,,,,,107000,,,-200.14886474609375,-1.8719334602355957,10.855618476867676,198.03964233398438,198.24021911621094,0.0003,0.0003,0.1
,,,,,107201,808.19653,261,,,,,,,,
,,,,,107769,1808.475,568,,,,,,,,
,,,,,108000,,,-206.21531677246094,-1.64597749710083,8.582470893859863,203.39529418945312,203.32928466796875,0.0003,0.0003,0.1
,,,,,108087,1068.9735,318,,,,,,,,
,,,,,108351,839.2568,264,,,,,,,,
,,,,,108860,1650.1235,509,,,,,,,,
,,,,,109000,,,-193.98423767089844,-1.8093276023864746,6.544761657714844,192.2200927734375,192.235595703125,0.0003,0.0003,0.1
,,,,,109258,1339.4519,398,,,,,,,,
,,,,,109766,1636.0945,508,,,,,,,,
2001.4373,826.74146,3104.4744,971.6782,614.7,110000,,,-197.87640380859375,-1.4653615951538086,6.543033599853516,195.8850555419922,196.16070556640625,0.0003,0.0003,0.1
,,,,,110127,1178.3575,361,,,,,,,,
,,,,,110386,808.7184,259,,,,,,,,
,,,,,110651,853.79126,265,,,,,,,,
,,,,,110908,802.3792,257,,,,,,,,
,,,,,111000,,,-200.5269012451172,-1.9678007364273071,4.835997581481934,199.1695556640625,198.80538940429688,0.0003,0.0003,0.1
,,,,,111240,1070.0837,332,,,,,,,,
,,,,,111475,784.30194,235,,,,,,,,
,,,,,111795,1053.6552,320,,,,,,,,
,,,,,112000,,,-204.37042236328125,-1.351067066192627,19.915382385253906,200.93167114257812,200.27862548828125,0.0003,0.0003,0.1
,,,,,112051,890.0505,256,,,,,,,,
,,,,,112299,802.8252,248,,,,,,,,
,,,,,112543,823.2438,244,,,,,,,,
,,,,,112892,1210.6681,349,,,,,,,,
,,,,,113000,,,-200.75082397460938,-1.7419729232788086,5.548612594604492,198.24847412109375,197.8320770263672,0.0003,0.0003,0.1
,,,,,113126,765.7717,234,,,,,,,,
,,,,,113526,1338.4612,400,,,,,,,,
,,,,,113743,674.30347,217,,,,,,,,
,,,,,113973,749.7023,230,,,,,,,,
,,,,,114000,,,-207.24122619628906,-1.4856295585632324,24.516273498535156,204.6439208984375,204.39511108398438,0.0003,0.0003,0.1
,,,,,114249,913.1397,276,,,,,,,,
,,,,,114597,1175.5269,348,,,,,,,,
,,,,,114871,939.2645,274,,,,,,,,
953.203,136.94472,1247.93,778.2319,286.0,115000,,,-204.88397216796875,-1.5466355085372925,16.12313461303711,203.52615356445312,203.36602783203125,0.0003,0.0003,0.1
,,,,,115130,863.7571,259,,,,,,,,
,,,,,115366,776.1758,236,,,,,,,,
,,,,,115672,1021.03436,306,,,,,,,,
,,,,,115966,934.91815,294,,,,,,,,
,,,,,116000,,,-207.48306274414062,-1.6177575588226318,14.349774360656738,204.712646484375,204.94491577148438,0.0003,0.0003,0.1
,,,,,116180,685.9717,214,,,,,,,,
,,,,,116420,808.18066,240,,,,,,,,
,,,,,116642,725.22375,222,,,,,,,,
,,,,,116911,894.8585,269,,,,,,,,
,,,,,117000,,,-212.23291015625,-1.3674933910369873,4.9702959060668945,210.19613647460938,210.0745391845703,0.0003,0.0003,0.1
,,,,,117137,741.8534,226,,,,,,,,
,,,,,117361,750.6626,224,,,,,,,,
,,,,,117570,665.1787,209,,,,,,,,
,,,,,117846,983.21783,276,,,,,,,,
,,,,,118000,,,-210.07965087890625,-1.3622791767120361,7.0327911376953125,207.9532012939453,208.1761474609375,0.0003,0.0003,0.1
,,,,,118068,714.5512,222,,,,,,,,
,,,,,118357,924.31995,289,,,,,,,,
,,,,,118599,799.5553,242,,,,,,,,
,,,,,118852,863.4039,253,,,,,,,,
,,,,,119000,,,-205.410400390625,-1.7717859745025635,8.340929985046387,203.3834686279297,203.74435424804688,0.0003,0.0003,0.1
,,,,,119276,1449.2147,424,,,,,,,,
,,,,,119578,1060.7565,302,,,,,,,,
,,,,,119859,956.51154,281,,,,,,,,
847.2653,131.38728,1160.4115,735.6867,253.2,120000,,,-201.29322814941406,-2.280910015106201,3.991917133331299,198.8123779296875,198.9972381591797,0.0003,0.0003,0.1
,,,,,120096,786.08826,237,,,,,,,,
,,,,,120327,765.473,231,,,,,,,,
,,,,,120608,992.5652,281,,,,,,,,
,,,,,120835,737.3741,227,,,,,,,,
,,,,,121000,,,-208.59962463378906,-1.7174272537231445,7.851944446563721,206.20225524902344,206.48532104492188,0.0003,0.0003,0.1
,,,,,121075,797.6685,240,,,,,,,,
,,,,,121318,818.4195,243,,,,,,,,
,,,,,121542,719.0305,224,,,,,,,,
,,,,,121920,1249.3085,378,,,,,,,,
,,,,,122000,,,-209.25048828125,-1.597633719444275,3.0395760536193848,208.06021118164062,208.0234375,0.0003,0.0003,0.1
,,,,,122292,1205.5663,372,,,,,,,,
,,,,,122587,949.72064,295,,,,,,,,
,,,,,122859,950.2358,272,,,,,,,,
,,,,,123000,,,-216.0150604248047,-1.3501790761947632,6.428396701812744,214.93458557128906,214.8072052001953,0.0003,0.0003,0.1
,,,,,123067,661.862,208,,,,,,,,
,,,,,123296,747.0734,229,,,,,,,,
,,,,,123506,674.7629,210,,,,,,,,
,,,,,123798,955.76434,292,,,,,,,,
,,,,,123834,59.55207,36,,,,,,,,
,,,,,124000,,,-215.04542541503906,-1.9963581562042236,7.116961479187012,210.92398071289062,210.87611389160156,0.0003,0.0003,0.1
,,,,,124105,922.5275,271,,,,,,,,
,,,,,124408,1098.33,303,,,,,,,,
,,,,,124694,951.69604,286,,,,,,,,
,,,,,124952,874.7077,258,,,,,,,,
962.21924,174.23859,1385.8367,779.0747,284.1,125000,,,-212.4586639404297,-1.9228965044021606,3.203392267227173,209.55657958984375,209.57150268554688,0.0003,0.0003,0.1
,,,,,125166,694.7552,214,,,,,,,,
,,,,,125608,1487.365,442,,,,,,,,
,,,,,125968,1151.7393,360,,,,,,,,
,,,,,126000,,,-203.46206665039062,-1.7452104091644287,4.366517066955566,201.50363159179688,201.24510192871094,0.0003,0.0003,0.1
,,,,,126350,1244.8663,382,,,,,,,,
,,,,,126753,1281.4553,403,,,,,,,,
,,,,,126991,778.7415,238,,,,,,,,
,,,,,127000,,,-208.97393798828125,-1.6738405227661133,12.586614608764648,207.00064086914062,206.43589782714844,0.0003,0.0003,0.1
,,,,,127386,1254.803,395,,,,,,,,
,,,,,127813,1439.8269,427,,,,,,,,
,,,,,128000,,,-213.56752014160156,-1.7370240688323975,4.406497955322266,208.9600830078125,208.6110382080078,0.0003,0.0003,0.1
,,,,,128433,1981.8003,620,,,,,,,,
,,,,,128785,1093.2988,352,,,,,,,,
,,,,,129000,,,-214.99217224121094,-1.9004576206207275,5.585369110107422,213.6616973876953,213.3134765625,0.0003,0.0003,0.1
,,,,,129164,1296.508,379,,,,,,,,
,,,,,129490,1086.978,326,,,,,,,,
,,,,,129888,1282.2131,398,,,,,,,,
2605.8298,546.50714,3038.7146,1523.3871,827.7,130000,,,-220.69061279296875,-1.848332405090332,17.699411392211914,218.85076904296875,219.30203247070312,0.0003,0.0003,0.1
,,,,,130309,1407.718,421,,,,,,,,
,,,,,131000,,,-222.4162139892578,-1.6077073812484741,3.2151904106140137,221.467041015625,221.15573120117188,0.0003,0.0003,0.1
,,,,,131291,3069.8179,982,,,,,,,,
,,,,,131690,1298.0073,399,,,,,,,,
,,,,,132000,,,-221.09523010253906,-1.43644380569458,2.742882013320923,219.32034301757812,219.3179931640625,0.0003,0.0003,0.1
,,,,,132197,1707.8386,507,,,,,,,,
,,,,,132588,1242.8036,391,,,,,,,,
,,,,,132974,1246.741,386,,,,,,,,
,,,,,133000,,,-213.07176208496094,-2.205317974090576,11.616063117980957,210.32400512695312,210.1045379638672,0.0003,0.0003,0.1
,,,,,133628,2083.374,654,,,,,,,,
,,,,,133796,463.59845,168,,,,,,,,
,,,,,134000,,,-216.29307556152344,-1.9797779321670532,7.95311975479126,212.85208129882812,212.87103271484375,0.0003,0.0003,0.1
,,,,,134120,995.48926,324,,,,,,,,
,,,,,134587,1549.9464,467,,,,,,,,
1216.7659,226.00877,1720.3135,810.5701,370.3,135000,,,-219.23727416992188,-1.5566871166229248,3.5871729850769043,217.41891479492188,217.38189697265625,0.0003,0.0003,0.1
,,,,,135054,1509.6432,467,,,,,,,,
,,,,,135317,810.1329,263,,,,,,,,
,,,,,135636,1029.9514,319,,,,,,,,
,,,,,136000,,,-222.28543090820312,-1.4791529178619385,3.5386171340942383,221.05935668945312,221.34939575195312,0.0003,0.0003,0.1
,,,,,136110,1471.0712,474,,,,,,,,
,,,,,136846,2327.3376,736,,,,,,,,
,,,,,137000,,,-221.2215576171875,-1.3381221294403076,5.135190963745117,219.9530029296875,220.06015014648438,0.0003,0.0003,0.1
,,,,,137278,1457.7754,432,,,,,,,,
,,,,,137657,1183.6096,379,,,,,,,,
,,,,,138000,,,-222.3857879638672,-1.6888000965118408,6.211753845214844,221.39820861816406,220.9200897216797,0.0003,0.0003,0.1
,,,,,138053,1277.4607,396,,,,,,,,
,,,,,138321,833.24805,268,,,,,,,,
,,,,,138803,1497.1278,482,,,,,,,,
,,,,,139000,,,-223.4379425048828,-1.5959025621414185,5.933308124542236,221.208740234375,221.69308471679688,0.0003,0.0003,0.1
,,,,,139210,1336.2715,407,,,,,,,,
,,,,,139666,1511.763,456,,,,,,,,
,,,,,139955,925.70233,289,,,,,,,,
1563.7639,456.76886,2427.8123,788.9629,482.1,140000,,,-226.4733428955078,-1.4534132480621338,9.175323486328125,224.3147735595703,224.18080139160156,0.0003,0.0003,0.1
,,,,,140313,1269.3475,358,,,,,,,,
,,,,,140638,1063.732,325,,,,,,,,
,,,,,140913,950.63153,275,,,,,,,,
,,,,,141000,,,-223.4369354248047,-1.8934282064437866,6.885481834411621,218.8780517578125,218.83966064453125,0.0003,0.0003,0.1
,,,,,141357,1449.4458,444,,,,,,,,
,,,,,141638,910.8272,281,,,,,,,,
,,,,,141965,1048.6896,327,,,,,,,,
,,,,,142000,,,-217.83485412597656,-1.6080994606018066,4.938896179199219,215.15707397460938,215.1568603515625,0.0003,0.0003,0.1
,,,,,142284,1070.9924,319,,,,,,,,
,,,,,142685,1273.4613,401,,,,,,,,
,,,,,142892,655.3927,207,,,,,,,,
,,,,,143000,,,-223.9845733642578,-1.907228708267212,3.7859652042388916,221.239013671875,221.58836364746094,0.0003,0.0003,0.1
,,,,,143266,1259.0519,374,,,,,,,,
,,,,,143535,902.5998,269,,,,,,,,
,,,,,143865,1098.7744,330,,,,,,,,
,,,,,144000,,,-223.9165802001953,-1.6792852878570557,4.108765125274658,220.71023559570312,220.47506713867188,0.0003,0.0003,0.1
,,,,,144120,895.62683,255,,,,,,,,
,,,,,144376,814.8086,256,,,,,,,,
,,,,,144748,1263.427,372,,,,,,,,
963.1831,99.8076,1232.429,884.18036,275.7,145000,,,-224.4684600830078,-1.6712620258331299,3.9468538761138916,222.31454467773438,222.37380981445312,0.0003,0.0003,0.1
,,,,,145014,908.0396,266,,,,,,,,
,,,,,145273,893.2311,259,,,,,,,,
,,,,,145508,762.9683,235,,,,,,,,
,,,,,145988,1549.722,480,,,,,,,,
,,,,,146000,,,-226.0505828857422,-1.4794033765792847,4.272670269012451,224.80838012695312,225.02220153808594,0.0003,0.0003,0.1
,,,,,146200,684.0994,212,,,,,,,,
,,,,,146461,877.87585,261,,,,,,,,
,,,,,146777,1100.442,316,,,,,,,,
,,,,,147000,,,-222.6803741455078,-2.013761281967163,51.609344482421875,218.68959045410156,219.95223999023438,0.0003,0.0003,0.1
,,,,,147089,1008.85254,312,,,,,,,,
,,,,,147535,1570.8336,446,,,,,,,,
,,,,,147883,1248.6086,348,,,,,,,,
,,,,,148000,,,-219.91864013671875,-1.7656855583190918,5.866828918457031,218.99317932128906,219.54592895507812,0.0003,0.0003,0.1
,,,,,148211,1112.1697,328,,,,,,,,
,,,,,148448,773.6158,237,,,,,,,,
,,,,,148739,989.28625,291,,,,,,,,
,,,,,148995,832.6213,256,,,,,,,,
,,,,,149000,,,-225.67335510253906,-1.7027915716171265,9.65456771850586,224.27517700195312,224.47454833984375,0.0003,0.0003,0.1
,,,,,149266,895.87524,271,,,,,,,,
,,,,,149560,940.79016,294,,,,,,,,
,,,,,149858,1045.6077,298,,,,,,,,
1084.9532,219.46585,1529.8916,765.43823,324.4,150000,,,-224.34986877441406,-1.8024659156799316,32.446022033691406,222.86944580078125,222.44898986816406,0.0003,0.0003,0.1
,,,,,150125,885.50104,267,,,,,,,,
,,,,,150447,1044.4426,322,,,,,,,,
,,,,,150710,914.7813,263,,,,,,,,
,,,,,150972,831.2522,262,,,,,,,,
,,,,,151000,,,-221.34381103515625,-1.8886830806732178,8.592569351196289,219.97216796875,219.871337890625,0.0003,0.0003,0.1
,,,,,151257,993.8294,285,,,,,,,,
,,,,,151490,676.32336,233,,,,,,,,
,,,,,151801,1037.9476,311,,,,,,,,
,,,,,152000,,,-227.9828643798828,-1.3021024465560913,3.59208083152771,226.97903442382812,227.14794921875,0.0003,0.0003,0.1
,,,,,152063,918.7854,262,,,,,,,,
,,,,,152330,923.9352,267,,,,,,,,
,,,,,152885,1771.5415,555,,,,,,,,
,,,,,153000,,,-222.75711059570312,-1.6463371515274048,5.139671325683594,217.6595458984375,217.52728271484375,0.0003,0.0003,0.1
,,,,,153242,1207.1312,357,,,,,,,,
,,,,,153541,991.38824,299,,,,,,,,
,,,,,153901,1171.2572,360,,,,,,,,
,,,,,154000,,,-223.99502563476562,-1.8102941513061523,8.523072242736816,221.9553985595703,221.68569946289062,0.0003,0.0003,0.1
,,,,,154179,927.3965,278,,,,,,,,
,,,,,154509,1089.8723,330,,,,,,,,
1491.7551,458.0394,2451.104,946.3986,455.0,155000,,,-228.12081909179688,-1.7816081047058105,8.611528396606445,226.63824462890625,226.6204376220703,0.0003,0.0003,0.1
,,,,,155269,2444.1055,760,,,,,,,,
,,,,,155694,1336.9495,425,,,,,,,,
,,,,,155933,760.4231,239,,,,,,,,
,,,,,156000,,,-223.83644104003906,-1.7603799104690552,17.63803482055664,221.42214965820312,221.9095916748047,0.0003,0.0003,0.1
,,,,,156218,994.7595,285,,,,,,,,
,,,,,156521,1040.2688,303,,,,,,,,
,,,,,156797,974.8823,276,,,,,,,,
,,,,,157000,,,-230.36181640625,-2.098975658416748,22.575382232666016,228.34107971191406,229.27694702148438,0.0003,0.0003,0.1
,,,,,157140,1241.5441,343,,,,,,,,
,,,,,157515,1305.5464,375,,,,,,,,
,,,,,158000,,,-222.60397338867188,-1.820865511894226,4.204257965087891,220.95162963867188,220.92091369628906,0.0003,0.0003,0.1
,,,,,158215,2327.8235,700,,,,,,,,
,,,,,158259,72.95052,44,,,,,,,,
,,,,,158557,851.4309,298,,,,,,,,
,,,,,159000,,,-219.957275390625,-1.552466869354248,4.884284019470215,218.33053588867188,218.44528198242188,0.0003,0.0003,0.1
,,,,,159054,1546.1727,497,,,,,,,,
,,,,,159358,980.4273,304,,,,,,,,
,,,,,159963,1937.8148,605,,,,,,,,
1852.7432,559.67773,2986.5051,1159.8157,587.6,160000,,,-228.76019287109375,-1.7833750247955322,5.573403358459473,227.65310668945312,227.8390655517578,0.0003,0.0003,0.1
,,,,,160508,1736.5796,545,,,,,,,,
,,,,,161000,,,-230.8643341064453,-1.5690724849700928,4.328110694885254,229.495849609375,229.435791015625,0.0003,0.0003,0.1
,,,,,161356,2595.0686,848,,,,,,,,
,,,,,162000,,,-230.66795349121094,-1.7375168800354004,5.2857513427734375,228.74496459960938,228.97933959960938,0.0003,0.0003,0.1
,,,,,162066,2202.6736,710,,,,,,,,
,,,,,162394,1198.7203,328,,,,,,,,
,,,,,162818,1328.5758,424,,,,,,,,
,,,,,163000,,,-232.97935485839844,-1.6083314418792725,9.18088436126709,229.36756896972656,229.48080444335938,0.0003,0.0003,0.1
,,,,,163536,2259.9727,718,,,,,,,,
,,,,,164000,,,-231.3219757080078,-1.9677989482879639,37.77402877807617,229.07308959960938,228.39035034179688,0.0003,0.0003,0.1
,,,,,164536,2864.6401,1000,,,,,,,,
,,,,,164900,1154.6199,364,,,,,,,,
1431.1815,312.28766,1965.8044,952.49646,461.1,165000,,,-233.50643920898438,-2.005840539932251,5.086406707763672,231.65219116210938,231.81185913085938,0.0003,0.0003,0.1
,,,,,165900,2964.577,1000,,,,,,,,
,,,,,166000,,,-221.0966796875,-1.7838281393051147,6.575604438781738,218.83840942382812,219.02969360351562,0.0003,0.0003,0.1
,,,,,166900,2885.0894,1000,,,,,,,,
,,,,,167000,,,-229.4138946533203,-1.5831239223480225,9.609131813049316,227.31314086914062,227.16529846191406,0.0003,0.0003,0.1
,,,,,167900,2879.9434,1000,,,,,,,,
,,,,,168000,,,-233.565673828125,-1.9743096828460693,7.705203533172607,230.37278747558594,229.85911560058594,0.0003,0.0003,0.1
,,,,,168900,2927.3926,1000,,,,,,,,
,,,,,169000,,,-223.02169799804688,-1.9161725044250488,6.148649215698242,220.66366577148438,220.4393310546875,0.0003,0.0003,0.1
,,,,,169824,2839.5054,924,,,,,,,,
1663.6725,714.6607,2992.5337,910.7652,522.7,170000,,,-233.69815063476562,-2.060340404510498,9.934271812438965,232.95660400390625,232.21755981445312,0.0003,0.0003,0.1
,,,,,170085,891.0468,261,,,,,,,,
,,,,,170398,990.43805,313,,,,,,,,
,,,,,170736,1082.8457,338,,,,,,,,
,,,,,171000,,,-231.5869140625,-1.9864635467529297,8.265963554382324,229.58206176757812,229.92820739746094,0.0003,0.0003,0.1
,,,,,171270,1734.517,534,,,,,,,,
,,,,,172000,,,-228.677001953125,-1.8808114528656006,5.005821228027344,227.312744140625,227.7911834716797,0.0003,0.0003,0.1
,,,,,172270,2954.1436,1000,,,,,,,,
,,,,,172567,1018.20404,297,,,,,,,,
,,,,,173000,,,-242.02369689941406,-1.6486728191375732,5.604732513427734,239.8617401123047,240.04013061523438,0.0003,0.0003,0.1
,,,,,173138,1742.3846,571,,,,,,,,
,,,,,173845,2259.141,707,,,,,,,,
,,,,,174000,,,-236.4676055908203,-1.4091031551361084,5.046947479248047,235.05438232421875,234.9499053955078,0.0003,0.0003,0.1
,,,,,174646,2582.1797,801,,,,,,,,
,,,,,174968,1094.587,322,,,,,,,,
2102.8975,885.07465,2996.65,921.84766,679.3,175000,,,-228.95361328125,-2.173447608947754,10.690199851989746,226.68887329101562,226.2750701904297,0.0003,0.0003,0.1
,,,,,175968,3106.0771,1000,,,,,,,,
,,,,,176000,,,-227.3621826171875,-1.4843584299087524,9.523419380187988,225.40245056152344,225.77671813964844,0.0003,0.0003,0.1
,,,,,176377,1384.1478,409,,,,,,,,
,,,,,176718,1130.635,341,,,,,,,,
,,,,,177000,,,-243.3284149169922,-1.380039930343628,5.994894504547119,242.0352020263672,242.18785095214844,0.0003,0.0003,0.1
,,,,,177018,1034.8997,300,,,,,,,,
,,,,,177332,1064.2753,314,,,,,,,,
,,,,,178000,,,-234.96231079101562,-1.7843079566955566,7.066630840301514,232.74395751953125,232.9725799560547,0.0003,0.0003,0.1
,,,,,178332,3014.0234,1000,,,,,,,,
,,,,,179000,,,-236.02113342285156,-1.5670866966247559,9.398422241210938,234.43002319335938,233.98321533203125,0.0003,0.0003,0.1
,,,,,179133,2564.6787,801,,,,,,,,
,,,,,179486,1149.4718,353,,,,,,,,
1199.9171,484.45038,2012.9978,599.4344,363.2,180000,,,-237.49888610839844,-1.814100742340088,5.2933878898620605,236.11724853515625,236.20950317382812,0.0003,0.0003,0.1
,,,,,180486,3154.9456,1000,,,,,,,,
,,,,,180825,1095.1774,339,,,,,,,,
,,,,,181000,,,-235.3761749267578,-1.7213122844696045,10.462910652160645,233.15377807617188,232.95181274414062,0.0003,0.0003,0.1
,,,,,181054,738.47296,229,,,,,,,,
,,,,,181415,1211.4159,361,,,,,,,,
,,,,,182000,,,-240.7119140625,-1.4263174533843994,3.288066864013672,239.7719268798828,240.0239715576172,0.0003,0.0003,0.1
,,,,,182086,2089.1204,671,,,,,,,,
,,,,,182380,1014.4708,294,,,,,,,,
,,,,,182687,1075.2323,307,,,,,,,,
,,,,,183000,,,-238.337646484375,-1.4262419939041138,20.904321670532227,237.28787231445312,236.65847778320312,0.0003,0.0003,0.1
,,,,,183150,1528.1995,463,,,,,,,,
,,,,,183569,1370.5322,419,,,,,,,,
,,,,,183856,970.03284,287,,,,,,,,
,,,,,184000,,,-240.3469696044922,-1.54524564743042,9.549548149108887,238.02386474609375,238.06605529785156,0.0003,0.0003,0.1
,,,,,184563,2357.1653,707,,,,,,,,
960.5088,194.25813,1267.7214,723.83295,287.9,185000,,,-243.22079467773438,-1.1919933557510376,6.170031547546387,242.00418090820312,242.03553771972656,0.0003,0.0003,0.1
,,,,,185037,1564.518,474,,,,,,,,
,,,,,185663,2032.6086,626,,,,,,,,
,,,,,186000,,,-240.41754150390625,-1.5069388151168823,4.79886531829834,239.26133728027344,239.209228515625,0.0003,0.0003,0.1
,,,,,186285,2110.7087,622,,,,,,,,
,,,,,186773,1687.688,488,,,,,,,,
,,,,,187000,,,-240.95912170410156,-1.5312135219573975,4.6884589195251465,240.03256225585938,240.15386962890625,0.0003,0.0003,0.1
,,,,,187064,892.13214,291,,,,,,,,
,,,,,187816,2351.0757,752,,,,,,,,
,,,,,188000,,,-234.0665283203125,-1.5108284950256348,5.317180633544922,232.53152465820312,232.51463317871094,0.0003,0.0003,0.1
,,,,,188268,1455.4054,452,,,,,,,,
,,,,,188795,1534.8787,527,,,,,,,,
,,,,,189000,,,-240.7754364013672,-1.6688364744186401,12.943427085876465,238.98300170898438,239.0072479248047,0.0003,0.0003,0.1
,,,,,189072,914.3547,277,,,,,,,,
,,,,,189286,616.9851,214,,,,,,,,
,,,,,189590,1071.1699,304,,,,,,,,
,,,,,189792,624.43207,202,,,,,,,,
2062.7231,792.1653,3000.7563,967.7424,679.7,190000,,,-240.90516662597656,-1.7708158493041992,21.570846557617188,239.53475952148438,239.57815551757812,0.0003,0.0003,0.1
,,,,,190070,913.65155,278,,,,,,,,
,,,,,190297,752.13214,227,,,,,,,,
,,,,,190545,818.74457,248,,,,,,,,
,,,,,190879,1146.8118,334,,,,,,,,
,,,,,191000,,,-235.6614532470703,-1.6803781986236572,8.710099220275879,234.711669921875,234.46841430664062,0.0003,0.0003,0.1
,,,,,191097,713.4328,218,,,,,,,,
,,,,,191358,908.46765,261,,,,,,,,
,,,,,191706,1141.7789,348,,,,,,,,
,,,,,192000,,,-229.20556640625,-1.8407812118530273,16.978721618652344,226.78274536132812,227.52134704589844,0.0003,0.0003,0.1
,,,,,192199,1692.4435,493,,,,,,,,
,,,,,192539,1198.5742,340,,,,,,,,
,,,,,192900,1186.4592,361,,,,,,,,
,,,,,193000,,,-237.16082763671875,-1.8641705513000488,4.844588279724121,235.32693481445312,235.48678588867188,0.0003,0.0003,0.1
,,,,,193173,851.8914,273,,,,,,,,
,,,,,193472,987.91046,299,,,,,,,,
,,,,,193754,962.5785,282,,,,,,,,
,,,,,194000,,,-236.98690795898438,-1.7813074588775635,7.928091049194336,235.93377685546875,235.78857421875,0.0003,0.0003,0.1
,,,,,194121,1213.8732,367,,,,,,,,
,,,,,194430,1017.8729,309,,,,,,,,
,,,,,194706,967.66425,276,,,,,,,,
,,,,,194939,751.51105,233,,,,,,,,
1233.4294,601.8542,2620.609,63.628597,358.0,195000,,,-244.1806182861328,-1.221733570098877,5.396337509155273,243.43426513671875,243.2535400390625,0.0003,0.0003,0.1
,,,,,195240,1056.8907,301,,,,,,,,
,,,,,195619,1319.2212,379,,,,,,,,
,,,,,195997,1278.1945,378,,,,,,,,
,,,,,196000,,,-235.49667358398438,-1.4001357555389404,8.878959655761719,234.26864624023438,234.13427734375,0.0003,0.0003,0.1
,,,,,196270,948.61145,273,,,,,,,,
,,,,,196675,1433.2003,405,,,,,,,,
,,,,,196956,968.2962,281,,,,,,,,
,,,,,197000,,,-238.93014526367188,-1.7390069961547852,30.691123962402344,235.84080505371094,235.77215576171875,0.0003,0.0003,0.1
,,,,,197346,1314.1266,390,,,,,,,,
,,,,,197782,1491.6375,436,,,,,,,,
,,,,,198000,,,-238.2046661376953,-1.7650790214538574,22.886669158935547,236.29359436035156,236.845947265625,0.0003,0.0003,0.1
,,,,,198022,789.65814,240,,,,,,,,
,,,,,198344,1099.9495,322,,,,,,,,
,,,,,198663,1063.7448,319,,,,,,,,
,,,,,199000,,,-245.38865661621094,-1.4417078495025635,4.86273193359375,243.67294311523438,243.64059448242188,0.0003,0.0003,0.1
,,,,,199028,1210.9694,365,,,,,,,,
,,,,,199349,1065.1414,321,,,,,,,,
,,,,,199825,1645.8262,476,,,,,,,,
990.98553,108.35534,1176.3435,773.2868,289.2,200000,,,-239.75311279296875,-1.3476076126098633,8.260515213012695,239.01153564453125,238.74258422851562,0.0003,0.0003,0.1
,,,,,200228,1334.348,403,,,,,,,,
,,,,,200647,1398.8037,419,,,,,,,,
,,,,,200883,763.418,236,,,,,,,,
,,,,,201000,,,-242.9226837158203,-1.291435718536377,10.961084365844727,241.11447143554688,240.37074279785156,0.0003,0.0003,0.1
,,,,,201228,1200.2523,345,,,,,,,,
,,,,,201545,1062.879,317,,,,,,,,
,,,,,201918,1263.8173,373,,,,,,,,
,,,,,202000,,,-238.75302124023438,-1.7105863094329834,7.252789497375488,236.5959014892578,236.49517822265625,0.0003,0.0003,0.1
,,,,,202224,996.45844,306,,,,,,,,
,,,,,202476,851.78125,252,,,,,,,,
,,,,,202707,760.76086,231,,,,,,,,
,,,,,203000,,,-238.5918426513672,-1.638972520828247,3.998569965362549,237.1309814453125,237.08718872070312,0.0003,0.0003,0.1
,,,,,203004,957.0707,297,,,,,,,,
,,,,,203305,983.8338,301,,,,,,,,
,,,,,203532,722.03955,227,,,,,,,,
,,,,,203912,1282.2614,380,,,,,,,,
,,,,,204000,,,-233.9427947998047,-1.8735816478729248,8.11953353881836,232.5655059814453,232.83834838867188,0.0003,0.0003,0.1
,,,,,204355,1519.0024,443,,,,,,,,
,,,,,204717,1160.0945,362,,,,,,,,
,,,,,204965,806.1559,248,,,,,,,,
915.16223,122.382256,1192.719,728.4309,281.0,205000,,,-236.9729766845703,-1.5505921840667725,4.45482873916626,235.885986328125,235.7733154296875,0.0003,0.0003,0.1
,,,,,205187,719.29956,222,,,,,,,,
,,,,,205434,801.3416,247,,,,,,,,
,,,,,205472,62.243412,38,,,,,,,,
,,,,,205727,850.6739,255,,,,,,,,
,,,,,206000,,,-238.42425537109375,-1.4260149002075195,13.325990676879883,236.53421020507812,235.77630615234375,0.0003,0.0003,0.1
,,,,,206022,947.7242,295,,,,,,,,
,,,,,206359,1177.8174,337,,,,,,,,
,,,,,206651,954.6439,292,,,,,,,,
,,,,,206987,1141.8114,336,,,,,,,,
,,,,,207000,,,-240.86746215820312,-1.1572668552398682,4.833555221557617,239.67770385742188,239.59954833984375,0.0003,0.0003,0.1
,,,,,207316,1171.4194,329,,,,,,,,
,,,,,207670,1231.875,354,,,,,,,,
,,,,,208000,,,-232.4566650390625,-1.7275607585906982,6.924684524536133,230.25299072265625,230.09487915039062,0.0003,0.0003,0.1
,,,,,208066,1347.3453,396,,,,,,,,
,,,,,208364,981.2712,298,,,,,,,,
,,,,,208890,1776.6548,526,,,,,,,,
,,,,,209000,,,-243.76490783691406,-1.4418575763702393,4.420310020446777,242.7064208984375,242.69192504882812,0.0003,0.0003,0.1
,,,,,209152,826.9925,262,,,,,,,,
,,,,,209505,1177.1399,353,,,,,,,,
,,,,,209846,1209.9509,341,,,,,,,,
1155.3875,517.2542,2585.6843,663.4876,345.5,210000,,,-234.45838928222656,-1.5379902124404907,3.8268942832946777,232.8119659423828,233.1068115234375,0.0003,0.0003,0.1
,,,,,210101,849.0803,255,,,,,,,,
,,,,,210347,810.28314,246,,,,,,,,
,,,,,210715,1224.3365,368,,,,,,,,
,,,,,211000,,,-240.150146484375,-1.7827818393707275,4.8421220779418945,238.95742797851562,238.7236785888672,0.0003,0.0003,0.1
,,,,,211283,1865.0552,568,,,,,,,,
,,,,,211543,828.0612,260,,,,,,,,
,,,,,212000,,,-243.9879913330078,-1.6605432033538818,6.247328758239746,242.78121948242188,242.69798278808594,0.0003,0.0003,0.1
,,,,,212144,1969.5258,601,,,,,,,,
,,,,,212450,995.775,306,,,,,,,,
,,,,,212903,1578.4476,453,,,,,,,,
,,,,,213000,,,-237.22744750976562,-1.588059425354004,5.413019180297852,235.272705078125,234.81430053710938,0.0003,0.0003,0.1
,,,,,213382,1610.6903,479,,,,,,,,
,,,,,213603,723.1584,221,,,,,,,,
,,,,,213917,1036.025,314,,,,,,,,
,,,,,214000,,,-246.50216674804688,-1.4106814861297607,9.345535278320312,244.15914916992188,244.2861328125,0.0003,0.0003,0.1
,,,,,214168,854.14,251,,,,,,,,
,,,,,214403,770.3661,235,,,,,,,,
,,,,,214842,1580.8746,439,,,,,,,,
1687.7982,680.7504,3263.5857,964.8096,508.0,215000,,,-234.496337890625,-2.149322986602783,14.066339492797852,233.14480590820312,232.92994689941406,0.0003,0.0003,0.1
,,,,,215161,1123.1539,319,,,,,,,,
,,,,,215427,894.3978,266,,,,,,,,
,,,,,215872,1527.786,445,,,,,,,,
,,,,,216000,,,-243.80178833007812,-2.0925493240356445,11.402116775512695,242.92108154296875,242.64407348632812,0.0003,0.0003,0.1
,,,,,216228,1230.7257,356,,,,,,,,
,,,,,216855,2077.2854,627,,,,,,,,
,,,,,217000,,,-236.55726623535156,-1.2890372276306152,15.31695556640625,234.41770935058594,234.14166259765625,0.0003,0.0003,0.1
,,,,,217252,1416.508,397,,,,,,,,
,,,,,217688,1510.3369,436,,,,,,,,
,,,,,218000,,,-243.04013061523438,-1.3327052593231201,3.848111391067505,242.17050170898438,241.9158935546875,0.0003,0.0003,0.1
,,,,,218688,3155.0488,1000,,,,,,,,
,,,,,218978,993.01764,290,,,,,,,,
,,,,,219000,,,-240.74630737304688,-1.6440227031707764,10.31307601928711,239.69940185546875,240.35897827148438,0.0003,0.0003,0.1
,,,,,219381,1375.021,403,,,,,,,,
,,,,,219697,1075.5248,316,,,,,,,,
2072.369,1006.233,3118.29,917.58307,654.5,220000,,,-254.47218322753906,-1.4822577238082886,10.215576171875,252.2430419921875,252.31930541992188,0.0003,0.0003,0.1
,,,,,220697,3065.219,1000,,,,,,,,
,,,,,221000,,,-241.80958557128906,-1.4116322994232178,5.9931535720825195,239.42135620117188,239.53805541992188,0.0003,0.0003,0.1
,,,,,221665,3113.1907,968,,,,,,,,
,,,,,221918,818.9001,253,,,,,,,,
,,,,,222000,,,-241.7146759033203,-1.5732110738754272,13.13152027130127,238.9880828857422,238.84454345703125,0.0003,0.0003,0.1
,,,,,222390,1679.9043,472,,,,,,,,
,,,,,222698,1067.5715,308,,,,,,,,
,,,,,223000,,,-245.59503173828125,-1.7076359987258911,4.575304985046387,244.80072021484375,244.91287231445312,0.0003,0.0003,0.1
,,,,,223162,1610.1224,464,,,,,,,,
,,,,,223455,968.1956,293,,,,,,,,
,,,,,223823,1302.5427,368,,,,,,,,
,,,,,224000,,,-242.09466552734375,-1.55216646194458,17.73328399658203,239.7356719970703,240.4754638671875,0.0003,0.0003,0.1
,,,,,224078,842.84735,255,,,,,,,,
,,,,,224342,855.7574,264,,,,,,,,
,,,,,224982,2208.7354,640,,,,,,,,
1831.8005,947.406,3178.787,952.1562,552.9,225000,,,-239.36842346191406,-1.486851692199707,6.37844705581665,237.93832397460938,237.84458923339844,0.0003,0.0003,0.1
,,,,,225531,1814.986,549,,,,,,,,
,,,,,225879,1168.2258,348,,,,,,,,
,,,,,226000,,,-243.26585388183594,-1.4113342761993408,4.549650192260742,241.9075927734375,242.07289123535156,0.0003,0.0003,0.1
,,,,,226253,1319.2379,374,,,,,,,,
,,,,,226603,1252.699,350,,,,,,,,
,,,,,226945,1182.3972,342,,,,,,,,
,,,,,227000,,,-234.78201293945312,-1.4861656427383423,5.300788879394531,233.7316131591797,234.08424377441406,0.0003,0.0003,0.1
,,,,,227265,1112.8793,320,,,,,,,,
,,,,,228000,,,-242.40548706054688,-1.4289579391479492,3.183331251144409,241.35121154785156,241.51858520507812,0.0003,0.0003,0.1
,,,,,228225,3198.1453,960,,,,,,,,
,,,,,229000,,,-242.21571350097656,-1.4685837030410767,4.523318767547607,241.0753173828125,241.12417602539062,0.0003,0.0003,0.1
,,,,,229225,3124.279,1000,,,,,,,,
,,,,,229543,1116.7933,318,,,,,,,,
,,,,,229810,867.0346,267,,,,,,,,
2875.5903,630.0421,3188.5095,991.0253,922.4,230000,,,-245.15016174316406,-1.2530920505523682,5.114811897277832,242.84085083007812,243.10345458984375,0.0003,0.0003,0.1
,,,,,230202,1378.2555,392,,,,,,,,
,,,,,230554,1188.9342,352,,,,,,,,
,,,,,230880,1088.135,326,,,,,,,,
,,,,,231000,,,-246.31936645507812,-1.2337548732757568,8.220046997070312,245.18202209472656,244.92623901367188,0.0003,0.0003,0.1
,,,,,231240,1207.6285,360,,,,,,,,
,,,,,231488,817.01733,248,,,,,,,,
,,,,,232000,,,-242.1888427734375,-1.3043601512908936,12.9589204788208,240.3524169921875,240.35372924804688,0.0003,0.0003,0.1
,,,,,232488,3195.9707,1000,,,,,,,,
,,,,,233000,,,-247.098388671875,-1.6058151721954346,8.023009300231934,245.7128448486328,245.7769317626953,0.0003,0.0003,0.1
,,,,,233488,3139.3306,1000,,,,,,,,
,,,,,233773,992.623,285,,,,,,,,
,,,,,234000,,,-244.4374237060547,-1.453324556350708,4.272387504577637,242.23825073242188,242.31192016601562,0.0003,0.0003,0.1
,,,,,234038,882.5563,265,,,,,,,,
,,,,,234535,1710.5557,497,,,,,,,,
,,,,,234572,61.33281,37,,,,,,,,
,,,,,234954,1400.2677,382,,,,,,,,
2166.2048,1092.2988,3102.613,64.6331,695.9,235000,,,-243.96815490722656,-1.2623214721679688,8.64295768737793,242.56222534179688,242.97320556640625,0.0003,0.0003,0.1
,,,,,235827,2886.4878,873,,,,,,,,
,,,,,236000,,,-249.78150939941406,-1.4914779663085938,6.1396989822387695,248.7154998779297,248.73507690429688,0.0003,0.0003,0.1
,,,,,236415,1988.4917,588,,,,,,,,
,,,,,236683,877.64417,268,,,,,,,,
,,,,,237000,,,-247.919677734375,-1.4619669914245605,6.5199480056762695,246.59945678710938,246.88304138183594,0.0003,0.0003,0.1
,,,,,237253,1936.9124,570,,,,,,,,
,,,,,238000,,,-244.01841735839844,-1.8207987546920776,7.024234294891357,241.97584533691406,242.26898193359375,0.0003,0.0003,0.1
,,,,,238253,3112.7686,1000,,,,,,,,
,,,,,239000,,,-246.10186767578125,-1.1761338710784912,5.853726387023926,244.48553466796875,244.41006469726562,0.0003,0.0003,0.1
,,,,,239202,3199.867,949,,,,,,,,
1411.4269,330.47086,1875.0763,891.2084,414.6,240000,,,-240.3975067138672,-1.5507183074951172,4.5811262130737305,236.8367156982422,236.96351623535156,0.0003,0.0003,0.1
,,,,,240202,3153.3086,1000,,,,,,,,
,,,,,240519,1054.1165,317,,,,,,,,
,,,,,240992,1685.2649,473,,,,,,,,
,,,,,241000,,,-247.45584106445312,-1.9327750205993652,9.887142181396484,246.3647003173828,246.44039916992188,0.0003,0.0003,0.1
,,,,,241949,3301.2896,957,,,,,,,,
,,,,,242000,,,-254.23562622070312,-1.466933012008667,7.348516464233398,253.3721466064453,253.08877563476562,0.0003,0.0003,0.1
,,,,,242816,2962.4048,867,,,,,,,,
,,,,,243000,,,-252.6276092529297,-1.0815730094909668,7.497589111328125,251.82594299316406,251.65798950195312,0.0003,0.0003,0.1
,,,,,243816,3114.01,1000,,,,,,,,
,,,,,244000,,,-250.74632263183594,-1.4861940145492554,7.147747039794922,249.44171142578125,250.12396240234375,0.0003,0.0003,0.1
,,,,,244781,3217.2703,965,,,,,,,,
1753.4187,614.86707,3355.2043,1004.8116,500.9,245000,,,-240.7529754638672,-1.4613652229309082,10.721242904663086,238.26414489746094,238.51043701171875,0.0003,0.0003,0.1
,,,,,245781,3117.8313,1000,,,,,,,,
,,,,,246000,,,-246.04473876953125,-1.3569917678833008,17.58566665649414,243.81317138671875,244.39627075195312,0.0003,0.0003,0.1
,,,,,246781,3154.4084,1000,,,,,,,,
,,,,,247000,,,-255.1663360595703,-1.258870244026184,3.025453805923462,254.42337036132812,254.21151733398438,0.0003,0.0003,0.1
,,,,,247136,1194.0872,355,,,,,,,,
,,,,,247702,1891.4999,566,,,,,,,,
,,,,,248000,,,-241.1187286376953,-1.4395475387573242,5.039503574371338,240.11581420898438,240.10699462890625,0.0003,0.0003,0.1
,,,,,248130,1477.1907,428,,,,,,,,
,,,,,248533,1489.0317,403,,,,,,,,
,,,,,248832,1017.4481,299,,,,,,,,
,,,,,249000,,,-242.1947479248047,-1.399651050567627,12.115097999572754,240.49134826660156,239.7423095703125,0.0003,0.0003,0.1
,,,,,249187,1228.1829,355,,,,,,,,
,,,,,249556,1310.204,369,,,,,,,,
,,,,,249832,903.52136,276,,,,,,,,
2189.769,723.81726,3289.4006,1150.5367,650.6,250000,,,-247.8304443359375,-1.691714882850647,6.484214782714844,246.29208374023438,245.9951171875,0.0003,0.0003,0.1
,,,,,250832,3197.8967,1000,,,,,,,,
,,,,,251000,,,-243.64419555664062,-1.7019760608673096,3.7064714431762695,242.41299438476562,242.83773803710938,0.0003,0.0003,0.1
,,,,,251680,2766.494,848,,,,,,,,
,,,,,252000,,,-247.24378967285156,-1.3408114910125732,5.858124732971191,246.38121032714844,246.3446502685547,0.0003,0.0003,0.1
,,,,,252024,1176.5687,344,,,,,,,,
,,,,,252945,3078.45,921,,,,,,,,
,,,,,253000,,,-242.09556579589844,-1.5226290225982666,7.5476884841918945,241.04144287109375,240.72613525390625,0.0003,0.0003,0.1
,,,,,253837,2991.3857,892,,,,,,,,
,,,,,254000,,,-251.25,-1.5376403331756592,27.207185745239258,248.33157348632812,248.4286346435547,0.0003,0.0003,0.1
,,,,,254282,1626.6621,445,,,,,,,,
,,,,,254604,1022.5174,322,,,,,,,,
2140.3179,696.4217,3098.9983,935.8934,649.8,255000,,,-246.3189697265625,-1.407412052154541,4.947856426239014,244.96502685546875,245.00375366210938,0.0003,0.0003,0.1
,,,,,255370,2512.8887,766,,,,,,,,
,,,,,256000,,,-252.253662109375,-1.3386396169662476,4.7313337326049805,251.16775512695312,251.18875122070312,0.0003,0.0003,0.1
,,,,,256370,3104.9563,1000,,,,,,,,
,,,,,256707,1157.8539,337,,,,,,,,
,,,,,257000,,,-242.91323852539062,-2.021493911743164,12.00072193145752,240.51666259765625,241.14810180664062,0.0003,0.0003,0.1
,,,,,257341,2082.6357,634,,,,,,,,
,,,,,257878,1857.2557,537,,,,,,,,
,,,,,258000,,,-248.0688018798828,-1.747995138168335,16.460121154785156,246.5356903076172,246.42129516601562,0.0003,0.0003,0.1
,,,,,258435,1938.3372,557,,,,,,,,
,,,,,258770,1168.5522,335,,,,,,,,
,,,,,259000,,,-252.15707397460938,-1.5195897817611694,15.156001091003418,249.62625122070312,249.41641235351562,0.0003,0.0003,0.1
,,,,,259224,1634.21,454,,,,,,,,
,,,,,259946,2507.719,722,,,,,,,,
2390.356,836.9895,3299.2942,1032.8774,751.1,260000,,,-253.7639617919922,-1.4131503105163574,16.134490966796875,251.4741973876953,252.91575622558594,0.0003,0.0003,0.1
,,,,,260402,1526.861,456,,,,,,,,
,,,,,260940,1909.9362,538,,,,,,,,
,,,,,261000,,,-246.9114532470703,-1.4395956993103027,8.914656639099121,245.7703094482422,245.8289794921875,0.0003,0.0003,0.1
,,,,,261673,2503.2703,733,,,,,,,,
,,,,,262000,,,-252.5567169189453,-1.3981822729110718,5.791500091552734,249.99765014648438,249.82931518554688,0.0003,0.0003,0.1
,,,,,262026,1213.3497,353,,,,,,,,
,,,,,262264,783.9755,238,,,,,,,,
,,,,,262670,1372.701,406,,,,,,,,
,,,,,263000,,,-254.9542694091797,-1.2346479892730713,4.308558464050293,253.49630737304688,253.64999389648438,0.0003,0.0003,0.1
,,,,,263001,1212.0929,331,,,,,,,,
,,,,,263350,1177.8905,349,,,,,,,,
,,,,,263849,1633.1583,499,,,,,,,,
,,,,,264000,,,-256.10968017578125,-1.245772123336792,3.6746950149536133,255.04466247558594,255.47959899902344,0.0003,0.0003,0.1
,,,,,264536,2311.7058,687,,,,,,,,
,,,,,264887,1241.0193,351,,,,,,,,
2107.9382,907.68585,3357.6287,1016.9505,633.3,265000,,,-245.28787231445312,-1.6867051124572754,6.314942359924316,243.34286499023438,243.69921875,0.0003,0.0003,0.1
,,,,,265390,1763.6917,503,,,,,,,,
,,,,,265694,1052.1644,304,,,,,,,,
,,,,,266000,,,-239.1566619873047,-1.635284662246704,5.564337730407715,237.9704132080078,237.92364501953125,0.0003,0.0003,0.1
,,,,,266511,2874.0652,817,,,,,,,,
,,,,,266898,1392.2136,387,,,,,,,,
,,,,,267000,,,-248.5839080810547,-1.650756597518921,10.035852432250977,246.99093627929688,246.22756958007812,0.0003,0.0003,0.1
,,,,,267898,3154.3262,1000,,,,,,,,
,,,,,268000,,,-247.27310180664062,-1.3948508501052856,4.953534126281738,245.1753387451172,245.08197021484375,0.0003,0.0003,0.1
,,,,,268692,2619.8164,794,,,,,,,,
,,,,,269000,,,-249.0924072265625,-1.5262614488601685,3.9829702377319336,247.6767578125,247.86221313476562,0.0003,0.0003,0.1
,,,,,269558,2914.2898,866,,,,,,,,
2259.3318,792.6899,3293.8394,1180.3568,685.0,270000,,,-253.0062713623047,-1.2899951934814453,3.214298725128174,251.84701538085938,252.0316619873047,0.0003,0.0003,0.1
,,,,,270276,2380.9558,718,,,,,,,,
,,,,,270695,1483.5383,419,,,,,,,,
,,,,,271000,,,-249.93199157714844,-1.4646825790405273,6.375545501708984,248.5860595703125,248.69911193847656,0.0003,0.0003,0.1
,,,,,271621,3027.0654,926,,,,,,,,
,,,,,272000,,,-245.4530487060547,-1.2983803749084473,4.592171669006348,244.65884399414062,244.80581665039062,0.0003,0.0003,0.1
,,,,,272185,1867.325,564,,,,,,,,
,,,,,272794,2078.0815,609,,,,,,,,
,,,,,273000,,,-253.38446044921875,-1.2631306648254395,5.619011878967285,252.70835876464844,252.8134002685547,0.0003,0.0003,0.1
,,,,,273619,2765.632,825,,,,,,,,
,,,,,274000,,,-249.800537109375,-1.2909250259399414,5.3318610191345215,247.68630981445312,247.91671752929688,0.0003,0.0003,0.1
,,,,,274619,3134.354,1000,,,,,,,,
2230.4395,709.6365,3149.5908,1375.6963,687.5,275000,,,-253.18978881835938,-1.413841724395752,4.325739860534668,251.97128295898438,252.0939178466797,0.0003,0.0003,0.1
,,,,,275029,1516.8726,410,,,,,,,,
,,,,,276000,,,-252.30751037597656,-1.4970295429229736,11.487899780273438,251.49301147460938,251.1805419921875,0.0003,0.0003,0.1
,,,,,276029,3097.5925,1000,,,,,,,,
,,,,,277000,,,-257.9679870605469,-1.3664360046386719,5.357356548309326,254.69891357421875,254.4796142578125,0.0003,0.0003,0.1
,,,,,277029,3164.4265,1000,,,,,,,,
,,,,,277518,1676.1143,489,,,,,,,,
,,,,,278000,,,-255.80044555664062,-1.4423723220825195,5.332204818725586,254.7071990966797,254.91629028320312,0.0003,0.0003,0.1
,,,,,278245,2460.457,727,,,,,,,,
,,,,,278770,1792.307,525,,,,,,,,
,,,,,279000,,,-260.200439453125,-1.3959474563598633,3.6881937980651855,259.2995910644531,259.0365295410156,0.0003,0.0003,0.1
,,,,,279770,3174.7776,1000,,,,,,,,
2152.5522,620.5124,3193.984,1436.7715,638.2,280000,,,-255.64590454101562,-1.502052903175354,15.86945629119873,254.3900146484375,254.57101440429688,0.0003,0.0003,0.1
,,,,,280152,1407.9962,382,,,,,,,,
,,,,,280699,1869.0135,547,,,,,,,,
,,,,,281000,,,-253.93502807617188,-1.415993332862854,5.090154647827148,253.2424774169922,253.24337768554688,0.0003,0.0003,0.1
,,,,,281547,2777.9048,848,,,,,,,,
,,,,,281823,911.01404,276,,,,,,,,
,,,,,282000,,,-255.24002075195312,-1.5580036640167236,5.555145740509033,253.57598876953125,253.60189819335938,0.0003,0.0003,0.1
,,,,,282791,3285.036,968,,,,,,,,
,,,,,283000,,,-249.9113006591797,-1.3520371913909912,3.726280689239502,248.56277465820312,248.99368286132812,0.0003,0.0003,0.1
,,,,,283125,1209.3218,334,,,,,,,,
,,,,,283333,629.3987,208,,,,,,,,
,,,,,283704,1331.1614,371,,,,,,,,
,,,,,284000,,,-250.40223693847656,-1.3142223358154297,3.9261107444763184,248.9255828857422,248.70440673828125,0.0003,0.0003,0.1
,,,,,284532,2741.931,828,,,,,,,,
2726.6243,714.34576,3221.6858,1179.9194,854.7,285000,,,-250.28158569335938,-1.3514904975891113,5.031485557556152,249.3028564453125,249.59124755859375,0.0003,0.0003,0.1
,,,,,285520,3303.4702,988,,,,,,,,
,,,,,285949,1491.9995,429,,,,,,,,
,,,,,286000,,,-256.4718017578125,-1.1945562362670898,3.8984715938568115,255.58145141601562,255.4140625,0.0003,0.0003,0.1
,,,,,286441,1710.226,492,,,,,,,,
,,,,,287000,,,-248.885986328125,-1.7945964336395264,6.209776878356934,247.71376037597656,247.97439575195312,0.0003,0.0003,0.1
,,,,,287003,1879.436,562,,,,,,,,
,,,,,287560,1897.0394,557,,,,,,,,
,,,,,288000,,,-258.74365234375,-1.3164106607437134,3.238508939743042,258.14178466796875,257.8565979003906,0.0003,0.0003,0.1
,,,,,288359,2677.5403,799,,,,,,,,
,,,,,288803,1603.4803,444,,,,,,,,
,,,,,289000,,,-245.97386169433594,-1.2393991947174072,7.00175142288208,244.44699096679688,245.23443603515625,0.0003,0.0003,0.1
,,,,,289338,1855.3855,535,,,,,,,,
,,,,,289745,1474.3395,407,,,,,,,,
2679.5715,593.07996,3333.6821,1615.1594,814.6,290000,,,-254.8966827392578,-1.592869520187378,18.408506393432617,252.06190490722656,252.38931274414062,0.0003,0.0003,0.1
,,,,,290078,1173.1802,333,,,,,,,,
,,,,,290417,1181.8851,339,,,,,,,,
,,,,,290828,1393.0078,411,,,,,,,,
,,,,,291000,,,-252.3794708251953,-1.319970726966858,9.35961627960205,250.60137939453125,250.42236328125,0.0003,0.0003,0.1
,,,,,291521,2373.9922,693,,,,,,,,
,,,,,292000,,,-254.60653686523438,-1.1873891353607178,11.585477828979492,253.52822875976562,253.49627685546875,0.0003,0.0003,0.1
,,,,,292521,3143.0142,1000,,,,,,,,
,,,,,292847,1083.5175,326,,,,,,,,
,,,,,292910,120.56452,63,,,,,,,,
,,,,,293000,,,-253.99996948242188,-1.1761102676391602,5.981587886810303,252.33377075195312,252.8558349609375,0.0003,0.0003,0.1
,,,,,293910,3149.6973,1000,,,,,,,,
,,,,,294000,,,-258.9742431640625,-1.5460598468780518,4.94176721572876,258.0384216308594,257.9873046875,0.0003,0.0003,0.1
,,,,,294910,3191.5732,1000,,,,,,,,
1602.8923,586.004,3168.537,1133.8007,469.1,295000,,,-250.91464233398438,-1.1694676876068115,4.344865322113037,250.02481079101562,250.09469604492188,0.0003,0.0003,0.1
,,,,,295331,1462.2855,421,,,,,,,,
,,,,,295764,1550.1492,433,,,,,,,,
,,,,,296000,,,-254.74264526367188,-1.2518317699432373,5.61605167388916,253.55093383789062,253.71566772460938,0.0003,0.0003,0.1
,,,,,296179,1529.2532,415,,,,,,,,
,,,,,296827,2284.7764,648,,,,,,,,
,,,,,297000,,,-255.21241760253906,-1.3617801666259766,16.56521987915039,253.28109741210938,253.05709838867188,0.0003,0.0003,0.1
,,,,,297827,3116.3,1000,,,,,,,,
,,,,,298000,,,-255.729248046875,-1.5676333904266357,3.4652090072631836,253.92129516601562,253.87705993652344,0.0003,0.0003,0.1
,,,,,298827,3153.9307,1000,,,,,,,,
,,,,,299000,,,-253.54273986816406,-1.3972628116607666,17.89002227783203,251.12855529785156,251.5889892578125,0.0003,0.0003,0.1
,,,,,299827,3153.9265,1000,,,,,,,,
2440.356,785.34033,3164.819,1196.6227,760.7,300000,,,-257.2814636230469,-1.0105981826782227,5.34951114654541,256.2860412597656,256.6894226074219,0.0003,0.0003,0.1
,,,,,300257,1476.2032,430,,,,,,,,
,,,,,300565,959.84424,308,,,,,,,,
,,,,,301000,,,-254.89752197265625,-1.2692668437957764,12.546359062194824,253.51763916015625,253.58673095703125,0.0003,0.0003,0.1
,,,,,301415,2907.8254,850,,,,,,,,
,,,,,302000,,,-257.9244689941406,-1.7433314323425293,4.230581283569336,256.9399719238281,256.83111572265625,0.0003,0.0003,0.1
,,,,,302075,2201.4211,660,,,,,,,,
,,,,,302480,1477.1053,405,,,,,,,,
,,,,,302950,1556.8799,470,,,,,,,,
,,,,,303000,,,-263.5961608886719,-0.889022707939148,2.696861505508423,262.27008056640625,262.1817321777344,0.0003,0.0003,0.1
,,,,,303612,2310.8042,662,,,,,,,,
,,,,,304000,,,-256.0193176269531,-1.0648062229156494,3.9601686000823975,255.20816040039062,255.27740478515625,0.0003,0.0003,0.1
,,,,,304019,1428.6895,407,,,,,,,,
,,,,,304685,2298.6616,666,,,,,,,,
,,,,,304946,918.25793,261,,,,,,,,
2295.8274,1029.879,3159.89,17.828989,713.8,305000,,,-249.92327880859375,-1.5607314109802246,3.310697555541992,248.98648071289062,248.92599487304688,0.0003,0.0003,0.1
,,,,,305464,1862.5453,518,,,,,,,,
,,,,,305936,1618.0717,472,,,,,,,,
,,,,,306000,,,-260.7142333984375,-1.312661051750183,4.676015853881836,259.744384765625,260.0189514160156,0.0003,0.0003,0.1
,,,,,306749,2710.6733,813,,,,,,,,
,,,,,307000,,,-251.059326171875,-1.3233065605163574,4.107948303222656,249.2899932861328,249.11599731445312,0.0003,0.0003,0.1
,,,,,307193,1557.7698,444,,,,,,,,
,,,,,307612,1397.9939,419,,,,,,,,
,,,,,307974,1277.4124,362,,,,,,,,
,,,,,308000,,,-260.43988037109375,-1.4856045246124268,10.20809555053711,259.44989013671875,259.5979309082031,0.0003,0.0003,0.1
,,,,,308334,1272.4795,360,,,,,,,,
,,,,,308774,1478.5175,440,,,,,,,,
,,,,,309000,,,-260.188232421875,-1.309303641319275,4.226229667663574,259.598876953125,259.43011474609375,0.0003,0.0003,0.1
,,,,,309115,1198.1923,341,,,,,,,,
,,,,,309534,1428.7217,419,,,,,,,,
,,,,,309938,1386.4695,404,,,,,,,,
2153.5286,676.68994,3137.8887,1205.7666,653.7,310000,,,-256.3104553222656,-1.4248018264770508,3.508885383605957,255.48741149902344,255.42697143554688,0.0003,0.0003,0.1
,,,,,310738,2727.314,800,,,,,,,,
,,,,,311000,,,-260.7744445800781,-1.3625905513763428,5.945855140686035,259.89471435546875,260.1507263183594,0.0003,0.0003,0.1
,,,,,311078,1266.7203,340,,,,,,,,
,,,,,312000,,,-257.6219177246094,-1.3987425565719604,5.003010272979736,256.81884765625,257.2427978515625,0.0003,0.0003,0.1
,,,,,312078,3232.899,1000,,,,,,,,
,,,,,313000,,,-265.7355041503906,-0.8402270078659058,4.559902191162109,264.9722900390625,264.88519287109375,0.0003,0.0003,0.1
,,,,,313078,3182.5864,1000,,,,,,,,
,,,,,313635,2009.588,557,,,,,,,,
,,,,,313912,913.7195,277,,,,,,,,
,,,,,314000,,,-254.4788818359375,-1.4755597114562988,3.871067762374878,253.5634002685547,253.3556671142578,0.0003,0.0003,0.1
,,,,,314483,2012.0278,571,,,,,,,,
,,,,,314728,791.3636,245,,,,,,,,
877.43866,315.82593,1791.4276,694.2606,273.4,315000,,,-254.03878784179688,-1.2061505317687988,8.836986541748047,252.55714416503906,253.26400756835938,0.0003,0.0003,0.1
,,,,,315468,2526.2122,740,,,,,,,,
,,,,,315907,1560.7137,439,,,,,,,,
,,,,,316000,,,-256.1505126953125,-1.187479019165039,11.134068489074707,253.2991485595703,253.45953369140625,0.0003,0.0003,0.1
,,,,,316453,1836.4929,546,,,,,,,,
,,,,,316704,831.2572,251,,,,,,,,
,,,,,317000,,,-251.7626953125,-1.2832077741622925,5.188509464263916,250.65087890625,250.4714813232422,0.0003,0.0003,0.1
,,,,,317125,1448.9198,421,,,,,,,,
,,,,,317498,1321.8842,373,,,,,,,,
,,,,,317906,1372.6365,408,,,,,,,,
,,,,,318000,,,-261.760498046875,-1.1979680061340332,9.025190353393555,259.74755859375,259.803955078125,0.0003,0.0003,0.1
,,,,,318524,2042.3481,618,,,,,,,,
,,,,,318876,1240.7776,352,,,,,,,,
,,,,,319000,,,-262.07086181640625,-1.1870214939117432,5.705182075500488,261.40960693359375,261.0596618652344,0.0003,0.0003,0.1
,,,,,319412,1857.7644,536,,,,,,,,
1856.1365,795.46985,3215.1624,836.57074,548.8,320000,,,-270.49481201171875,-1.159031629562378,5.834299564361572,268.1112365722656,268.18951416015625,0.0003,0.0003,0.1
,,,,,320058,2249.5132,646,,,,,,,,
,,,,,321000,,,-257.37359619140625,-1.4821913242340088,21.43777084350586,253.4569854736328,253.66336059570312,0.0003,0.0003,0.1
,,,,,321058,3184.1055,1000,,,,,,,,
,,,,,322000,,,-267.1088562011719,-1.1725232601165771,4.533941745758057,265.3468017578125,265.5872802734375,0.0003,0.0003,0.1
,,,,,322058,3266.7512,1000,,,,,,,,
,,,,,322117,111.18227,59,,,,,,,,
,,,,,322664,1808.8557,547,,,,,,,,
,,,,,323000,,,-253.1079559326172,-1.5387572050094604,3.4120683670043945,251.17428588867188,251.2490234375,0.0003,0.0003,0.1
,,,,,323096,1535.8748,432,,,,,,,,
,,,,,323454,1209.3805,358,,,,,,,,
,,,,,323769,1017.7245,315,,,,,,,,
,,,,,324000,,,-256.6729431152344,-1.3299185037612915,11.75490951538086,256.0601806640625,255.69375610351562,0.0003,0.0003,0.1
,,,,,324032,849.12177,263,,,,,,,,
,,,,,324359,1122.8832,327,,,,,,,,
,,,,,324615,818.8792,256,,,,,,,,
,,,,,324888,889.1454,273,,,,,,,,
1775.695,773.5763,3289.1914,972.136,514.0,325000,,,-264.4262390136719,-1.499969482421875,4.372109413146973,263.4074401855469,263.6768798828125,0.0003,0.0003,0.1
,,,,,325877,3336.6062,989,,,,,,,,
,,,,,326000,,,-260.2702941894531,-1.314650058746338,7.764880657196045,259.25103759765625,259.1651611328125,0.0003,0.0003,0.1
,,,,,326376,1791.3999,499,,,,,,,,
,,,,,326673,991.69257,297,,,,,,,,
,,,,,327000,,,-261.6457214355469,-0.9713646173477173,4.088521957397461,259.97491455078125,260.1820373535156,0.0003,0.0003,0.1
,,,,,327088,1466.7477,415,,,,,,,,
,,,,,327469,1384.3752,381,,,,,,,,
,,,,,327800,1179.5483,331,,,,,,,,
,,,,,328000,,,-265.8216857910156,-1.2882943153381348,6.79069709777832,264.6034851074219,264.4686279296875,0.0003,0.0003,0.1
,,,,,328163,1252.257,363,,,,,,,,
,,,,,328548,1406.1188,385,,,,,,,,
,,,,,329000,,,-252.31381225585938,-1.3515757322311401,4.2913737297058105,249.68759155273438,250.0063018798828,0.0003,0.0003,0.1
,,,,,329257,2413.123,709,,,,,,,,
,,,,,329663,1493.9972,406,,,,,,,,
1137.7493,138.51413,1290.3994,865.3357,326.6,330000,,,-259.8422546386719,-1.2748228311538696,7.85551643371582,257.7616271972656,257.4027404785156,0.0003,0.0003,0.1
,,,,,330062,1296.3184,399,,,,,,,,
,,,,,330473,1398.8374,411,,,,,,,,
,,,,,331000,,,-264.8199462890625,-1.1876269578933716,3.408906936645508,263.58709716796875,263.73138427734375,0.0003,0.0003,0.1
,,,,,331098,2158.5537,625,,,,,,,,
,,,,,331701,2022.6877,603,,,,,,,,
,,,,,332000,,,-253.74378967285156,-1.2008774280548096,8.873225212097168,251.32293701171875,251.50816345214844,0.0003,0.0003,0.1
,,,,,332036,1182.9441,335,,,,,,,,
,,,,,333000,,,-259.74627685546875,-1.1679036617279053,4.121901035308838,258.83160400390625,258.9790344238281,0.0003,0.0003,0.1
,,,,,333036,3204.1167,1000,,,,,,,,
,,,,,333937,3043.3179,901,,,,,,,,
,,,,,334000,,,-254.34373474121094,-1.3262314796447754,4.020988464355469,253.38650512695312,253.20574951171875,0.0003,0.0003,0.1
,,,,,334499,1941.0918,562,,,,,,,,
,,,,,334976,1666.6565,477,,,,,,,,
1211.8058,275.34415,1565.5884,634.76154,346.0,335000,,,-266.203125,-0.969178318977356,3.027153491973877,265.59991455078125,265.7857666015625,0.0003,0.0003,0.1
,,,,,335293,1113.71,317,,,,,,,,
,,,,,335759,1645.8575,466,,,,,,,,
,,,,,336000,,,-270.6316223144531,-0.9898109436035156,32.231571197509766,268.86663818359375,269.5435791015625,0.0003,0.0003,0.1
,,,,,336098,1225.6335,339,,,,,,,,
,,,,,336389,962.32947,291,,,,,,,,
,,,,,336725,1159.9518,336,,,,,,,,
,,,,,337000,,,-252.94241333007812,-1.0397093296051025,3.690762758255005,252.08737182617188,252.050048828125,0.0003,0.0003,0.1
,,,,,337082,1309.1718,357,,,,,,,,
,,,,,337487,1514.4951,405,,,,,,,,
,,,,,337817,1159.2258,330,,,,,,,,
,,,,,338000,,,-264.38397216796875,-1.2188189029693604,3.151244640350342,262.58245849609375,262.65338134765625,0.0003,0.0003,0.1
,,,,,338291,1641.6127,474,,,,,,,,
,,,,,338854,1946.7943,563,,,,,,,,
,,,,,339000,,,-258.78265380859375,-1.3807343244552612,8.064254760742188,257.2242431640625,257.191650390625,0.0003,0.0003,0.1
,,,,,339611,2663.0747,757,,,,,,,,
1824.941,793.3282,3181.126,911.3837,544.5,340000,,,-253.65225219726562,-0.9853523969650269,6.860907077789307,252.778564453125,252.8140106201172,0.0003,0.0003,0.1
,,,,,340010,1488.0497,399,,,,,,,,
,,,,,340336,1145.9362,326,,,,,,,,
,,,,,340847,1833.5553,511,,,,,,,,
,,,,,341000,,,-257.05474853515625,-1.1504560708999634,11.238208770751953,254.89190673828125,254.57664489746094,0.0003,0.0003,0.1
,,,,,341307,1672.5558,460,,,,,,,,
,,,,,341953,2245.0034,646,,,,,,,,
,,,,,342000,,,-266.52496337890625,-1.1889252662658691,4.065288543701172,264.61370849609375,265.0068054199219,0.0003,0.0003,0.1
,,,,,342449,1734.3612,496,,,,,,,,
,,,,,342863,1452.8912,414,,,,,,,,
,,,,,343000,,,-264.83221435546875,-1.4575629234313965,8.919551849365234,263.1551513671875,262.9199523925781,0.0003,0.0003,0.1
,,,,,343190,1129.6558,327,,,,,,,,
,,,,,343530,1197.7924,340,,,,,,,,
,,,,,344000,,,-253.5504150390625,-1.2215161323547363,7.583019733428955,252.54286193847656,253.2899169921875,0.0003,0.0003,0.1
,,,,,344229,2392.4675,699,,,,,,,,
,,,,,344776,1999.1312,547,,,,,,,,
2493.3967,907.81476,3410.0144,941.7031,763.8,345000,,,-261.29852294921875,-1.2886507511138916,6.093479156494141,260.4295959472656,260.58294677734375,0.0003,0.0003,0.1
,,,,,345242,1672.1351,466,,,,,,,,
,,,,,346000,,,-255.6791534423828,-1.069798469543457,52.72919845581055,255.43890380859375,255.3282012939453,0.0003,0.0003,0.1
,,,,,346129,2982.006,887,,,,,,,,
,,,,,346469,1168.58,340,,,,,,,,
,,,,,346994,1821.9044,525,,,,,,,,
,,,,,347000,,,-271.19085693359375,-1.0717401504516602,4.366193771362305,270.6706848144531,270.5381164550781,0.0003,0.0003,0.1
,,,,,347994,3183.0515,1000,,,,,,,,
,,,,,348000,,,-257.93878173828125,-1.3059296607971191,4.034090995788574,257.015625,256.980224609375,0.0003,0.0003,0.1
,,,,,348289,1003.9098,295,,,,,,,,
,,,,,348691,1456.6516,402,,,,,,,,
,,,,,349000,,,-259.2320556640625,-1.3834031820297241,5.40157413482666,258.0122985839844,257.7811279296875,0.0003,0.0003,0.1
,,,,,349136,1655.0154,445,,,,,,,,
,,,,,349467,1101.2311,331,,,,,,,,
,,,,,349922,1560.6643,455,,,,,,,,
2172.6606,632.35004,3255.9287,1246.0823,640.8,350000,,,-263.68896484375,-1.408772587776184,6.990713596343994,261.65472412109375,261.5504150390625,0.0003,0.0003,0.1
,,,,,350685,2657.9724,763,,,,,,,,
,,,,,351000,,,-263.4280090332031,-1.1986944675445557,5.724979877471924,261.900390625,262.1192321777344,0.0003,0.0003,0.1
,,,,,351376,2394.041,691,,,,,,,,
,,,,,352000,,,-256.57000732421875,-1.588501214981079,6.917737007141113,254.04788208007812,253.85980224609375,0.0003,0.0003,0.1
,,,,,352376,3250.3145,1000,,,,,,,,
,,,,,352918,1975.5071,542,,,,,,,,
,,,,,353000,,,-258.01312255859375,-1.3165788650512695,5.567893028259277,257.03143310546875,257.09228515625,0.0003,0.0003,0.1
,,,,,353449,1761.9618,531,,,,,,,,
,,,,,353821,1309.0408,372,,,,,,,,
,,,,,354000,,,-266.8963623046875,-1.2834081649780273,6.932456970214844,266.153076171875,266.50927734375,0.0003,0.0003,0.1
,,,,,354451,2143.0698,630,,,,,,,,
,,,,,354728,919.1699,277,,,,,,,,
1768.3308,548.47485,2988.9207,1133.8088,495.9,355000,,,-267.9772033691406,-0.8267987966537476,5.452785015106201,267.3828125,266.9757995605469,0.0003,0.0003,0.1
,,,,,355495,2654.4695,767,,,,,,,,
,,,,,356000,,,-265.7930908203125,-1.084115982055664,19.440876007080078,264.7563781738281,265.21197509765625,0.0003,0.0003,0.1
,,,,,356342,2870.8472,847,,,,,,,,
,,,,,357000,,,-264.6468811035156,-1.301941156387329,5.936451435089111,263.7618408203125,264.2210693359375,0.0003,0.0003,0.1
,,,,,357342,3153.9485,1000,,,,,,,,
,,,,,358000,,,-258.84161376953125,-1.0233210325241089,4.9613471031188965,258.0015869140625,258.49041748046875,0.0003,0.0003,0.1
,,,,,358342,3224.957,1000,,,,,,,,
,,,,,359000,,,-259.47296142578125,-1.2970997095108032,2.8893966674804688,258.6682434082031,258.91815185546875,0.0003,0.0003,0.1
,,,,,359086,2605.3245,744,,,,,,,,
,,,,,359514,1508.9083,428,,,,,,,,
1664.1892,736.26733,2920.474,802.81085,476.1,360000,,,-262.3823547363281,-1.099311351776123,3.5088539123535156,261.6522521972656,261.7198486328125,0.0003,0.0003,0.1
,,,,,360064,1946.1661,550,,,,,,,,
,,,,,360609,1918.3102,545,,,,,,,,
,,,,,361000,,,-259.0572204589844,-1.6433954238891602,10.307294845581055,257.50531005859375,257.9546203613281,0.0003,0.0003,0.1
,,,,,361094,1678.6798,485,,,,,,,,
,,,,,361760,2386.8625,666,,,,,,,,
,,,,,362000,,,-263.3880615234375,-0.8483117818832397,5.996587753295898,262.6048583984375,263.12908935546875,0.0003,0.0003,0.1
,,,,,362166,1457.3904,406,,,,,,,,
,,,,,362669,1835.2772,503,,,,,,,,
,,,,,363000,,,-263.5107727050781,-1.3242896795272827,16.171993255615234,262.389892578125,261.707275390625,0.0003,0.0003,0.1
,,,,,363669,3265.8604,1000,,,,,,,,
,,,,,364000,,,-267.4986267089844,-1.1324490308761597,3.2427730560302734,265.79693603515625,266.3562316894531,0.0003,0.0003,0.1
,,,,,364282,2195.7422,613,,,,,,,,
,,,,,364793,1877.4227,511,,,,,,,,
1531.1152,401.6963,2295.5833,930.8378,424.8,365000,,,-260.6747741699219,-1.2407221794128418,3.0184295177459717,259.25897216796875,259.0552978515625,0.0003,0.0003,0.1
,,,,,365205,1455.6022,412,,,,,,,,
,,,,,365796,2139.7058,591,,,,,,,,
,,,,,366000,,,-264.0145568847656,-1.0554511547088623,5.483874320983887,261.5356140136719,261.347900390625,0.0003,0.0003,0.1
,,,,,366065,877.07916,269,,,,,,,,
,,,,,366566,1788.737,501,,,,,,,,
,,,,,367000,,,-268.5392761230469,-1.150213360786438,2.6740357875823975,267.8331298828125,267.739013671875,0.0003,0.0003,0.1
,,,,,367193,2251.7886,627,,,,,,,,
,,,,,367709,1898.0276,516,,,,,,,,
,,,,,368000,,,-263.40087890625,-1.1151816844940186,11.223834991455078,262.0801696777344,262.0409851074219,0.0003,0.0003,0.1
,,,,,368177,1690.9122,468,,,,,,,,
,,,,,368871,2482.2097,694,,,,,,,,
,,,,,369000,,,-264.6260070800781,-1.1283271312713623,10.97406005859375,262.21636962890625,262.486572265625,0.0003,0.0003,0.1
,,,,,369465,2110.5872,594,,,,,,,,
,,,,,369706,766.32104,241,,,,,,,,
1443.9508,251.42142,1811.3269,909.48566,396.7,370000,,,-262.0046691894531,-0.916580319404602,4.357904434204102,261.2916259765625,261.18621826171875,0.0003,0.0003,0.1
,,,,,370117,1494.6748,411,,,,,,,,
,,,,,370511,1353.8912,394,,,,,,,,
,,,,,371000,,,-263.28662109375,-0.8341334462165833,4.354070663452148,262.23248291015625,262.38885498046875,0.0003,0.0003,0.1
,,,,,371020,1858.7052,509,,,,,,,,
,,,,,371466,1619.3066,446,,,,,,,,
,,,,,372000,,,-251.63148498535156,-1.5791733264923096,6.099313259124756,249.60421752929688,249.60342407226562,0.0003,0.0003,0.1
,,,,,372165,2582.4897,699,,,,,,,,
,,,,,372478,1082.7697,313,,,,,,,,
,,,,,372782,1054.8481,304,,,,,,,,
,,,,,373000,,,-262.549560546875,-1.474683165550232,3.2575676441192627,261.5946350097656,261.8708801269531,0.0003,0.0003,0.1
,,,,,373296,1863.1912,514,,,,,,,,
,,,,,373687,1466.9005,391,,,,,,,,
,,,,,374000,,,-259.5550231933594,-1.1887117624282837,4.7308759689331055,257.7911682128906,257.65521240234375,0.0003,0.0003,0.1
,,,,,374083,1392.4537,396,,,,,,,,
,,,,,374491,1451.3788,408,,,,,,,,
1163.3923,170.07883,1473.3766,880.8431,328.7,375000,,,-254.36395263671875,-0.9305380582809448,4.672223091125488,253.54440307617188,253.77066040039062,0.0003,0.0003,0.1
,,,,,375045,1901.2567,554,,,,,,,,
,,,,,375532,1712.2021,487,,,,,,,,
,,,,,375893,1249.7749,361,,,,,,,,
,,,,,376000,,,-265.1007080078125,-0.9504044055938721,2.5784454345703125,264.489990234375,264.3288879394531,0.0003,0.0003,0.1
,,,,,376381,1759.8937,488,,,,,,,,
,,,,,376676,995.63226,295,,,,,,,,
,,,,,377000,,,-265.8368835449219,-1.0052387714385986,1.9650641679763794,265.27520751953125,265.6236572265625,0.0003,0.0003,0.1
,,,,,377011,1120.2253,335,,,,,,,,
,,,,,377855,2874.3474,844,,,,,,,,
,,,,,378000,,,-259.8953857421875,-1.0358014106750488,4.2425432205200195,258.21490478515625,258.68218994140625,0.0003,0.0003,0.1
,,,,,378251,1439.8619,396,,,,,,,,
,,,,,378651,1461.2607,400,,,,,,,,
,,,,,379000,,,-255.97561645507812,-1.270517349243164,4.025667667388916,253.5726776123047,253.5070037841797,0.0003,0.0003,0.1
,,,,,379327,2339.3384,676,,,,,,,,
,,,,,379658,1121.8285,331,,,,,,,,
3004.8586,210.6654,3286.171,2624.2732,899.9,380000,,,-263.2631530761719,-1.1407358646392822,7.16852331161499,262.31915283203125,261.7864990234375,0.0003,0.0003,0.1
,,,,,380294,2327.91,636,,,,,,,,
,,,,,381000,,,-258.7703552246094,-1.3442838191986084,4.698034763336182,258.13751220703125,257.6728210449219,0.0003,0.0003,0.1
,,,,,381294,3106.1233,1000,,,,,,,,
,,,,,381830,1902.8217,536,,,,,,,,
,,,,,382000,,,-261.39178466796875,-1.2516920566558838,8.09870719909668,259.7685546875,259.64044189453125,0.0003,0.0003,0.1
,,,,,382428,2187.6326,598,,,,,,,,
,,,,,383000,,,-262.31695556640625,-1.415902853012085,3.4667482376098633,260.80413818359375,260.95709228515625,0.0003,0.0003,0.1
,,,,,383045,2081.3877,617,,,,,,,,
,,,,,383596,1935.2413,551,,,,,,,,
,,,,,384000,,,-268.1136169433594,-0.9648997783660889,2.4708852767944336,267.4881591796875,267.388916015625,0.0003,0.0003,0.1
,,,,,384311,2449.4072,715,,,,,,,,
2766.6938,512.61694,3303.5771,1798.5463,820.9,385000,,,-265.5386657714844,-1.0765984058380127,4.392696380615234,264.20941162109375,264.31011962890625,0.0003,0.0003,0.1
,,,,,385075,2712.4697,764,,,,,,,,
,,,,,385483,1493.7383,408,,,,,,,,
,,,,,386000,,,-267.5292663574219,-1.3222086429595947,6.718071460723877,265.93487548828125,265.9793701171875,0.0003,0.0003,0.1
,,,,,386147,2186.0212,664,,,,,,,,
,,,,,387000,,,-265.0617370605469,-1.048988938331604,4.912161827087402,264.5927734375,264.5833435058594,0.0003,0.0003,0.1
,,,,,387147,3243.3003,1000,,,,,,,,
,,,,,387845,2453.433,698,,,,,,,,
,,,,,388000,,,-265.17987060546875,-1.1521141529083252,5.204868316650391,264.0697937011719,263.666748046875,0.0003,0.0003,0.1
,,,,,388503,2384.2615,658,,,,,,,,
,,,,,388836,1138.465,333,,,,,,,,
,,,,,389000,,,-271.619140625,-1.0557173490524292,2.3313047885894775,270.97296142578125,270.9252624511719,0.0003,0.0003,0.1
,,,,,389548,2517.4485,712,,,,,,,,
,,,,,389931,1343.1372,383,,,,,,,,
2372.0842,586.2241,3126.8706,1031.0272,679.4,390000,,,-257.83282470703125,-1.2958993911743164,3.731022357940674,256.98638916015625,256.589111328125,0.0003,0.0003,0.1
,,,,,390292,1185.9032,361,,,,,,,,
,,,,,391000,,,-262.92413330078125,-1.2029353380203247,6.326394081115723,261.6453857421875,261.953369140625,0.0003,0.0003,0.1
,,,,,391292,3110.8247,1000,,,,,,,,
,,,,,391768,1661.5607,476,,,,,,,,
,,,,,392000,,,-252.88011169433594,-1.4265096187591553,7.885837078094482,251.65835571289062,251.46664428710938,0.0003,0.0003,0.1
,,,,,392370,2169.5684,602,,,,,,,,
,,,,,392979,2135.6606,609,,,,,,,,
,,,,,393000,,,-260.81121826171875,-1.073007345199585,4.482174396514893,259.99005126953125,259.7392578125,0.0003,0.0003,0.1
,,,,,393533,2010.6617,554,,,,,,,,
,,,,,394000,,,-269.3360290527344,-1.0253937244415283,8.222660064697266,268.2997131347656,268.06707763671875,0.0003,0.0003,0.1
,,,,,394001,1643.6454,468,,,,,,,,
,,,,,394599,2243.3374,598,,,,,,,,
1795.6576,405.65848,2353.6606,1147.0497,495.7,395000,,,-263.00738525390625,-1.106102466583252,3.2328057289123535,261.3289794921875,261.63128662109375,0.0003,0.0003,0.1
,,,,,395100,1859.046,501,,,,,,,,
,,,,,396000,,,-269.5769348144531,-0.9294366240501404,8.609533309936523,268.1033935546875,267.79925537109375,0.0003,0.0003,0.1
,,,,,396100,3261.4246,1000,,,,,,,,
,,,,,396503,1429.9237,403,,,,,,,,
,,,,,396968,1684.5479,465,,,,,,,,
,,,,,397000,,,-262.1812438964844,-1.1962063312530518,2.738713264465332,260.6658935546875,260.7025451660156,0.0003,0.0003,0.1
,,,,,397464,1795.917,496,,,,,,,,
,,,,,397953,1845.0864,489,,,,,,,,
,,,,,398000,,,-265.2497253417969,-1.2065198421478271,5.6830010414123535,264.1903076171875,264.12713623046875,0.0003,0.0003,0.1
,,,,,398953,3197.4211,1000,,,,,,,,
,,,,,399000,,,-273.23956298828125,-1.2393628358840942,3.7234902381896973,272.7579345703125,272.737548828125,0.0003,0.0003,0.1
,,,,,399506,1991.552,553,,,,,,,,
,,,,,399916,1486.9767,410,,,,,,,,
2402.08,632.7394,3486.4683,1626.6741,684.6,400000,,,-263.2843017578125,-1.3664743900299072,3.6903510093688965,262.41986083984375,262.6444091796875,0.0003,0.0003,0.1
,,,,,400322,1497.6118,406,,,,,,,,
,,,,,400830,1851.1865,508,,,,,,,,
,,,,,401000,,,-263.5246276855469,-1.0698277950286865,4.717254638671875,262.49188232421875,263.17681884765625,0.0003,0.0003,0.1
,,,,,401300,1759.491,470,,,,,,,,
,,,,,402000,,,-272.8594665527344,-1.2283639907836914,3.185468912124634,272.08258056640625,272.3882751464844,0.0003,0.0003,0.1
,,,,,402300,3152.965,1000,,,,,,,,
,,,,,402801,1785.122,501,,,,,,,,
,,,,,403000,,,-258.75115966796875,-0.981620192527771,5.823687553405762,257.915771484375,258.6395263671875,0.0003,0.0003,0.1
,,,,,403170,1309.9485,369,,,,,,,,
,,,,,403543,1331.2811,373,,,,,,,,
,,,,,404000,,,-263.58026123046875,-1.2067623138427734,5.481125354766846,262.65386962890625,262.89605712890625,0.0003,0.0003,0.1
,,,,,404097,2020.5425,554,,,,,,,,
,,,,,404639,1887.0728,542,,,,,,,,
2383.783,523.0973,3258.1118,1757.5792,710.1,405000,,,-263.7710876464844,-1.3765714168548584,11.561022758483887,262.2991943359375,262.47296142578125,0.0003,0.0003,0.1
,,,,,405201,2007.2156,562,,,,,,,,
,,,,,405580,1323.355,379,,,,,,,,
,,,,,406000,,,-267.2943115234375,-1.0016942024230957,5.745425224304199,266.4223327636719,266.19708251953125,0.0003,0.0003,0.1
,,,,,406016,1607.5166,436,,,,,,,,
,,,,,406310,1006.9799,294,,,,,,,,
,,,,,406655,1244.3448,345,,,,,,,,
,,,,,407000,,,-270.8885192871094,-1.218090295791626,4.107211112976074,269.709716796875,269.7803955078125,0.0003,0.0003,0.1
,,,,,407074,1502.7438,419,,,,,,,,
,,,,,407518,1670.5651,444,,,,,,,,
,,,,,407945,1542.996,427,,,,,,,,
,,,,,408000,,,-265.59869384765625,-1.0209405422210693,3.178765296936035,264.26666259765625,264.29681396484375,0.0003,0.0003,0.1
,,,,,408448,1852.9589,503,,,,,,,,
,,,,,408909,1613.2439,461,,,,,,,,
,,,,,409000,,,-270.5607604980469,-1.0894548892974854,5.80195426940918,269.89892578125,269.6454162597656,0.0003,0.0003,0.1
,,,,,409368,1631.433,459,,,,,,,,
,,,,,409862,1901.7454,494,,,,,,,,
2229.476,620.45374,3148.9138,952.4487,627.8,410000,,,-270.65185546875,-1.0898816585540771,3.866041898727417,270.08892822265625,269.889892578125,0.0003,0.0003,0.1
,,,,,410388,1972.0814,526,,,,,,,,
,,,,,410993,2095.3674,605,,,,,,,,
,,,,,411000,,,-272.90972900390625,-0.982715368270874,3.222632646560669,272.2295227050781,272.234619140625,0.0003,0.0003,0.1
,,,,,411589,2133.4275,596,,,,,,,,
,,,,,411917,1170.2241,328,,,,,,,,
,,,,,412000,,,-263.4842529296875,-0.8084729909896851,5.537667274475098,262.868896484375,263.15618896484375,0.0003,0.0003,0.1
,,,,,412567,2344.1187,650,,,,,,,,
,,,,,412995,1565.4481,428,,,,,,,,
,,,,,413000,,,-263.9867858886719,-1.2209911346435547,6.175082206726074,263.3304443359375,263.4678649902344,0.0003,0.0003,0.1
,,,,,413420,1612.1586,425,,,,,,,,
,,,,,413953,1980.8856,533,,,,,,,,
,,,,,414000,,,-264.0811462402344,-1.0056562423706055,16.118961334228516,263.48077392578125,263.22833251953125,0.0003,0.0003,0.1
,,,,,414412,1685.4656,459,,,,,,,,
,,,,,414792,1401.7349,380,,,,,,,,
1568.092,360.61868,2345.447,976.60394,443.0,415000,,,-260.1893615722656,-0.8174415826797485,4.185391426086426,259.38360595703125,259.22998046875,0.0003,0.0003,0.1
,,,,,415294,1843.799,502,,,,,,,,
,,,,,415634,1171.76,340,,,,,,,,
,,,,,416000,,,-274.4991149902344,-1.028285264968872,2.9640755653381348,272.4749755859375,272.1044921875,0.0003,0.0003,0.1
,,,,,416203,2033.1857,569,,,,,,,,
,,,,,416700,1797.3938,497,,,,,,,,
,,,,,417000,,,-267.1590881347656,-1.2674579620361328,4.519501209259033,266.42608642578125,266.1063232421875,0.0003,0.0003,0.1
,,,,,417042,1185.7407,342,,,,,,,,
,,,,,417564,1844.9972,522,,,,,,,,
,,,,,418000,,,-274.18865966796875,-1.1209242343902588,7.289806365966797,272.8416748046875,272.86834716796875,0.0003,0.0003,0.1
,,,,,418005,1694.9937,441,,,,,,,,
,,,,,418314,1102.9968,309,,,,,,,,
,,,,,418863,2037.285,549,,,,,,,,
,,,,,419000,,,-262.0480041503906,-1.1552035808563232,3.9098734855651855,260.1137390136719,260.65740966796875,0.0003,0.0003,0.1
,,,,,419630,2526.7498,767,,,,,,,,
1645.5631,234.57674,2305.0867,1424.1848,450.2,420000,,,-265.2426452636719,-0.9592530727386475,2.742568254470825,264.6612548828125,264.39849853515625,0.0003,0.0003,0.1
,,,,,420003,1341.0787,373,,,,,,,,
,,,,,420445,1662.8099,442,,,,,,,,
,,,,,420858,1497.8071,413,,,,,,,,
,,,,,421000,,,-269.5389709472656,-1.0146629810333252,3.709470272064209,268.8229675292969,268.97564697265625,0.0003,0.0003,0.1
,,,,,421270,1438.1152,412,,,,,,,,
,,,,,421962,2485.643,692,,,,,,,,
,,,,,422000,,,-266.7304382324219,-0.9560802578926086,3.3737165927886963,265.6546936035156,265.6445007324219,0.0003,0.0003,0.1
,,,,,422384,1534.0366,422,,,,,,,,
,,,,,422826,1630.792,442,,,,,,,,
,,,,,423000,,,-262.5635070800781,-1.2510342597961426,4.167540550231934,261.84228515625,261.8721008300781,0.0003,0.0003,0.1
,,,,,423381,1996.5269,555,,,,,,,,
,,,,,423757,1360.8441,376,,,,,,,,
,,,,,424000,,,-266.6832275390625,-1.315417766571045,5.397663116455078,265.820068359375,265.764404296875,0.0003,0.0003,0.1
,,,,,424401,2373.0657,644,,,,,,,,
,,,,,424985,2195.5193,584,,,,,,,,
1487.3452,154.89568,1676.2556,1241.5432,407.8,425000,,,-257.7481689453125,-1.2387313842773438,12.206060409545898,255.9159698486328,256.07373046875,0.0003,0.0003,0.1
,,,,,425421,1504.1882,436,,,,,,,,
,,,,,425813,1432.3859,392,,,,,,,,
,,,,,426000,,,-266.1843566894531,-1.2664332389831543,6.380512237548828,264.9210510253906,265.40838623046875,0.0003,0.0003,0.1
,,,,,426305,1747.1287,492,,,,,,,,
,,,,,426778,1739.8695,473,,,,,,,,
,,,,,427000,,,-266.5086364746094,-0.8619608879089355,3.497976303100586,265.7142333984375,265.78375244140625,0.0003,0.0003,0.1
,,,,,427172,1453.0189,394,,,,,,,,
,,,,,427572,1438.3967,400,,,,,,,,
,,,,,428000,,,-265.6653137207031,-1.2855675220489502,15.22580337524414,264.9114685058594,264.93426513671875,0.0003,0.0003,0.1
,,,,,428075,1878.8517,503,,,,,,,,
,,,,,428524,1651.8491,449,,,,,,,,
,,,,,428880,1299.0476,356,,,,,,,,
,,,,,429000,,,-262.74163818359375,-1.0325982570648193,6.256903648376465,262.1868591308594,261.94134521484375,0.0003,0.0003,0.1
,,,,,429250,1330.4791,370,,,,,,,,
,,,,,429635,1387.4941,385,,,,,,,,
,,,,,429965,1173.2349,330,,,,,,,,
1979.9242,656.6032,3385.9888,1193.4056,553.0,430000,,,-262.5727233886719,-0.9988586902618408,3.9287569522857666,261.7660827636719,261.6578674316406,0.0003,0.0003,0.1
,,,,,430405,1580.6436,440,,,,,,,,
,,,,,430849,1635.9725,444,,,,,,,,
,,,,,431000,,,-267.8511047363281,-1.254082441329956,4.463602066040039,266.8669128417969,266.85693359375,0.0003,0.0003,0.1
,,,,,431270,1579.2479,421,,,,,,,,
,,,,,431554,904.7392,284,,,,,,,,
,,,,,431949,1462.3832,395,,,,,,,,
,,,,,432000,,,-266.8262023925781,-1.3076646327972412,4.67515754699707,265.0701904296875,265.3584899902344,0.0003,0.0003,0.1
,,,,,432148,547.96075,199,,,,,,,,
,,,,,432543,1308.3607,395,,,,,,,,
,,,,,433000,,,-266.4294128417969,-1.1425498723983765,2.521923780441284,265.18572998046875,265.2569274902344,0.0003,0.0003,0.1
,,,,,433056,1828.8427,513,,,,,,,,
,,,,,433512,1736.4259,456,,,,,,,,
,,,,,433851,1241.6793,339,,,,,,,,
,,,,,434000,,,-276.4544372558594,-1.0378865003585815,6.082551002502441,275.62078857421875,275.7476806640625,0.0003,0.0003,0.1
,,,,,434213,1361.5242,362,,,,,,,,
,,,,,434566,1308.4806,353,,,,,,,,
,,,,,434951,1440.8422,385,,,,,,,,
1794.5729,405.2735,2387.416,1305.9362,497.9,435000,,,-272.7922668457031,-1.4092841148376465,5.872135162353516,271.62359619140625,271.03656005859375,0.0003,0.0003,0.1
,,,,,435358,1532.1006,407,,,,,,,,
,,,,,435799,1619.277,441,,,,,,,,
,,,,,436000,,,-272.6083068847656,-1.1799414157867432,6.185393333435059,271.10394287109375,271.2460021972656,0.0003,0.0003,0.1
,,,,,436296,1809.9349,497,,,,,,,,
,,,,,436808,1812.349,512,,,,,,,,
,,,,,437000,,,-270.5148010253906,-1.023847222328186,4.03702974319458,269.74615478515625,269.9508361816406,0.0003,0.0003,0.1
,,,,,437283,1758.9403,475,,,,,,,,
,,,,,437772,1686.9427,489,,,,,,,,
,,,,,438000,,,-267.78753662109375,-1.065112590789795,2.5579612255096436,267.152099609375,267.19268798828125,0.0003,0.0003,0.1
,,,,,438082,1062.0154,310,,,,,,,,
,,,,,438520,1616.0287,438,,,,,,,,
,,,,,439000,,,-266.64361572265625,-1.1645545959472656,4.561431884765625,266.0125427246094,266.18212890625,0.0003,0.0003,0.1
,,,,,439007,1824.5782,487,,,,,,,,
,,,,,439371,1340.1254,364,,,,,,,,
,,,,,439802,1616.0228,431,,,,,,,,
1373.3323,292.3478,1668.5887,901.0656,384.3,440000,,,-275.57476806640625,-1.0449352264404297,4.60704231262207,274.891845703125,275.03228759765625,0.0003,0.0003,0.1
,,,,,440315,1857.7438,513,,,,,,,,
,,,,,440716,1430.3201,401,,,,,,,,
,,,,,441000,,,-266.8055114746094,-0.93914395570755,3.6167006492614746,265.99627685546875,266.0798034667969,0.0003,0.0003,0.1
,,,,,441558,2873.2363,842,,,,,,,,
,,,,,442000,,,-269.0263671875,-1.1669132709503174,3.284210443496704,268.12896728515625,268.29669189453125,0.0003,0.0003,0.1
,,,,,442122,2092.2542,564,,,,,,,,
,,,,,442683,2035.8059,561,,,,,,,,
,,,,,443000,,,-269.3702392578125,-1.1090208292007446,2.4798879623413086,268.638916015625,268.80413818359375,0.0003,0.0003,0.1
,,,,,443137,1678.1079,454,,,,,,,,
,,,,,443777,2300.4336,640,,,,,,,,
,,,,,444000,,,-273.0657958984375,-0.6985305547714233,3.133700132369995,272.68267822265625,272.6084289550781,0.0003,0.0003,0.1
,,,,,444254,1744.3179,477,,,,,,,,
,,,,,444891,2351.2383,637,,,,,,,,
1457.1078,176.88744,1736.6486,1228.2433,404.2,445000,,,-265.8952331542969,-0.874548077583313,30.90398406982422,265.01348876953125,265.1588134765625,0.0003,0.0003,0.1
,,,,,445399,1857.3763,508,,,,,,,,
,,,,,445870,1698.9207,471,,,,,,,,
,,,,,446000,,,-270.8783264160156,-0.9961503744125366,2.9333221912384033,270.11968994140625,270.2173767089844,0.0003,0.0003,0.1
,,,,,446253,1442.8665,383,,,,,,,,
,,,,,446686,1654.4142,433,,,,,,,,
,,,,,447000,,,-274.111083984375,-1.0389280319213867,2.7801694869995117,272.8517761230469,272.615234375,0.0003,0.0003,0.1
,,,,,447128,1680.2384,442,,,,,,,,
,,,,,447716,2094.06,588,,,,,,,,
,,,,,448000,,,-267.1691589355469,-0.8932061195373535,14.860045433044434,265.5521240234375,265.955810546875,0.0003,0.0003,0.1
,,,,,448191,1734.2583,475,,,,,,,,
,,,,,448712,1961.7996,521,,,,,,,,
,,,,,449000,,,-268.4059753417969,-1.3779034614562988,5.349954128265381,266.82666015625,267.4917907714844,0.0003,0.0003,0.1
,,,,,449634,3249.4114,922,,,,,,,,
,,,,,449950,1131.9941,316,,,,,,,,
1602.9111,246.79962,1943.2526,1196.7887,434.4,450000,,,-274.3605651855469,-1.1387159824371338,3.4409422874450684,273.76885986328125,273.9029541015625,0.0003,0.0003,0.1
,,,,,450580,2320.8992,630,,,,,,,,
,,,,,450954,1360.6409,374,,,,,,,,
,,,,,451000,,,-269.7987365722656,-1.1462678909301758,5.867120742797852,268.3945007324219,268.55450439453125,0.0003,0.0003,0.1
,,,,,451232,950.1707,278,,,,,,,,
,,,,,451553,1142.3433,321,,,,,,,,
,,,,,451950,1487.6343,397,,,,,,,,
,,,,,452000,,,-273.2850341796875,-0.8344358801841736,2.060122489929199,272.615234375,272.66656494140625,0.0003,0.0003,0.1
,,,,,452358,1496.3168,408,,,,,,,,
,,,,,452973,2180.4958,615,,,,,,,,
,,,,,453000,,,-274.5158386230469,-1.071366786956787,3.5824475288391113,272.7698974609375,273.16015625,0.0003,0.0003,0.1
,,,,,453395,1596.1901,422,,,,,,,,
,,,,,454000,,,-270.7245178222656,-1.0166823863983154,7.652212142944336,269.9057312011719,269.893310546875,0.0003,0.0003,0.1
,,,,,454032,2235.7263,637,,,,,,,,
,,,,,454306,867.9293,274,,,,,,,,
,,,,,454626,1160.1675,320,,,,,,,,
1533.5061,275.00992,1943.2808,883.3463,410.6,455000,,,-279.3658142089844,-1.0414801836013794,16.214460372924805,277.35601806640625,276.841552734375,0.0003,0.0003,0.1
,,,,,455117,1801.277,491,,,,,,,,
,,,,,455428,1136.3306,311,,,,,,,,
,,,,,456000,,,-274.0159912109375,-1.1256070137023926,3.132862091064453,273.51531982421875,273.59130859375,0.0003,0.0003,0.1
,,,,,456364,3263.3745,936,,,,,,,,
,,,,,456801,1671.4856,437,,,,,,,,
,,,,,457000,,,-270.14556884765625,-1.007637619972229,3.7579457759857178,269.0692443847656,268.7767333984375,0.0003,0.0003,0.1
,,,,,457348,1954.2755,547,,,,,,,,
,,,,,457764,1511.327,416,,,,,,,,
,,,,,458000,,,-272.9114685058594,-1.5542447566986084,5.4440693855285645,272.29901123046875,272.01190185546875,0.0003,0.0003,0.1
,,,,,458132,1375.0178,368,,,,,,,,
,,,,,458615,1616.4976,483,,,,,,,,
,,,,,459000,,,-272.789306640625,-1.257716417312622,6.397987365722656,272.09967041015625,272.1752014160156,0.0003,0.0003,0.1
,,,,,459030,1539.857,415,,,,,,,,
,,,,,459475,1543.073,445,,,,,,,,
,,,,,459806,1197.244,331,,,,,,,,
1442.1329,292.3961,2026.9619,914.5445,402.2,460000,,,-275.4098815917969,-1.0516109466552734,3.481599807739258,274.73565673828125,274.65887451171875,0.0003,0.0003,0.1
,,,,,460059,761.81665,253,,,,,,,,
,,,,,460734,2340.396,675,,,,,,,,
,,,,,460790,103.60963,56,,,,,,,,
,,,,,461000,,,-275.1947326660156,-1.246060848236084,3.206287384033203,274.34857177734375,274.25225830078125,0.0003,0.0003,0.1
,,,,,461168,1446.3246,378,,,,,,,,
,,,,,461656,1831.2673,488,,,,,,,,
,,,,,462000,,,-272.43194580078125,-0.8384070992469788,3.3842365741729736,271.51483154296875,271.33062744140625,0.0003,0.0003,0.1
,,,,,462210,2094.2722,554,,,,,,,,
,,,,,462541,1234.779,331,,,,,,,,
,,,,,463000,,,-266.27215576171875,-1.3653357028961182,10.36503791809082,265.2005310058594,264.4684753417969,0.0003,0.0003,0.1
,,,,,463065,1930.2345,524,,,,,,,,
,,,,,463432,1365.2861,367,,,,,,,,
,,,,,463685,872.7304,253,,,,,,,,
,,,,,464000,,,-279.30841064453125,-0.8733951449394226,4.500624656677246,278.38726806640625,278.272705078125,0.0003,0.0003,0.1
,,,,,464124,1645.0719,439,,,,,,,,
,,,,,464498,1413.9489,374,,,,,,,,
,,,,,464968,1701.2001,470,,,,,,,,
1743.1501,223.96948,2067.3699,1369.1625,476.7,465000,,,-276.5164489746094,-1.1037040948867798,3.056180000305176,275.68975830078125,276.1503601074219,0.0003,0.0003,0.1
,,,,,465595,2317.6616,627,,,,,,,,
,,,,,465911,1194.3157,316,,,,,,,,
,,,,,466000,,,-265.2283630371094,-1.045198678970337,4.53446626663208,264.58685302734375,264.78857421875,0.0003,0.0003,0.1
,,,,,466535,2244.3118,624,,,,,,,,
,,,,,466924,1447.1017,389,,,,,,,,
,,,,,467000,,,-273.2422790527344,-0.8304728269577026,2.825589418411255,272.59039306640625,272.734375,0.0003,0.0003,0.1
,,,,,467250,1186.5165,326,,,,,,,,
,,,,,467618,1360.6351,368,,,,,,,,
,,,,,468000,,,-265.9033508300781,-1.1581344604492188,6.881107330322266,264.81610107421875,264.8741149902344,0.0003,0.0003,0.1
,,,,,468037,1605.2655,419,,,,,,,,
,,,,,468372,1193.786,335,,,,,,,,
,,,,,468712,1269.3395,340,,,,,,,,
,,,,,469000,,,-265.7077941894531,-0.9408735036849976,5.463954925537109,265.14105224609375,265.3233337402344,0.0003,0.0003,0.1
,,,,,469060,1314.4889,348,,,,,,,,
,,,,,469426,1363.1381,366,,,,,,,,
,,,,,469711,999.8048,285,,,,,,,,
1533.4111,345.2246,2383.6467,1120.9531,416.4,470000,,,-263.2574157714844,-0.9450496435165405,2.6442930698394775,262.61956787109375,262.5535888671875,0.0003,0.0003,0.1
,,,,,470077,1374.3252,366,,,,,,,,
,,,,,470587,1860.6346,510,,,,,,,,
,,,,,471000,,,-278.79840087890625,-0.6457387208938599,3.6833436489105225,278.28692626953125,278.3996276855469,0.0003,0.0003,0.1
,,,,,471042,1709.222,455,,,,,,,,
,,,,,471689,2328.4602,647,,,,,,,,
,,,,,472000,,,-278.6558837890625,-0.949677050113678,2.5282721519470215,277.8558654785156,277.8193359375,0.0003,0.0003,0.1
,,,,,472074,1433.484,385,,,,,,,,
,,,,,472442,1358.1978,368,,,,,,,,
,,,,,472886,1653.5573,444,,,,,,,,
,,,,,473000,,,-283.57293701171875,-0.715355634689331,2.078155040740967,283.04168701171875,282.8726806640625,0.0003,0.0003,0.1
,,,,,473287,1491.7937,401,,,,,,,,
,,,,,473619,1155.708,332,,,,,,,,
,,,,,474000,,,-275.43505859375,-1.059037685394287,3.7281479835510254,275.05621337890625,275.1468200683594,0.0003,0.0003,0.1
,,,,,474107,1819.8574,488,,,,,,,,
,,,,,474524,1590.5964,417,,,,,,,,
1802.9736,644.54,3275.888,1365.8784,485.8,475000,,,-278.59564208984375,-0.9893805384635925,5.986257553100586,277.5116882324219,277.74652099609375,0.0003,0.0003,0.1
,,,,,475035,1839.6683,511,,,,,,,,
,,,,,475541,1834.1952,506,,,,,,,,
,,,,,475918,1435.5912,377,,,,,,,,
,,,,,476000,,,-271.5121765136719,-1.1079307794570923,4.476061820983887,270.908935546875,270.7080383300781,0.0003,0.0003,0.1
,,,,,476872,3270.3943,954,,,,,,,,
,,,,,477000,,,-274.4996643066406,-1.1882438659667969,5.943182945251465,272.9859313964844,273.0919189453125,0.0003,0.0003,0.1
,,,,,477310,1631.6371,438,,,,,,,,
,,,,,477602,1060.2356,292,,,,,,,,
,,,,,477946,1246.759,344,,,,,,,,
,,,,,478000,,,-273.72113037109375,-0.8763970732688904,3.7661867141723633,272.0279541015625,272.3621826171875,0.0003,0.0003,0.1
,,,,,478277,1140.8708,331,,,,,,,,
,,,,,478676,1483.3005,399,,,,,,,,
,,,,,479000,,,-272.38671875,-1.0601009130477905,8.54432487487793,271.5885009765625,271.4074401855469,0.0003,0.0003,0.1
,,,,,479035,1336.3252,359,,,,,,,,
,,,,,479702,2400.7275,667,,,,,,,,
1811.4939,312.68713,2474.2788,1350.8013,487.8,480000,,,-274.33087158203125,-0.8946790099143982,8.095453262329102,273.38751220703125,273.157958984375,0.0003,0.0003,0.1
,,,,,480080,1288.4948,378,,,,,,,,
,,,,,480500,1594.8706,420,,,,,,,,
,,,,,480846,1272.723,346,,,,,,,,
,,,,,481000,,,-269.97955322265625,-1.2419542074203491,3.27179217338562,269.14508056640625,269.0556335449219,0.0003,0.0003,0.1
,,,,,481256,1542.8151,410,,,,,,,,
,,,,,481557,1096.3499,301,,,,,,,,
,,,,,482000,,,-278.53387451171875,-1.0228779315948486,3.2477753162384033,276.6053466796875,276.73486328125,0.0003,0.0003,0.1
,,,,,482091,1995.6409,534,,,,,,,,
,,,,,482399,1108.3882,308,,,,,,,,
,,,,,482752,1310.6125,353,,,,,,,,
,,,,,483000,,,-270.1058349609375,-1.1423118114471436,2.2968947887420654,269.43292236328125,269.42584228515625,0.0003,0.0003,0.1
,,,,,483068,1156.5868,316,,,,,,,,
,,,,,483374,1104.892,306,,,,,,,,
,,,,,483846,1704.2292,472,,,,,,,,
,,,,,484000,,,-277.3876037597656,-1.0849922895431519,5.958355903625488,276.5606994628906,276.8522033691406,0.0003,0.0003,0.1
,,,,,484151,1094.5205,305,,,,,,,,
,,,,,484505,1203.506,354,,,,,,,,
,,,,,484903,1484.2328,398,,,,,,,,
1547.8362,151.94989,1814.6014,1356.0331,408.6,485000,,,-268.3470764160156,-0.8645646572113037,5.0551042556762695,267.6161193847656,267.5722961425781,0.0003,0.0003,0.1
,,,,,485460,2076.9465,557,,,,,,,,
,,,,,485898,1669.1838,438,,,,,,,,
,,,,,486000,,,-270.9088439941406,-1.2273222208023071,3.1083731651306152,270.406005859375,270.4227294921875,0.0003,0.0003,0.1
,,,,,486250,1311.3685,352,,,,,,,,
,,,,,486628,1452.4767,378,,,,,,,,
,,,,,486971,1285.7601,343,,,,,,,,
,,,,,487000,,,-273.2398681640625,-0.9531100392341614,5.186024188995361,272.37255859375,272.3000793457031,0.0003,0.0003,0.1
,,,,,487377,1521.1233,406,,,,,,,,
,,,,,487688,1155.4646,311,,,,,,,,
,,,,,488000,,,-274.4350280761719,-1.1820635795593262,2.79624080657959,273.75726318359375,273.87921142578125,0.0003,0.0003,0.1
,,,,,488076,1463.0334,388,,,,,,,,
,,,,,488454,1399.9467,378,,,,,,,,
,,,,,489000,,,-271.6496887207031,-0.8316620588302612,3.9840362071990967,271.09161376953125,270.92047119140625,0.0003,0.0003,0.1
,,,,,489063,2186.5278,609,,,,,,,,
,,,,,489377,1149.018,314,,,,,,,,
,,,,,489786,1523.8759,409,,,,,,,,
1848.5537,296.94504,2349.2454,1463.379,505.9,490000,,,-277.3478698730469,-0.9144601225852966,3.043567657470703,276.05255126953125,276.0743713378906,0.0003,0.0003,0.1
,,,,,490124,1132.4407,338,,,,,,,,
,,,,,490517,1426.051,393,,,,,,,,
,,,,,490842,1210.8947,325,,,,,,,,
,,,,,491000,,,-274.5247802734375,-1.0771726369857788,2.4419572353363037,273.0482482910156,273.04718017578125,0.0003,0.0003,0.1
,,,,,491399,2008.5824,557,,,,,,,,
,,,,,491664,912.887,265,,,,,,,,
,,,,,492000,,,-270.47344970703125,-0.9837452173233032,17.843196868896484,269.189453125,269.722412109375,0.0003,0.0003,0.1
,,,,,492030,1360.9658,366,,,,,,,,
,,,,,492399,1380.8165,369,,,,,,,,
,,,,,492732,1244.8846,333,,,,,,,,
,,,,,493000,,,-274.76239013671875,-1.0613088607788086,3.026254177093506,273.7335205078125,273.76025390625,0.0003,0.0003,0.1
,,,,,493060,1232.7573,328,,,,,,,,
,,,,,493450,1481.4188,390,,,,,,,,
,,,,,493862,1569.9684,412,,,,,,,,
,,,,,494000,,,-273.6146240234375,-1.1704106330871582,4.600362777709961,271.75457763671875,272.0018615722656,0.0003,0.0003,0.1
,,,,,494178,1175.906,316,,,,,,,,
,,,,,494489,1156.2434,311,,,,,,,,
,,,,,494924,1649.9423,435,,,,,,,,
1264.6648,177.46745,1543.5415,901.5337,340.5,495000,,,-272.5164489746094,-0.7948499321937561,2.496922254562378,271.6693420410156,271.97442626953125,0.0003,0.0003,0.1
,,,,,495266,1277.1711,342,,,,,,,,
,,,,,495718,1734.7998,452,,,,,,,,
,,,,,496000,,,-278.34405517578125,-0.7920628786087036,3.7696852684020996,277.69781494140625,277.6663818359375,0.0003,0.0003,0.1
,,,,,496139,1556.1523,421,,,,,,,,
,,,,,496652,1797.346,513,,,,,,,,
,,,,,497000,,,-273.6000061035156,-0.8242402672767639,3.9151034355163574,273.0262145996094,273.1063232421875,0.0003,0.0003,0.1
,,,,,497055,1489.243,403,,,,,,,,
,,,,,497422,1381.4906,367,,,,,,,,
,,,,,497812,1452.1119,390,,,,,,,,
,,,,,498000,,,-271.2977600097656,-1.425952434539795,4.132854461669922,270.3989562988281,270.37957763671875,0.0003,0.0003,0.1
,,,,,498093,909.4984,281,,,,,,,,
,,,,,498503,1492.8488,410,,,,,,,,
,,,,,498824,1164.5938,321,,,,,,,,
,,,,,499000,,,-268.5451354980469,-1.0345466136932373,9.550195693969727,267.44378662109375,267.33544921875,0.0003,0.0003,0.1
,,,,,499320,1903.6162,496,,,,,,,,
,,,,,499683,1349.9515,363,,,,,,,,
,,,,,499981,1093.6836,298,,,,,,,,
