Eval_AverageReturn,Eval_StdReturn,Eval_MaxReturn,Eval_MinReturn,Eval_AverageEpLen,step,Train_EpisodeReturn,Train_EpisodeLen,actor_loss,entropy,critic_loss,q_values,target_values,actor_lr,critic_lr,temperature
16.789495,6.1151996,28.09864,7.159784,18.9,0,,,,,,,,,,
,,,,,16,13.911079,17,,,,,,,,
,,,,,30,10.243753,14,,,,,,,,
,,,,,57,23.928467,27,,,,,,,,
,,,,,69,7.429267,12,,,,,,,,
,,,,,89,13.020597,20,,,,,,,,
,,,,,120,35.104492,31,,,,,,,,
,,,,,162,33.714146,42,,,,,,,,
,,,,,190,31.267715,28,,,,,,,,
,,,,,213,19.84602,23,,,,,,,,
,,,,,232,14.831217,19,,,,,,,,
,,,,,251,11.806774,19,,,,,,,,
,,,,,262,9.809257,11,,,,,,,,
,,,,,279,12.275902,17,,,,,,,,
,,,,,298,20.754568,19,,,,,,,,
,,,,,319,11.51503,21,,,,,,,,
,,,,,333,8.489436,14,,,,,,,,
,,,,,350,10.589788,17,,,,,,,,
,,,,,367,12.0547,17,,,,,,,,
,,,,,390,17.84749,23,,,,,,,,
,,,,,412,20.491322,22,,,,,,,,
,,,,,426,9.653753,14,,,,,,,,
,,,,,439,9.623908,13,,,,,,,,
,,,,,482,64.10046,43,,,,,,,,
,,,,,498,14.091462,16,,,,,,,,
,,,,,523,14.497154,25,,,,,,,,
,,,,,539,11.774103,16,,,,,,,,
,,,,,553,12.2620325,14,,,,,,,,
,,,,,569,6.5818267,16,,,,,,,,
,,,,,583,12.571414,14,,,,,,,,
,,,,,612,19.300213,29,,,,,,,,
,,,,,632,16.35728,20,,,,,,,,
,,,,,645,9.825783,13,,,,,,,,
,,,,,669,23.832373,24,,,,,,,,
,,,,,722,49.771656,53,,,,,,,,
,,,,,752,28.552965,30,,,,,,,,
,,,,,778,24.220476,26,,,,,,,,
,,,,,798,17.768085,20,,,,,,,,
,,,,,851,49.218563,53,,,,,,,,
,,,,,870,13.198882,19,,,,,,,,
,,,,,880,7.77953,10,,,,,,,,
,,,,,903,5.9086747,23,,,,,,,,
,,,,,933,23.66996,30,,,,,,,,
,,,,,948,9.848874,15,,,,,,,,
,,,,,963,9.493196,15,,,,,,,,
,,,,,972,6.151902,9,,,,,,,,
,,,,,1000,32.79167,28,,,,,,,,
,,,,,1022,10.937533,22,,,,,,,,
,,,,,1038,11.762077,16,,,,,,,,
,,,,,1063,15.900284,25,,,,,,,,
,,,,,1082,14.176374,19,,,,,,,,
,,,,,1102,8.542113,20,,,,,,,,
,,,,,1129,27.36067,27,,,,,,,,
,,,,,1143,10.787269,14,,,,,,,,
,,,,,1163,11.677103,20,,,,,,,,
,,,,,1175,9.162909,12,,,,,,,,
,,,,,1197,21.638662,22,,,,,,,,
,,,,,1224,13.257633,27,,,,,,,,
,,,,,1272,37.271618,48,,,,,,,,
,,,,,1296,18.483265,24,,,,,,,,
,,,,,1308,8.389304,12,,,,,,,,
,,,,,1330,19.652004,22,,,,,,,,
,,,,,1349,21.09713,19,,,,,,,,
,,,,,1397,38.904892,48,,,,,,,,
,,,,,1426,15.45065,29,,,,,,,,
,,,,,1450,19.668213,24,,,,,,,,
,,,,,1471,19.595602,21,,,,,,,,
,,,,,1494,9.781432,23,,,,,,,,
,,,,,1505,8.216957,11,,,,,,,,
,,,,,1522,13.833718,17,,,,,,,,
,,,,,1534,7.044093,12,,,,,,,,
,,,,,1550,11.211212,16,,,,,,,,
,,,,,1576,30.94792,26,,,,,,,,
,,,,,1602,21.284172,26,,,,,,,,
,,,,,1620,17.83395,18,,,,,,,,
,,,,,1641,19.864166,21,,,,,,,,
,,,,,1676,13.2829,35,,,,,,,,
,,,,,1700,16.65452,24,,,,,,,,
,,,,,1715,13.41336,15,,,,,,,,
,,,,,1753,33.688557,38,,,,,,,,
,,,,,1770,13.2132845,17,,,,,,,,
,,,,,1785,13.794693,15,,,,,,,,
,,,,,1798,10.508491,13,,,,,,,,
,,,,,1812,7.8833833,14,,,,,,,,
,,,,,1829,10.378842,17,,,,,,,,
,,,,,1842,11.606478,13,,,,,,,,
,,,,,1863,16.587727,21,,,,,,,,
,,,,,1877,9.105392,14,,,,,,,,
,,,,,1899,24.904404,22,,,,,,,,
,,,,,1913,12.82074,14,,,,,,,,
,,,,,1932,17.35568,19,,,,,,,,
,,,,,1956,13.386652,24,,,,,,,,
,,,,,1973,10.41536,17,,,,,,,,
,,,,,2005,27.722462,32,,,,,,,,
,,,,,2021,6.829409,16,,,,,,,,
,,,,,2037,10.577849,16,,,,,,,,
,,,,,2046,7.170419,9,,,,,,,,
,,,,,2089,23.980747,43,,,,,,,,
,,,,,2106,9.010088,17,,,,,,,,
,,,,,2130,15.922596,24,,,,,,,,
,,,,,2148,13.894265,18,,,,,,,,
,,,,,2165,11.265103,17,,,,,,,,
,,,,,2196,30.931334,31,,,,,,,,
,,,,,2211,13.338846,15,,,,,,,,
,,,,,2225,12.608541,14,,,,,,,,
,,,,,2237,10.603837,12,,,,,,,,
,,,,,2259,11.5860815,22,,,,,,,,
,,,,,2273,11.469402,14,,,,,,,,
,,,,,2293,23.439787,20,,,,,,,,
,,,,,2328,31.102476,35,,,,,,,,
,,,,,2342,11.476215,14,,,,,,,,
,,,,,2361,15.2984705,19,,,,,,,,
,,,,,2385,12.957197,24,,,,,,,,
,,,,,2441,97.0985,56,,,,,,,,
,,,,,2452,9.169327,11,,,,,,,,
,,,,,2473,17.9453,21,,,,,,,,
,,,,,2495,12.615188,22,,,,,,,,
,,,,,2510,9.56288,15,,,,,,,,
,,,,,2542,20.5044,32,,,,,,,,
,,,,,2557,12.251484,15,,,,,,,,
,,,,,2573,10.505371,16,,,,,,,,
,,,,,2590,14.154882,17,,,,,,,,
,,,,,2610,18.073765,20,,,,,,,,
,,,,,2633,21.33699,23,,,,,,,,
,,,,,2654,9.267115,21,,,,,,,,
,,,,,2685,44.97982,31,,,,,,,,
,,,,,2707,15.423234,22,,,,,,,,
,,,,,2716,7.4230747,9,,,,,,,,
,,,,,2734,7.995724,18,,,,,,,,
,,,,,2753,17.53398,19,,,,,,,,
,,,,,2780,16.463198,27,,,,,,,,
,,,,,2800,17.811825,20,,,,,,,,
,,,,,2817,13.949349,17,,,,,,,,
,,,,,2850,11.645005,33,,,,,,,,
,,,,,2865,14.074341,15,,,,,,,,
,,,,,2877,8.885812,12,,,,,,,,
,,,,,2892,13.913675,15,,,,,,,,
,,,,,2919,21.833607,27,,,,,,,,
,,,,,2930,10.418055,11,,,,,,,,
,,,,,2951,13.503529,21,,,,,,,,
,,,,,2981,18.73808,30,,,,,,,,
,,,,,2993,8.554024,12,,,,,,,,
,,,,,3012,17.327095,19,,,,,,,,
,,,,,3035,21.676188,23,,,,,,,,
,,,,,3050,9.0556345,15,,,,,,,,
,,,,,3101,53.17596,51,,,,,,,,
,,,,,3122,16.352558,21,,,,,,,,
,,,,,3137,13.957955,15,,,,,,,,
,,,,,3160,13.959024,23,,,,,,,,
,,,,,3186,13.443253,26,,,,,,,,
,,,,,3207,14.548412,21,,,,,,,,
,,,,,3225,9.696756,18,,,,,,,,
,,,,,3254,16.889256,29,,,,,,,,
,,,,,3267,8.805617,13,,,,,,,,
,,,,,3284,10.002558,17,,,,,,,,
,,,,,3295,7.8774133,11,,,,,,,,
,,,,,3309,12.498755,14,,,,,,,,
,,,,,3319,6.1763906,10,,,,,,,,
,,,,,3338,17.281412,19,,,,,,,,
,,,,,3362,10.49504,24,,,,,,,,
,,,,,3391,29.032722,29,,,,,,,,
,,,,,3405,8.285197,14,,,,,,,,
,,,,,3417,8.971128,12,,,,,,,,
,,,,,3426,7.3369446,9,,,,,,,,
,,,,,3449,20.68816,23,,,,,,,,
,,,,,3472,20.641733,23,,,,,,,,
,,,,,3484,8.305692,12,,,,,,,,
,,,,,3533,20.92091,49,,,,,,,,
,,,,,3562,23.99266,29,,,,,,,,
,,,,,3583,20.661972,21,,,,,,,,
,,,,,3609,27.636784,26,,,,,,,,
,,,,,3624,13.147409,15,,,,,,,,
,,,,,3671,77.78634,47,,,,,,,,
,,,,,3690,12.28049,19,,,,,,,,
,,,,,3712,15.546993,22,,,,,,,,
,,,,,3729,12.720297,17,,,,,,,,
,,,,,3746,16.908981,17,,,,,,,,
,,,,,3771,14.516701,25,,,,,,,,
,,,,,3789,16.201092,18,,,,,,,,
,,,,,3808,9.231197,19,,,,,,,,
,,,,,3826,13.763436,18,,,,,,,,
,,,,,3849,21.187523,23,,,,,,,,
,,,,,3877,12.353377,28,,,,,,,,
,,,,,3899,20.201157,22,,,,,,,,
,,,,,3911,5.407029,12,,,,,,,,
,,,,,3949,17.986536,38,,,,,,,,
,,,,,3968,10.760147,19,,,,,,,,
,,,,,3982,12.234849,14,,,,,,,,
,,,,,3999,15.27319,17,,,,,,,,
,,,,,4017,13.737482,18,,,,,,,,
,,,,,4031,12.582208,14,,,,,,,,
,,,,,4066,29.179802,35,,,,,,,,
,,,,,4085,8.861091,19,,,,,,,,
,,,,,4100,6.9717484,15,,,,,,,,
,,,,,4110,6.643783,10,,,,,,,,
,,,,,4125,15.02485,15,,,,,,,,
,,,,,4144,17.903313,19,,,,,,,,
,,,,,4165,11.924896,21,,,,,,,,
,,,,,4181,11.573892,16,,,,,,,,
,,,,,4213,28.876163,32,,,,,,,,
,,,,,4229,16.968801,16,,,,,,,,
,,,,,4260,17.4149,31,,,,,,,,
,,,,,4282,26.328667,22,,,,,,,,
,,,,,4319,33.63677,37,,,,,,,,
,,,,,4359,56.929184,40,,,,,,,,
,,,,,4383,15.378121,24,,,,,,,,
,,,,,4417,19.780981,34,,,,,,,,
,,,,,4433,15.06514,16,,,,,,,,
,,,,,4449,12.553639,16,,,,,,,,
,,,,,4464,11.089481,15,,,,,,,,
,,,,,4496,27.55359,32,,,,,,,,
,,,,,4524,26.473928,28,,,,,,,,
,,,,,4534,4.1101217,10,,,,,,,,
,,,,,4546,10.921436,12,,,,,,,,
,,,,,4589,18.761297,43,,,,,,,,
,,,,,4606,10.668896,17,,,,,,,,
,,,,,4627,20.371668,21,,,,,,,,
,,,,,4650,23.888323,23,,,,,,,,
,,,,,4671,14.69075,21,,,,,,,,
,,,,,4699,8.298086,28,,,,,,,,
,,,,,4714,10.4717,15,,,,,,,,
,,,,,4739,24.199701,25,,,,,,,,
,,,,,4749,7.720049,10,,,,,,,,
,,,,,4763,8.644914,14,,,,,,,,
,,,,,4790,16.69901,27,,,,,,,,
,,,,,4799,5.943734,9,,,,,,,,
,,,,,4810,8.144261,11,,,,,,,,
,,,,,4824,9.815065,14,,,,,,,,
,,,,,4836,8.044622,12,,,,,,,,
,,,,,4850,11.828221,14,,,,,,,,
,,,,,4869,11.320748,19,,,,,,,,
,,,,,4894,15.432632,25,,,,,,,,
,,,,,4906,10.476144,12,,,,,,,,
,,,,,4920,9.855079,14,,,,,,,,
,,,,,4935,8.015538,15,,,,,,,,
,,,,,4950,10.396427,15,,,,,,,,
,,,,,4966,11.331882,16,,,,,,,,
,,,,,4989,26.74181,23,,,,,,,,
19.01824,9.658422,42.423244,9.270244,22.4,5000,,,,,,,,,,
,,,,,5007,11.077595,18,,,,,,,,
,,,,,5045,26.378288,38,,,,,,,,
,,,,,5067,18.912413,22,,,,,,,,
,,,,,5079,10.569124,12,,,,,,,,
,,,,,5100,13.70826,21,,,,,,,,
,,,,,5115,12.9636135,15,,,,,,,,
,,,,,5128,11.173202,13,,,,,,,,
,,,,,5163,23.087267,35,,,,,,,,
,,,,,5184,14.715933,21,,,,,,,,
,,,,,5222,14.339519,38,,,,,,,,
,,,,,5238,13.194428,16,,,,,,,,
,,,,,5257,10.640321,19,,,,,,,,
,,,,,5276,20.045761,19,,,,,,,,
,,,,,5297,19.360044,21,,,,,,,,
,,,,,5319,6.2080255,22,,,,,,,,
,,,,,5335,13.188458,16,,,,,,,,
,,,,,5347,8.971334,12,,,,,,,,
,,,,,5360,9.996035,13,,,,,,,,
,,,,,5402,29.745314,42,,,,,,,,
,,,,,5443,53.14002,41,,,,,,,,
,,,,,5456,12.222896,13,,,,,,,,
,,,,,5496,40.88481,40,,,,,,,,
,,,,,5516,21.519295,20,,,,,,,,
,,,,,5545,30.724052,29,,,,,,,,
,,,,,5564,22.450125,19,,,,,,,,
,,,,,5579,8.666247,15,,,,,,,,
,,,,,5597,15.582544,18,,,,,,,,
,,,,,5613,13.916931,16,,,,,,,,
,,,,,5628,9.487112,15,,,,,,,,
,,,,,5651,25.815556,23,,,,,,,,
,,,,,5665,9.335388,14,,,,,,,,
,,,,,5684,17.93008,19,,,,,,,,
,,,,,5699,13.914323,15,,,,,,,,
,,,,,5709,8.732987,10,,,,,,,,
,,,,,5727,16.277185,18,,,,,,,,
,,,,,5759,40.20288,32,,,,,,,,
,,,,,5786,24.94385,27,,,,,,,,
,,,,,5796,6.52546,10,,,,,,,,
,,,,,5814,10.05276,18,,,,,,,,
,,,,,5827,10.927918,13,,,,,,,,
,,,,,5844,13.0106945,17,,,,,,,,
,,,,,5866,22.684929,22,,,,,,,,
,,,,,5885,21.09984,19,,,,,,,,
,,,,,5907,16.525602,22,,,,,,,,
,,,,,5932,31.871208,25,,,,,,,,
,,,,,5953,23.881721,21,,,,,,,,
,,,,,5983,22.641714,30,,,,,,,,
,,,,,6004,23.138067,21,,,,,,,,
,,,,,6023,13.525285,19,,,,,,,,
,,,,,6037,13.432124,14,,,,,,,,
,,,,,6052,14.224838,15,,,,,,,,
,,,,,6068,16.767859,16,,,,,,,,
,,,,,6099,25.319412,31,,,,,,,,
,,,,,6112,12.117241,13,,,,,,,,
,,,,,6144,19.07642,32,,,,,,,,
,,,,,6198,66.02565,54,,,,,,,,
,,,,,6213,9.622659,15,,,,,,,,
,,,,,6244,25.970125,31,,,,,,,,
,,,,,6284,20.29351,40,,,,,,,,
,,,,,6346,115.72687,62,,,,,,,,
,,,,,6361,14.810852,15,,,,,,,,
,,,,,6387,11.910626,26,,,,,,,,
,,,,,6404,17.978382,17,,,,,,,,
,,,,,6423,9.501153,19,,,,,,,,
,,,,,6472,85.79913,49,,,,,,,,
,,,,,6497,31.304901,25,,,,,,,,
,,,,,6512,11.882349,15,,,,,,,,
,,,,,6550,50.542034,38,,,,,,,,
,,,,,6562,10.296955,12,,,,,,,,
,,,,,6602,37.62838,40,,,,,,,,
,,,,,6634,21.617315,32,,,,,,,,
,,,,,6698,90.620674,64,,,,,,,,
,,,,,6720,27.605415,22,,,,,,,,
,,,,,6744,25.482319,24,,,,,,,,
,,,,,6761,12.383159,17,,,,,,,,
,,,,,6778,13.702595,17,,,,,,,,
,,,,,6790,7.585584,12,,,,,,,,
,,,,,6840,44.64878,50,,,,,,,,
,,,,,6854,9.831484,14,,,,,,,,
,,,,,6870,10.238182,16,,,,,,,,
,,,,,6882,9.4786,12,,,,,,,,
,,,,,6893,6.9772654,11,,,,,,,,
,,,,,6909,16.957766,16,,,,,,,,
,,,,,6934,20.364805,25,,,,,,,,
,,,,,6952,13.686554,18,,,,,,,,
,,,,,6961,7.3231964,9,,,,,,,,
,,,,,6973,11.809562,12,,,,,,,,
,,,,,6993,17.049433,20,,,,,,,,
,,,,,7026,23.067518,33,,,,,,,,
,,,,,7041,14.964646,15,,,,,,,,
,,,,,7056,11.166567,15,,,,,,,,
,,,,,7089,21.447235,33,,,,,,,,
,,,,,7111,25.852959,22,,,,,,,,
,,,,,7133,24.3702,22,,,,,,,,
,,,,,7142,5.5967445,9,,,,,,,,
,,,,,7161,13.570096,19,,,,,,,,
,,,,,7211,49.128185,50,,,,,,,,
,,,,,7274,106.54527,63,,,,,,,,
,,,,,7334,103.7701,60,,,,,,,,
,,,,,7358,19.112173,24,,,,,,,,
,,,,,7388,16.341003,30,,,,,,,,
,,,,,7398,7.795187,10,,,,,,,,
,,,,,7409,9.058426,11,,,,,,,,
,,,,,7419,8.251132,10,,,,,,,,
,,,,,7466,57.130188,47,,,,,,,,
,,,,,7495,11.691747,29,,,,,,,,
,,,,,7511,13.383002,16,,,,,,,,
,,,,,7526,11.630433,15,,,,,,,,
,,,,,7540,12.303688,14,,,,,,,,
,,,,,7599,104.95307,59,,,,,,,,
,,,,,7631,38.647102,32,,,,,,,,
,,,,,7653,25.949596,22,,,,,,,,
,,,,,7663,7.2860527,10,,,,,,,,
,,,,,7692,34.841496,29,,,,,,,,
,,,,,7707,11.918656,15,,,,,,,,
,,,,,7723,15.442863,16,,,,,,,,
,,,,,7749,14.715686,26,,,,,,,,
,,,,,7794,46.788185,45,,,,,,,,
,,,,,7818,23.88144,24,,,,,,,,
,,,,,7840,25.0813,22,,,,,,,,
,,,,,7886,39.647102,46,,,,,,,,
,,,,,7896,6.582803,10,,,,,,,,
,,,,,7967,80.312645,71,,,,,,,,
,,,,,7985,11.927511,18,,,,,,,,
,,,,,8057,89.474915,72,,,,,,,,
,,,,,8083,25.737448,26,,,,,,,,
,,,,,8102,13.4023,19,,,,,,,,
,,,,,8126,15.284264,24,,,,,,,,
,,,,,8154,13.942257,28,,,,,,,,
,,,,,8164,7.563654,10,,,,,,,,
,,,,,8194,27.28432,30,,,,,,,,
,,,,,8224,24.110056,30,,,,,,,,
,,,,,8238,13.263503,14,,,,,,,,
,,,,,8263,23.443014,25,,,,,,,,
,,,,,8323,60.266766,60,,,,,,,,
,,,,,8343,18.4871,20,,,,,,,,
,,,,,8358,9.607695,15,,,,,,,,
,,,,,8371,12.154672,13,,,,,,,,
,,,,,8389,21.06631,18,,,,,,,,
,,,,,8411,23.412846,22,,,,,,,,
,,,,,8428,16.506891,17,,,,,,,,
,,,,,8443,13.147588,15,,,,,,,,
,,,,,8496,57.97685,53,,,,,,,,
,,,,,8524,25.10477,28,,,,,,,,
,,,,,8543,6.2248178,19,,,,,,,,
,,,,,8559,12.009887,16,,,,,,,,
,,,,,8575,14.093657,16,,,,,,,,
,,,,,8589,11.746081,14,,,,,,,,
,,,,,8604,13.792453,15,,,,,,,,
,,,,,8615,8.705834,11,,,,,,,,
,,,,,8634,19.45968,19,,,,,,,,
,,,,,8669,40.936077,35,,,,,,,,
,,,,,8686,19.356796,17,,,,,,,,
,,,,,8705,20.136097,19,,,,,,,,
,,,,,8753,25.193897,48,,,,,,,,
,,,,,8774,24.085606,21,,,,,,,,
,,,,,8796,23.606316,22,,,,,,,,
,,,,,8814,17.68464,18,,,,,,,,
,,,,,8828,12.329924,14,,,,,,,,
,,,,,8861,38.651882,33,,,,,,,,
,,,,,8877,13.831623,16,,,,,,,,
,,,,,8947,107.30136,70,,,,,,,,
,,,,,8970,22.998848,23,,,,,,,,
,,,,,8997,10.73023,27,,,,,,,,
,,,,,9017,18.15557,20,,,,,,,,
,,,,,9035,10.683133,18,,,,,,,,
,,,,,9050,13.671469,15,,,,,,,,
,,,,,9066,11.367374,16,,,,,,,,
,,,,,9083,12.044874,17,,,,,,,,
,,,,,9107,13.191493,24,,,,,,,,
,,,,,9129,18.54057,22,,,,,,,,
,,,,,9157,22.809622,28,,,,,,,,
,,,,,9177,21.656013,20,,,,,,,,
,,,,,9189,10.100989,12,,,,,,,,
,,,,,9200,9.113123,11,,,,,,,,
,,,,,9229,40.27631,29,,,,,,,,
,,,,,9259,35.075634,30,,,,,,,,
,,,,,9273,12.387785,14,,,,,,,,
,,,,,9285,7.403441,12,,,,,,,,
,,,,,9298,11.781989,13,,,,,,,,
,,,,,9358,111.79602,60,,,,,,,,
,,,,,9394,28.548243,36,,,,,,,,
,,,,,9406,7.948106,12,,,,,,,,
,,,,,9419,12.666468,13,,,,,,,,
,,,,,9436,10.3783655,17,,,,,,,,
,,,,,9461,15.420246,25,,,,,,,,
,,,,,9496,49.033592,35,,,,,,,,
,,,,,9515,8.9165745,19,,,,,,,,
,,,,,9542,19.085663,27,,,,,,,,
,,,,,9552,8.414844,10,,,,,,,,
,,,,,9585,19.57275,33,,,,,,,,
,,,,,9601,13.653452,16,,,,,,,,
,,,,,9614,9.981137,13,,,,,,,,
,,,,,9640,32.409832,26,,,,,,,,
,,,,,9663,15.707602,23,,,,,,,,
,,,,,9691,24.721306,28,,,,,,,,
,,,,,9721,27.437468,30,,,,,,,,
,,,,,9734,11.702798,13,,,,,,,,
,,,,,9759,26.558475,25,,,,,,,,
,,,,,9831,111.767975,72,,,,,,,,
,,,,,9844,10.118634,13,,,,,,,,
,,,,,9858,12.927285,14,,,,,,,,
,,,,,9869,8.983563,11,,,,,,,,
,,,,,9888,12.221885,19,,,,,,,,
,,,,,9900,7.738775,12,,,,,,,,
,,,,,9927,13.75756,27,,,,,,,,
,,,,,9949,13.912078,22,,,,,,,,
,,,,,9961,9.819751,12,,,,,,,,
,,,,,9976,11.597063,15,,,,,,,,
,,,,,9995,20.015379,19,,,,,,,,
33.42936,25.71976,85.66685,8.067027,27.9,10000,,,-0.450870156288147,1.9446909427642822,1.2993957996368408,0.09922619163990021,1.1681251525878906,0.0003,0.0003,0.1
,,,,,10014,14.242209,19,,,,,,,,
,,,,,10031,13.506918,17,,,,,,,,
,,,,,10078,80.80554,47,,,,,,,,
,,,,,10093,17.614231,15,,,,,,,,
,,,,,10129,59.06452,36,,,,,,,,
,,,,,10178,58.311142,49,,,,,,,,
,,,,,10222,75.14408,44,,,,,,,,
,,,,,10265,74.53012,43,,,,,,,,
,,,,,10301,59.97876,36,,,,,,,,
,,,,,10340,63.687134,39,,,,,,,,
,,,,,10381,68.204384,41,,,,,,,,
,,,,,10432,91.91268,51,,,,,,,,
,,,,,10468,58.96787,36,,,,,,,,
,,,,,10519,90.354866,51,,,,,,,,
,,,,,10584,125.51804,65,,,,,,,,
,,,,,10621,62.79667,37,,,,,,,,
,,,,,10654,54.402374,33,,,,,,,,
,,,,,10700,80.79045,46,,,,,,,,
,,,,,10734,55.600792,34,,,,,,,,
,,,,,10772,63.652897,38,,,,,,,,
,,,,,10807,58.31732,35,,,,,,,,
,,,,,10840,53.524643,33,,,,,,,,
,,,,,10895,99.54029,55,,,,,,,,
,,,,,10931,60.41121,36,,,,,,,,
,,,,,10966,58.04503,35,,,,,,,,
,,,,,11000,,,-6.796606063842773,0.020362503826618195,0.516893744468689,6.254749298095703,6.135848045349121,0.0003,0.0003,0.1
,,,,,11001,57.508137,35,,,,,,,,
,,,,,11046,77.633446,45,,,,,,,,
,,,,,11123,158.53925,77,,,,,,,,
,,,,,11157,56.46401,34,,,,,,,,
,,,,,11191,56.67049,34,,,,,,,,
,,,,,11269,165.42894,78,,,,,,,,
,,,,,11343,150.87073,74,,,,,,,,
,,,,,11381,65.63817,38,,,,,,,,
,,,,,11475,213.89133,94,,,,,,,,
,,,,,11558,183.72256,83,,,,,,,,
,,,,,11642,187.5173,84,,,,,,,,
,,,,,11730,196.23073,88,,,,,,,,
,,,,,11810,174.2233,80,,,,,,,,
,,,,,11892,176.52629,82,,,,,,,,
,,,,,11976,167.69238,84,,,,,,,,
,,,,,12000,,,-15.328656196594238,-1.6797199249267578,0.5174462795257568,14.107734680175781,13.98451042175293,0.0003,0.0003,0.1
,,,,,12061,181.5868,85,,,,,,,,
,,,,,12148,192.4698,87,,,,,,,,
,,,,,12235,196.6859,87,,,,,,,,
,,,,,12323,195.58907,88,,,,,,,,
,,,,,12407,187.54068,84,,,,,,,,
,,,,,12494,192.24133,87,,,,,,,,
,,,,,12579,182.54292,85,,,,,,,,
,,,,,12663,183.91031,84,,,,,,,,
,,,,,12749,188.52411,86,,,,,,,,
,,,,,12839,179.10045,90,,,,,,,,
,,,,,12922,175.78532,83,,,,,,,,
,,,,,13000,,,-24.481002807617188,-1.4636731147766113,6.387566566467285,22.743022918701172,22.47625732421875,0.0003,0.0003,0.1
,,,,,13008,176.05669,86,,,,,,,,
,,,,,13090,172.4917,82,,,,,,,,
,,,,,13173,179.6322,83,,,,,,,,
,,,,,13255,174.82556,82,,,,,,,,
,,,,,13338,173.129,83,,,,,,,,
,,,,,13422,175.2268,84,,,,,,,,
,,,,,13505,173.3557,83,,,,,,,,
,,,,,13594,196.90413,89,,,,,,,,
,,,,,13679,183.7885,85,,,,,,,,
,,,,,13765,185.86072,86,,,,,,,,
,,,,,13849,165.1424,84,,,,,,,,
,,,,,13935,175.05946,86,,,,,,,,
,,,,,14000,,,-34.0433235168457,-1.0640045404434204,2.0770840644836426,32.22774124145508,32.18818283081055,0.0003,0.0003,0.1
,,,,,14020,181.18306,85,,,,,,,,
,,,,,14113,194.76317,93,,,,,,,,
,,,,,14208,185.73886,95,,,,,,,,
,,,,,14287,163.47931,79,,,,,,,,
,,,,,14377,180.27544,90,,,,,,,,
,,,,,14460,178.9324,83,,,,,,,,
,,,,,14545,181.57025,85,,,,,,,,
,,,,,14637,202.21027,92,,,,,,,,
,,,,,14723,175.2884,86,,,,,,,,
,,,,,14804,171.9575,81,,,,,,,,
,,,,,14892,197.87314,88,,,,,,,,
,,,,,14981,196.16454,89,,,,,,,,
181.80388,7.0332856,193.75046,171.18475,85.2,15000,,,-42.8087043762207,-1.9043009281158447,8.513106346130371,40.012908935546875,40.194740295410156,0.0003,0.0003,0.1
,,,,,15066,182.3052,85,,,,,,,,
,,,,,15172,249.24191,106,,,,,,,,
,,,,,15252,170.1724,80,,,,,,,,
,,,,,15350,231.21286,98,,,,,,,,
,,,,,15434,184.71477,84,,,,,,,,
,,,,,15519,175.59888,85,,,,,,,,
,,,,,15607,197.8331,88,,,,,,,,
,,,,,15695,193.22563,88,,,,,,,,
,,,,,15785,204.71739,90,,,,,,,,
,,,,,15877,206.11668,92,,,,,,,,
,,,,,15963,190.72,86,,,,,,,,
,,,,,16000,,,-50.67415237426758,-1.7585586309432983,3.8531415462493896,48.04102325439453,47.8975830078125,0.0003,0.0003,0.1
,,,,,16049,185.23227,86,,,,,,,,
,,,,,16137,186.76062,88,,,,,,,,
,,,,,16225,188.47798,88,,,,,,,,
,,,,,16316,201.7977,91,,,,,,,,
,,,,,16410,215.42882,94,,,,,,,,
,,,,,16498,197.68597,88,,,,,,,,
,,,,,16586,190.38081,88,,,,,,,,
,,,,,16672,169.01917,86,,,,,,,,
,,,,,16759,176.9137,87,,,,,,,,
,,,,,16849,191.39381,90,,,,,,,,
,,,,,16938,187.41258,89,,,,,,,,
,,,,,17000,,,-60.083740234375,-1.512528419494629,7.013576030731201,57.8330078125,57.88164520263672,0.0003,0.0003,0.1
,,,,,17032,212.3919,94,,,,,,,,
,,,,,17117,187.02467,85,,,,,,,,
,,,,,17204,188.84497,87,,,,,,,,
,,,,,17293,186.78128,89,,,,,,,,
,,,,,17386,182.88994,93,,,,,,,,
,,,,,17473,173.12381,87,,,,,,,,
,,,,,17566,185.79765,93,,,,,,,,
,,,,,17655,179.73648,89,,,,,,,,
,,,,,17745,188.55763,90,,,,,,,,
,,,,,17838,216.6489,93,,,,,,,,
,,,,,17941,240.94191,103,,,,,,,,
,,,,,18000,,,-67.06610870361328,-1.1531490087509155,3.0569376945495605,64.3543701171875,64.46013641357422,0.0003,0.0003,0.1
,,,,,18033,185.43665,92,,,,,,,,
,,,,,18135,253.54733,102,,,,,,,,
,,,,,18236,251.30667,101,,,,,,,,
,,,,,18338,258.0095,102,,,,,,,,
,,,,,18439,246.60922,101,,,,,,,,
,,,,,18540,242.92213,101,,,,,,,,
,,,,,18644,248.26929,104,,,,,,,,
,,,,,18753,274.18668,109,,,,,,,,
,,,,,18853,242.58704,100,,,,,,,,
,,,,,18955,249.99178,102,,,,,,,,
,,,,,19000,,,-76.89225006103516,-1.4426833391189575,5.921357154846191,73.42236328125,73.38157653808594,0.0003,0.0003,0.1
,,,,,19061,264.66446,106,,,,,,,,
,,,,,19164,225.06119,103,,,,,,,,
,,,,,19283,311.46494,119,,,,,,,,
,,,,,19388,245.49896,105,,,,,,,,
,,,,,19490,251.02118,102,,,,,,,,
,,,,,19593,250.77643,103,,,,,,,,
,,,,,19689,227.01581,96,,,,,,,,
,,,,,19794,266.8216,105,,,,,,,,
,,,,,19893,238.97821,99,,,,,,,,
,,,,,19992,250.87114,99,,,,,,,,
256.09015,17.992792,282.129,221.05386,106.8,20000,,,-84.68739318847656,-0.795421838760376,30.52003288269043,83.02093505859375,82.62313079833984,0.0003,0.0003,0.1
,,,,,20102,238.18529,110,,,,,,,,
,,,,,20207,268.25375,105,,,,,,,,
,,,,,20316,261.56802,109,,,,,,,,
,,,,,20428,250.89386,112,,,,,,,,
,,,,,20537,282.4382,109,,,,,,,,
,,,,,20644,263.32318,107,,,,,,,,
,,,,,20747,266.30957,103,,,,,,,,
,,,,,20848,250.3209,101,,,,,,,,
,,,,,20957,284.29398,109,,,,,,,,
,,,,,21000,,,-91.02420043945312,-1.1711459159851074,12.894871711730957,88.21954345703125,88.42411041259766,0.0003,0.0003,0.1
,,,,,21055,237.7219,98,,,,,,,,
,,,,,21156,215.80908,101,,,,,,,,
,,,,,21264,262.73047,108,,,,,,,,
,,,,,21367,250.86911,103,,,,,,,,
,,,,,21467,244.86264,100,,,,,,,,
,,,,,21584,251.81009,117,,,,,,,,
,,,,,21690,248.33025,106,,,,,,,,
,,,,,21800,262.6084,110,,,,,,,,
,,,,,21899,234.16817,99,,,,,,,,
,,,,,22000,,,-96.34978485107422,-1.5389293432235718,8.472917556762695,92.67930603027344,92.83967590332031,0.0003,0.0003,0.1
,,,,,22006,254.75583,107,,,,,,,,
,,,,,22104,209.79495,98,,,,,,,,
,,,,,22208,262.59485,104,,,,,,,,
,,,,,22313,265.17215,105,,,,,,,,
,,,,,22418,265.65573,105,,,,,,,,
,,,,,22527,254.08998,109,,,,,,,,
,,,,,22634,251.37112,107,,,,,,,,
,,,,,22729,198.70502,95,,,,,,,,
,,,,,22836,264.51648,107,,,,,,,,
,,,,,22949,268.1102,113,,,,,,,,
,,,,,23000,,,-101.84777069091797,-1.6042016744613647,14.199914932250977,99.2564697265625,99.11619567871094,0.0003,0.0003,0.1
,,,,,23055,252.28949,106,,,,,,,,
,,,,,23162,253.4768,107,,,,,,,,
,,,,,23271,264.90265,109,,,,,,,,
,,,,,23371,218.50357,100,,,,,,,,
,,,,,23458,172.17133,87,,,,,,,,
,,,,,23564,234.76627,106,,,,,,,,
,,,,,23661,211.19888,97,,,,,,,,
,,,,,23753,182.42114,92,,,,,,,,
,,,,,23838,170.14978,85,,,,,,,,
,,,,,23927,175.31679,89,,,,,,,,
,,,,,24000,,,-110.96656799316406,-1.3964476585388184,14.126983642578125,107.54930114746094,106.63916015625,0.0003,0.0003,0.1
,,,,,24029,222.8404,102,,,,,,,,
,,,,,24121,182.70416,92,,,,,,,,
,,,,,24226,234.44849,105,,,,,,,,
,,,,,24316,179.62485,90,,,,,,,,
,,,,,24421,237.68823,105,,,,,,,,
,,,,,24529,249.38428,108,,,,,,,,
,,,,,24553,37.999043,24,,,,,,,,
,,,,,24653,217.03107,100,,,,,,,,
,,,,,24681,46.037563,28,,,,,,,,
,,,,,24789,241.61134,108,,,,,,,,
,,,,,24816,43.929386,27,,,,,,,,
,,,,,24920,234.03453,104,,,,,,,,
,,,,,24945,39.80261,25,,,,,,,,
39.616066,4.134612,48.087654,34.524937,24.5,25000,,,-117.18817901611328,-1.8383305072784424,17.709758758544922,114.85322570800781,114.65229797363281,0.0003,0.0003,0.1
,,,,,25045,233.40662,100,,,,,,,,
,,,,,25073,47.063736,28,,,,,,,,
,,,,,25097,38.63158,24,,,,,,,,
,,,,,25121,38.21071,24,,,,,,,,
,,,,,25223,226.11145,102,,,,,,,,
,,,,,25323,220.5551,100,,,,,,,,
,,,,,25423,223.20079,100,,,,,,,,
,,,,,25508,175.3463,85,,,,,,,,
,,,,,25534,45.77636,26,,,,,,,,
,,,,,25637,232.09404,103,,,,,,,,
,,,,,25668,56.923645,31,,,,,,,,
,,,,,25769,239.17967,101,,,,,,,,
,,,,,25789,35.430355,20,,,,,,,,
,,,,,25897,245.11185,108,,,,,,,,
,,,,,26000,,,-123.73320770263672,-2.6127545833587646,8.55630111694336,119.62232971191406,119.62627410888672,0.0003,0.0003,0.1
,,,,,26003,239.49684,106,,,,,,,,
,,,,,26105,231.24867,102,,,,,,,,
,,,,,26201,205.8672,96,,,,,,,,
,,,,,26307,243.9181,106,,,,,,,,
,,,,,26419,259.8563,112,,,,,,,,
,,,,,26523,231.34605,104,,,,,,,,
,,,,,26630,260.75305,107,,,,,,,,
,,,,,26735,224.5707,105,,,,,,,,
,,,,,26840,242.93964,105,,,,,,,,
,,,,,26940,215.65184,100,,,,,,,,
,,,,,27000,,,-129.7203369140625,-2.2067604064941406,14.697612762451172,125.99150085449219,126.19656372070312,0.0003,0.0003,0.1
,,,,,27039,219.21255,99,,,,,,,,
,,,,,27148,255.91931,109,,,,,,,,
,,,,,27253,237.56187,105,,,,,,,,
,,,,,27341,191.66739,88,,,,,,,,
,,,,,27441,219.29558,100,,,,,,,,
,,,,,27545,243.53189,104,,,,,,,,
,,,,,27647,245.79747,102,,,,,,,,
,,,,,27757,260.46106,110,,,,,,,,
,,,,,27768,11.574348,11,,,,,,,,
,,,,,27778,10.167732,10,,,,,,,,
,,,,,27789,11.929523,11,,,,,,,,
,,,,,27895,279.9343,106,,,,,,,,
,,,,,28000,,,-131.13632202148438,-2.8085989952087402,19.18644142150879,126.46639251708984,127.27464294433594,0.0003,0.0003,0.1
,,,,,28010,305.654,115,,,,,,,,
,,,,,28122,298.9635,112,,,,,,,,
,,,,,28228,279.39023,106,,,,,,,,
,,,,,28341,302.0763,113,,,,,,,,
,,,,,28451,291.53085,110,,,,,,,,
,,,,,28559,278.3879,108,,,,,,,,
,,,,,28681,336.87772,122,,,,,,,,
,,,,,28789,281.312,108,,,,,,,,
,,,,,28910,333.03345,121,,,,,,,,
,,,,,29000,,,-137.4352264404297,-2.2695212364196777,18.273330688476562,133.56430053710938,133.08203125,0.0003,0.0003,0.1
,,,,,29022,286.76962,112,,,,,,,,
,,,,,29133,288.8231,111,,,,,,,,
,,,,,29246,296.87216,113,,,,,,,,
,,,,,29366,330.02884,120,,,,,,,,
,,,,,29479,308.18576,113,,,,,,,,
,,,,,29590,290.04434,111,,,,,,,,
,,,,,29706,320.8104,116,,,,,,,,
,,,,,29825,325.79648,119,,,,,,,,
,,,,,29944,327.43097,119,,,,,,,,
335.62186,8.965789,345.672,319.15326,121.8,30000,,,-147.0669708251953,-1.8750437498092651,65.50431823730469,143.7982177734375,144.52871704101562,0.0003,0.0003,0.1
,,,,,30064,325.48846,120,,,,,,,,
,,,,,30188,343.08762,124,,,,,,,,
,,,,,30304,313.77936,116,,,,,,,,
,,,,,30419,312.65903,115,,,,,,,,
,,,,,30529,289.93677,110,,,,,,,,
,,,,,30640,293.62378,111,,,,,,,,
,,,,,30758,330.34518,118,,,,,,,,
,,,,,30874,312.47577,116,,,,,,,,
,,,,,30991,319.06763,117,,,,,,,,
,,,,,31000,,,-145.3730926513672,-2.1698946952819824,17.02740478515625,139.81307983398438,139.52828979492188,0.0003,0.0003,0.1
,,,,,31109,322.4959,118,,,,,,,,
,,,,,31226,314.28,117,,,,,,,,
,,,,,31350,336.45035,124,,,,,,,,
,,,,,31460,279.36356,110,,,,,,,,
,,,,,31576,303.069,116,,,,,,,,
,,,,,31692,299.08997,116,,,,,,,,
,,,,,31813,325.84167,121,,,,,,,,
,,,,,31926,281.192,113,,,,,,,,
,,,,,31939,13.050332,13,,,,,,,,
,,,,,31951,11.81971,12,,,,,,,,
,,,,,32000,,,-151.69976806640625,-2.43499755859375,22.39962387084961,146.03866577148438,145.86160278320312,0.0003,0.0003,0.1
,,,,,32066,293.23608,115,,,,,,,,
,,,,,32185,310.3437,119,,,,,,,,
,,,,,32302,298.63736,117,,,,,,,,
,,,,,32428,317.5429,126,,,,,,,,
,,,,,32548,297.9228,120,,,,,,,,
,,,,,32671,311.5479,123,,,,,,,,
,,,,,32792,317.0576,121,,,,,,,,
,,,,,32914,317.60974,122,,,,,,,,
,,,,,33000,,,-159.02877807617188,-2.3600292205810547,31.048683166503906,156.54173278808594,156.71713256835938,0.0003,0.0003,0.1
,,,,,33037,305.32788,123,,,,,,,,
,,,,,33118,177.93973,81,,,,,,,,
,,,,,33241,304.20837,123,,,,,,,,
,,,,,33368,330.72977,127,,,,,,,,
,,,,,33499,350.57492,131,,,,,,,,
,,,,,33631,337.52847,132,,,,,,,,
,,,,,33745,275.184,114,,,,,,,,
,,,,,33874,332.29077,129,,,,,,,,
,,,,,33998,316.36597,124,,,,,,,,
,,,,,34000,,,-162.50062561035156,-2.292567491531372,20.287954330444336,159.30824279785156,159.09024047851562,0.0003,0.0003,0.1
,,,,,34129,345.53955,131,,,,,,,,
,,,,,34258,342.4021,129,,,,,,,,
,,,,,34390,334.1734,132,,,,,,,,
,,,,,34523,349.47708,133,,,,,,,,
,,,,,34648,303.4784,125,,,,,,,,
,,,,,34770,304.7137,122,,,,,,,,
,,,,,34898,349.40897,128,,,,,,,,
343.50153,22.11755,388.0373,305.37558,128.3,35000,,,-166.13796997070312,-2.551781177520752,47.36663818359375,161.09446716308594,162.10498046875,0.0003,0.0003,0.1
,,,,,35004,258.20853,106,,,,,,,,
,,,,,35108,245.11803,104,,,,,,,,
,,,,,35236,339.95013,128,,,,,,,,
,,,,,35380,409.44757,144,,,,,,,,
,,,,,35508,328.93152,128,,,,,,,,
,,,,,35632,308.99866,124,,,,,,,,
,,,,,35779,411.58057,147,,,,,,,,
,,,,,35887,271.69684,108,,,,,,,,
,,,,,35996,270.66888,109,,,,,,,,
,,,,,36000,,,-170.98175048828125,-2.9004762172698975,35.14759063720703,165.70550537109375,166.30064392089844,0.0003,0.0003,0.1
,,,,,36109,281.7034,113,,,,,,,,
,,,,,36236,331.60645,127,,,,,,,,
,,,,,36352,283.40585,116,,,,,,,,
,,,,,36471,262.24652,119,,,,,,,,
,,,,,36591,287.9809,120,,,,,,,,
,,,,,36706,248.16386,115,,,,,,,,
,,,,,36843,374.6512,137,,,,,,,,
,,,,,36967,267.85394,124,,,,,,,,
,,,,,37000,,,-177.01040649414062,-2.1944780349731445,13.427785873413086,173.1328582763672,173.23838806152344,0.0003,0.0003,0.1
,,,,,37100,290.55893,133,,,,,,,,
,,,,,37227,264.22208,127,,,,,,,,
,,,,,37338,238.74828,111,,,,,,,,
,,,,,37450,260.36267,112,,,,,,,,
,,,,,37563,255.23764,113,,,,,,,,
,,,,,37695,365.66293,132,,,,,,,,
,,,,,37817,312.2135,122,,,,,,,,
,,,,,37949,374.51367,132,,,,,,,,
,,,,,38000,,,-182.10818481445312,-2.2799735069274902,5.636493682861328,177.74383544921875,177.95263671875,0.0003,0.0003,0.1
,,,,,38090,331.43823,141,,,,,,,,
,,,,,38219,301.02686,129,,,,,,,,
,,,,,38342,318.16727,123,,,,,,,,
,,,,,38493,384.0752,151,,,,,,,,
,,,,,38634,378.76614,141,,,,,,,,
,,,,,38777,355.3534,143,,,,,,,,
,,,,,38917,398.62308,140,,,,,,,,
,,,,,39000,,,-180.8584747314453,-2.455354928970337,35.36571502685547,176.4091796875,176.68319702148438,0.0003,0.0003,0.1
,,,,,39065,364.29028,148,,,,,,,,
,,,,,39216,397.11057,151,,,,,,,,
,,,,,39356,384.79437,140,,,,,,,,
,,,,,39514,396.92206,158,,,,,,,,
,,,,,39651,339.79935,137,,,,,,,,
,,,,,39795,400.50308,144,,,,,,,,
,,,,,39932,390.2381,137,,,,,,,,
380.04205,23.76652,407.4794,343.30472,139.9,40000,,,-187.5135955810547,-2.0614213943481445,168.13685607910156,185.1385498046875,183.98074340820312,0.0003,0.0003,0.1
,,,,,40073,392.21964,141,,,,,,,,
,,,,,40213,386.7307,140,,,,,,,,
,,,,,40356,384.31488,143,,,,,,,,
,,,,,40501,368.04507,145,,,,,,,,
,,,,,40639,335.97485,138,,,,,,,,
,,,,,40777,357.47955,138,,,,,,,,
,,,,,40907,325.4775,130,,,,,,,,
,,,,,41000,,,-185.33035278320312,-2.2985451221466064,42.4251823425293,179.8766632080078,179.2071990966797,0.0003,0.0003,0.1
,,,,,41042,368.023,135,,,,,,,,
,,,,,41185,358.0831,143,,,,,,,,
,,,,,41238,92.42102,53,,,,,,,,
,,,,,41373,353.61395,135,,,,,,,,
,,,,,41514,394.05283,141,,,,,,,,
,,,,,41625,254.53668,111,,,,,,,,
,,,,,41740,274.4823,115,,,,,,,,
,,,,,41898,445.38416,158,,,,,,,,
,,,,,42000,,,-190.6212158203125,-2.2793822288513184,28.58102035522461,185.24069213867188,185.7216796875,0.0003,0.0003,0.1
,,,,,42042,386.87033,144,,,,,,,,
,,,,,42178,367.769,136,,,,,,,,
,,,,,42275,216.55893,97,,,,,,,,
,,,,,42393,289.52744,118,,,,,,,,
,,,,,42554,444.33777,161,,,,,,,,
,,,,,42697,377.88278,143,,,,,,,,
,,,,,42827,333.718,130,,,,,,,,
,,,,,42992,493.04916,165,,,,,,,,
,,,,,43000,,,-193.0264434814453,-1.8942646980285645,3.7764344215393066,189.93814086914062,189.86776733398438,0.0003,0.0003,0.1
,,,,,43018,44.974926,26,,,,,,,,
,,,,,43146,318.20602,128,,,,,,,,
,,,,,43299,383.48856,153,,,,,,,,
,,,,,43438,378.7071,139,,,,,,,,
,,,,,43563,298.86237,125,,,,,,,,
,,,,,43703,326.6967,140,,,,,,,,
,,,,,43837,335.8965,134,,,,,,,,
,,,,,43958,296.28003,121,,,,,,,,
,,,,,44000,,,-196.52577209472656,-1.9990618228912354,22.1452579498291,192.26361083984375,192.39096069335938,0.0003,0.0003,0.1
,,,,,44088,305.91974,130,,,,,,,,
,,,,,44230,367.50037,142,,,,,,,,
,,,,,44406,370.01483,176,,,,,,,,
,,,,,44537,305.72556,131,,,,,,,,
,,,,,44681,360.21722,144,,,,,,,,
,,,,,44800,223.57957,119,,,,,,,,
,,,,,44911,221.15326,111,,,,,,,,
267.97263,83.06401,345.91266,56.1071,124.7,45000,,,-197.4897003173828,-1.7460260391235352,3.1743083000183105,195.56207275390625,195.57308959960938,0.0003,0.0003,0.1
,,,,,45082,482.99017,171,,,,,,,,
,,,,,45240,363.27487,158,,,,,,,,
,,,,,45361,288.90012,121,,,,,,,,
,,,,,45497,271.08954,136,,,,,,,,
,,,,,45638,333.18185,141,,,,,,,,
,,,,,45806,429.73886,168,,,,,,,,
,,,,,45924,253.54848,118,,,,,,,,
,,,,,46000,,,-199.13031005859375,-1.9274619817733765,7.19069242477417,197.01351928710938,197.20498657226562,0.0003,0.0003,0.1
,,,,,46085,436.3224,161,,,,,,,,
,,,,,46124,70.09885,39,,,,,,,,
,,,,,46279,482.85233,155,,,,,,,,
,,,,,46433,380.64206,154,,,,,,,,
,,,,,46593,525.96564,160,,,,,,,,
,,,,,46725,276.7555,132,,,,,,,,
,,,,,46863,316.83994,138,,,,,,,,
,,,,,47000,,,-201.990234375,-2.061084032058716,79.29959106445312,197.23780822753906,197.9146270751953,0.0003,0.0003,0.1
,,,,,47023,467.43262,160,,,,,,,,
,,,,,47177,443.08313,154,,,,,,,,
,,,,,47349,477.66287,172,,,,,,,,
,,,,,47485,310.88748,136,,,,,,,,
,,,,,47633,386.61658,148,,,,,,,,
,,,,,47800,432.3788,167,,,,,,,,
,,,,,47931,301.47125,131,,,,,,,,
,,,,,48000,,,-197.83677673339844,-2.636950731277466,26.60616683959961,194.02212524414062,193.75872802734375,0.0003,0.0003,0.1
,,,,,48108,496.41925,177,,,,,,,,
,,,,,48262,402.78674,154,,,,,,,,
,,,,,48395,279.89526,133,,,,,,,,
,,,,,48544,366.73535,149,,,,,,,,
,,,,,48701,433.90103,157,,,,,,,,
,,,,,48859,404.89194,158,,,,,,,,
,,,,,49000,,,-208.4728546142578,-2.4631288051605225,19.29178237915039,204.0341033935547,204.27975463867188,0.0003,0.0003,0.1
,,,,,49006,398.58762,147,,,,,,,,
,,,,,49166,405.6315,160,,,,,,,,
,,,,,49320,385.61404,154,,,,,,,,
,,,,,49474,396.93228,154,,,,,,,,
,,,,,49632,397.66953,158,,,,,,,,
,,,,,49809,490.47467,177,,,,,,,,
,,,,,49963,378.4835,154,,,,,,,,
384.85413,48.526054,476.87222,272.64566,153.6,50000,,,-203.76979064941406,-2.2417402267456055,13.11430549621582,200.8204345703125,200.92776489257812,0.0003,0.0003,0.1
,,,,,50115,411.5099,152,,,,,,,,
,,,,,50273,399.807,158,,,,,,,,
,,,,,50408,352.11002,135,,,,,,,,
,,,,,50545,323.05832,137,,,,,,,,
,,,,,50698,411.19504,153,,,,,,,,
,,,,,50834,330.65472,136,,,,,,,,
,,,,,50993,460.49997,159,,,,,,,,
,,,,,51000,,,-212.0526123046875,-2.22436785697937,17.99571990966797,208.90745544433594,208.58335876464844,0.0003,0.0003,0.1
,,,,,51152,457.9634,159,,,,,,,,
,,,,,51305,435.69434,153,,,,,,,,
,,,,,51464,433.17557,159,,,,,,,,
,,,,,51625,469.84198,161,,,,,,,,
,,,,,51796,461.76904,171,,,,,,,,
,,,,,51953,420.5667,157,,,,,,,,
,,,,,52000,,,-211.1578826904297,-2.0485215187072754,8.407733917236328,208.81396484375,209.31817626953125,0.0003,0.0003,0.1
,,,,,52126,523.1706,173,,,,,,,,
,,,,,52288,456.1556,162,,,,,,,,
,,,,,52470,532.2879,182,,,,,,,,
,,,,,52641,488.00955,171,,,,,,,,
,,,,,52821,558.35706,180,,,,,,,,
,,,,,52990,470.3487,169,,,,,,,,
,,,,,53000,,,-216.54095458984375,-2.085702419281006,10.510034561157227,210.54541015625,210.88250732421875,0.0003,0.0003,0.1
,,,,,53172,545.382,182,,,,,,,,
,,,,,53346,537.2871,174,,,,,,,,
,,,,,53514,495.42157,168,,,,,,,,
,,,,,53689,517.58704,175,,,,,,,,
,,,,,53861,534.1475,172,,,,,,,,
,,,,,54000,,,-212.99591064453125,-2.5430874824523926,14.064035415649414,209.75050354003906,210.1156005859375,0.0003,0.0003,0.1
,,,,,54047,552.62085,186,,,,,,,,
,,,,,54067,19.116596,20,,,,,,,,
,,,,,54242,538.0077,175,,,,,,,,
,,,,,54401,492.11685,159,,,,,,,,
,,,,,54484,175.10239,83,,,,,,,,
,,,,,54641,490.1146,157,,,,,,,,
,,,,,54822,536.31866,181,,,,,,,,
,,,,,54995,551.8851,173,,,,,,,,
309.7796,151.3033,558.3763,148.89137,117.0,55000,,,-218.79302978515625,-2.1324939727783203,10.1622314453125,215.7706756591797,216.26296997070312,0.0003,0.0003,0.1
,,,,,55083,194.13539,88,,,,,,,,
,,,,,55256,544.8762,173,,,,,,,,
,,,,,55427,538.23865,171,,,,,,,,
,,,,,55552,338.60492,125,,,,,,,,
,,,,,55692,379.83444,140,,,,,,,,
,,,,,55854,492.53995,162,,,,,,,,
,,,,,56000,,,-213.52685546875,-2.437396764755249,28.082857131958008,210.68417358398438,211.51296997070312,0.0003,0.0003,0.1
,,,,,56005,468.51105,151,,,,,,,,
,,,,,56170,526.0721,165,,,,,,,,
,,,,,56302,361.39236,132,,,,,,,,
,,,,,56468,531.6018,166,,,,,,,,
,,,,,56597,365.2565,129,,,,,,,,
,,,,,56785,613.8135,188,,,,,,,,
,,,,,56949,510.3883,164,,,,,,,,
,,,,,57000,,,-218.56442260742188,-2.2023184299468994,8.602845191955566,217.01112365722656,216.67611694335938,0.0003,0.0003,0.1
,,,,,57135,608.5273,186,,,,,,,,
,,,,,57325,632.6488,190,,,,,,,,
,,,,,57360,60.18248,35,,,,,,,,
,,,,,57519,509.68427,159,,,,,,,,
,,,,,57692,550.41833,173,,,,,,,,
,,,,,57865,514.1388,173,,,,,,,,
,,,,,57898,55.08482,33,,,,,,,,
,,,,,57930,53.511692,32,,,,,,,,
,,,,,58000,,,-217.73497009277344,-2.045914649963379,8.043289184570312,214.880859375,215.466552734375,0.0003,0.0003,0.1
,,,,,58107,543.75183,177,,,,,,,,
,,,,,58275,530.51337,168,,,,,,,,
,,,,,58444,535.07684,169,,,,,,,,
,,,,,58621,552.2493,177,,,,,,,,
,,,,,58795,554.3937,174,,,,,,,,
,,,,,58964,537.94617,169,,,,,,,,
,,,,,59000,,,-226.6653594970703,-2.300633430480957,100.40788269042969,221.65084838867188,222.49853515625,0.0003,0.0003,0.1
,,,,,59120,503.55597,156,,,,,,,,
,,,,,59302,593.82385,182,,,,,,,,
,,,,,59471,537.59674,169,,,,,,,,
,,,,,59652,576.0017,181,,,,,,,,
,,,,,59845,626.5237,193,,,,,,,,
540.63684,79.7603,676.4623,384.84634,178.1,60000,,,-216.2316436767578,-2.3604941368103027,9.990612030029297,211.2304229736328,211.281982421875,0.0003,0.0003,0.1
,,,,,60031,590.516,186,,,,,,,,
,,,,,60203,527.38947,172,,,,,,,,
,,,,,60383,576.34906,180,,,,,,,,
,,,,,60580,611.1361,197,,,,,,,,
,,,,,60749,544.7526,169,,,,,,,,
,,,,,60926,516.30426,177,,,,,,,,
,,,,,61000,,,-223.85934448242188,-2.175565719604492,11.472610473632812,220.86880493164062,220.29661560058594,0.0003,0.0003,0.1
,,,,,61086,468.0161,160,,,,,,,,
,,,,,61268,542.3296,182,,,,,,,,
,,,,,61432,532.95685,164,,,,,,,,
,,,,,61603,543.46625,171,,,,,,,,
,,,,,61757,455.83313,154,,,,,,,,
,,,,,61904,435.00845,147,,,,,,,,
,,,,,62000,,,-228.3245391845703,-1.9047385454177856,8.48968505859375,224.7938232421875,225.22958374023438,0.0003,0.0003,0.1
,,,,,62099,600.1038,195,,,,,,,,
,,,,,62275,541.88983,176,,,,,,,,
,,,,,62448,526.2005,173,,,,,,,,
,,,,,62624,546.9459,176,,,,,,,,
,,,,,62800,559.99335,176,,,,,,,,
,,,,,62972,558.41364,172,,,,,,,,
,,,,,63000,,,-222.23414611816406,-2.375278949737549,16.546010971069336,219.64785766601562,219.6073760986328,0.0003,0.0003,0.1
,,,,,63173,616.58044,201,,,,,,,,
,,,,,63327,463.6316,154,,,,,,,,
,,,,,63499,539.4329,172,,,,,,,,
,,,,,63670,530.7193,171,,,,,,,,
,,,,,63845,516.8636,175,,,,,,,,
,,,,,64000,,,-225.10630798339844,-2.0611934661865234,15.918927192687988,220.6601104736328,220.40110778808594,0.0003,0.0003,0.1
,,,,,64020,564.8381,175,,,,,,,,
,,,,,64190,551.4679,170,,,,,,,,
,,,,,64361,548.22144,171,,,,,,,,
,,,,,64537,535.91254,176,,,,,,,,
,,,,,64714,541.67267,177,,,,,,,,
,,,,,64895,563.44855,181,,,,,,,,
485.33707,166.22939,602.84845,153.52081,155.9,65000,,,-222.91017150878906,-2.140096664428711,11.857479095458984,219.22415161132812,218.39295959472656,0.0003,0.0003,0.1
,,,,,65051,430.51828,156,,,,,,,,
,,,,,65238,589.61176,187,,,,,,,,
,,,,,65408,551.10504,170,,,,,,,,
,,,,,65583,561.2715,175,,,,,,,,
,,,,,65769,597.4169,186,,,,,,,,
,,,,,65938,533.4211,169,,,,,,,,
,,,,,66000,,,-229.55531311035156,-1.9688917398452759,22.07723617553711,224.88327026367188,224.32406616210938,0.0003,0.0003,0.1
,,,,,66113,538.0913,175,,,,,,,,
,,,,,66289,558.1592,176,,,,,,,,
,,,,,66472,594.3249,183,,,,,,,,
,,,,,66543,144.78145,71,,,,,,,,
,,,,,66614,144.22343,71,,,,,,,,
,,,,,66691,158.86081,77,,,,,,,,
,,,,,66881,616.34985,190,,,,,,,,
,,,,,67000,,,-222.08775329589844,-2.957259178161621,35.747718811035156,216.39389038085938,216.92515563964844,0.0003,0.0003,0.1
,,,,,67052,551.6823,171,,,,,,,,
,,,,,67221,541.9155,169,,,,,,,,
,,,,,67392,551.41754,171,,,,,,,,
,,,,,67566,570.41614,174,,,,,,,,
,,,,,67736,546.0497,170,,,,,,,,
,,,,,67918,583.95703,182,,,,,,,,
,,,,,68000,,,-225.67086791992188,-2.8844902515411377,29.963756561279297,221.6644744873047,221.24203491210938,0.0003,0.0003,0.1
,,,,,68102,580.3321,184,,,,,,,,
,,,,,68288,609.49634,186,,,,,,,,
,,,,,68451,516.5138,163,,,,,,,,
,,,,,68619,546.39264,168,,,,,,,,
,,,,,68795,550.1992,176,,,,,,,,
,,,,,68968,557.39435,173,,,,,,,,
,,,,,69000,,,-228.64450073242188,-2.482999086380005,19.410646438598633,221.32760620117188,221.43743896484375,0.0003,0.0003,0.1
,,,,,69125,481.92706,157,,,,,,,,
,,,,,69276,455.9091,151,,,,,,,,
,,,,,69454,573.77893,178,,,,,,,,
,,,,,69638,585.6279,184,,,,,,,,
,,,,,69826,586.7613,188,,,,,,,,
,,,,,69887,115.30877,61,,,,,,,,
,,,,,69940,94.61864,53,,,,,,,,
539.877,46.50163,597.3785,457.1481,173.9,70000,,,-229.88809204101562,-2.427375316619873,11.857562065124512,228.2647705078125,227.91094970703125,0.0003,0.0003,0.1
,,,,,70113,557.0998,173,,,,,,,,
,,,,,70299,631.8581,186,,,,,,,,
,,,,,70468,531.042,169,,,,,,,,
,,,,,70626,505.9163,158,,,,,,,,
,,,,,70801,542.2424,175,,,,,,,,
,,,,,70975,518.75726,174,,,,,,,,
,,,,,71000,,,-238.4504852294922,-2.4527370929718018,12.914913177490234,234.40103149414062,235.1475830078125,0.0003,0.0003,0.1
,,,,,71154,534.3035,179,,,,,,,,
,,,,,71317,453.33102,163,,,,,,,,
,,,,,71499,528.5473,182,,,,,,,,
,,,,,71689,552.9049,190,,,,,,,,
,,,,,71878,532.573,189,,,,,,,,
,,,,,72000,,,-235.1566162109375,-2.2725305557250977,13.653487205505371,233.24755859375,231.78968811035156,0.0003,0.0003,0.1
,,,,,72069,550.9417,191,,,,,,,,
,,,,,72254,539.2645,185,,,,,,,,
,,,,,72464,561.565,210,,,,,,,,
,,,,,72645,520.0933,181,,,,,,,,
,,,,,72803,391.88828,158,,,,,,,,
,,,,,72998,541.34766,195,,,,,,,,
,,,,,73000,,,-235.16360473632812,-2.211667060852051,11.157142639160156,232.460205078125,231.353515625,0.0003,0.0003,0.1
,,,,,73215,580.24274,217,,,,,,,,
,,,,,73388,535.48486,173,,,,,,,,
,,,,,73576,559.41455,188,,,,,,,,
,,,,,73769,578.09564,193,,,,,,,,
,,,,,73941,504.45514,172,,,,,,,,
,,,,,74000,,,-238.54269409179688,-2.301736831665039,31.54064178466797,235.30963134765625,235.6004638671875,0.0003,0.0003,0.1
,,,,,74126,566.74615,185,,,,,,,,
,,,,,74323,635.66,197,,,,,,,,
,,,,,74491,551.2177,168,,,,,,,,
,,,,,74679,530.77155,188,,,,,,,,
,,,,,74846,520.5141,167,,,,,,,,
552.5341,36.68723,606.46655,493.29526,179.0,75000,,,-239.6412811279297,-2.301234722137451,5.939707279205322,237.0150146484375,237.39122009277344,0.0003,0.0003,0.1
,,,,,75015,553.30115,169,,,,,,,,
,,,,,75191,547.6316,176,,,,,,,,
,,,,,75370,528.04803,179,,,,,,,,
,,,,,75564,540.3788,194,,,,,,,,
,,,,,75776,643.1424,212,,,,,,,,
,,,,,75963,607.3123,187,,,,,,,,
,,,,,76000,,,-238.91366577148438,-2.3683013916015625,30.40468978881836,234.44259643554688,234.12225341796875,0.0003,0.0003,0.1
,,,,,76110,459.38635,147,,,,,,,,
,,,,,76281,539.1579,171,,,,,,,,
,,,,,76458,597.08014,177,,,,,,,,
,,,,,76611,482.9203,153,,,,,,,,
,,,,,76777,551.2314,166,,,,,,,,
,,,,,76943,513.4808,166,,,,,,,,
,,,,,77000,,,-244.22879028320312,-2.2909295558929443,9.10805892944336,241.28057861328125,241.14122009277344,0.0003,0.0003,0.1
,,,,,77070,349.10605,127,,,,,,,,
,,,,,77237,532.58905,167,,,,,,,,
,,,,,77404,520.9638,167,,,,,,,,
,,,,,77561,485.0756,157,,,,,,,,
,,,,,77723,486.96973,162,,,,,,,,
,,,,,77881,514.0272,158,,,,,,,,
,,,,,78000,,,-243.73358154296875,-2.5878312587738037,19.497276306152344,240.68653869628906,240.46578979492188,0.0003,0.0003,0.1
,,,,,78054,573.656,173,,,,,,,,
,,,,,78233,584.45715,179,,,,,,,,
,,,,,78399,472.82254,166,,,,,,,,
,,,,,78583,549.0115,184,,,,,,,,
,,,,,78756,580.58453,173,,,,,,,,
,,,,,78931,557.4556,175,,,,,,,,
,,,,,79000,,,-244.762939453125,-2.6222023963928223,18.200538635253906,239.87896728515625,239.7767333984375,0.0003,0.0003,0.1
,,,,,79095,531.934,164,,,,,,,,
,,,,,79234,412.9302,139,,,,,,,,
,,,,,79253,18.130165,19,,,,,,,,
,,,,,79433,554.7414,180,,,,,,,,
,,,,,79610,558.3312,177,,,,,,,,
,,,,,79782,545.63947,172,,,,,,,,
,,,,,79986,661.6453,204,,,,,,,,
459.70377,180.1207,586.0765,105.96738,145.5,80000,,,-240.5313262939453,-2.806928873062134,9.452505111694336,237.89971923828125,237.4475555419922,0.0003,0.0003,0.1
,,,,,80174,564.95886,188,,,,,,,,
,,,,,80353,600.5894,179,,,,,,,,
,,,,,80526,586.51556,173,,,,,,,,
,,,,,80719,540.5289,193,,,,,,,,
,,,,,80894,579.70734,175,,,,,,,,
,,,,,81000,,,-244.89564514160156,-1.878330945968628,12.601661682128906,242.36920166015625,243.04766845703125,0.0003,0.0003,0.1
,,,,,81073,459.48477,179,,,,,,,,
,,,,,81237,542.59204,164,,,,,,,,
,,,,,81417,620.9868,180,,,,,,,,
,,,,,81583,535.00684,166,,,,,,,,
,,,,,81762,632.6597,179,,,,,,,,
,,,,,81929,545.6618,167,,,,,,,,
,,,,,82000,,,-241.83628845214844,-2.4390034675598145,53.568321228027344,238.52890014648438,238.3505859375,0.0003,0.0003,0.1
,,,,,82122,643.62317,193,,,,,,,,
,,,,,82309,545.6283,187,,,,,,,,
,,,,,82488,609.84106,179,,,,,,,,
,,,,,82648,514.5117,160,,,,,,,,
,,,,,82822,598.5494,174,,,,,,,,
,,,,,82992,565.3794,170,,,,,,,,
,,,,,83000,,,-247.35687255859375,-2.5784993171691895,35.992366790771484,245.8852081298828,246.11508178710938,0.0003,0.0003,0.1
,,,,,83194,667.4757,202,,,,,,,,
,,,,,83375,620.70245,181,,,,,,,,
,,,,,83571,650.9518,196,,,,,,,,
,,,,,83727,402.9175,156,,,,,,,,
,,,,,83912,621.03766,185,,,,,,,,
,,,,,84000,,,-239.7611541748047,-2.556325912475586,13.994823455810547,236.16709899902344,235.9727783203125,0.0003,0.0003,0.1
,,,,,84083,568.19025,171,,,,,,,,
,,,,,84281,614.139,198,,,,,,,,
,,,,,84441,503.6114,160,,,,,,,,
,,,,,84639,649.5546,198,,,,,,,,
,,,,,84852,668.38293,213,,,,,,,,
539.87506,40.219574,590.249,438.2186,169.7,85000,,,-253.96522521972656,-3.0480904579162598,15.590093612670898,250.6054229736328,250.43399047851562,0.0003,0.0003,0.1
,,,,,85062,639.21204,210,,,,,,,,
,,,,,85239,604.5609,177,,,,,,,,
,,,,,85441,614.8189,202,,,,,,,,
,,,,,85635,601.54645,194,,,,,,,,
,,,,,85861,710.1002,226,,,,,,,,
,,,,,86000,,,-244.8318328857422,-2.6567587852478027,28.150440216064453,239.30674743652344,239.73797607421875,0.0003,0.0003,0.1
,,,,,86048,605.1395,187,,,,,,,,
,,,,,86251,646.5294,203,,,,,,,,
,,,,,86456,552.41016,205,,,,,,,,
,,,,,86667,592.7081,211,,,,,,,,
,,,,,86859,646.79865,192,,,,,,,,
,,,,,87000,,,-242.81271362304688,-2.4157724380493164,20.999195098876953,239.4912567138672,237.85714721679688,0.0003,0.0003,0.1
,,,,,87035,487.94955,176,,,,,,,,
,,,,,87220,636.1189,185,,,,,,,,
,,,,,87418,642.43713,198,,,,,,,,
,,,,,87606,649.69684,188,,,,,,,,
,,,,,87804,608.6217,198,,,,,,,,
,,,,,88000,,,-255.75439453125,-2.2387282848358154,26.09636688232422,252.37200927734375,251.78091430664062,0.0003,0.0003,0.1
,,,,,88016,642.16754,212,,,,,,,,
,,,,,88204,622.08923,188,,,,,,,,
,,,,,88406,647.86615,202,,,,,,,,
,,,,,88554,467.19397,148,,,,,,,,
,,,,,88743,643.2115,189,,,,,,,,
,,,,,88936,654.18463,193,,,,,,,,
,,,,,89000,,,-253.33099365234375,-2.341285467147827,8.597997665405273,250.77853393554688,250.73573303222656,0.0003,0.0003,0.1
,,,,,89126,648.54755,190,,,,,,,,
,,,,,89348,707.9629,222,,,,,,,,
,,,,,89565,626.3851,217,,,,,,,,
,,,,,89766,648.5799,201,,,,,,,,
,,,,,89971,615.5356,205,,,,,,,,
,,,,,89982,10.625429,11,,,,,,,,
478.86392,176.37195,646.80273,11.649357,162.6,90000,,,-248.41848754882812,-2.625732898712158,17.53430938720703,245.21658325195312,245.00982666015625,0.0003,0.0003,0.1
,,,,,90154,485.89453,172,,,,,,,,
,,,,,90342,577.64355,188,,,,,,,,
,,,,,90512,457.19873,170,,,,,,,,
,,,,,90695,507.31696,183,,,,,,,,
,,,,,90908,620.3517,213,,,,,,,,
,,,,,91000,,,-248.97412109375,-2.622371196746826,13.231285095214844,246.45094299316406,246.54290771484375,0.0003,0.0003,0.1
,,,,,91083,480.20328,175,,,,,,,,
,,,,,91111,44.56605,28,,,,,,,,
,,,,,91274,559.4867,163,,,,,,,,
,,,,,91510,621.68933,236,,,,,,,,
,,,,,91680,491.05963,170,,,,,,,,
,,,,,91878,603.57227,198,,,,,,,,
,,,,,92000,,,-248.8423309326172,-2.510803699493408,12.85515022277832,244.05690002441406,244.12973022460938,0.0003,0.0003,0.1
,,,,,92028,492.7723,150,,,,,,,,
,,,,,92199,591.4568,171,,,,,,,,
,,,,,92373,621.43646,174,,,,,,,,
,,,,,92525,504.85962,152,,,,,,,,
,,,,,92705,555.3371,180,,,,,,,,
,,,,,92886,494.3193,181,,,,,,,,
,,,,,93000,,,-253.37786865234375,-2.3668179512023926,81.7255859375,249.6859130859375,250.31787109375,0.0003,0.0003,0.1
,,,,,93012,290.84583,126,,,,,,,,
,,,,,93193,486.52277,181,,,,,,,,
,,,,,93373,508.10345,180,,,,,,,,
,,,,,93526,399.71964,153,,,,,,,,
,,,,,93726,548.09186,200,,,,,,,,
,,,,,93874,372.64215,148,,,,,,,,
,,,,,94000,,,-252.6548309326172,-2.277377128601074,47.975982666015625,250.7313690185547,251.1526641845703,0.0003,0.0003,0.1
,,,,,94045,471.06393,171,,,,,,,,
,,,,,94218,467.90976,173,,,,,,,,
,,,,,94403,480.27322,185,,,,,,,,
,,,,,94570,473.82108,167,,,,,,,,
,,,,,94747,494.8394,177,,,,,,,,
,,,,,94766,20.923834,19,,,,,,,,
,,,,,94902,334.8442,136,,,,,,,,
447.04633,101.65873,591.28265,303.80234,169.5,95000,,,-249.07650756835938,-2.4407336711883545,15.293094635009766,246.53211975097656,247.1454620361328,0.0003,0.0003,0.1
,,,,,95126,644.79626,224,,,,,,,,
,,,,,95315,529.46783,189,,,,,,,,
,,,,,95505,531.2396,190,,,,,,,,
,,,,,95644,319.64832,139,,,,,,,,
,,,,,95773,293.0926,129,,,,,,,,
,,,,,95902,289.92212,129,,,,,,,,
,,,,,96000,,,-255.4575653076172,-2.319398880004883,17.95309066772461,254.10311889648438,255.17730712890625,0.0003,0.0003,0.1
,,,,,96034,298.989,132,,,,,,,,
,,,,,96204,476.61414,170,,,,,,,,
,,,,,96376,478.96216,172,,,,,,,,
,,,,,96556,533.7737,180,,,,,,,,
,,,,,96752,633.44867,196,,,,,,,,
,,,,,96940,568.02637,188,,,,,,,,
,,,,,97000,,,-258.90765380859375,-2.433889865875244,9.471504211425781,257.0881042480469,257.3182373046875,0.0003,0.0003,0.1
,,,,,97135,599.23517,195,,,,,,,,
,,,,,97314,522.54224,179,,,,,,,,
,,,,,97492,539.6766,178,,,,,,,,
,,,,,97677,561.18744,185,,,,,,,,
,,,,,97867,598.6176,190,,,,,,,,
,,,,,98000,,,-252.50196838378906,-2.5400280952453613,20.954357147216797,250.13523864746094,250.50502014160156,0.0003,0.0003,0.1
,,,,,98058,627.1153,191,,,,,,,,
,,,,,98230,579.0798,172,,,,,,,,
,,,,,98421,630.36145,191,,,,,,,,
,,,,,98610,601.6368,189,,,,,,,,
,,,,,98788,537.8195,178,,,,,,,,
,,,,,98965,576.92175,177,,,,,,,,
,,,,,99000,,,-264.6255798339844,-2.7525577545166016,41.03031539916992,261.9481201171875,262.338623046875,0.0003,0.0003,0.1
,,,,,99148,551.378,183,,,,,,,,
,,,,,99342,610.76605,194,,,,,,,,
,,,,,99538,611.03467,196,,,,,,,,
,,,,,99724,606.4913,186,,,,,,,,
,,,,,99912,597.22784,188,,,,,,,,
564.9721,29.791426,613.7702,512.81525,183.4,100000,,,-247.356689453125,-2.7333648204803467,22.183475494384766,244.26742553710938,244.60061645507812,0.0003,0.0003,0.1
,,,,,100090,579.2357,178,,,,,,,,
,,,,,100276,556.38934,186,,,,,,,,
,,,,,100447,572.9914,171,,,,,,,,
,,,,,100619,509.8584,172,,,,,,,,
,,,,,100803,608.53485,184,,,,,,,,
,,,,,100973,556.46674,170,,,,,,,,
,,,,,101000,,,-248.48851013183594,-2.616751194000244,12.99850082397461,246.3914337158203,247.2111053466797,0.0003,0.0003,0.1
,,,,,101144,568.2558,171,,,,,,,,
,,,,,101289,425.44238,145,,,,,,,,
,,,,,101466,564.34753,177,,,,,,,,
,,,,,101650,615.4758,184,,,,,,,,
,,,,,101837,602.519,187,,,,,,,,
,,,,,102000,,,-257.0581970214844,-2.820272922515869,12.932951927185059,254.43521118164062,254.60888671875,0.0003,0.0003,0.1
,,,,,102006,554.51984,169,,,,,,,,
,,,,,102150,435.94547,144,,,,,,,,
,,,,,102304,459.6721,154,,,,,,,,
,,,,,102486,605.96716,182,,,,,,,,
,,,,,102628,420.96094,142,,,,,,,,
,,,,,102791,542.88715,163,,,,,,,,
,,,,,102967,573.0592,176,,,,,,,,
,,,,,103000,,,-263.1258544921875,-2.611623764038086,13.290169715881348,261.1451110839844,261.4593505859375,0.0003,0.0003,0.1
,,,,,103142,592.92535,175,,,,,,,,
,,,,,103308,570.81775,166,,,,,,,,
,,,,,103500,601.20215,192,,,,,,,,
,,,,,103694,616.32074,194,,,,,,,,
,,,,,103877,607.4791,183,,,,,,,,
,,,,,104000,,,-258.29901123046875,-2.4164600372314453,10.330183029174805,256.5663757324219,256.61334228515625,0.0003,0.0003,0.1
,,,,,104071,634.689,194,,,,,,,,
,,,,,104210,374.55835,139,,,,,,,,
,,,,,104385,578.55865,175,,,,,,,,
,,,,,104570,595.1407,185,,,,,,,,
,,,,,104744,560.9813,174,,,,,,,,
,,,,,104874,354.89615,130,,,,,,,,
577.8623,49.21423,656.2551,500.9872,174.0,105000,,,-258.15631103515625,-2.3092384338378906,13.508417129516602,256.6663818359375,256.95428466796875,0.0003,0.0003,0.1
,,,,,105070,638.9229,196,,,,,,,,
,,,,,105242,563.9912,172,,,,,,,,
,,,,,105408,543.21326,166,,,,,,,,
,,,,,105622,687.39215,214,,,,,,,,
,,,,,105837,724.9252,215,,,,,,,,
,,,,,106000,,,-266.3387756347656,-2.446012496948242,79.34809112548828,263.09490966796875,262.1649169921875,0.0003,0.0003,0.1
,,,,,106030,606.6791,193,,,,,,,,
,,,,,106253,744.20734,223,,,,,,,,
,,,,,106309,107.298805,56,,,,,,,,
,,,,,106504,581.2114,195,,,,,,,,
,,,,,106688,533.56024,184,,,,,,,,
,,,,,106898,673.86066,210,,,,,,,,
,,,,,107000,,,-260.31268310546875,-2.6241354942321777,21.77825164794922,255.41273498535156,255.14260864257812,0.0003,0.0003,0.1
,,,,,107054,428.0227,156,,,,,,,,
,,,,,107273,729.468,219,,,,,,,,
,,,,,107479,681.30096,206,,,,,,,,
,,,,,107668,590.703,189,,,,,,,,
,,,,,107863,631.1927,195,,,,,,,,
,,,,,108000,,,-268.099609375,-2.2974846363067627,6.4583635330200195,264.48895263671875,264.16748046875,0.0003,0.0003,0.1
,,,,,108044,522.9234,181,,,,,,,,
,,,,,108237,631.5585,193,,,,,,,,
,,,,,108433,640.63635,196,,,,,,,,
,,,,,108644,688.4494,211,,,,,,,,
,,,,,108783,369.89645,139,,,,,,,,
,,,,,108963,540.0978,180,,,,,,,,
,,,,,109000,,,-260.85601806640625,-2.535431146621704,9.487604141235352,259.1292419433594,259.58441162109375,0.0003,0.0003,0.1
,,,,,109182,727.345,219,,,,,,,,
,,,,,109392,687.15076,210,,,,,,,,
,,,,,109569,555.9455,177,,,,,,,,
,,,,,109768,639.04443,199,,,,,,,,
,,,,,109967,635.9504,199,,,,,,,,
566.83685,90.22411,663.9588,317.45645,184.1,110000,,,-252.0902099609375,-2.6220812797546387,13.208459854125977,249.4380645751953,250.54879760742188,0.0003,0.0003,0.1
,,,,,110104,333.06546,137,,,,,,,,
,,,,,110307,655.9526,203,,,,,,,,
,,,,,110451,350.53967,144,,,,,,,,
,,,,,110581,301.52444,130,,,,,,,,
,,,,,110780,619.0751,199,,,,,,,,
,,,,,110951,514.4078,171,,,,,,,,
,,,,,111000,,,-254.83712768554688,-2.6717121601104736,10.025544166564941,251.8878173828125,252.42562866210938,0.0003,0.0003,0.1
,,,,,111156,655.6104,205,,,,,,,,
,,,,,111352,636.2594,196,,,,,,,,
,,,,,111563,694.7037,211,,,,,,,,
,,,,,111742,553.09546,179,,,,,,,,
,,,,,111942,610.209,200,,,,,,,,
,,,,,112000,,,-260.17901611328125,-2.5171236991882324,13.632362365722656,257.6734924316406,258.22930908203125,0.0003,0.0003,0.1
,,,,,112155,688.9256,213,,,,,,,,
,,,,,112359,667.1488,204,,,,,,,,
,,,,,112564,673.50464,205,,,,,,,,
,,,,,112596,42.417336,32,,,,,,,,
,,,,,112774,527.91864,178,,,,,,,,
,,,,,112986,666.60175,212,,,,,,,,
,,,,,113000,,,-259.2332458496094,-2.2411863803863525,6.902270317077637,257.61346435546875,257.7080078125,0.0003,0.0003,0.1
,,,,,113194,634.42285,208,,,,,,,,
,,,,,113409,680.15485,215,,,,,,,,
,,,,,113628,702.6662,219,,,,,,,,
,,,,,113775,385.53397,147,,,,,,,,
,,,,,113967,632.4222,192,,,,,,,,
,,,,,114000,,,-258.6614074707031,-2.7067513465881348,13.403745651245117,255.664306640625,256.025390625,0.0003,0.0003,0.1
,,,,,114155,637.9882,188,,,,,,,,
,,,,,114370,658.00836,215,,,,,,,,
,,,,,114566,585.5613,196,,,,,,,,
,,,,,114783,700.7566,217,,,,,,,,
,,,,,114975,661.39545,192,,,,,,,,
674.1198,67.79422,833.9627,598.7836,215.0,115000,,,-258.7073974609375,-2.310145854949951,7.948487758636475,256.3065490722656,256.083251953125,0.0003,0.0003,0.1
,,,,,115180,671.8699,205,,,,,,,,
,,,,,115379,654.0332,199,,,,,,,,
,,,,,115570,671.11786,191,,,,,,,,
,,,,,115761,662.7292,191,,,,,,,,
,,,,,115972,692.0713,211,,,,,,,,
,,,,,116000,,,-255.53468322753906,-2.8101806640625,5.648970127105713,252.50820922851562,252.87806701660156,0.0003,0.0003,0.1
,,,,,116138,552.56726,166,,,,,,,,
,,,,,116338,669.86224,200,,,,,,,,
,,,,,116566,709.3012,228,,,,,,,,
,,,,,116774,716.47473,208,,,,,,,,
,,,,,116983,629.44385,209,,,,,,,,
,,,,,117000,,,-253.4821014404297,-2.2218282222747803,97.43538665771484,251.84490966796875,251.76437377929688,0.0003,0.0003,0.1
,,,,,117191,685.1825,208,,,,,,,,
,,,,,117418,744.5081,227,,,,,,,,
,,,,,117621,688.09937,203,,,,,,,,
,,,,,117827,696.4077,206,,,,,,,,
,,,,,118000,,,-257.2320251464844,-2.63883638381958,263.12066650390625,254.8675994873047,253.561279296875,0.0003,0.0003,0.1
,,,,,118032,689.8162,205,,,,,,,,
,,,,,118221,576.21173,189,,,,,,,,
,,,,,118432,695.9268,211,,,,,,,,
,,,,,118620,642.3652,188,,,,,,,,
,,,,,118851,800.36694,231,,,,,,,,
,,,,,119000,,,-267.16424560546875,-2.303072929382324,7.005527973175049,264.3153991699219,263.9563293457031,0.0003,0.0003,0.1
,,,,,119065,691.97437,214,,,,,,,,
,,,,,119268,687.55365,203,,,,,,,,
,,,,,119471,689.728,203,,,,,,,,
,,,,,119668,684.42,197,,,,,,,,
,,,,,119864,681.7903,196,,,,,,,,
676.68036,41.705326,714.1097,569.09216,197.8,120000,,,-255.85118103027344,-2.5147762298583984,8.529995918273926,253.7891845703125,254.1883544921875,0.0003,0.0003,0.1
,,,,,120001,390.0281,137,,,,,,,,
,,,,,120200,696.3115,199,,,,,,,,
,,,,,120393,653.43726,193,,,,,,,,
,,,,,120599,692.2181,206,,,,,,,,
,,,,,120802,732.56903,203,,,,,,,,
,,,,,121000,,,-261.57562255859375,-3.111527442932129,8.702961921691895,258.5362548828125,258.4482421875,0.0003,0.0003,0.1
,,,,,121010,648.1139,208,,,,,,,,
,,,,,121218,724.47174,208,,,,,,,,
,,,,,121418,692.0813,200,,,,,,,,
,,,,,121596,615.96313,178,,,,,,,,
,,,,,121783,657.5034,187,,,,,,,,
,,,,,121985,696.54645,202,,,,,,,,
,,,,,122000,,,-258.7380065917969,-2.569377899169922,8.225414276123047,255.64083862304688,255.82614135742188,0.0003,0.0003,0.1
,,,,,122156,576.3718,171,,,,,,,,
,,,,,122337,604.53064,181,,,,,,,,
,,,,,122524,641.3903,187,,,,,,,,
,,,,,122711,655.04724,187,,,,,,,,
,,,,,122910,716.32214,199,,,,,,,,
,,,,,123000,,,-259.69049072265625,-2.75571870803833,7.462278842926025,256.366943359375,256.4547119140625,0.0003,0.0003,0.1
,,,,,123116,712.39655,206,,,,,,,,
,,,,,123262,432.20718,146,,,,,,,,
,,,,,123478,708.1687,216,,,,,,,,
,,,,,123686,711.3005,208,,,,,,,,
,,,,,123843,471.4575,157,,,,,,,,
,,,,,124000,,,-265.8837585449219,-2.470531940460205,28.044464111328125,262.15411376953125,261.9035949707031,0.0003,0.0003,0.1
,,,,,124024,636.31445,181,,,,,,,,
,,,,,124251,811.64453,227,,,,,,,,
,,,,,124454,713.3807,203,,,,,,,,
,,,,,124683,786.0202,229,,,,,,,,
,,,,,124892,738.9485,209,,,,,,,,
593.2213,297.15256,938.082,22.303717,181.3,125000,,,-265.3579406738281,-2.740182399749756,19.482288360595703,262.0008544921875,262.47674560546875,0.0003,0.0003,0.1
,,,,,125104,677.6682,212,,,,,,,,
,,,,,125327,774.50037,223,,,,,,,,
,,,,,125527,672.5511,200,,,,,,,,
,,,,,125732,703.41974,205,,,,,,,,
,,,,,125938,715.40466,206,,,,,,,,
,,,,,126000,,,-261.1285095214844,-2.7671594619750977,67.11029815673828,258.145263671875,257.42864990234375,0.0003,0.0003,0.1
,,,,,126129,663.08563,191,,,,,,,,
,,,,,126314,632.0541,185,,,,,,,,
,,,,,126516,677.5652,202,,,,,,,,
,,,,,126690,583.6527,174,,,,,,,,
,,,,,126902,750.2596,212,,,,,,,,
,,,,,127000,,,-260.9170227050781,-2.5974388122558594,30.958003997802734,259.5225524902344,259.50494384765625,0.0003,0.0003,0.1
,,,,,127085,637.46106,183,,,,,,,,
,,,,,127298,728.2995,213,,,,,,,,
,,,,,127501,721.5542,203,,,,,,,,
,,,,,127696,683.0672,195,,,,,,,,
,,,,,127912,771.9503,216,,,,,,,,
,,,,,128000,,,-261.5697937011719,-3.0160722732543945,12.335710525512695,257.874267578125,257.9356689453125,0.0003,0.0003,0.1
,,,,,128127,732.4296,215,,,,,,,,
,,,,,128342,687.2396,215,,,,,,,,
,,,,,128530,649.849,188,,,,,,,,
,,,,,128730,710.9711,200,,,,,,,,
,,,,,128907,604.4075,177,,,,,,,,
,,,,,129000,,,-267.4295959472656,-2.4534449577331543,13.758768081665039,265.242919921875,265.7235412597656,0.0003,0.0003,0.1
,,,,,129083,592.80884,176,,,,,,,,
,,,,,129265,633.9233,182,,,,,,,,
,,,,,129437,583.6929,172,,,,,,,,
,,,,,129628,669.4463,191,,,,,,,,
,,,,,129797,559.45496,169,,,,,,,,
608.67224,62.874332,709.96375,550.691,178.4,130000,,,-255.4608612060547,-2.8907947540283203,6.86669921875,252.88331604003906,252.84457397460938,0.0003,0.0003,0.1
,,,,,130005,759.51166,208,,,,,,,,
,,,,,130171,550.6403,166,,,,,,,,
,,,,,130349,605.68835,178,,,,,,,,
,,,,,130555,702.30035,206,,,,,,,,
,,,,,130592,55.44174,37,,,,,,,,
,,,,,130804,728.3791,212,,,,,,,,
,,,,,131000,694.564,196,,,,,,,,
,,,,,131000,,,-259.6631774902344,-2.4354093074798584,16.17050552368164,258.20513916015625,258.642822265625,0.0003,0.0003,0.1
,,,,,131195,676.32916,195,,,,,,,,
,,,,,131376,621.9926,181,,,,,,,,
,,,,,131561,653.61115,185,,,,,,,,
,,,,,131743,634.79205,182,,,,,,,,
,,,,,131917,588.0385,174,,,,,,,,
,,,,,132000,,,-266.8418273925781,-2.601440906524658,8.736560821533203,263.9783935546875,264.3796691894531,0.0003,0.0003,0.1
,,,,,132117,712.2016,200,,,,,,,,
,,,,,132290,581.9226,173,,,,,,,,
,,,,,132459,571.8826,169,,,,,,,,
,,,,,132649,661.4118,190,,,,,,,,
,,,,,132815,554.2744,166,,,,,,,,
,,,,,133000,,,-266.0048828125,-2.204591751098633,11.241628646850586,263.78839111328125,263.92144775390625,0.0003,0.0003,0.1
,,,,,133020,721.3421,205,,,,,,,,
,,,,,133226,717.4642,206,,,,,,,,
,,,,,133418,666.05975,192,,,,,,,,
,,,,,133624,615.8482,206,,,,,,,,
,,,,,133696,150.1531,72,,,,,,,,
,,,,,133882,657.064,186,,,,,,,,
,,,,,134000,,,-272.83575439453125,-2.5143542289733887,6.400136947631836,269.6561279296875,269.59039306640625,0.0003,0.0003,0.1
,,,,,134067,640.3787,185,,,,,,,,
,,,,,134288,700.8764,221,,,,,,,,
,,,,,134475,633.47894,187,,,,,,,,
,,,,,134650,586.8475,175,,,,,,,,
,,,,,134864,730.05524,214,,,,,,,,
678.07465,49.10533,742.54364,589.67633,196.3,135000,,,-265.9346618652344,-2.775033712387085,14.669553756713867,263.0418701171875,263.03814697265625,0.0003,0.0003,0.1
,,,,,135034,555.5592,170,,,,,,,,
,,,,,135298,887.88916,264,,,,,,,,
,,,,,135561,884.42834,263,,,,,,,,
,,,,,135768,602.4071,207,,,,,,,,
,,,,,135949,638.3221,181,,,,,,,,
,,,,,136000,,,-263.815185546875,-2.8068690299987793,184.30799865722656,261.34368896484375,261.6816711425781,0.0003,0.0003,0.1
,,,,,136157,624.5126,208,,,,,,,,
,,,,,136331,594.70154,174,,,,,,,,
,,,,,136541,718.67596,210,,,,,,,,
,,,,,136711,553.81915,170,,,,,,,,
,,,,,136871,520.91284,160,,,,,,,,
,,,,,137000,,,-270.3121337890625,-2.4752275943756104,7.252813339233398,269.05792236328125,269.88165283203125,0.0003,0.0003,0.1
,,,,,137092,733.558,221,,,,,,,,
,,,,,137266,565.6491,174,,,,,,,,
,,,,,137442,608.0594,176,,,,,,,,
,,,,,137618,590.16583,176,,,,,,,,
,,,,,137815,703.2652,197,,,,,,,,
,,,,,138000,,,-261.43426513671875,-2.6345162391662598,46.20479202270508,259.274169921875,259.72607421875,0.0003,0.0003,0.1
,,,,,138002,641.88275,187,,,,,,,,
,,,,,138167,538.1854,165,,,,,,,,
,,,,,138368,717.6951,201,,,,,,,,
,,,,,138549,620.3201,181,,,,,,,,
,,,,,138711,538.7409,162,,,,,,,,
,,,,,138904,674.88025,193,,,,,,,,
,,,,,139000,,,-261.6300354003906,-2.7346668243408203,17.839962005615234,259.3023681640625,258.7333984375,0.0003,0.0003,0.1
,,,,,139126,714.0198,222,,,,,,,,
,,,,,139149,28.779135,23,,,,,,,,
,,,,,139370,695.4793,221,,,,,,,,
,,,,,139532,521.8274,162,,,,,,,,
,,,,,139705,586.17053,173,,,,,,,,
,,,,,139885,635.99097,180,,,,,,,,
643.0609,82.1092,826.1636,558.15216,190.0,140000,,,-268.3545837402344,-2.4500060081481934,12.016087532043457,265.13421630859375,264.29827880859375,0.0003,0.0003,0.1
,,,,,140058,591.46313,173,,,,,,,,
,,,,,140229,587.24097,171,,,,,,,,
,,,,,140259,41.56678,30,,,,,,,,
,,,,,140441,623.09644,182,,,,,,,,
,,,,,140654,715.76953,213,,,,,,,,
,,,,,140872,733.9164,218,,,,,,,,
,,,,,141000,,,-264.6426696777344,-2.312246799468994,8.449000358581543,262.0665283203125,262.000732421875,0.0003,0.0003,0.1
,,,,,141097,716.964,225,,,,,,,,
,,,,,141268,582.00256,171,,,,,,,,
,,,,,141488,708.7337,220,,,,,,,,
,,,,,141726,791.3176,238,,,,,,,,
,,,,,141926,682.46783,200,,,,,,,,
,,,,,142000,,,-265.1216735839844,-2.5106029510498047,10.248456001281738,260.10150146484375,259.81671142578125,0.0003,0.0003,0.1
,,,,,142097,589.85004,171,,,,,,,,
,,,,,142257,530.52527,160,,,,,,,,
,,,,,142415,508.04065,158,,,,,,,,
,,,,,142445,43.39472,30,,,,,,,,
,,,,,142694,821.41675,249,,,,,,,,
,,,,,142873,625.0164,179,,,,,,,,
,,,,,143000,,,-272.22442626953125,-2.619122266769409,21.52528190612793,269.293212890625,268.91070556640625,0.0003,0.0003,0.1
,,,,,143075,583.5814,202,,,,,,,,
,,,,,143288,702.7513,213,,,,,,,,
,,,,,143497,640.76373,209,,,,,,,,
,,,,,143746,824.79706,249,,,,,,,,
,,,,,143971,719.13763,225,,,,,,,,
,,,,,144000,,,-272.6116638183594,-2.6752777099609375,10.58706283569336,270.6839294433594,270.8990478515625,0.0003,0.0003,0.1
,,,,,144135,559.1526,164,,,,,,,,
,,,,,144302,562.311,167,,,,,,,,
,,,,,144579,831.3804,277,,,,,,,,
,,,,,144767,540.65485,188,,,,,,,,
707.0454,111.127785,917.0349,573.6307,212.4,145000,,,-275.5383605957031,-2.5272655487060547,15.110931396484375,272.4454040527344,271.7350769042969,0.0003,0.0003,0.1
,,,,,145008,798.60913,241,,,,,,,,
,,,,,145317,984.9959,309,,,,,,,,
,,,,,145602,899.61993,285,,,,,,,,
,,,,,145820,671.8177,218,,,,,,,,
,,,,,146000,,,-270.78857421875,-2.482191562652588,19.607952117919922,269.26629638671875,270.40606689453125,0.0003,0.0003,0.1
,,,,,146014,650.86597,194,,,,,,,,
,,,,,146279,876.7676,265,,,,,,,,
,,,,,146541,871.88525,262,,,,,,,,
,,,,,146751,617.602,210,,,,,,,,
,,,,,146945,617.32153,194,,,,,,,,
,,,,,146984,62.42738,39,,,,,,,,
,,,,,147000,,,-273.20562744140625,-2.6128058433532715,7.103075981140137,270.6763916015625,270.564453125,0.0003,0.0003,0.1
,,,,,147248,853.99884,264,,,,,,,,
,,,,,147456,635.7322,208,,,,,,,,
,,,,,147681,721.5111,225,,,,,,,,
,,,,,147831,474.83987,150,,,,,,,,
,,,,,147993,540.4363,162,,,,,,,,
,,,,,148000,,,-278.69091796875,-2.5122432708740234,7.946078777313232,276.80743408203125,276.8829650878906,0.0003,0.0003,0.1
,,,,,148186,624.41785,193,,,,,,,,
,,,,,148404,687.7953,218,,,,,,,,
,,,,,148598,626.5051,194,,,,,,,,
,,,,,148787,614.2677,189,,,,,,,,
,,,,,148987,638.7433,200,,,,,,,,
,,,,,149000,,,-278.3736267089844,-2.3935189247131348,6.5879364013671875,276.85089111328125,276.40594482421875,0.0003,0.0003,0.1
,,,,,149186,693.1109,199,,,,,,,,
,,,,,149376,656.7611,190,,,,,,,,
,,,,,149560,616.05585,184,,,,,,,,
,,,,,149768,611.8488,208,,,,,,,,
,,,,,149964,669.2537,196,,,,,,,,
517.83496,261.0837,867.68805,126.84778,167.7,150000,,,-268.3652648925781,-2.3102314472198486,7.327910900115967,266.91375732421875,267.3192138671875,0.0003,0.0003,0.1
,,,,,150163,663.31934,199,,,,,,,,
,,,,,150230,134.51846,67,,,,,,,,
,,,,,150471,789.2024,241,,,,,,,,
,,,,,150647,587.0763,176,,,,,,,,
,,,,,150825,597.79675,178,,,,,,,,
,,,,,151000,,,-269.593017578125,-2.3668038845062256,7.45824670791626,267.92205810546875,267.54638671875,0.0003,0.0003,0.1
,,,,,151022,684.83984,197,,,,,,,,
,,,,,151263,756.4035,241,,,,,,,,
,,,,,151473,618.3954,210,,,,,,,,
,,,,,151658,504.67032,185,,,,,,,,
,,,,,151843,639.8865,185,,,,,,,,
,,,,,152000,,,-271.0964660644531,-2.034635066986084,7.022363185882568,269.55560302734375,269.7601623535156,0.0003,0.0003,0.1
,,,,,152036,638.0805,193,,,,,,,,
,,,,,152235,693.3312,199,,,,,,,,
,,,,,152432,617.4845,197,,,,,,,,
,,,,,152627,695.81647,195,,,,,,,,
,,,,,152830,671.03827,203,,,,,,,,
,,,,,153000,,,-272.9068908691406,-2.50211763381958,7.4993205070495605,271.43994140625,271.29449462890625,0.0003,0.0003,0.1
,,,,,153021,653.6002,191,,,,,,,,
,,,,,153210,625.7756,189,,,,,,,,
,,,,,153410,678.3812,200,,,,,,,,
,,,,,153613,687.36566,203,,,,,,,,
,,,,,153814,710.7326,201,,,,,,,,
,,,,,154000,,,-263.8243103027344,-2.531517505645752,8.440150260925293,261.3508605957031,261.708984375,0.0003,0.0003,0.1
,,,,,154014,591.68854,200,,,,,,,,
,,,,,154149,378.59866,135,,,,,,,,
,,,,,154358,694.51807,209,,,,,,,,
,,,,,154498,360.16565,140,,,,,,,,
,,,,,154721,716.17035,223,,,,,,,,
,,,,,154908,636.8538,187,,,,,,,,
661.78076,53.29482,735.44855,569.0237,205.2,155000,,,-265.8363342285156,-2.7048630714416504,8.813270568847656,264.6902770996094,264.75762939453125,0.0003,0.0003,0.1
,,,,,155164,788.0139,256,,,,,,,,
,,,,,155369,639.7843,205,,,,,,,,
,,,,,155552,579.536,183,,,,,,,,
,,,,,155739,628.0859,187,,,,,,,,
,,,,,155904,554.06213,165,,,,,,,,
,,,,,156000,,,-275.69940185546875,-2.3143720626831055,6.846198558807373,274.20654296875,274.065673828125,0.0003,0.0003,0.1
,,,,,156099,653.37177,195,,,,,,,,
,,,,,156286,657.6963,187,,,,,,,,
,,,,,156485,635.6839,199,,,,,,,,
,,,,,156673,645.2105,188,,,,,,,,
,,,,,156867,654.26904,194,,,,,,,,
,,,,,157000,,,-277.2492980957031,-2.5201075077056885,4.53068733215332,275.92327880859375,276.29705810546875,0.0003,0.0003,0.1
,,,,,157030,544.6454,163,,,,,,,,
,,,,,157202,497.2197,172,,,,,,,,
,,,,,157221,17.337675,19,,,,,,,,
,,,,,157407,620.4053,186,,,,,,,,
,,,,,157608,712.7983,201,,,,,,,,
,,,,,157811,662.6959,203,,,,,,,,
,,,,,157990,624.6782,179,,,,,,,,
,,,,,158000,,,-270.3616027832031,-2.455595016479492,8.61955451965332,268.3143310546875,268.543701171875,0.0003,0.0003,0.1
,,,,,158195,663.34576,205,,,,,,,,
,,,,,158373,507.2054,178,,,,,,,,
,,,,,158579,697.78613,206,,,,,,,,
,,,,,158792,717.5487,213,,,,,,,,
,,,,,158979,603.1781,187,,,,,,,,
,,,,,159000,,,-272.0489196777344,-2.3623404502868652,9.563733100891113,268.97698974609375,268.6256103515625,0.0003,0.0003,0.1
,,,,,159184,698.97906,205,,,,,,,,
,,,,,159380,638.5475,196,,,,,,,,
,,,,,159584,677.0375,204,,,,,,,,
,,,,,159762,625.3594,178,,,,,,,,
,,,,,159955,628.22266,193,,,,,,,,
627.34564,66.29089,732.64105,541.32623,187.0,160000,,,-273.6636047363281,-2.4507851600646973,8.673498153686523,271.9425048828125,272.0240478515625,0.0003,0.0003,0.1
,,,,,160130,598.09033,175,,,,,,,,
,,,,,160346,687.8622,216,,,,,,,,
,,,,,160541,631.3765,195,,,,,,,,
,,,,,160736,596.26263,195,,,,,,,,
,,,,,160890,497.9271,154,,,,,,,,
,,,,,161000,,,-274.3307800292969,-2.462538719177246,39.750396728515625,270.53216552734375,271.10003662109375,0.0003,0.0003,0.1
,,,,,161108,715.4266,218,,,,,,,,
,,,,,161306,627.3344,198,,,,,,,,
,,,,,161484,621.83264,178,,,,,,,,
,,,,,161663,597.52386,179,,,,,,,,
,,,,,161869,653.65546,206,,,,,,,,
,,,,,162000,,,-275.1925964355469,-2.237717628479004,8.531877517700195,273.97802734375,274.13140869140625,0.0003,0.0003,0.1
,,,,,162080,701.5799,211,,,,,,,,
,,,,,162263,626.96436,183,,,,,,,,
,,,,,162456,633.09784,193,,,,,,,,
,,,,,162696,763.76465,240,,,,,,,,
,,,,,162820,337.78784,124,,,,,,,,
,,,,,162975,494.1426,155,,,,,,,,
,,,,,163000,,,-263.12841796875,-2.816190242767334,31.079360961914062,260.9537658691406,260.4061279296875,0.0003,0.0003,0.1
,,,,,163168,669.171,193,,,,,,,,
,,,,,163374,650.2623,206,,,,,,,,
,,,,,163555,625.5122,181,,,,,,,,
,,,,,163746,577.0453,191,,,,,,,,
,,,,,163925,609.24915,179,,,,,,,,
,,,,,164000,,,-267.8063049316406,-2.5967981815338135,7.750739097595215,264.4538269042969,264.08465576171875,0.0003,0.0003,0.1
,,,,,164098,591.0876,173,,,,,,,,
,,,,,164265,566.1966,167,,,,,,,,
,,,,,164438,594.62634,173,,,,,,,,
,,,,,164618,601.2783,180,,,,,,,,
,,,,,164813,680.25555,195,,,,,,,,
,,,,,164868,102.62961,55,,,,,,,,
653.38446,86.49383,881.58923,564.04193,192.1,165000,,,-267.78997802734375,-2.3120803833007812,10.28175163269043,266.23028564453125,265.92913818359375,0.0003,0.0003,0.1
,,,,,165051,633.5875,183,,,,,,,,
,,,,,165274,742.9786,223,,,,,,,,
,,,,,165450,616.6797,176,,,,,,,,
,,,,,165652,687.3153,202,,,,,,,,
,,,,,165803,461.2535,151,,,,,,,,
,,,,,165990,657.6006,187,,,,,,,,
,,,,,166000,,,-272.7800598144531,-2.4806325435638428,12.828060150146484,271.34674072265625,271.50213623046875,0.0003,0.0003,0.1
,,,,,166231,820.7829,241,,,,,,,,
,,,,,166496,902.7242,265,,,,,,,,
,,,,,166699,698.099,203,,,,,,,,
,,,,,166904,657.9959,205,,,,,,,,
,,,,,167000,,,-266.49200439453125,-2.5659267902374268,16.450258255004883,265.20574951171875,264.5812072753906,0.0003,0.0003,0.1
,,,,,167080,575.0957,176,,,,,,,,
,,,,,167285,622.214,205,,,,,,,,
,,,,,167461,592.3588,176,,,,,,,,
,,,,,167637,608.856,176,,,,,,,,
,,,,,167804,567.67413,167,,,,,,,,
,,,,,168000,,,-270.0141906738281,-2.5616869926452637,11.160928726196289,266.784912109375,266.8902587890625,0.0003,0.0003,0.1
,,,,,168003,708.0326,199,,,,,,,,
,,,,,168177,590.5283,174,,,,,,,,
,,,,,168381,736.9071,204,,,,,,,,
,,,,,168587,720.1775,206,,,,,,,,
,,,,,168754,567.3599,167,,,,,,,,
,,,,,168922,517.01794,168,,,,,,,,
,,,,,169000,,,-262.5518798828125,-2.606415271759033,9.986763000488281,261.39666748046875,260.4472351074219,0.0003,0.0003,0.1
,,,,,169143,707.4949,221,,,,,,,,
,,,,,169297,489.1617,154,,,,,,,,
,,,,,169486,682.15857,189,,,,,,,,
,,,,,169722,778.4137,236,,,,,,,,
,,,,,169982,836.82983,260,,,,,,,,
688.5456,68.86295,822.32263,583.5762,204.4,170000,,,-273.3235168457031,-2.3768470287323,77.97355651855469,270.8459167480469,270.45587158203125,0.0003,0.0003,0.1
,,,,,170154,596.2303,172,,,,,,,,
,,,,,170335,615.3936,181,,,,,,,,
,,,,,170514,625.0369,179,,,,,,,,
,,,,,170682,581.8325,168,,,,,,,,
,,,,,170837,499.566,155,,,,,,,,
,,,,,170960,286.07684,123,,,,,,,,
,,,,,171000,,,-266.41448974609375,-2.7062320709228516,15.932233810424805,263.746337890625,263.342041015625,0.0003,0.0003,0.1
,,,,,171139,598.6431,179,,,,,,,,
,,,,,171320,600.792,181,,,,,,,,
,,,,,171528,690.2899,208,,,,,,,,
,,,,,171733,632.64777,205,,,,,,,,
,,,,,171947,691.70105,214,,,,,,,,
,,,,,172000,,,-264.0545959472656,-2.482112407684326,22.946563720703125,261.56829833984375,262.57830810546875,0.0003,0.0003,0.1
,,,,,172165,722.9475,218,,,,,,,,
,,,,,172365,705.47,200,,,,,,,,
,,,,,172595,782.636,230,,,,,,,,
,,,,,172795,704.80597,200,,,,,,,,
,,,,,172971,615.8412,176,,,,,,,,
,,,,,173000,,,-266.0380859375,-2.463564872741699,13.342599868774414,265.0015869140625,264.776123046875,0.0003,0.0003,0.1
,,,,,173144,607.3195,173,,,,,,,,
,,,,,173383,725.6571,239,,,,,,,,
,,,,,173575,575.10864,192,,,,,,,,
,,,,,173748,596.8719,173,,,,,,,,
,,,,,173927,624.6149,179,,,,,,,,
,,,,,174000,,,-274.4077453613281,-2.371025800704956,28.62548828125,271.37054443359375,271.96197509765625,0.0003,0.0003,0.1
,,,,,174115,660.1316,188,,,,,,,,
,,,,,174297,624.2028,182,,,,,,,,
,,,,,174453,508.73752,156,,,,,,,,
,,,,,174645,596.2818,192,,,,,,,,
,,,,,174865,714.05194,220,,,,,,,,
648.61896,163.43982,941.14764,433.25046,249.5,175000,,,-276.6555480957031,-2.2841711044311523,54.31477355957031,272.35235595703125,272.90411376953125,0.0003,0.0003,0.1
,,,,,175070,634.77277,205,,,,,,,,
,,,,,175234,479.99112,164,,,,,,,,
,,,,,175424,593.4066,190,,,,,,,,
,,,,,175612,648.07526,188,,,,,,,,
,,,,,175832,714.6067,220,,,,,,,,
,,,,,176000,,,-273.4391174316406,-2.465707778930664,11.019271850585938,271.70745849609375,271.6351013183594,0.0003,0.0003,0.1
,,,,,176013,633.808,181,,,,,,,,
,,,,,176184,574.41693,171,,,,,,,,
,,,,,176228,80.03323,44,,,,,,,,
,,,,,176435,696.3539,207,,,,,,,,
,,,,,176469,49.58008,34,,,,,,,,
,,,,,176651,608.8004,182,,,,,,,,
,,,,,176826,605.4099,175,,,,,,,,
,,,,,176998,588.1507,172,,,,,,,,
,,,,,177000,,,-266.2795104980469,-2.70859694480896,16.048465728759766,263.3404541015625,263.5028076171875,0.0003,0.0003,0.1
,,,,,177197,646.5723,199,,,,,,,,
,,,,,177414,735.8823,217,,,,,,,,
,,,,,177611,689.88727,197,,,,,,,,
,,,,,177797,554.6064,186,,,,,,,,
,,,,,177964,555.8127,167,,,,,,,,
,,,,,178000,,,-268.75567626953125,-2.6597652435302734,8.978328704833984,266.48736572265625,266.7934875488281,0.0003,0.0003,0.1
,,,,,178166,720.1381,202,,,,,,,,
,,,,,178370,708.7047,204,,,,,,,,
,,,,,178584,663.47345,214,,,,,,,,
,,,,,178794,649.32355,210,,,,,,,,
,,,,,179000,,,-277.1247253417969,-2.3502259254455566,11.340520858764648,276.16064453125,275.69976806640625,0.0003,0.0003,0.1
,,,,,179029,748.71454,235,,,,,,,,
,,,,,179249,711.2698,220,,,,,,,,
,,,,,179468,761.9793,219,,,,,,,,
,,,,,179679,764.9437,211,,,,,,,,
,,,,,179902,744.035,223,,,,,,,,
699.80597,61.416546,762.3892,569.5705,212.3,180000,,,-263.9458923339844,-2.1570935249328613,9.033052444458008,262.41741943359375,262.9020080566406,0.0003,0.0003,0.1
,,,,,180119,677.5077,217,,,,,,,,
,,,,,180327,696.7026,208,,,,,,,,
,,,,,180506,610.6386,179,,,,,,,,
,,,,,180718,731.3895,212,,,,,,,,
,,,,,180862,366.5595,144,,,,,,,,
,,,,,181000,,,-263.38916015625,-2.880136728286743,13.307405471801758,260.703369140625,260.007080078125,0.0003,0.0003,0.1
,,,,,181053,583.66223,191,,,,,,,,
,,,,,181255,621.28326,202,,,,,,,,
,,,,,181472,733.003,217,,,,,,,,
,,,,,181683,644.00934,211,,,,,,,,
,,,,,181899,684.1235,216,,,,,,,,
,,,,,182000,,,-271.3382873535156,-1.9564718008041382,6.835222244262695,269.9939270019531,270.57623291015625,0.0003,0.0003,0.1
,,,,,182100,563.0082,201,,,,,,,,
,,,,,182301,682.4532,201,,,,,,,,
,,,,,182522,704.758,221,,,,,,,,
,,,,,182749,811.4487,227,,,,,,,,
,,,,,182971,715.99115,222,,,,,,,,
,,,,,183000,,,-264.7149353027344,-2.2627668380737305,9.093780517578125,262.47802734375,262.421630859375,0.0003,0.0003,0.1
,,,,,183191,697.92725,220,,,,,,,,
,,,,,183413,742.12726,222,,,,,,,,
,,,,,183644,770.4656,231,,,,,,,,
,,,,,183857,652.97345,213,,,,,,,,
,,,,,184000,,,-272.31646728515625,-2.6817946434020996,14.482133865356445,270.9449462890625,269.97894287109375,0.0003,0.0003,0.1
,,,,,184087,772.8682,230,,,,,,,,
,,,,,184287,664.2369,200,,,,,,,,
,,,,,184483,605.2183,196,,,,,,,,
,,,,,184753,918.741,270,,,,,,,,
,,,,,184974,810.84015,221,,,,,,,,
689.32135,72.53792,807.4416,564.9806,219.6,185000,,,-255.1314239501953,-2.757106304168701,16.672595977783203,252.44500732421875,252.42733764648438,0.0003,0.0003,0.1
,,,,,185197,722.89923,223,,,,,,,,
,,,,,185325,290.71326,128,,,,,,,,
,,,,,185570,801.78107,245,,,,,,,,
,,,,,185766,578.1581,196,,,,,,,,
,,,,,185967,587.7589,201,,,,,,,,
,,,,,186000,,,-265.10174560546875,-2.588036298751831,10.790950775146484,262.4234619140625,262.289794921875,0.0003,0.0003,0.1
,,,,,186197,736.4149,230,,,,,,,,
,,,,,186405,650.07855,208,,,,,,,,
,,,,,186622,661.3445,217,,,,,,,,
,,,,,186822,605.80225,200,,,,,,,,
,,,,,187000,,,-270.5222473144531,-2.3899049758911133,8.095972061157227,269.4425048828125,269.44873046875,0.0003,0.0003,0.1
,,,,,187018,527.7416,196,,,,,,,,
,,,,,187224,645.07806,206,,,,,,,,
,,,,,187447,732.9461,223,,,,,,,,
,,,,,187678,784.8968,231,,,,,,,,
,,,,,187872,557.4483,194,,,,,,,,
,,,,,188000,,,-265.8322448730469,-2.629033088684082,16.130199432373047,263.758056640625,262.8033447265625,0.0003,0.0003,0.1
,,,,,188081,658.3194,209,,,,,,,,
,,,,,188301,740.44403,220,,,,,,,,
,,,,,188489,590.881,188,,,,,,,,
,,,,,188716,768.1359,227,,,,,,,,
,,,,,188915,539.23553,199,,,,,,,,
,,,,,189000,,,-263.9507751464844,-2.5119781494140625,14.833141326904297,262.25738525390625,262.4635314941406,0.0003,0.0003,0.1
,,,,,189082,439.72528,167,,,,,,,,
,,,,,189278,651.024,196,,,,,,,,
,,,,,189472,606.93787,194,,,,,,,,
,,,,,189686,699.9282,214,,,,,,,,
,,,,,189818,364.97778,132,,,,,,,,
612.6572,62.99936,742.3827,544.7947,192.8,190000,,,-266.7703857421875,-2.6222524642944336,7.486114978790283,264.9486999511719,265.1785888671875,0.0003,0.0003,0.1
,,,,,190064,838.56805,246,,,,,,,,
,,,,,190292,773.93677,228,,,,,,,,
,,,,,190508,660.26215,216,,,,,,,,
,,,,,190713,613.74695,205,,,,,,,,
,,,,,190941,752.3045,228,,,,,,,,
,,,,,191000,,,-275.97491455078125,-2.0219783782958984,7.090713024139404,273.97833251953125,273.9922790527344,0.0003,0.0003,0.1
,,,,,191122,585.2911,181,,,,,,,,
,,,,,191328,614.53033,206,,,,,,,,
,,,,,191512,642.4197,184,,,,,,,,
,,,,,191772,851.51746,260,,,,,,,,
,,,,,191993,685.40405,221,,,,,,,,
,,,,,192000,,,-269.5035095214844,-2.5504395961761475,10.18907356262207,267.2273254394531,266.57293701171875,0.0003,0.0003,0.1
,,,,,192221,725.3879,228,,,,,,,,
,,,,,192421,714.8556,200,,,,,,,,
,,,,,192593,446.93652,172,,,,,,,,
,,,,,192855,859.56665,262,,,,,,,,
,,,,,192925,139.98375,70,,,,,,,,
,,,,,193000,,,-267.3362731933594,-2.6644139289855957,13.37553882598877,263.81646728515625,264.0021667480469,0.0003,0.0003,0.1
,,,,,193132,678.8782,207,,,,,,,,
,,,,,193393,825.87854,261,,,,,,,,
,,,,,193612,627.5612,219,,,,,,,,
,,,,,193821,677.9419,209,,,,,,,,
,,,,,194000,,,-268.6481628417969,-2.3598508834838867,15.605320930480957,265.9810791015625,266.5561218261719,0.0003,0.0003,0.1
,,,,,194045,741.9355,224,,,,,,,,
,,,,,194062,16.846857,17,,,,,,,,
,,,,,194278,721.0146,216,,,,,,,,
,,,,,194293,12.926837,15,,,,,,,,
,,,,,194549,860.3801,256,,,,,,,,
,,,,,194567,18.557484,18,,,,,,,,
,,,,,194799,753.2074,232,,,,,,,,
793.1932,90.43666,927.62836,656.70984,233.3,195000,,,-265.0181579589844,-2.556727409362793,18.592899322509766,264.3131103515625,265.56781005859375,0.0003,0.0003,0.1
,,,,,195018,716.8483,219,,,,,,,,
,,,,,195254,772.5809,236,,,,,,,,
,,,,,195271,16.442327,17,,,,,,,,
,,,,,195480,699.08386,209,,,,,,,,
,,,,,195495,12.9617815,15,,,,,,,,
,,,,,195511,15.057875,16,,,,,,,,
,,,,,195722,680.30206,211,,,,,,,,
,,,,,195948,721.2224,226,,,,,,,,
,,,,,196000,,,-269.8687744140625,-2.702089309692383,9.860113143920898,267.7677307128906,267.48223876953125,0.0003,0.0003,0.1
,,,,,196166,677.3436,218,,,,,,,,
,,,,,196395,760.15393,229,,,,,,,,
,,,,,196601,682.222,206,,,,,,,,
,,,,,196814,670.2235,213,,,,,,,,
,,,,,197000,,,-268.26751708984375,-2.656163215637207,14.96202278137207,265.3020324707031,265.0707092285156,0.0003,0.0003,0.1
,,,,,197075,874.67444,261,,,,,,,,
,,,,,197316,767.05646,241,,,,,,,,
,,,,,197523,668.34406,207,,,,,,,,
,,,,,197711,664.0402,188,,,,,,,,
,,,,,197940,696.6432,229,,,,,,,,
,,,,,198000,,,-263.552978515625,-2.490995407104492,7.951247215270996,261.2342834472656,260.7599182128906,0.0003,0.0003,0.1
,,,,,198136,606.69653,196,,,,,,,,
,,,,,198353,646.05096,217,,,,,,,,
,,,,,198589,758.53796,236,,,,,,,,
,,,,,198799,684.6694,210,,,,,,,,
,,,,,199000,,,-273.1551208496094,-2.7467522621154785,8.304815292358398,270.5050354003906,270.68243408203125,0.0003,0.0003,0.1
,,,,,199003,632.0922,204,,,,,,,,
,,,,,199213,702.5737,210,,,,,,,,
,,,,,199406,664.9985,193,,,,,,,,
,,,,,199599,635.2489,193,,,,,,,,
,,,,,199818,702.639,219,,,,,,,,
708.86633,39.362488,812.0559,676.67664,209.7,200000,,,-266.2979736328125,-2.802107095718384,14.759116172790527,264.89117431640625,265.089111328125,0.0003,0.0003,0.1
,,,,,200028,692.4187,210,,,,,,,,
,,,,,200227,700.7274,199,,,,,,,,
,,,,,200436,713.45703,209,,,,,,,,
,,,,,200685,755.6428,249,,,,,,,,
,,,,,200893,719.3842,208,,,,,,,,
,,,,,201000,,,-264.8899841308594,-2.5881471633911133,12.029053688049316,261.1129150390625,261.7149658203125,0.0003,0.0003,0.1
,,,,,201098,736.8483,205,,,,,,,,
,,,,,201305,705.59705,207,,,,,,,,
,,,,,201515,651.73486,210,,,,,,,,
,,,,,201771,850.44257,256,,,,,,,,
,,,,,201963,611.00183,192,,,,,,,,
,,,,,202000,,,-275.9832763671875,-2.3363890647888184,8.966608047485352,272.50811767578125,272.54705810546875,0.0003,0.0003,0.1
,,,,,202180,779.9312,217,,,,,,,,
,,,,,202389,695.9705,209,,,,,,,,
,,,,,202605,697.36816,216,,,,,,,,
,,,,,202805,690.8847,200,,,,,,,,
,,,,,202993,657.88947,188,,,,,,,,
,,,,,203000,,,-258.4945373535156,-2.5001943111419678,12.06713581085205,256.97943115234375,257.52838134765625,0.0003,0.0003,0.1
,,,,,203192,711.17615,199,,,,,,,,
,,,,,203374,574.58685,182,,,,,,,,
,,,,,203577,717.91235,203,,,,,,,,
,,,,,203837,867.599,260,,,,,,,,
,,,,,204000,,,-270.73553466796875,-2.509763479232788,12.870357513427734,267.857666015625,267.7828369140625,0.0003,0.0003,0.1
,,,,,204044,694.9377,207,,,,,,,,
,,,,,204318,909.54956,274,,,,,,,,
,,,,,204532,709.24084,214,,,,,,,,
,,,,,204742,700.02246,210,,,,,,,,
,,,,,204922,537.42694,180,,,,,,,,
664.59045,83.70496,795.6674,516.0243,203.2,205000,,,-271.1872863769531,-2.6290926933288574,11.867809295654297,269.15899658203125,269.40423583984375,0.0003,0.0003,0.1
,,,,,205130,702.76215,208,,,,,,,,
,,,,,205307,562.5266,177,,,,,,,,
,,,,,205529,740.7746,222,,,,,,,,
,,,,,205775,833.36053,246,,,,,,,,
,,,,,205942,455.08353,167,,,,,,,,
,,,,,206000,,,-269.10894775390625,-2.5200881958007812,14.060579299926758,267.5132751464844,267.92327880859375,0.0003,0.0003,0.1
,,,,,206166,724.2214,224,,,,,,,,
,,,,,206395,753.69293,229,,,,,,,,
,,,,,206597,677.9718,202,,,,,,,,
,,,,,206801,694.3712,204,,,,,,,,
,,,,,207000,,,-270.3583068847656,-2.2170138359069824,11.516239166259766,269.1474914550781,269.2091979980469,0.0003,0.0003,0.1
,,,,,207043,802.91046,242,,,,,,,,
,,,,,207248,645.31067,205,,,,,,,,
,,,,,207516,922.8591,268,,,,,,,,
,,,,,207718,674.4493,202,,,,,,,,
,,,,,207934,670.5055,216,,,,,,,,
,,,,,208000,,,-266.1016845703125,-2.4098405838012695,15.043245315551758,262.2701416015625,262.43646240234375,0.0003,0.0003,0.1
,,,,,208142,708.79535,208,,,,,,,,
,,,,,208355,671.9316,213,,,,,,,,
,,,,,208576,716.2837,221,,,,,,,,
,,,,,208777,678.50183,201,,,,,,,,
,,,,,209000,,,-274.0079650878906,-2.6749908924102783,11.599769592285156,272.66217041015625,273.1492004394531,0.0003,0.0003,0.1
,,,,,209017,773.54193,240,,,,,,,,
,,,,,209214,701.9325,197,,,,,,,,
,,,,,209418,639.96423,204,,,,,,,,
,,,,,209635,693.55347,217,,,,,,,,
,,,,,209873,780.82684,238,,,,,,,,
727.9542,71.67549,844.672,602.6285,225.9,210000,,,-268.9494934082031,-2.2835540771484375,8.550558090209961,266.6295166015625,266.5096435546875,0.0003,0.0003,0.1
,,,,,210079,637.42706,206,,,,,,,,
,,,,,210294,672.9858,215,,,,,,,,
,,,,,210527,771.80383,233,,,,,,,,
,,,,,210739,702.3906,212,,,,,,,,
,,,,,210992,848.73145,253,,,,,,,,
,,,,,211000,,,-274.95135498046875,-2.5294461250305176,8.892995834350586,273.298828125,273.7052001953125,0.0003,0.0003,0.1
,,,,,211208,695.0101,216,,,,,,,,
,,,,,211374,508.7295,166,,,,,,,,
,,,,,211579,632.64935,205,,,,,,,,
,,,,,211812,729.7384,233,,,,,,,,
,,,,,212000,,,-275.7421875,-2.6505377292633057,8.493517875671387,274.49591064453125,274.66534423828125,0.0003,0.0003,0.1
,,,,,212028,709.2419,216,,,,,,,,
,,,,,212223,587.95966,195,,,,,,,,
,,,,,212430,674.31665,207,,,,,,,,
,,,,,212638,644.7223,208,,,,,,,,
,,,,,212849,685.0043,211,,,,,,,,
,,,,,213000,,,-269.76397705078125,-2.7466917037963867,40.852989196777344,265.4886474609375,263.70849609375,0.0003,0.0003,0.1
,,,,,213051,658.6938,202,,,,,,,,
,,,,,213245,603.58185,194,,,,,,,,
,,,,,213412,498.40216,167,,,,,,,,
,,,,,213599,534.5612,187,,,,,,,,
,,,,,213811,753.9099,212,,,,,,,,
,,,,,214000,,,-268.0583801269531,-2.143251657485962,16.79779815673828,266.9440002441406,266.8538818359375,0.0003,0.0003,0.1
,,,,,214041,683.3269,230,,,,,,,,
,,,,,214231,565.8827,190,,,,,,,,
,,,,,214439,687.3548,208,,,,,,,,
,,,,,214683,811.33386,244,,,,,,,,
,,,,,214889,709.81726,206,,,,,,,,
658.1074,153.62741,842.49304,358.39233,207.1,215000,,,-274.7461242675781,-2.4832863807678223,19.37949562072754,271.6380615234375,271.29180908203125,0.0003,0.0003,0.1
,,,,,215102,708.80164,213,,,,,,,,
,,,,,215286,553.5976,184,,,,,,,,
,,,,,215493,659.4311,207,,,,,,,,
,,,,,215687,686.13324,194,,,,,,,,
,,,,,215929,790.89294,242,,,,,,,,
,,,,,216000,,,-275.2653503417969,-2.3919572830200195,14.385570526123047,273.0581359863281,272.694580078125,0.0003,0.0003,0.1
,,,,,216102,583.4273,173,,,,,,,,
,,,,,216318,700.60016,216,,,,,,,,
,,,,,216491,590.3631,173,,,,,,,,
,,,,,216738,824.0215,247,,,,,,,,
,,,,,216953,696.009,215,,,,,,,,
,,,,,217000,,,-277.3203430175781,-2.310392379760742,6.8883562088012695,275.6461486816406,275.6197204589844,0.0003,0.0003,0.1
,,,,,217197,832.42175,244,,,,,,,,
,,,,,217335,368.1751,138,,,,,,,,
,,,,,217472,361.8147,137,,,,,,,,
,,,,,217665,687.56836,193,,,,,,,,
,,,,,217873,721.1955,208,,,,,,,,
,,,,,218000,,,-267.77685546875,-2.5347096920013428,13.290321350097656,265.66064453125,265.5400390625,0.0003,0.0003,0.1
,,,,,218083,661.2219,210,,,,,,,,
,,,,,218242,548.311,159,,,,,,,,
,,,,,218465,700.6578,223,,,,,,,,
,,,,,218642,636.1547,177,,,,,,,,
,,,,,218835,674.9057,193,,,,,,,,
,,,,,219000,,,-267.0581359863281,-2.8043246269226074,20.176681518554688,265.01837158203125,265.8841552734375,0.0003,0.0003,0.1
,,,,,219045,727.0645,210,,,,,,,,
,,,,,219258,662.04004,213,,,,,,,,
,,,,,219457,671.8212,199,,,,,,,,
,,,,,219667,673.0477,210,,,,,,,,
,,,,,219889,702.0855,222,,,,,,,,
590.994,144.78291,743.3935,362.3763,185.5,220000,,,-272.25286865234375,-2.44614315032959,12.07316780090332,271.1453857421875,271.07281494140625,0.0003,0.0003,0.1
,,,,,220028,366.4994,139,,,,,,,,
,,,,,220225,703.4698,197,,,,,,,,
,,,,,220437,680.6301,212,,,,,,,,
,,,,,220645,657.5061,208,,,,,,,,
,,,,,220859,675.2909,214,,,,,,,,
,,,,,221000,,,-280.2153625488281,-2.3817849159240723,9.013815879821777,277.6850280761719,277.8263244628906,0.0003,0.0003,0.1
,,,,,221047,655.9811,188,,,,,,,,
,,,,,221064,14.405243,17,,,,,,,,
,,,,,221239,594.2712,175,,,,,,,,
,,,,,221392,539.8069,153,,,,,,,,
,,,,,221614,711.64825,222,,,,,,,,
,,,,,221807,656.04407,193,,,,,,,,
,,,,,222000,,,-266.4812316894531,-2.2898521423339844,17.605253219604492,265.13055419921875,265.0146789550781,0.0003,0.0003,0.1
,,,,,222022,697.9405,215,,,,,,,,
,,,,,222224,624.2263,202,,,,,,,,
,,,,,222432,685.4164,208,,,,,,,,
,,,,,222644,692.2553,212,,,,,,,,
,,,,,222889,803.8784,245,,,,,,,,
,,,,,223000,,,-273.2935485839844,-2.268998384475708,10.951799392700195,272.0513916015625,271.95941162109375,0.0003,0.0003,0.1
,,,,,223113,726.8679,224,,,,,,,,
,,,,,223345,755.4424,232,,,,,,,,
,,,,,223559,688.61395,214,,,,,,,,
,,,,,223788,754.86316,229,,,,,,,,
,,,,,223992,713.4158,204,,,,,,,,
,,,,,224000,,,-280.2397766113281,-2.3503551483154297,12.845369338989258,278.1600341796875,278.2554931640625,0.0003,0.0003,0.1
,,,,,224170,601.1773,178,,,,,,,,
,,,,,224386,671.0251,216,,,,,,,,
,,,,,224562,606.08325,176,,,,,,,,
,,,,,224786,721.4385,224,,,,,,,,
,,,,,224991,653.10913,205,,,,,,,,
702.99084,50.02698,767.6998,609.8956,219.2,225000,,,-271.288818359375,-2.5778253078460693,10.5580472946167,267.64093017578125,267.6932373046875,0.0003,0.0003,0.1
,,,,,225214,733.6428,223,,,,,,,,
,,,,,225424,643.52576,210,,,,,,,,
,,,,,225646,700.0269,222,,,,,,,,
,,,,,225864,666.4096,218,,,,,,,,
,,,,,226000,,,-274.145751953125,-2.57798171043396,14.488259315490723,271.63134765625,271.24884033203125,0.0003,0.0003,0.1
,,,,,226042,605.2351,178,,,,,,,,
,,,,,226278,749.7348,236,,,,,,,,
,,,,,226458,622.4161,180,,,,,,,,
,,,,,226628,554.4515,170,,,,,,,,
,,,,,226836,679.2751,208,,,,,,,,
,,,,,227000,,,-275.26287841796875,-2.341508388519287,11.402921676635742,272.802978515625,273.2972412109375,0.0003,0.0003,0.1
,,,,,227026,640.01447,190,,,,,,,,
,,,,,227240,694.13135,214,,,,,,,,
,,,,,227451,653.42957,211,,,,,,,,
,,,,,227672,740.4547,221,,,,,,,,
,,,,,227884,654.2413,212,,,,,,,,
,,,,,228000,,,-280.7187805175781,-2.3309361934661865,8.408975601196289,279.71783447265625,279.63055419921875,0.0003,0.0003,0.1
,,,,,228095,707.89685,211,,,,,,,,
,,,,,228306,675.0625,211,,,,,,,,
,,,,,228518,696.9224,212,,,,,,,,
,,,,,228739,744.4845,221,,,,,,,,
,,,,,228947,652.20905,208,,,,,,,,
,,,,,229000,,,-279.6044616699219,-2.4243505001068115,9.45156478881836,277.8307800292969,277.8378601074219,0.0003,0.0003,0.1
,,,,,229163,698.91003,216,,,,,,,,
,,,,,229379,699.49896,216,,,,,,,,
,,,,,229594,700.5722,215,,,,,,,,
,,,,,229786,626.55255,192,,,,,,,,
675.26013,27.65343,718.8005,616.9719,212.9,230000,,,-278.01556396484375,-2.22226619720459,19.240047454833984,275.7064208984375,275.7558898925781,0.0003,0.0003,0.1
,,,,,230004,707.36725,218,,,,,,,,
,,,,,230222,694.56244,218,,,,,,,,
,,,,,230413,648.401,191,,,,,,,,
,,,,,230621,722.30347,208,,,,,,,,
,,,,,230797,510.08725,176,,,,,,,,
,,,,,230987,644.0231,190,,,,,,,,
,,,,,231000,,,-271.6156311035156,-2.298731803894043,11.626888275146484,270.1980285644531,270.4377136230469,0.0003,0.0003,0.1
,,,,,231197,684.4627,210,,,,,,,,
,,,,,231438,805.79865,241,,,,,,,,
,,,,,231622,563.94257,184,,,,,,,,
,,,,,231828,680.56915,206,,,,,,,,
,,,,,232000,,,-271.21453857421875,-2.4482436180114746,21.681922912597656,268.8605041503906,269.4734802246094,0.0003,0.0003,0.1
,,,,,232039,683.452,211,,,,,,,,
,,,,,232243,692.7751,204,,,,,,,,
,,,,,232447,730.4568,204,,,,,,,,
,,,,,232657,677.92346,210,,,,,,,,
,,,,,232844,578.0308,187,,,,,,,,
,,,,,233000,,,-274.957275390625,-2.5133848190307617,7.801613807678223,271.50225830078125,271.45587158203125,0.0003,0.0003,0.1
,,,,,233014,534.39307,170,,,,,,,,
,,,,,233216,680.06305,202,,,,,,,,
,,,,,233404,566.1514,188,,,,,,,,
,,,,,233616,684.54,212,,,,,,,,
,,,,,233652,51.66082,36,,,,,,,,
,,,,,233838,581.0326,186,,,,,,,,
,,,,,234000,,,-268.2395935058594,-2.484567403793335,16.65871810913086,265.534423828125,265.78240966796875,0.0003,0.0003,0.1
,,,,,234047,685.74133,209,,,,,,,,
,,,,,234259,674.6642,212,,,,,,,,
,,,,,234473,671.5909,214,,,,,,,,
,,,,,234654,619.119,181,,,,,,,,
,,,,,234837,536.4868,183,,,,,,,,
608.64594,188.30595,709.719,66.137085,191.0,235000,,,-275.7793273925781,-2.359121322631836,14.522283554077148,273.833740234375,274.5090637207031,0.0003,0.0003,0.1
,,,,,235044,697.4093,207,,,,,,,,
,,,,,235266,723.2715,222,,,,,,,,
,,,,,235482,697.4336,216,,,,,,,,
,,,,,235636,376.28424,154,,,,,,,,
,,,,,235886,758.9821,250,,,,,,,,
,,,,,236000,,,-279.0821228027344,-2.124107837677002,14.319716453552246,276.806884765625,276.5718994140625,0.0003,0.0003,0.1
,,,,,236145,789.89,259,,,,,,,,
,,,,,236351,688.39404,206,,,,,,,,
,,,,,236560,670.91785,209,,,,,,,,
,,,,,236808,737.50903,248,,,,,,,,
,,,,,237000,,,-277.8669128417969,-2.4679720401763916,38.961280822753906,274.8242492675781,275.9748840332031,0.0003,0.0003,0.1
,,,,,237043,756.59656,235,,,,,,,,
,,,,,237275,730.10986,232,,,,,,,,
,,,,,237491,668.78186,216,,,,,,,,
,,,,,237705,543.01306,214,,,,,,,,
,,,,,237916,674.66156,211,,,,,,,,
,,,,,238000,,,-282.4382629394531,-2.4177613258361816,6.776576519012451,281.36285400390625,281.2393798828125,0.0003,0.0003,0.1
,,,,,238137,729.51306,221,,,,,,,,
,,,,,238349,707.20734,212,,,,,,,,
,,,,,238609,818.7869,260,,,,,,,,
,,,,,238846,742.97784,237,,,,,,,,
,,,,,239000,,,-283.7621154785156,-2.345900774002075,6.789456367492676,281.9754333496094,282.2848205566406,0.0003,0.0003,0.1
,,,,,239097,744.42944,251,,,,,,,,
,,,,,239313,704.63965,216,,,,,,,,
,,,,,239537,733.3903,224,,,,,,,,
,,,,,239720,426.98407,183,,,,,,,,
722.28284,21.71578,757.28156,692.72797,240.1,240000,,,-271.5035095214844,-2.592313766479492,15.932220458984375,269.19964599609375,268.7790832519531,0.0003,0.0003,0.1
,,,,,240130,935.82513,410,,,,,,,,
,,,,,240335,693.49506,205,,,,,,,,
,,,,,240546,700.4111,211,,,,,,,,
,,,,,240759,697.04846,213,,,,,,,,
,,,,,240977,695.75037,218,,,,,,,,
,,,,,241000,,,-282.8899841308594,-2.168358325958252,9.213802337646484,281.626220703125,282.501220703125,0.0003,0.0003,0.1
,,,,,241209,772.8115,232,,,,,,,,
,,,,,241482,518.59033,273,,,,,,,,
,,,,,241696,701.07874,214,,,,,,,,
,,,,,241961,831.16595,265,,,,,,,,
,,,,,242000,,,-279.1835021972656,-1.781697154045105,8.628446578979492,277.94281005859375,278.3770751953125,0.0003,0.0003,0.1
,,,,,242173,633.76434,212,,,,,,,,
,,,,,242360,546.66504,187,,,,,,,,
,,,,,242688,971.3301,328,,,,,,,,
,,,,,242886,677.6356,198,,,,,,,,
,,,,,243000,,,-283.14385986328125,-2.0898327827453613,57.70834732055664,281.77587890625,281.5103759765625,0.0003,0.0003,0.1
,,,,,243120,751.5807,234,,,,,,,,
,,,,,243285,528.5488,165,,,,,,,,
,,,,,243489,629.52637,204,,,,,,,,
,,,,,243707,698.4864,218,,,,,,,,
,,,,,243864,428.0008,157,,,,,,,,
,,,,,244000,,,-272.08135986328125,-2.2885913848876953,11.735029220581055,270.9914855957031,271.15496826171875,0.0003,0.0003,0.1
,,,,,244144,877.3468,280,,,,,,,,
,,,,,244420,803.7299,276,,,,,,,,
,,,,,244646,712.39514,226,,,,,,,,
,,,,,244844,607.48663,198,,,,,,,,
720.8532,114.847336,894.2942,519.508,221.5,245000,,,-279.83648681640625,-2.289311647415161,7.402398586273193,278.6033630371094,278.15692138671875,0.0003,0.0003,0.1
,,,,,245031,629.4205,187,,,,,,,,
,,,,,245235,660.2335,204,,,,,,,,
,,,,,245455,675.0776,220,,,,,,,,
,,,,,245660,702.611,205,,,,,,,,
,,,,,245816,473.49194,156,,,,,,,,
,,,,,246000,,,-284.77301025390625,-2.1777563095092773,18.040706634521484,283.61761474609375,283.130859375,0.0003,0.0003,0.1
,,,,,246036,715.3921,220,,,,,,,,
,,,,,246255,724.5398,219,,,,,,,,
,,,,,246470,699.4786,215,,,,,,,,
,,,,,246663,687.5632,193,,,,,,,,
,,,,,246880,673.71985,217,,,,,,,,
,,,,,247000,,,-261.7660217285156,-2.4581971168518066,9.844257354736328,260.8626708984375,260.8721008300781,0.0003,0.0003,0.1
,,,,,247080,687.61255,200,,,,,,,,
,,,,,247299,681.14655,219,,,,,,,,
,,,,,247512,714.57465,213,,,,,,,,
,,,,,247712,654.45764,200,,,,,,,,
,,,,,247923,667.6541,211,,,,,,,,
,,,,,248000,,,-266.7670593261719,-2.5747103691101074,13.629141807556152,264.89044189453125,265.1121520996094,0.0003,0.0003,0.1
,,,,,248125,656.6814,202,,,,,,,,
,,,,,248347,724.78094,222,,,,,,,,
,,,,,248568,697.10425,221,,,,,,,,
,,,,,248784,685.22894,216,,,,,,,,
,,,,,249000,,,-277.4756164550781,-2.5509426593780518,11.577128410339355,275.1611328125,275.5198974609375,0.0003,0.0003,0.1
,,,,,249001,686.49866,217,,,,,,,,
,,,,,249163,514.30096,162,,,,,,,,
,,,,,249383,700.5925,220,,,,,,,,
,,,,,249567,574.21265,184,,,,,,,,
,,,,,249789,708.8332,222,,,,,,,,
579.7045,176.383,703.5169,86.608406,182.9,250000,,,-278.9217834472656,-1.8302626609802246,10.536681175231934,277.8008728027344,277.65838623046875,0.0003,0.0003,0.1
,,,,,250009,700.48804,220,,,,,,,,
,,,,,250221,629.78827,212,,,,,,,,
,,,,,250464,805.6393,243,,,,,,,,
,,,,,250677,694.821,213,,,,,,,,
,,,,,250867,610.7479,190,,,,,,,,
,,,,,251000,,,-282.4208068847656,-2.554616928100586,13.66430377960205,279.9045715332031,280.2395935058594,0.0003,0.0003,0.1
,,,,,251064,672.54895,197,,,,,,,,
,,,,,251249,648.94226,185,,,,,,,,
,,,,,251451,655.6176,202,,,,,,,,
,,,,,251687,742.55676,236,,,,,,,,
,,,,,251884,700.1606,197,,,,,,,,
,,,,,252000,,,-272.2423400878906,-2.2840867042541504,8.681371688842773,269.87017822265625,269.86029052734375,0.0003,0.0003,0.1
,,,,,252107,694.86975,223,,,,,,,,
,,,,,252320,708.79755,213,,,,,,,,
,,,,,252538,703.5312,218,,,,,,,,
,,,,,252755,666.45374,217,,,,,,,,
,,,,,252996,785.77466,241,,,,,,,,
,,,,,253000,,,-271.66204833984375,-2.473442316055298,11.285523414611816,269.3636779785156,270.1014099121094,0.0003,0.0003,0.1
,,,,,253210,699.9479,214,,,,,,,,
,,,,,253356,394.74777,146,,,,,,,,
,,,,,253556,666.2409,200,,,,,,,,
,,,,,253767,685.7202,211,,,,,,,,
,,,,,253953,606.1753,186,,,,,,,,
,,,,,254000,,,-277.98101806640625,-2.2679309844970703,7.121138572692871,277.1435546875,276.99371337890625,0.0003,0.0003,0.1
,,,,,254158,658.3575,205,,,,,,,,
,,,,,254369,665.0696,211,,,,,,,,
,,,,,254571,708.69086,202,,,,,,,,
,,,,,254768,675.48773,197,,,,,,,,
717.53156,65.883095,908.1105,672.20087,218.0,255000,,,-277.6788635253906,-2.309994697570801,9.575292587280273,275.5498046875,275.6163024902344,0.0003,0.0003,0.1
,,,,,255006,761.0441,238,,,,,,,,
,,,,,255233,730.21045,227,,,,,,,,
,,,,,255442,698.4836,209,,,,,,,,
,,,,,255638,639.0193,196,,,,,,,,
,,,,,255876,780.90985,238,,,,,,,,
,,,,,256000,,,-275.3472900390625,-2.4461536407470703,10.467388153076172,273.7225036621094,274.12225341796875,0.0003,0.0003,0.1
,,,,,256118,689.1721,242,,,,,,,,
,,,,,256332,713.6754,214,,,,,,,,
,,,,,256543,710.3123,211,,,,,,,,
,,,,,256785,786.5581,242,,,,,,,,
,,,,,257000,,,-267.8201904296875,-2.484229803085327,11.9530029296875,264.910400390625,265.004638671875,0.0003,0.0003,0.1
,,,,,257050,792.23376,265,,,,,,,,
,,,,,257247,679.6061,197,,,,,,,,
,,,,,257444,677.4252,197,,,,,,,,
,,,,,257667,714.04175,223,,,,,,,,
,,,,,257881,684.7729,214,,,,,,,,
,,,,,258000,,,-271.9932556152344,-2.472144842147827,11.624544143676758,269.617919921875,269.7626647949219,0.0003,0.0003,0.1
,,,,,258038,515.9203,157,,,,,,,,
,,,,,258236,638.9289,198,,,,,,,,
,,,,,258385,500.04373,149,,,,,,,,
,,,,,258401,14.216132,16,,,,,,,,
,,,,,258503,268.39575,102,,,,,,,,
,,,,,258596,236.55502,93,,,,,,,,
,,,,,258801,690.6421,205,,,,,,,,
,,,,,258973,579.2067,172,,,,,,,,
,,,,,259000,,,-272.89154052734375,-2.2862672805786133,22.546077728271484,271.44378662109375,271.83612060546875,0.0003,0.0003,0.1
,,,,,259184,678.1011,211,,,,,,,,
,,,,,259409,735.15247,225,,,,,,,,
,,,,,259522,306.90448,113,,,,,,,,
,,,,,259664,453.44327,142,,,,,,,,
,,,,,259827,517.8995,163,,,,,,,,
546.3782,159.48099,874.88153,306.7076,171.6,260000,,,-284.7601623535156,-2.103677749633789,18.017698287963867,282.06982421875,281.87188720703125,0.0003,0.0003,0.1
,,,,,260020,656.57697,193,,,,,,,,
,,,,,260222,686.1366,202,,,,,,,,
,,,,,260391,538.1859,169,,,,,,,,
,,,,,260498,285.00552,107,,,,,,,,
,,,,,260795,907.0436,297,,,,,,,,
,,,,,260944,492.00928,149,,,,,,,,
,,,,,261000,,,-269.42913818359375,-2.238825559616089,14.222397804260254,268.61956787109375,267.8558654785156,0.0003,0.0003,0.1
,,,,,261144,646.3537,200,,,,,,,,
,,,,,261332,623.6849,188,,,,,,,,
,,,,,261724,1273.9796,392,,,,,,,,
,,,,,261951,741.18134,227,,,,,,,,
,,,,,262000,,,-277.3689270019531,-2.1939923763275146,72.05431365966797,275.0040283203125,274.95489501953125,0.0003,0.0003,0.1
,,,,,262213,891.4729,262,,,,,,,,
,,,,,262402,668.35895,189,,,,,,,,
,,,,,262598,647.7423,196,,,,,,,,
,,,,,262750,498.34317,152,,,,,,,,
,,,,,262896,481.51044,146,,,,,,,,
,,,,,263000,,,-280.73565673828125,-2.0972137451171875,7.964216709136963,279.5792236328125,279.60186767578125,0.0003,0.0003,0.1
,,,,,263067,559.33984,171,,,,,,,,
,,,,,263280,646.8996,213,,,,,,,,
,,,,,263466,612.87024,186,,,,,,,,
,,,,,263641,581.39014,175,,,,,,,,
,,,,,263845,672.3694,204,,,,,,,,
,,,,,264000,,,-279.9869384765625,-1.7811393737792969,8.793073654174805,278.90447998046875,279.4648742675781,0.0003,0.0003,0.1
,,,,,264064,698.3884,219,,,,,,,,
,,,,,264299,792.74695,235,,,,,,,,
,,,,,264515,715.03656,216,,,,,,,,
,,,,,264725,672.43097,210,,,,,,,,
,,,,,264941,674.4616,216,,,,,,,,
654.3419,126.56306,835.74475,409.0498,206.9,265000,,,-280.6753845214844,-2.200880527496338,16.38567352294922,278.388671875,278.2366027832031,0.0003,0.0003,0.1
,,,,,265145,697.41534,204,,,,,,,,
,,,,,265402,852.569,257,,,,,,,,
,,,,,265601,691.6492,199,,,,,,,,
,,,,,265815,682.799,214,,,,,,,,
,,,,,266000,,,-274.4548645019531,-1.9966380596160889,20.49256706237793,272.8988037109375,272.79180908203125,0.0003,0.0003,0.1
,,,,,266015,645.6631,200,,,,,,,,
,,,,,266230,710.8351,215,,,,,,,,
,,,,,266460,804.00006,230,,,,,,,,
,,,,,266642,622.0644,182,,,,,,,,
,,,,,266853,678.28217,211,,,,,,,,
,,,,,267000,,,-282.2646179199219,-2.3605637550354004,7.964687347412109,280.922607421875,281.11737060546875,0.0003,0.0003,0.1
,,,,,267065,686.8366,212,,,,,,,,
,,,,,267291,753.7916,226,,,,,,,,
,,,,,267492,695.6564,201,,,,,,,,
,,,,,267706,700.6524,214,,,,,,,,
,,,,,267912,703.64355,206,,,,,,,,
,,,,,268000,,,-277.6939697265625,-2.1587564945220947,8.06423568725586,274.5492248535156,274.2929382324219,0.0003,0.0003,0.1
,,,,,268133,691.9042,221,,,,,,,,
,,,,,268347,675.52594,214,,,,,,,,
,,,,,268561,674.75665,214,,,,,,,,
,,,,,268783,726.1074,222,,,,,,,,
,,,,,268991,690.38556,208,,,,,,,,
,,,,,269000,,,-271.9383850097656,-2.294980049133301,9.746885299682617,269.9906921386719,270.56512451171875,0.0003,0.0003,0.1
,,,,,269267,933.6825,276,,,,,,,,
,,,,,269468,660.14124,201,,,,,,,,
,,,,,269668,669.1273,200,,,,,,,,
,,,,,269882,715.28845,214,,,,,,,,
701.79736,125.331085,918.0969,518.45197,219.4,270000,,,-273.00872802734375,-2.1166117191314697,10.296359062194824,269.841064453125,269.9996643066406,0.0003,0.0003,0.1
,,,,,270125,808.8673,243,,,,,,,,
,,,,,270328,623.63544,203,,,,,,,,
,,,,,270632,961.61816,304,,,,,,,,
,,,,,270825,612.7131,193,,,,,,,,
,,,,,271000,,,-279.4282531738281,-1.9942066669464111,10.997720718383789,278.82501220703125,278.48492431640625,0.0003,0.0003,0.1
,,,,,271032,721.78864,207,,,,,,,,
,,,,,271265,754.54486,233,,,,,,,,
,,,,,271479,669.94366,214,,,,,,,,
,,,,,271689,656.3361,210,,,,,,,,
,,,,,271897,675.65137,208,,,,,,,,
,,,,,272000,,,-274.37445068359375,-2.2591018676757812,7.632652282714844,273.57525634765625,273.45831298828125,0.0003,0.0003,0.1
,,,,,272088,614.77856,191,,,,,,,,
,,,,,272306,724.27734,218,,,,,,,,
,,,,,272484,596.3961,178,,,,,,,,
,,,,,272692,689.1201,208,,,,,,,,
,,,,,272893,664.1052,201,,,,,,,,
,,,,,273000,,,-271.4078063964844,-2.40021014213562,13.538993835449219,268.5771789550781,268.3676452636719,0.0003,0.0003,0.1
,,,,,273120,762.48663,227,,,,,,,,
,,,,,273351,769.3778,231,,,,,,,,
,,,,,273567,665.5528,216,,,,,,,,
,,,,,273791,729.31934,224,,,,,,,,
,,,,,274000,673.381,209,,,,,,,,
,,,,,274000,,,-268.9483947753906,-2.3107242584228516,19.571552276611328,267.23492431640625,268.03216552734375,0.0003,0.0003,0.1
,,,,,274221,693.4843,221,,,,,,,,
,,,,,274449,752.3973,228,,,,,,,,
,,,,,274671,730.95667,222,,,,,,,,
,,,,,274887,737.05,216,,,,,,,,
645.3594,86.64058,701.6677,391.6632,205.1,275000,,,-275.2903747558594,-1.8711529970169067,9.571464538574219,273.0438232421875,272.28021240234375,0.0003,0.0003,0.1
,,,,,275110,735.83875,223,,,,,,,,
,,,,,275325,688.04285,215,,,,,,,,
,,,,,275533,693.3981,208,,,,,,,,
,,,,,275708,541.32153,175,,,,,,,,
,,,,,275759,89.94299,51,,,,,,,,
,,,,,275965,652.9858,206,,,,,,,,
,,,,,276000,,,-274.7750244140625,-2.809675693511963,17.79642105102539,271.40478515625,271.13690185546875,0.0003,0.0003,0.1
,,,,,276176,674.9886,211,,,,,,,,
,,,,,276419,797.77936,243,,,,,,,,
,,,,,276632,680.9685,213,,,,,,,,
,,,,,276852,703.79395,220,,,,,,,,
,,,,,277000,,,-271.1187744140625,-2.462622880935669,18.154815673828125,269.21466064453125,269.68902587890625,0.0003,0.0003,0.1
,,,,,277070,703.57794,218,,,,,,,,
,,,,,277301,766.14386,231,,,,,,,,
,,,,,277504,645.582,203,,,,,,,,
,,,,,277724,699.24316,220,,,,,,,,
,,,,,277938,678.0701,214,,,,,,,,
,,,,,278000,,,-274.94110107421875,-2.009227752685547,5.792516708374023,273.06988525390625,273.41571044921875,0.0003,0.0003,0.1
,,,,,278158,709.81726,220,,,,,,,,
,,,,,278365,675.0941,207,,,,,,,,
,,,,,278581,685.98865,216,,,,,,,,
,,,,,278802,709.53015,221,,,,,,,,
,,,,,279000,,,-275.4839782714844,-2.307506561279297,8.51554012298584,274.4356994628906,274.7390441894531,0.0003,0.0003,0.1
,,,,,279014,686.65314,212,,,,,,,,
,,,,,279207,610.38586,193,,,,,,,,
,,,,,279419,675.70886,212,,,,,,,,
,,,,,279629,668.35376,210,,,,,,,,
,,,,,279850,714.4082,221,,,,,,,,
627.03735,122.52956,731.4938,388.62213,199.1,280000,,,-271.99591064453125,-2.247215747833252,29.990901947021484,269.61907958984375,269.388916015625,0.0003,0.0003,0.1
,,,,,280077,730.2073,227,,,,,,,,
,,,,,280285,656.75073,208,,,,,,,,
,,,,,280497,691.0806,212,,,,,,,,
,,,,,280711,713.90015,214,,,,,,,,
,,,,,280928,700.7093,217,,,,,,,,
,,,,,281000,,,-272.7454528808594,-2.2004003524780273,13.435234069824219,271.6404113769531,271.51580810546875,0.0003,0.0003,0.1
,,,,,281151,697.0037,223,,,,,,,,
,,,,,281365,669.941,214,,,,,,,,
,,,,,281594,745.9787,229,,,,,,,,
,,,,,281828,737.18964,234,,,,,,,,
,,,,,282000,,,-276.4422302246094,-2.4758992195129395,10.142082214355469,275.225830078125,275.08343505859375,0.0003,0.0003,0.1
,,,,,282044,692.48285,216,,,,,,,,
,,,,,282254,661.50226,210,,,,,,,,
,,,,,282459,652.87384,205,,,,,,,,
,,,,,282674,661.4008,215,,,,,,,,
,,,,,282878,704.13293,204,,,,,,,,
,,,,,283000,,,-277.28228759765625,-2.3711438179016113,8.659635543823242,274.88702392578125,274.923828125,0.0003,0.0003,0.1
,,,,,283108,736.115,230,,,,,,,,
,,,,,283320,688.3623,212,,,,,,,,
,,,,,283538,714.4788,218,,,,,,,,
,,,,,283788,809.48816,250,,,,,,,,
,,,,,283995,648.5008,207,,,,,,,,
,,,,,284000,,,-280.1154479980469,-2.112842082977295,13.85356330871582,278.1043395996094,277.3461608886719,0.0003,0.0003,0.1
,,,,,284189,604.59265,194,,,,,,,,
,,,,,284391,636.85095,202,,,,,,,,
,,,,,284619,761.7646,228,,,,,,,,
,,,,,284834,631.53534,215,,,,,,,,
496.09317,192.03998,664.43823,50.017868,168.5,285000,,,-274.7781677246094,-2.525269031524658,13.332555770874023,272.8973083496094,272.2152404785156,0.0003,0.0003,0.1
,,,,,285029,613.67535,195,,,,,,,,
,,,,,285252,724.78784,223,,,,,,,,
,,,,,285475,703.42584,223,,,,,,,,
,,,,,285676,626.97034,201,,,,,,,,
,,,,,285896,676.7692,220,,,,,,,,
,,,,,286000,,,-275.44708251953125,-2.5145883560180664,12.879715919494629,272.67041015625,272.11181640625,0.0003,0.0003,0.1
,,,,,286179,964.60376,283,,,,,,,,
,,,,,286422,780.0461,243,,,,,,,,
,,,,,286603,511.7853,181,,,,,,,,
,,,,,286830,745.78076,227,,,,,,,,
,,,,,287000,,,-273.5791320800781,-2.142693042755127,12.969237327575684,270.796630859375,271.02105712890625,0.0003,0.0003,0.1
,,,,,287039,675.90985,209,,,,,,,,
,,,,,287108,138.92589,69,,,,,,,,
,,,,,287325,694.73975,217,,,,,,,,
,,,,,287546,724.6,221,,,,,,,,
,,,,,287757,676.1722,211,,,,,,,,
,,,,,287959,653.2625,202,,,,,,,,
,,,,,288000,,,-279.4665832519531,-2.02247953414917,8.763065338134766,277.11956787109375,277.5478820800781,0.0003,0.0003,0.1
,,,,,288198,820.7851,239,,,,,,,,
,,,,,288410,679.09924,212,,,,,,,,
,,,,,288643,768.2884,233,,,,,,,,
,,,,,288871,746.10016,228,,,,,,,,
,,,,,289000,,,-280.48382568359375,-2.144024133682251,9.275300979614258,279.13104248046875,279.1449279785156,0.0003,0.0003,0.1
,,,,,289089,719.77954,218,,,,,,,,
,,,,,289295,635.99506,206,,,,,,,,
,,,,,289507,685.11487,212,,,,,,,,
,,,,,289739,733.85406,232,,,,,,,,
,,,,,289965,744.2968,226,,,,,,,,
665.2126,148.47023,854.2797,316.14862,210.2,290000,,,-272.97039794921875,-2.254701614379883,9.317682266235352,272.02349853515625,272.8873291015625,0.0003,0.0003,0.1
,,,,,290182,660.44653,217,,,,,,,,
,,,,,290412,745.07153,230,,,,,,,,
,,,,,290638,733.49927,226,,,,,,,,
,,,,,290850,677.12585,212,,,,,,,,
,,,,,291000,,,-272.4169006347656,-2.256049633026123,6.389554500579834,271.0097961425781,271.2439880371094,0.0003,0.0003,0.1
,,,,,291063,665.41364,213,,,,,,,,
,,,,,291317,874.905,254,,,,,,,,
,,,,,291497,505.14474,180,,,,,,,,
,,,,,291708,690.4016,211,,,,,,,,
,,,,,291941,765.56744,233,,,,,,,,
,,,,,292000,,,-277.2087097167969,-2.3796963691711426,10.627586364746094,274.8416442871094,275.06097412109375,0.0003,0.0003,0.1
,,,,,292084,368.5104,143,,,,,,,,
,,,,,292231,391.06613,147,,,,,,,,
,,,,,292446,661.19684,215,,,,,,,,
,,,,,292668,722.82086,222,,,,,,,,
,,,,,292844,576.2514,176,,,,,,,,
,,,,,293000,,,-286.3664245605469,-2.0889499187469482,6.607080936431885,284.7068786621094,285.08734130859375,0.0003,0.0003,0.1
,,,,,293113,892.26794,269,,,,,,,,
,,,,,293266,392.4064,153,,,,,,,,
,,,,,293530,851.38446,264,,,,,,,,
,,,,,293795,930.0617,265,,,,,,,,
,,,,,294000,,,-283.16351318359375,-2.0452475547790527,72.19727325439453,281.943359375,281.1590270996094,0.0003,0.0003,0.1
,,,,,294027,775.31415,232,,,,,,,,
,,,,,294230,589.299,203,,,,,,,,
,,,,,294472,817.1356,242,,,,,,,,
,,,,,294681,642.87085,209,,,,,,,,
,,,,,294908,742.41986,227,,,,,,,,
733.2952,75.5429,881.32794,645.13385,229.3,295000,,,-270.35101318359375,-2.1826066970825195,7.333798885345459,269.0621337890625,269.31787109375,0.0003,0.0003,0.1
,,,,,295121,635.84827,213,,,,,,,,
,,,,,295276,394.54187,155,,,,,,,,
,,,,,295450,499.41925,174,,,,,,,,
,,,,,295664,675.2111,214,,,,,,,,
,,,,,295813,405.6041,149,,,,,,,,
,,,,,296000,,,-268.5079040527344,-2.1821911334991455,11.666318893432617,267.95306396484375,267.93499755859375,0.0003,0.0003,0.1
,,,,,296034,663.5918,221,,,,,,,,
,,,,,296250,692.7097,216,,,,,,,,
,,,,,296484,797.5656,234,,,,,,,,
,,,,,296710,740.14264,226,,,,,,,,
,,,,,296963,860.85596,253,,,,,,,,
,,,,,297000,,,-273.8848571777344,-2.3767545223236084,16.992839813232422,271.51861572265625,271.1348876953125,0.0003,0.0003,0.1
,,,,,297168,704.81885,205,,,,,,,,
,,,,,297424,835.4538,256,,,,,,,,
,,,,,297707,987.44666,283,,,,,,,,
,,,,,297886,532.7882,179,,,,,,,,
,,,,,298000,,,-269.835205078125,-2.60137677192688,7.940508842468262,266.57171630859375,267.04974365234375,0.0003,0.0003,0.1
,,,,,298110,736.4509,224,,,,,,,,
,,,,,298302,540.1068,192,,,,,,,,
,,,,,298552,807.7282,250,,,,,,,,
,,,,,298593,71.16587,41,,,,,,,,
,,,,,298818,762.2421,225,,,,,,,,
,,,,,299000,,,-273.7131042480469,-1.9550466537475586,30.19007110595703,272.3203125,272.33905029296875,0.0003,0.0003,0.1
,,,,,299077,872.13184,259,,,,,,,,
,,,,,299358,874.6044,281,,,,,,,,
,,,,,299582,734.31146,224,,,,,,,,
,,,,,299789,698.63293,207,,,,,,,,
739.9723,239.10594,1178.2246,362.5601,233.4,300000,,,-282.49481201171875,-2.3332936763763428,11.070199966430664,280.5704345703125,280.4708251953125,0.0003,0.0003,0.1
,,,,,300015,744.2667,226,,,,,,,,
,,,,,300254,808.4356,239,,,,,,,,
,,,,,300443,592.13513,189,,,,,,,,
,,,,,300583,423.2461,140,,,,,,,,
,,,,,300819,776.6251,236,,,,,,,,
,,,,,301000,,,-277.54315185546875,-2.651895523071289,9.057347297668457,274.350341796875,273.8642272949219,0.0003,0.0003,0.1
,,,,,301039,731.56586,220,,,,,,,,
,,,,,301259,698.4308,220,,,,,,,,
,,,,,301496,786.38556,237,,,,,,,,
,,,,,301707,646.4248,211,,,,,,,,
,,,,,301938,741.1715,231,,,,,,,,
,,,,,302000,,,-275.33551025390625,-2.2821168899536133,16.078594207763672,273.35089111328125,273.9598388671875,0.0003,0.0003,0.1
,,,,,302168,785.9091,230,,,,,,,,
,,,,,302328,414.1969,160,,,,,,,,
,,,,,302531,610.8734,203,,,,,,,,
,,,,,302597,126.07833,66,,,,,,,,
,,,,,302689,203.9279,92,,,,,,,,
,,,,,302971,904.7534,282,,,,,,,,
,,,,,303000,,,-278.8741455078125,-2.284515380859375,11.613463401794434,275.7059326171875,275.5650329589844,0.0003,0.0003,0.1
,,,,,303229,888.0515,258,,,,,,,,
,,,,,303460,787.3178,231,,,,,,,,
,,,,,303684,731.7183,224,,,,,,,,
,,,,,303912,727.53217,228,,,,,,,,
,,,,,304000,,,-277.1727294921875,-2.395073413848877,12.421783447265625,275.8180847167969,275.79022216796875,0.0003,0.0003,0.1
,,,,,304170,859.9025,258,,,,,,,,
,,,,,304238,137.60698,68,,,,,,,,
,,,,,304423,633.1139,185,,,,,,,,
,,,,,304693,894.41437,270,,,,,,,,
,,,,,304942,824.9889,249,,,,,,,,
695.4294,120.51508,837.6709,434.4889,214.6,305000,,,-282.3088684082031,-2.5484459400177,9.185962677001953,281.0430603027344,281.0445556640625,0.0003,0.0003,0.1
,,,,,305188,849.55865,246,,,,,,,,
,,,,,305334,371.961,146,,,,,,,,
,,,,,305573,797.9125,239,,,,,,,,
,,,,,305810,773.9378,237,,,,,,,,
,,,,,305962,409.0028,152,,,,,,,,
,,,,,306000,,,-267.795654296875,-2.5310819149017334,8.677093505859375,266.7493896484375,266.03594970703125,0.0003,0.0003,0.1
,,,,,306185,735.2412,223,,,,,,,,
,,,,,306306,279.81567,121,,,,,,,,
,,,,,306557,851.943,251,,,,,,,,
,,,,,306839,976.23517,282,,,,,,,,
,,,,,307000,,,-278.2796936035156,-2.112382173538208,10.673114776611328,277.2731628417969,277.4527893066406,0.0003,0.0003,0.1
,,,,,307059,699.2362,220,,,,,,,,
,,,,,307268,629.53,209,,,,,,,,
,,,,,307489,731.83606,221,,,,,,,,
,,,,,307698,649.2385,209,,,,,,,,
,,,,,307855,449.62463,157,,,,,,,,
,,,,,308000,,,-279.43231201171875,-2.402949571609497,10.480202674865723,276.85089111328125,276.5167236328125,0.0003,0.0003,0.1
,,,,,308153,938.2274,298,,,,,,,,
,,,,,308303,377.62885,150,,,,,,,,
,,,,,308458,398.51758,155,,,,,,,,
,,,,,308660,617.6952,202,,,,,,,,
,,,,,308879,701.2222,219,,,,,,,,
,,,,,309000,,,-278.55889892578125,-2.2639219760894775,16.642242431640625,277.62750244140625,276.83270263671875,0.0003,0.0003,0.1
,,,,,309092,711.5565,213,,,,,,,,
,,,,,309281,584.2318,189,,,,,,,,
,,,,,309445,491.96973,164,,,,,,,,
,,,,,309600,423.27588,155,,,,,,,,
,,,,,309742,331.3808,142,,,,,,,,
,,,,,309972,801.3122,230,,,,,,,,
780.29736,96.05678,916.31476,646.2505,229.0,310000,,,-279.9380798339844,-2.2934579849243164,10.940592765808105,277.7873840332031,278.19427490234375,0.0003,0.0003,0.1
,,,,,310185,727.1785,213,,,,,,,,
,,,,,310425,771.4872,240,,,,,,,,
,,,,,310648,764.7743,223,,,,,,,,
,,,,,310873,770.13116,225,,,,,,,,
,,,,,311000,,,-277.751220703125,-2.1136369705200195,68.90602111816406,276.53326416015625,277.02191162109375,0.0003,0.0003,0.1
,,,,,311087,675.4363,214,,,,,,,,
,,,,,311293,632.28906,206,,,,,,,,
,,,,,311499,660.9916,206,,,,,,,,
,,,,,311749,834.3292,250,,,,,,,,
,,,,,311967,718.57715,218,,,,,,,,
,,,,,312000,,,-279.933837890625,-2.1489524841308594,11.297550201416016,279.26812744140625,279.08087158203125,0.0003,0.0003,0.1
,,,,,312213,673.48846,246,,,,,,,,
,,,,,312436,727.4414,223,,,,,,,,
,,,,,312657,777.24304,221,,,,,,,,
,,,,,312891,764.9667,234,,,,,,,,
,,,,,313000,,,-287.476318359375,-2.2446227073669434,9.820520401000977,286.73297119140625,286.5760803222656,0.0003,0.0003,0.1
,,,,,313089,638.48517,198,,,,,,,,
,,,,,313552,1424.453,463,,,,,,,,
,,,,,314000,,,-271.0885925292969,-2.1335666179656982,23.75523567199707,269.6614990234375,269.7381896972656,0.0003,0.0003,0.1
,,,,,314154,1768.3075,602,,,,,,,,
,,,,,314471,1009.1404,317,,,,,,,,
,,,,,314721,799.66736,250,,,,,,,,
,,,,,314969,852.711,248,,,,,,,,
727.57263,122.78463,953.59875,540.80835,223.4,315000,,,-279.0022888183594,-2.1475257873535156,10.883077621459961,276.6260681152344,275.9910583496094,0.0003,0.0003,0.1
,,,,,315255,907.78156,286,,,,,,,,
,,,,,315514,834.7128,259,,,,,,,,
,,,,,315763,808.3085,249,,,,,,,,
,,,,,316000,,,-278.8548889160156,-2.260258197784424,16.15450096130371,277.4543762207031,276.74005126953125,0.0003,0.0003,0.1
,,,,,316033,862.4536,270,,,,,,,,
,,,,,316262,753.02136,229,,,,,,,,
,,,,,316450,553.3786,188,,,,,,,,
,,,,,316762,1113.6581,312,,,,,,,,
,,,,,316941,494.05917,179,,,,,,,,
,,,,,317000,,,-281.8450622558594,-2.228825092315674,164.78109741210938,279.31646728515625,278.6912841796875,0.0003,0.0003,0.1
,,,,,317070,320.1916,129,,,,,,,,
,,,,,317280,708.92566,210,,,,,,,,
,,,,,317531,833.22833,251,,,,,,,,
,,,,,317714,584.64984,183,,,,,,,,
,,,,,317985,796.0117,271,,,,,,,,
,,,,,318000,,,-286.83648681640625,-1.7667816877365112,10.033740043640137,285.75048828125,286.4344482421875,0.0003,0.0003,0.1
,,,,,318169,621.74915,184,,,,,,,,
,,,,,318354,583.9233,185,,,,,,,,
,,,,,318513,489.2941,159,,,,,,,,
,,,,,318878,1197.0511,365,,,,,,,,
,,,,,319000,,,-287.45037841796875,-2.075212001800537,7.218430042266846,285.197021484375,285.3382568359375,0.0003,0.0003,0.1
,,,,,319090,635.16003,212,,,,,,,,
,,,,,319415,1096.6864,325,,,,,,,,
,,,,,319653,719.0326,238,,,,,,,,
,,,,,319886,722.3454,233,,,,,,,,
932.10876,242.08401,1406.3528,548.83765,295.3,320000,,,-270.2518615722656,-1.970522165298462,7.648274898529053,268.6603698730469,268.990234375,0.0003,0.0003,0.1
,,,,,320325,1373.05,439,,,,,,,,
,,,,,320565,751.04376,240,,,,,,,,
,,,,,320770,638.01996,205,,,,,,,,
,,,,,320981,613.8682,211,,,,,,,,
,,,,,321000,,,-273.9013977050781,-2.1482748985290527,8.385161399841309,272.6126708984375,273.1882019042969,0.0003,0.0003,0.1
,,,,,321206,708.5082,225,,,,,,,,
,,,,,321399,664.0159,193,,,,,,,,
,,,,,321696,1020.1874,297,,,,,,,,
,,,,,322000,,,-276.3722229003906,-2.184246301651001,12.26375675201416,274.77337646484375,274.8060607910156,0.0003,0.0003,0.1
,,,,,322019,1084.5729,323,,,,,,,,
,,,,,322356,1016.9454,337,,,,,,,,
,,,,,322567,699.10645,211,,,,,,,,
,,,,,322779,732.1099,212,,,,,,,,
,,,,,323000,,,-283.1808776855469,-2.308544874191284,32.188533782958984,281.95770263671875,281.2973327636719,0.0003,0.0003,0.1
,,,,,323064,948.7333,285,,,,,,,,
,,,,,323311,876.6912,247,,,,,,,,
,,,,,323521,698.00214,210,,,,,,,,
,,,,,323799,981.77136,278,,,,,,,,
,,,,,324000,,,-282.7706604003906,-2.252470016479492,16.66499137878418,281.49212646484375,281.4494323730469,0.0003,0.0003,0.1
,,,,,324055,647.60284,256,,,,,,,,
,,,,,324339,912.1078,284,,,,,,,,
,,,,,324555,715.41895,216,,,,,,,,
,,,,,324745,662.1109,190,,,,,,,,
,,,,,324995,861.8697,250,,,,,,,,
680.0323,31.153988,724.7101,603.7109,197.8,325000,,,-275.2263488769531,-2.358722686767578,7.394219398498535,273.81024169921875,273.98370361328125,0.0003,0.0003,0.1
,,,,,325191,636.9084,196,,,,,,,,
,,,,,325382,631.2048,191,,,,,,,,
,,,,,325573,666.0189,191,,,,,,,,
,,,,,325759,637.5654,186,,,,,,,,
,,,,,325970,758.08026,211,,,,,,,,
,,,,,326000,,,-273.3194580078125,-2.4805924892425537,9.34609603881836,271.0896301269531,271.6468505859375,0.0003,0.0003,0.1
,,,,,326175,721.37726,205,,,,,,,,
,,,,,326376,703.3473,201,,,,,,,,
,,,,,326821,1283.6676,445,,,,,,,,
,,,,,327000,,,-272.7231140136719,-1.8584386110305786,10.771032333374023,271.35968017578125,271.6434020996094,0.0003,0.0003,0.1
,,,,,327032,731.8014,211,,,,,,,,
,,,,,327252,751.4695,220,,,,,,,,
,,,,,327492,785.7463,240,,,,,,,,
,,,,,327743,844.90234,251,,,,,,,,
,,,,,327931,642.17865,188,,,,,,,,
,,,,,328000,,,-274.180419921875,-2.3579342365264893,11.228352546691895,273.5076904296875,273.35003662109375,0.0003,0.0003,0.1
,,,,,328158,801.6342,227,,,,,,,,
,,,,,328365,707.15356,207,,,,,,,,
,,,,,328598,748.5134,233,,,,,,,,
,,,,,329000,,,-275.86883544921875,-2.1795215606689453,12.875402450561523,274.9592590332031,274.39569091796875,0.0003,0.0003,0.1
,,,,,329206,1870.3387,608,,,,,,,,
,,,,,329418,746.0174,212,,,,,,,,
,,,,,329594,578.3812,176,,,,,,,,
,,,,,329890,935.9613,296,,,,,,,,
774.20294,132.3913,1049.6436,528.82996,237.0,330000,,,-274.19317626953125,-2.388962984085083,7.557743549346924,273.3158874511719,273.4781799316406,0.0003,0.0003,0.1
,,,,,330082,656.3857,192,,,,,,,,
,,,,,330349,805.87244,267,,,,,,,,
,,,,,330552,713.81305,203,,,,,,,,
,,,,,330735,578.6042,183,,,,,,,,
,,,,,330942,700.6695,207,,,,,,,,
,,,,,331000,,,-280.45892333984375,-2.1279444694519043,16.455175399780273,278.7628173828125,279.42449951171875,0.0003,0.0003,0.1
,,,,,331166,754.96765,224,,,,,,,,
,,,,,331349,619.371,183,,,,,,,,
,,,,,331555,692.6499,206,,,,,,,,
,,,,,331772,759.6825,217,,,,,,,,
,,,,,331979,632.70654,207,,,,,,,,
,,,,,332000,,,-270.5118408203125,-2.2262415885925293,14.007883071899414,268.34149169921875,268.4619140625,0.0003,0.0003,0.1
,,,,,332291,1076.5009,312,,,,,,,,
,,,,,332503,718.49005,212,,,,,,,,
,,,,,332703,628.64746,200,,,,,,,,
,,,,,332947,787.9116,244,,,,,,,,
,,,,,333000,,,-273.1322326660156,-1.8630234003067017,7.958475112915039,272.4333801269531,272.7142639160156,0.0003,0.0003,0.1
,,,,,333137,625.0742,190,,,,,,,,
,,,,,333318,554.6449,181,,,,,,,,
,,,,,333536,746.491,218,,,,,,,,
,,,,,333729,622.16626,193,,,,,,,,
,,,,,333922,618.3307,193,,,,,,,,
,,,,,334000,,,-278.456787109375,-1.9507200717926025,14.515003204345703,277.0467529296875,277.5677490234375,0.0003,0.0003,0.1
,,,,,334147,783.83594,225,,,,,,,,
,,,,,334313,516.757,166,,,,,,,,
,,,,,334540,672.40814,227,,,,,,,,
,,,,,334879,998.372,339,,,,,,,,
684.9822,101.167145,828.0199,548.1452,205.8,335000,,,-280.2337646484375,-2.3792428970336914,10.60622501373291,279.1962585449219,279.1435546875,0.0003,0.0003,0.1
,,,,,335091,739.0048,212,,,,,,,,
,,,,,335307,713.9326,216,,,,,,,,
,,,,,335523,721.668,216,,,,,,,,
,,,,,335778,831.3532,255,,,,,,,,
,,,,,335959,551.12555,181,,,,,,,,
,,,,,336000,,,-266.0716552734375,-2.1849114894866943,9.51376724243164,263.60382080078125,263.3490905761719,0.0003,0.0003,0.1
,,,,,336168,687.2204,209,,,,,,,,
,,,,,336375,676.6603,207,,,,,,,,
,,,,,336593,766.3737,218,,,,,,,,
,,,,,336821,792.22943,228,,,,,,,,
,,,,,337000,,,-280.8821716308594,-1.9394290447235107,26.596858978271484,279.903564453125,279.3817138671875,0.0003,0.0003,0.1
,,,,,337045,745.8844,224,,,,,,,,
,,,,,337262,706.7825,217,,,,,,,,
,,,,,337490,749.32874,228,,,,,,,,
,,,,,337706,687.4931,216,,,,,,,,
,,,,,338000,,,-268.7258605957031,-2.2909045219421387,16.78900146484375,265.8604736328125,265.81463623046875,0.0003,0.0003,0.1
,,,,,338233,1695.0533,527,,,,,,,,
,,,,,338432,667.8775,199,,,,,,,,
,,,,,338640,711.9901,208,,,,,,,,
,,,,,338869,719.548,229,,,,,,,,
,,,,,339000,,,-276.4054870605469,-2.369039535522461,20.166048049926758,274.9873352050781,275.58642578125,0.0003,0.0003,0.1
,,,,,339094,782.3183,225,,,,,,,,
,,,,,339363,1008.8438,269,,,,,,,,
,,,,,339587,742.4925,224,,,,,,,,
,,,,,339604,15.747356,17,,,,,,,,
,,,,,339621,15.477435,17,,,,,,,,
,,,,,339951,970.4189,330,,,,,,,,
846.3739,230.72498,1368.7463,518.79065,255.2,340000,,,-281.71221923828125,-2.1450729370117188,15.802627563476562,280.248779296875,280.795654296875,0.0003,0.0003,0.1
,,,,,340174,748.0144,223,,,,,,,,
,,,,,340395,772.5453,221,,,,,,,,
,,,,,340613,796.1103,218,,,,,,,,
,,,,,340827,728.3952,214,,,,,,,,
,,,,,341000,,,-282.88458251953125,-1.8681873083114624,7.286922454833984,281.141357421875,281.7514953613281,0.0003,0.0003,0.1
,,,,,341187,1147.2424,360,,,,,,,,
,,,,,341396,715.4871,209,,,,,,,,
,,,,,341627,767.82196,231,,,,,,,,
,,,,,341846,723.36505,219,,,,,,,,
,,,,,342000,,,-277.8028259277344,-2.1785264015197754,5.894574165344238,276.58160400390625,276.2294921875,0.0003,0.0003,0.1
,,,,,342066,734.3007,220,,,,,,,,
,,,,,342281,696.22943,215,,,,,,,,
,,,,,342689,1174.6781,408,,,,,,,,
,,,,,342902,617.1186,213,,,,,,,,
,,,,,343000,,,-283.83001708984375,-2.042501926422119,6.572940349578857,282.86859130859375,283.1331787109375,0.0003,0.0003,0.1
,,,,,343287,1171.4509,385,,,,,,,,
,,,,,343531,761.3097,244,,,,,,,,
,,,,,343749,722.69604,218,,,,,,,,
,,,,,343963,714.8462,214,,,,,,,,
,,,,,344000,,,-278.3970642089844,-2.30850887298584,6.920533180236816,274.3713073730469,274.3464050292969,0.0003,0.0003,0.1
,,,,,344180,751.6436,217,,,,,,,,
,,,,,344405,786.88086,225,,,,,,,,
,,,,,344616,721.6237,211,,,,,,,,
,,,,,344824,707.57117,208,,,,,,,,
723.7989,19.474981,751.9128,698.2843,213.0,345000,,,-286.1864929199219,-2.182569980621338,9.78215217590332,284.3807067871094,283.9039001464844,0.0003,0.0003,0.1
,,,,,345037,736.32556,213,,,,,,,,
,,,,,345251,705.0545,214,,,,,,,,
,,,,,345526,895.38916,275,,,,,,,,
,,,,,345727,677.38464,201,,,,,,,,
,,,,,345961,765.1705,234,,,,,,,,
,,,,,346000,,,-276.4189453125,-2.065401554107666,10.838101387023926,275.12249755859375,275.5732421875,0.0003,0.0003,0.1
,,,,,346189,776.3542,228,,,,,,,,
,,,,,346552,1146.9194,363,,,,,,,,
,,,,,346877,1061.9672,325,,,,,,,,
,,,,,347000,,,-278.46710205078125,-2.108231544494629,9.160383224487305,276.73193359375,276.90667724609375,0.0003,0.0003,0.1
,,,,,347091,741.44617,214,,,,,,,,
,,,,,347484,1211.8558,393,,,,,,,,
,,,,,347714,752.2394,230,,,,,,,,
,,,,,347965,811.0935,251,,,,,,,,
,,,,,348000,,,-284.20318603515625,-2.0797173976898193,5.142173767089844,283.40814208984375,283.1653747558594,0.0003,0.0003,0.1
,,,,,348161,659.45105,196,,,,,,,,
,,,,,348332,525.2684,171,,,,,,,,
,,,,,348549,723.9614,217,,,,,,,,
,,,,,348755,702.36774,206,,,,,,,,
,,,,,349000,,,-275.0595703125,-2.3278138637542725,6.567370891571045,273.664306640625,273.7707214355469,0.0003,0.0003,0.1
,,,,,349051,1017.32074,296,,,,,,,,
,,,,,349264,678.64453,213,,,,,,,,
,,,,,349477,755.63,213,,,,,,,,
,,,,,349652,552.98773,175,,,,,,,,
,,,,,349918,883.547,266,,,,,,,,
841.46954,156.56137,1172.2286,645.2045,255.1,350000,,,-280.10894775390625,-2.0629196166992188,23.827774047851562,277.312255859375,277.09014892578125,0.0003,0.0003,0.1
,,,,,350342,1469.0769,424,,,,,,,,
,,,,,350565,758.4761,223,,,,,,,,
,,,,,350869,990.10803,304,,,,,,,,
,,,,,351000,,,-289.42694091796875,-2.285745620727539,6.848603248596191,287.938720703125,288.0807800292969,0.0003,0.0003,0.1
,,,,,351078,714.44727,209,,,,,,,,
,,,,,351720,2040.3691,642,,,,,,,,
,,,,,351907,587.74817,187,,,,,,,,
,,,,,352000,,,-280.4559020996094,-1.9062855243682861,8.209771156311035,279.06072998046875,279.014892578125,0.0003,0.0003,0.1
,,,,,352147,807.0834,240,,,,,,,,
,,,,,352386,782.8217,239,,,,,,,,
,,,,,352596,680.8926,210,,,,,,,,
,,,,,352797,676.6816,201,,,,,,,,
,,,,,353000,,,-281.161376953125,-1.7219891548156738,14.859872817993164,279.5902099609375,279.39373779296875,0.0003,0.0003,0.1
,,,,,353084,978.5038,287,,,,,,,,
,,,,,353296,677.08167,212,,,,,,,,
,,,,,353309,10.832033,13,,,,,,,,
,,,,,353518,696.83167,209,,,,,,,,
,,,,,353735,742.0196,217,,,,,,,,
,,,,,353947,710.1312,212,,,,,,,,
,,,,,354000,,,-277.80841064453125,-1.7875337600708008,7.315862655639648,276.91522216796875,276.9869384765625,0.0003,0.0003,0.1
,,,,,354159,754.93365,212,,,,,,,,
,,,,,354348,607.1461,189,,,,,,,,
,,,,,354548,658.0953,200,,,,,,,,
,,,,,354793,783.0405,245,,,,,,,,
,,,,,354911,290.2905,118,,,,,,,,
810.8264,153.78278,1246.8258,713.4666,248.2,355000,,,-279.16424560546875,-2.2076644897460938,10.874227523803711,278.3205261230469,278.1250305175781,0.0003,0.0003,0.1
,,,,,355137,741.1506,226,,,,,,,,
,,,,,355355,732.5829,218,,,,,,,,
,,,,,355595,826.6773,240,,,,,,,,
,,,,,355875,937.2722,280,,,,,,,,
,,,,,356000,,,-279.3260498046875,-1.8151373863220215,7.466883659362793,278.4259033203125,278.3718566894531,0.0003,0.0003,0.1
,,,,,356084,715.55536,209,,,,,,,,
,,,,,356517,1461.9886,433,,,,,,,,
,,,,,356762,789.15027,245,,,,,,,,
,,,,,357000,,,-276.2105407714844,-1.8832048177719116,10.690649032592773,275.4370422363281,275.2257080078125,0.0003,0.0003,0.1
,,,,,357117,1174.4698,355,,,,,,,,
,,,,,357317,696.23956,200,,,,,,,,
,,,,,357488,532.85815,171,,,,,,,,
,,,,,357729,813.6009,241,,,,,,,,
,,,,,357936,706.0707,207,,,,,,,,
,,,,,358000,,,-277.9422607421875,-1.9158909320831299,28.128890991210938,275.0113220214844,274.10662841796875,0.0003,0.0003,0.1
,,,,,358141,716.72534,205,,,,,,,,
,,,,,358316,532.38434,175,,,,,,,,
,,,,,358529,740.07153,213,,,,,,,,
,,,,,358745,734.3912,216,,,,,,,,
,,,,,358980,789.2607,235,,,,,,,,
,,,,,359000,,,-272.1426696777344,-2.322702407836914,16.451126098632812,269.81195068359375,270.57342529296875,0.0003,0.0003,0.1
,,,,,359194,707.6546,214,,,,,,,,
,,,,,359412,724.16046,218,,,,,,,,
,,,,,359629,738.3427,217,,,,,,,,
,,,,,359867,821.7776,238,,,,,,,,
737.3949,90.043175,994.2941,639.7789,222.2,360000,,,-262.7787780761719,-2.0043368339538574,14.460351943969727,260.56951904296875,260.286376953125,0.0003,0.0003,0.1
,,,,,360035,478.69183,168,,,,,,,,
,,,,,360094,116.243324,59,,,,,,,,
,,,,,360480,1100.7798,386,,,,,,,,
,,,,,360692,695.58545,212,,,,,,,,
,,,,,360908,708.7589,216,,,,,,,,
,,,,,361000,,,-271.51043701171875,-2.183957815170288,8.049875259399414,270.2931823730469,270.8851013183594,0.0003,0.0003,0.1
,,,,,361422,1667.75,514,,,,,,,,
,,,,,361641,808.0966,219,,,,,,,,
,,,,,361943,1007.6226,302,,,,,,,,
,,,,,362000,,,-280.8363037109375,-1.9560034275054932,30.02995491027832,277.9210510253906,277.9892578125,0.0003,0.0003,0.1
,,,,,362164,803.03796,221,,,,,,,,
,,,,,362381,732.141,217,,,,,,,,
,,,,,362741,1238.5483,360,,,,,,,,
,,,,,362947,754.7275,206,,,,,,,,
,,,,,363000,,,-271.2326965332031,-2.166229724884033,11.293373107910156,270.47991943359375,270.22442626953125,0.0003,0.0003,0.1
,,,,,363152,643.5697,205,,,,,,,,
,,,,,363364,732.7204,212,,,,,,,,
,,,,,363576,726.1829,212,,,,,,,,
,,,,,363795,777.7106,219,,,,,,,,
,,,,,364000,,,-281.3426208496094,-2.030723810195923,27.170547485351562,280.20184326171875,280.153076171875,0.0003,0.0003,0.1
,,,,,364022,765.5957,227,,,,,,,,
,,,,,364245,795.26465,223,,,,,,,,
,,,,,364448,673.7324,203,,,,,,,,
,,,,,364675,801.38464,227,,,,,,,,
,,,,,364891,769.9529,216,,,,,,,,
743.849,83.02182,801.94434,514.0663,212.6,365000,,,-277.18145751953125,-1.8920809030532837,5.576505661010742,275.19598388671875,274.9488525390625,0.0003,0.0003,0.1
,,,,,365062,516.0908,171,,,,,,,,
,,,,,365275,765.3002,213,,,,,,,,
,,,,,365486,743.0425,211,,,,,,,,
,,,,,366000,,,-272.9448547363281,-2.2842636108398438,10.569496154785156,271.9266052246094,272.12774658203125,0.0003,0.0003,0.1
,,,,,366340,2714.4421,854,,,,,,,,
,,,,,366557,722.3544,217,,,,,,,,
,,,,,366897,1148.3907,340,,,,,,,,
,,,,,367000,,,-273.8775939941406,-2.072498321533203,9.31644058227539,272.62176513671875,273.63800048828125,0.0003,0.0003,0.1
,,,,,367107,691.69995,210,,,,,,,,
,,,,,367319,723.38794,212,,,,,,,,
,,,,,367545,804.0741,226,,,,,,,,
,,,,,367828,927.8833,283,,,,,,,,
,,,,,368000,,,-277.0388488769531,-1.8454210758209229,8.49174690246582,275.8011169433594,275.9872741699219,0.0003,0.0003,0.1
,,,,,368053,748.68274,225,,,,,,,,
,,,,,368266,702.0771,213,,,,,,,,
,,,,,368480,745.9609,214,,,,,,,,
,,,,,368750,866.2814,270,,,,,,,,
,,,,,368981,777.1386,231,,,,,,,,
,,,,,369000,,,-272.0592956542969,-2.2388992309570312,10.151505470275879,271.2666320800781,270.99188232421875,0.0003,0.0003,0.1
,,,,,369190,731.76294,209,,,,,,,,
,,,,,369403,710.47504,213,,,,,,,,
,,,,,369638,771.3299,235,,,,,,,,
,,,,,369875,794.65283,237,,,,,,,,
745.68665,51.60525,856.3642,683.2158,225.2,370000,,,-281.5441589355469,-1.797296404838562,8.194099426269531,280.2951354980469,280.5679016113281,0.0003,0.0003,0.1
,,,,,370146,974.3258,271,,,,,,,,
,,,,,370336,579.7528,190,,,,,,,,
,,,,,370552,611.5657,216,,,,,,,,
,,,,,370766,688.9654,214,,,,,,,,
,,,,,371000,,,-278.19696044921875,-1.7639793157577515,10.048894882202148,277.2704162597656,277.6517028808594,0.0003,0.0003,0.1
,,,,,371119,1120.7157,353,,,,,,,,
,,,,,371360,781.00134,241,,,,,,,,
,,,,,371565,671.3811,205,,,,,,,,
,,,,,371759,566.68933,194,,,,,,,,
,,,,,372000,,,-274.6420593261719,-2.179823637008667,9.49907398223877,273.42303466796875,273.8053283691406,0.0003,0.0003,0.1
,,,,,372001,811.73737,242,,,,,,,,
,,,,,372238,780.0112,237,,,,,,,,
,,,,,372467,781.2782,229,,,,,,,,
,,,,,372698,791.6173,231,,,,,,,,
,,,,,372917,728.0065,219,,,,,,,,
,,,,,373000,,,-277.36083984375,-1.9019862413406372,6.993561267852783,276.0414733886719,276.32586669921875,0.0003,0.0003,0.1
,,,,,373135,715.5114,218,,,,,,,,
,,,,,373330,595.99133,195,,,,,,,,
,,,,,373581,844.1779,251,,,,,,,,
,,,,,373788,661.62067,207,,,,,,,,
,,,,,374000,,,-283.5617980957031,-2.60394287109375,8.184993743896484,282.80108642578125,282.7366027832031,0.0003,0.0003,0.1
,,,,,374012,797.6098,224,,,,,,,,
,,,,,374240,789.7554,228,,,,,,,,
,,,,,374492,839.09265,252,,,,,,,,
,,,,,374714,794.966,222,,,,,,,,
,,,,,374749,49.500282,35,,,,,,,,
,,,,,374975,781.53784,226,,,,,,,,
545.8334,325.21213,827.86993,50.013306,173.4,375000,,,-278.81402587890625,-1.7835630178451538,17.61982536315918,278.281494140625,276.753662109375,0.0003,0.0003,0.1
,,,,,375012,53.465553,37,,,,,,,,
,,,,,375307,977.00116,295,,,,,,,,
,,,,,375516,727.7825,209,,,,,,,,
,,,,,375764,782.71075,248,,,,,,,,
,,,,,375976,708.0441,212,,,,,,,,
,,,,,376000,,,-278.11602783203125,-2.259528636932373,8.694229125976562,276.5928039550781,277.0335693359375,0.0003,0.0003,0.1
,,,,,376190,739.8444,214,,,,,,,,
,,,,,376404,749.6014,214,,,,,,,,
,,,,,376646,813.1935,242,,,,,,,,
,,,,,376867,786.11914,221,,,,,,,,
,,,,,376988,306.0604,121,,,,,,,,
,,,,,377000,,,-284.8783874511719,-2.273381233215332,6.8913679122924805,283.8555908203125,284.7628173828125,0.0003,0.0003,0.1
,,,,,377224,767.48157,236,,,,,,,,
,,,,,377343,301.60037,119,,,,,,,,
,,,,,377792,1468.1514,449,,,,,,,,
,,,,,378000,,,-280.79974365234375,-1.8024449348449707,9.991294860839844,279.67315673828125,279.018798828125,0.0003,0.0003,0.1
,,,,,378014,703.369,222,,,,,,,,
,,,,,378256,828.3375,242,,,,,,,,
,,,,,378483,749.1358,227,,,,,,,,
,,,,,378754,952.1716,271,,,,,,,,
,,,,,378954,665.6499,200,,,,,,,,
,,,,,379000,,,-275.23138427734375,-2.011232376098633,12.174739837646484,274.261474609375,274.04449462890625,0.0003,0.0003,0.1
,,,,,379171,774.1762,217,,,,,,,,
,,,,,379385,715.6541,214,,,,,,,,
,,,,,379596,712.986,211,,,,,,,,
,,,,,379817,774.4504,221,,,,,,,,
728.3554,78.195526,895.2679,649.4796,222.2,380000,,,-281.7953186035156,-2.1243903636932373,19.344131469726562,279.43585205078125,278.7048645019531,0.0003,0.0003,0.1
,,,,,380024,633.0832,207,,,,,,,,
,,,,,380234,693.98804,210,,,,,,,,
,,,,,380448,724.0792,214,,,,,,,,
,,,,,380707,837.7887,259,,,,,,,,
,,,,,380914,703.81354,207,,,,,,,,
,,,,,381000,,,-273.0973815917969,-1.6808468103408813,8.193265914916992,270.97210693359375,270.70111083984375,0.0003,0.0003,0.1
,,,,,381154,846.6923,240,,,,,,,,
,,,,,381387,765.5161,233,,,,,,,,
,,,,,381599,670.598,212,,,,,,,,
,,,,,381887,894.6991,288,,,,,,,,
,,,,,382000,,,-276.4523620605469,-2.2072086334228516,9.410286903381348,275.2525634765625,275.5032958984375,0.0003,0.0003,0.1
,,,,,382115,826.6075,228,,,,,,,,
,,,,,382337,806.96674,222,,,,,,,,
,,,,,382573,824.0347,236,,,,,,,,
,,,,,382820,839.5524,247,,,,,,,,
,,,,,383000,,,-275.115234375,-1.7087445259094238,14.409939765930176,273.5816650390625,273.80303955078125,0.0003,0.0003,0.1
,,,,,383019,642.1489,199,,,,,,,,
,,,,,383217,653.3178,198,,,,,,,,
,,,,,383436,698.1727,219,,,,,,,,
,,,,,383623,606.1855,187,,,,,,,,
,,,,,383838,719.3004,215,,,,,,,,
,,,,,384000,,,-280.9253234863281,-1.8789277076721191,9.332867622375488,279.8605041503906,280.03955078125,0.0003,0.0003,0.1
,,,,,384063,763.97266,225,,,,,,,,
,,,,,384458,1263.3157,395,,,,,,,,
,,,,,384736,895.76355,278,,,,,,,,
,,,,,384947,700.7394,211,,,,,,,,
699.2259,129.93704,962.39276,489.4808,212.8,385000,,,-271.4866638183594,-2.1978485584259033,7.427818298339844,269.3074035644531,269.33612060546875,0.0003,0.0003,0.1
,,,,,385149,698.1744,202,,,,,,,,
,,,,,385352,617.07294,203,,,,,,,,
,,,,,385716,1179.5405,364,,,,,,,,
,,,,,385938,768.5246,222,,,,,,,,
,,,,,386000,,,-279.84063720703125,-2.0775351524353027,11.269160270690918,278.7333984375,278.514404296875,0.0003,0.0003,0.1
,,,,,386176,808.26996,238,,,,,,,,
,,,,,386340,468.01096,164,,,,,,,,
,,,,,386589,831.2402,249,,,,,,,,
,,,,,386798,743.3637,209,,,,,,,,
,,,,,387000,,,-272.88330078125,-2.489675760269165,10.809435844421387,271.33502197265625,271.44757080078125,0.0003,0.0003,0.1
,,,,,387078,949.16785,280,,,,,,,,
,,,,,387300,793.6273,222,,,,,,,,
,,,,,387532,763.5286,232,,,,,,,,
,,,,,387762,756.3913,230,,,,,,,,
,,,,,387987,725.9525,225,,,,,,,,
,,,,,388000,,,-271.33599853515625,-2.066742420196533,9.586807250976562,270.38885498046875,269.919189453125,0.0003,0.0003,0.1
,,,,,388202,745.3928,215,,,,,,,,
,,,,,388434,806.2868,232,,,,,,,,
,,,,,388617,612.5048,183,,,,,,,,
,,,,,388667,85.46928,50,,,,,,,,
,,,,,388878,684.09985,211,,,,,,,,
,,,,,389000,,,-272.4835205078125,-1.7828102111816406,20.2029972076416,269.8416748046875,269.638916015625,0.0003,0.0003,0.1
,,,,,389082,718.3185,204,,,,,,,,
,,,,,389292,726.5659,210,,,,,,,,
,,,,,389532,831.2112,240,,,,,,,,
,,,,,389841,1030.1279,309,,,,,,,,
828.61066,100.12671,1035.0623,712.89886,242.1,390000,,,-278.7527770996094,-2.130718231201172,8.352418899536133,277.24017333984375,277.4594421386719,0.0003,0.0003,0.1
,,,,,390205,1257.2211,364,,,,,,,,
,,,,,390413,744.5585,208,,,,,,,,
,,,,,390663,877.85065,250,,,,,,,,
,,,,,390888,768.22754,225,,,,,,,,
,,,,,391000,,,-266.99688720703125,-2.4846854209899902,24.854129791259766,264.9794616699219,264.8394775390625,0.0003,0.0003,0.1
,,,,,391116,823.14685,228,,,,,,,,
,,,,,391348,830.8973,232,,,,,,,,
,,,,,391549,685.1546,201,,,,,,,,
,,,,,391697,367.8956,148,,,,,,,,
,,,,,391915,775.3062,218,,,,,,,,
,,,,,392000,,,-275.9608459472656,-1.9478425979614258,11.707263946533203,274.06793212890625,273.90875244140625,0.0003,0.0003,0.1
,,,,,392143,780.13684,228,,,,,,,,
,,,,,392354,726.1606,211,,,,,,,,
,,,,,392604,818.9411,250,,,,,,,,
,,,,,392821,708.16254,217,,,,,,,,
,,,,,393000,,,-274.3485107421875,-2.3278818130493164,8.821083068847656,271.64434814453125,272.5380859375,0.0003,0.0003,0.1
,,,,,393041,749.32465,220,,,,,,,,
,,,,,393260,786.6787,219,,,,,,,,
,,,,,393481,768.8894,221,,,,,,,,
,,,,,393764,1001.544,283,,,,,,,,
,,,,,393949,444.61264,185,,,,,,,,
,,,,,394000,,,-279.8184814453125,-2.1129860877990723,10.6773042678833,278.86090087890625,278.1051330566406,0.0003,0.0003,0.1
,,,,,394159,730.9052,210,,,,,,,,
,,,,,394394,834.3401,235,,,,,,,,
,,,,,394621,809.9226,227,,,,,,,,
,,,,,394838,727.8224,217,,,,,,,,
845.67804,21.156496,867.87103,788.1754,235.7,395000,,,-278.4903564453125,-2.1722631454467773,12.828580856323242,277.00244140625,277.34393310546875,0.0003,0.0003,0.1
,,,,,395130,980.20416,292,,,,,,,,
,,,,,395240,279.68695,110,,,,,,,,
,,,,,395523,948.7451,283,,,,,,,,
,,,,,395704,626.32153,181,,,,,,,,
,,,,,395926,767.6189,222,,,,,,,,
,,,,,396000,,,-274.87127685546875,-2.281374931335449,24.801525115966797,273.0712585449219,273.69659423828125,0.0003,0.0003,0.1
,,,,,396128,678.5205,202,,,,,,,,
,,,,,396324,603.97534,196,,,,,,,,
,,,,,396529,706.25287,205,,,,,,,,
,,,,,396757,798.2824,228,,,,,,,,
,,,,,396985,743.13544,228,,,,,,,,
,,,,,397000,,,-281.11383056640625,-2.0516226291656494,12.091336250305176,279.49713134765625,278.453125,0.0003,0.0003,0.1
,,,,,397183,694.9622,198,,,,,,,,
,,,,,397330,441.00674,147,,,,,,,,
,,,,,397465,393.73315,135,,,,,,,,
,,,,,397697,771.5363,232,,,,,,,,
,,,,,397919,698.4057,222,,,,,,,,
,,,,,397990,139.77737,71,,,,,,,,
,,,,,398000,,,-289.1887512207031,-1.750943899154663,34.28681945800781,287.1562194824219,286.742431640625,0.0003,0.0003,0.1
,,,,,398184,656.9384,194,,,,,,,,
,,,,,398433,793.36523,249,,,,,,,,
,,,,,398614,538.8731,181,,,,,,,,
,,,,,398690,152.60503,76,,,,,,,,
,,,,,398850,534.76715,160,,,,,,,,
,,,,,399000,,,-284.8926696777344,-1.872934341430664,9.896889686584473,283.06439208984375,283.0765380859375,0.0003,0.0003,0.1
,,,,,399086,721.7379,236,,,,,,,,
,,,,,399326,760.6264,240,,,,,,,,
,,,,,399543,775.4228,217,,,,,,,,
,,,,,399768,683.71326,225,,,,,,,,
584.41174,216.73048,917.5725,145.96423,191.7,400000,,,-282.7355651855469,-1.7987875938415527,7.459573745727539,281.7940368652344,281.9423522949219,0.0003,0.0003,0.1
,,,,,400003,873.83466,235,,,,,,,,
,,,,,400200,663.0982,197,,,,,,,,
,,,,,400388,613.1565,188,,,,,,,,
,,,,,400428,70.477936,40,,,,,,,,
,,,,,400575,434.23758,147,,,,,,,,
,,,,,400758,576.72766,183,,,,,,,,
,,,,,400880,324.56738,122,,,,,,,,
,,,,,401000,,,-290.1300354003906,-2.281424045562744,6.615179061889648,288.89892578125,288.82177734375,0.0003,0.0003,0.1
,,,,,401055,567.9935,175,,,,,,,,
,,,,,401096,73.58866,41,,,,,,,,
,,,,,401285,624.0673,189,,,,,,,,
,,,,,401422,367.71375,137,,,,,,,,
,,,,,401526,262.86688,104,,,,,,,,
,,,,,401637,281.98413,111,,,,,,,,
,,,,,401866,813.88837,229,,,,,,,,
,,,,,402000,,,-276.10986328125,-2.107154607772827,71.00050354003906,273.8385009765625,274.34619140625,0.0003,0.0003,0.1
,,,,,402282,1190.6898,416,,,,,,,,
,,,,,402492,700.5798,210,,,,,,,,
,,,,,402679,612.8603,187,,,,,,,,
,,,,,402858,559.51337,179,,,,,,,,
,,,,,403000,,,-277.8763122558594,-2.2855687141418457,23.566261291503906,276.251220703125,276.8337707519531,0.0003,0.0003,0.1
,,,,,403085,773.55695,227,,,,,,,,
,,,,,403296,752.5542,211,,,,,,,,
,,,,,403421,344.24265,125,,,,,,,,
,,,,,403516,231.62976,95,,,,,,,,
,,,,,403671,462.41168,155,,,,,,,,
,,,,,403808,380.9746,137,,,,,,,,
,,,,,404000,,,-283.2726135253906,-2.036332130432129,8.436788558959961,282.27783203125,282.4893798828125,0.0003,0.0003,0.1
,,,,,404561,2201.0054,753,,,,,,,,
,,,,,404755,610.00836,194,,,,,,,,
,,,,,404886,386.56012,131,,,,,,,,
528.37634,166.6227,745.8033,250.64142,165.7,405000,,,-282.9254455566406,-2.1055355072021484,6.873847961425781,281.27752685546875,280.9422607421875,0.0003,0.0003,0.1
,,,,,405130,768.7904,244,,,,,,,,
,,,,,405484,1077.049,354,,,,,,,,
,,,,,405728,857.22186,244,,,,,,,,
,,,,,405935,722.28595,207,,,,,,,,
,,,,,406000,,,-275.00152587890625,-2.1684370040893555,11.406282424926758,273.89947509765625,274.06549072265625,0.0003,0.0003,0.1
,,,,,406141,712.602,206,,,,,,,,
,,,,,406375,764.9752,234,,,,,,,,
,,,,,406541,524.3043,166,,,,,,,,
,,,,,406756,777.2407,215,,,,,,,,
,,,,,406984,710.57275,228,,,,,,,,
,,,,,407000,,,-282.2670593261719,-1.8743984699249268,6.980370044708252,280.095703125,280.45501708984375,0.0003,0.0003,0.1
,,,,,407019,59.495575,35,,,,,,,,
,,,,,407104,152.79233,85,,,,,,,,
,,,,,407209,222.57726,105,,,,,,,,
,,,,,407430,793.77856,221,,,,,,,,
,,,,,407634,712.52167,204,,,,,,,,
,,,,,407768,373.77753,134,,,,,,,,
,,,,,408000,,,-280.6955871582031,-2.499678611755371,7.682084083557129,279.4858093261719,279.78662109375,0.0003,0.0003,0.1
,,,,,408004,837.66187,236,,,,,,,,
,,,,,408247,860.3376,243,,,,,,,,
,,,,,408477,766.5704,230,,,,,,,,
,,,,,408680,653.44006,203,,,,,,,,
,,,,,408905,816.48956,225,,,,,,,,
,,,,,409000,,,-283.8004455566406,-1.8727446794509888,6.852284908294678,282.73809814453125,283.2080078125,0.0003,0.0003,0.1
,,,,,409082,585.58514,177,,,,,,,,
,,,,,409297,683.99976,215,,,,,,,,
,,,,,409541,817.90027,244,,,,,,,,
,,,,,409754,734.05743,213,,,,,,,,
,,,,,409995,832.58905,241,,,,,,,,
683.5861,136.53464,836.6217,331.69165,206.5,410000,,,-284.2391662597656,-2.0182199478149414,9.759927749633789,283.2188720703125,283.29638671875,0.0003,0.0003,0.1
,,,,,410225,851.9854,230,,,,,,,,
,,,,,410439,711.9039,214,,,,,,,,
,,,,,410624,560.2996,185,,,,,,,,
,,,,,410844,781.76324,220,,,,,,,,
,,,,,411000,,,-281.6026611328125,-1.9932889938354492,10.05180835723877,280.60748291015625,280.6537170410156,0.0003,0.0003,0.1
,,,,,411035,623.16156,191,,,,,,,,
,,,,,411225,647.1084,190,,,,,,,,
,,,,,411453,782.64453,228,,,,,,,,
,,,,,411665,735.00275,212,,,,,,,,
,,,,,411895,779.2223,230,,,,,,,,
,,,,,412000,,,-276.6463928222656,-2.217818260192871,7.095876216888428,275.31842041015625,275.45074462890625,0.0003,0.0003,0.1
,,,,,412114,760.6063,219,,,,,,,,
,,,,,412242,353.31186,128,,,,,,,,
,,,,,412463,773.94653,221,,,,,,,,
,,,,,412707,843.32324,244,,,,,,,,
,,,,,412928,688.82776,221,,,,,,,,
,,,,,413000,,,-276.3740539550781,-2.09592866897583,43.08140182495117,273.56170654296875,273.3601989746094,0.0003,0.0003,0.1
,,,,,413163,824.2983,235,,,,,,,,
,,,,,413267,255.60446,104,,,,,,,,
,,,,,413494,796.9424,227,,,,,,,,
,,,,,413707,610.29926,213,,,,,,,,
,,,,,413937,839.2263,230,,,,,,,,
,,,,,414000,,,-287.2746276855469,-1.8724333047866821,27.496383666992188,285.42333984375,286.02081298828125,0.0003,0.0003,0.1
,,,,,414169,800.72504,232,,,,,,,,
,,,,,414396,809.0183,227,,,,,,,,
,,,,,414612,747.8608,216,,,,,,,,
,,,,,414833,780.9799,221,,,,,,,,
660.6007,119.21608,773.1638,437.47488,199.9,415000,,,-278.95477294921875,-2.0012989044189453,11.612138748168945,277.4620361328125,277.4215087890625,0.0003,0.0003,0.1
,,,,,415039,696.088,206,,,,,,,,
,,,,,415229,610.1278,190,,,,,,,,
,,,,,415491,940.9033,262,,,,,,,,
,,,,,415752,827.99744,261,,,,,,,,
,,,,,415986,841.20715,234,,,,,,,,
,,,,,416000,,,-276.9993591308594,-2.049039363861084,6.630888938903809,275.0704345703125,275.2026062011719,0.0003,0.0003,0.1
,,,,,416299,1069.652,313,,,,,,,,
,,,,,416512,726.5203,213,,,,,,,,
,,,,,416770,919.60406,258,,,,,,,,
,,,,,417000,,,-283.8341064453125,-1.947971224784851,7.609407901763916,282.5921325683594,282.7878112792969,0.0003,0.0003,0.1
,,,,,417016,798.58154,246,,,,,,,,
,,,,,417127,279.57764,111,,,,,,,,
,,,,,417367,807.5993,240,,,,,,,,
,,,,,417606,833.089,239,,,,,,,,
,,,,,417823,693.6556,217,,,,,,,,
,,,,,418000,,,-287.5085754394531,-2.1891016960144043,6.350543975830078,285.08599853515625,285.2619323730469,0.0003,0.0003,0.1
,,,,,418064,802.7418,241,,,,,,,,
,,,,,418333,939.6005,269,,,,,,,,
,,,,,418585,870.3438,252,,,,,,,,
,,,,,418835,876.8116,250,,,,,,,,
,,,,,419000,,,-285.86572265625,-2.2203073501586914,9.581817626953125,283.8028564453125,284.22296142578125,0.0003,0.0003,0.1
,,,,,419054,758.1478,219,,,,,,,,
,,,,,419274,741.4056,220,,,,,,,,
,,,,,419566,1019.7161,292,,,,,,,,
,,,,,419812,899.24866,246,,,,,,,,
837.18787,37.19904,927.2456,807.084,239.4,420000,,,-271.9235534667969,-2.452235221862793,30.829383850097656,269.9696044921875,269.9076232910156,0.0003,0.0003,0.1
,,,,,420075,861.87866,263,,,,,,,,
,,,,,420296,770.7657,221,,,,,,,,
,,,,,420558,871.78845,262,,,,,,,,
,,,,,420808,872.138,250,,,,,,,,
,,,,,421000,,,-279.70660400390625,-2.0526905059814453,9.881114959716797,278.9107360839844,279.52069091796875,0.0003,0.0003,0.1
,,,,,421033,813.9172,225,,,,,,,,
,,,,,421312,987.9828,279,,,,,,,,
,,,,,421521,723.14185,209,,,,,,,,
,,,,,421741,753.648,220,,,,,,,,
,,,,,421982,856.0,241,,,,,,,,
,,,,,422000,,,-279.7570495605469,-2.0589957237243652,12.051837921142578,278.36175537109375,278.36529541015625,0.0003,0.0003,0.1
,,,,,422199,724.28503,217,,,,,,,,
,,,,,422465,928.63336,266,,,,,,,,
,,,,,422683,751.52423,218,,,,,,,,
,,,,,422925,862.94635,242,,,,,,,,
,,,,,423000,,,-277.61260986328125,-1.9135340452194214,9.453676223754883,276.8096923828125,276.03497314453125,0.0003,0.0003,0.1
,,,,,423159,827.78644,234,,,,,,,,
,,,,,423391,826.8954,232,,,,,,,,
,,,,,423635,872.13837,244,,,,,,,,
,,,,,423844,689.7393,209,,,,,,,,
,,,,,424000,,,-279.6155090332031,-2.4881696701049805,21.304901123046875,277.30865478515625,277.2569580078125,0.0003,0.0003,0.1
,,,,,424074,847.95166,230,,,,,,,,
,,,,,424284,714.47064,210,,,,,,,,
,,,,,424498,778.09155,214,,,,,,,,
,,,,,424717,721.4614,219,,,,,,,,
,,,,,424975,825.9427,258,,,,,,,,
791.30756,79.23978,874.584,644.5872,227.6,425000,,,-273.5343017578125,-2.354626178741455,11.376920700073242,272.4510803222656,272.1978759765625,0.0003,0.0003,0.1
,,,,,425245,913.69904,270,,,,,,,,
,,,,,425504,902.4345,259,,,,,,,,
,,,,,425750,861.3955,246,,,,,,,,
,,,,,426000,,,-286.2370910644531,-2.1229796409606934,9.191389083862305,284.7870788574219,284.8732604980469,0.0003,0.0003,0.1
,,,,,426019,887.31696,269,,,,,,,,
,,,,,426225,693.24023,206,,,,,,,,
,,,,,426426,688.6042,201,,,,,,,,
,,,,,426644,770.5845,218,,,,,,,,
,,,,,426875,826.6709,231,,,,,,,,
,,,,,427000,,,-288.13507080078125,-2.011824607849121,76.20585632324219,286.9971008300781,286.4815368652344,0.0003,0.0003,0.1
,,,,,427088,705.9527,213,,,,,,,,
,,,,,427590,1557.5951,502,,,,,,,,
,,,,,427775,638.6232,185,,,,,,,,
,,,,,428000,,,-274.07501220703125,-2.012474536895752,11.943327903747559,273.40850830078125,272.888671875,0.0003,0.0003,0.1
,,,,,428003,774.93994,228,,,,,,,,
,,,,,428257,932.66437,254,,,,,,,,
,,,,,428471,714.0357,214,,,,,,,,
,,,,,428703,847.1432,232,,,,,,,,
,,,,,428946,894.6131,243,,,,,,,,
,,,,,429000,,,-285.27728271484375,-1.683394193649292,10.149806022644043,284.3939208984375,284.7418518066406,0.0003,0.0003,0.1
,,,,,429178,804.1675,232,,,,,,,,
,,,,,429395,760.4428,217,,,,,,,,
,,,,,429647,815.98425,252,,,,,,,,
,,,,,429875,794.7722,228,,,,,,,,
907.84265,86.6961,1089.6724,810.34094,254.7,430000,,,-288.5375671386719,-2.081839084625244,7.97338342666626,287.2547607421875,287.3684997558594,0.0003,0.0003,0.1
,,,,,430104,810.4654,229,,,,,,,,
,,,,,430336,760.1553,232,,,,,,,,
,,,,,430568,841.58026,232,,,,,,,,
,,,,,430790,761.28796,222,,,,,,,,
,,,,,430999,736.03864,209,,,,,,,,
,,,,,431000,,,-284.2735900878906,-1.9150733947753906,7.431684970855713,283.362060546875,283.05126953125,0.0003,0.0003,0.1
,,,,,431199,676.7155,200,,,,,,,,
,,,,,431444,904.33954,245,,,,,,,,
,,,,,431560,286.9801,116,,,,,,,,
,,,,,431788,809.4932,228,,,,,,,,
,,,,,431898,272.00977,110,,,,,,,,
,,,,,432000,,,-290.2633361816406,-1.87999427318573,19.508464813232422,289.10101318359375,289.13250732421875,0.0003,0.0003,0.1
,,,,,432111,763.53094,213,,,,,,,,
,,,,,432366,867.52814,255,,,,,,,,
,,,,,432574,706.1594,208,,,,,,,,
,,,,,432794,779.87506,220,,,,,,,,
,,,,,433000,,,-290.633056640625,-1.9758458137512207,66.55694580078125,289.0626220703125,289.6808776855469,0.0003,0.0003,0.1
,,,,,433004,711.25116,210,,,,,,,,
,,,,,433236,842.30365,232,,,,,,,,
,,,,,433375,387.1051,139,,,,,,,,
,,,,,433598,811.43286,223,,,,,,,,
,,,,,433816,728.78937,218,,,,,,,,
,,,,,433996,597.80414,180,,,,,,,,
,,,,,434000,,,-288.593505859375,-1.8279235363006592,5.305243492126465,287.4910888671875,287.63934326171875,0.0003,0.0003,0.1
,,,,,434158,465.9286,162,,,,,,,,
,,,,,434370,703.48584,212,,,,,,,,
,,,,,434564,663.35535,194,,,,,,,,
,,,,,434798,836.7211,234,,,,,,,,
,,,,,434959,465.9191,161,,,,,,,,
580.93774,194.83827,890.50824,408.98877,188.7,435000,,,-280.0140380859375,-1.909548282623291,6.732231140136719,278.11114501953125,277.81390380859375,0.0003,0.0003,0.1
,,,,,435197,764.62006,238,,,,,,,,
,,,,,435403,724.67645,206,,,,,,,,
,,,,,435616,695.2312,213,,,,,,,,
,,,,,435927,1067.0217,311,,,,,,,,
,,,,,436000,,,-282.7886657714844,-2.0900769233703613,10.385750770568848,280.98248291015625,281.16900634765625,0.0003,0.0003,0.1
,,,,,436130,621.334,203,,,,,,,,
,,,,,436368,824.01373,238,,,,,,,,
,,,,,436584,715.02576,216,,,,,,,,
,,,,,436788,677.11725,204,,,,,,,,
,,,,,437000,,,-261.6206359863281,-2.4270401000976562,15.179357528686523,259.8071594238281,260.0850524902344,0.0003,0.0003,0.1
,,,,,437074,866.4323,286,,,,,,,,
,,,,,437286,693.3367,212,,,,,,,,
,,,,,437513,789.6046,227,,,,,,,,
,,,,,437741,847.81995,228,,,,,,,,
,,,,,438000,,,-286.4055480957031,-2.07985258102417,8.140018463134766,285.3963623046875,285.30517578125,0.0003,0.0003,0.1
,,,,,438219,1603.493,478,,,,,,,,
,,,,,438433,682.09924,214,,,,,,,,
,,,,,438667,842.7712,234,,,,,,,,
,,,,,438882,661.4538,215,,,,,,,,
,,,,,439000,,,-287.4562683105469,-1.8904728889465332,11.751721382141113,285.91802978515625,285.5159912109375,0.0003,0.0003,0.1
,,,,,439041,473.17722,159,,,,,,,,
,,,,,439281,826.6349,240,,,,,,,,
,,,,,439498,796.8779,217,,,,,,,,
,,,,,439700,663.9039,202,,,,,,,,
,,,,,439918,688.2892,218,,,,,,,,
837.9697,150.8958,1164.3154,601.3597,242.6,440000,,,-286.73486328125,-1.7659621238708496,17.17156982421875,284.4358215332031,284.549072265625,0.0003,0.0003,0.1
,,,,,440124,696.99713,206,,,,,,,,
,,,,,440298,568.9791,174,,,,,,,,
,,,,,440456,513.4364,158,,,,,,,,
,,,,,440674,791.43384,218,,,,,,,,
,,,,,440846,539.53375,172,,,,,,,,
,,,,,441000,,,-285.4495544433594,-2.506258964538574,22.79109001159668,282.9078674316406,283.1346740722656,0.0003,0.0003,0.1
,,,,,441065,789.14465,219,,,,,,,,
,,,,,441287,758.47565,222,,,,,,,,
,,,,,441602,1076.9741,315,,,,,,,,
,,,,,441834,829.97064,232,,,,,,,,
,,,,,442000,,,-281.6724853515625,-1.9153170585632324,8.90633773803711,280.7718811035156,280.8703918457031,0.0003,0.0003,0.1
,,,,,442103,891.75476,269,,,,,,,,
,,,,,442354,888.22577,251,,,,,,,,
,,,,,442582,805.0903,228,,,,,,,,
,,,,,442770,627.51,188,,,,,,,,
,,,,,442979,714.3815,209,,,,,,,,
,,,,,443000,,,-276.9975280761719,-2.521711587905884,11.798175811767578,276.16168212890625,275.97930908203125,0.0003,0.0003,0.1
,,,,,443212,854.03235,233,,,,,,,,
,,,,,443410,643.99243,198,,,,,,,,
,,,,,443638,846.9402,228,,,,,,,,
,,,,,444000,,,-288.49981689453125,-1.9399077892303467,12.76144790649414,287.2492980957031,286.42999267578125,0.0003,0.0003,0.1
,,,,,444133,1523.5913,495,,,,,,,,
,,,,,444402,906.6265,269,,,,,,,,
,,,,,444595,655.32007,193,,,,,,,,
,,,,,444789,669.57245,194,,,,,,,,
,,,,,444914,273.68378,125,,,,,,,,
853.83386,53.661068,959.7441,791.51776,249.7,445000,,,-287.55523681640625,-2.2321648597717285,7.375703811645508,286.2294006347656,286.54150390625,0.0003,0.0003,0.1
,,,,,445163,931.4781,249,,,,,,,,
,,,,,445378,730.38434,215,,,,,,,,
,,,,,445609,822.31616,231,,,,,,,,
,,,,,445865,837.06396,256,,,,,,,,
,,,,,446000,,,-290.015625,-2.33953857421875,134.65367126464844,289.1593017578125,288.0393371582031,0.0003,0.0003,0.1
,,,,,446065,689.12115,200,,,,,,,,
,,,,,446314,834.0862,249,,,,,,,,
,,,,,446497,620.2088,183,,,,,,,,
,,,,,446725,822.2008,228,,,,,,,,
,,,,,446977,961.3627,252,,,,,,,,
,,,,,447000,,,-289.330322265625,-2.011042594909668,7.979403972625732,287.91546630859375,288.38671875,0.0003,0.0003,0.1
,,,,,447172,648.69366,195,,,,,,,,
,,,,,447404,834.4432,232,,,,,,,,
,,,,,447617,751.58276,213,,,,,,,,
,,,,,447822,697.61914,205,,,,,,,,
,,,,,448000,,,-285.080078125,-2.2337629795074463,11.830366134643555,284.01837158203125,283.2290344238281,0.0003,0.0003,0.1
,,,,,448059,779.3499,237,,,,,,,,
,,,,,448257,676.6347,198,,,,,,,,
,,,,,448536,1000.0707,279,,,,,,,,
,,,,,448707,595.3306,171,,,,,,,,
,,,,,448941,881.2263,234,,,,,,,,
,,,,,449000,,,-287.62030029296875,-2.0706872940063477,9.984006881713867,286.5063171386719,285.890380859375,0.0003,0.0003,0.1
,,,,,449137,661.41425,196,,,,,,,,
,,,,,449398,936.8066,261,,,,,,,,
,,,,,449618,800.0662,220,,,,,,,,
,,,,,449834,769.9763,216,,,,,,,,
796.6378,131.18323,1038.8959,636.7333,225.1,450000,,,-294.5935363769531,-2.029092788696289,16.234832763671875,292.59149169921875,292.72393798828125,0.0003,0.0003,0.1
,,,,,450041,719.1361,207,,,,,,,,
,,,,,450275,850.5162,234,,,,,,,,
,,,,,450480,684.4837,205,,,,,,,,
,,,,,450689,758.8405,209,,,,,,,,
,,,,,450893,669.96564,204,,,,,,,,
,,,,,451000,,,-287.6643371582031,-2.147491931915283,5.067196846008301,286.48065185546875,286.2374267578125,0.0003,0.0003,0.1
,,,,,451083,625.461,190,,,,,,,,
,,,,,451278,648.5055,195,,,,,,,,
,,,,,451522,866.0836,244,,,,,,,,
,,,,,451718,647.7204,196,,,,,,,,
,,,,,451932,734.8593,214,,,,,,,,
,,,,,452000,,,-285.46826171875,-1.9140946865081787,23.61008071899414,283.25213623046875,283.43096923828125,0.0003,0.0003,0.1
,,,,,452142,722.6119,210,,,,,,,,
,,,,,452362,778.7529,220,,,,,,,,
,,,,,452584,721.9442,222,,,,,,,,
,,,,,452779,691.5762,195,,,,,,,,
,,,,,452979,695.91125,200,,,,,,,,
,,,,,453000,,,-278.36334228515625,-2.184389352798462,7.7489519119262695,277.11431884765625,276.9683532714844,0.0003,0.0003,0.1
,,,,,453181,681.3837,202,,,,,,,,
,,,,,453375,663.0596,194,,,,,,,,
,,,,,453584,695.36176,209,,,,,,,,
,,,,,453864,988.0662,280,,,,,,,,
,,,,,454000,,,-286.89794921875,-2.2430591583251953,8.121306419372559,284.5637512207031,284.75885009765625,0.0003,0.0003,0.1
,,,,,454089,804.5753,225,,,,,,,,
,,,,,454248,464.12607,159,,,,,,,,
,,,,,454490,900.50366,242,,,,,,,,
,,,,,454722,835.861,232,,,,,,,,
,,,,,454981,865.3339,259,,,,,,,,
855.6461,88.40317,1013.9737,751.734,233.7,455000,,,-281.6731872558594,-1.991042971611023,7.217731952667236,280.60113525390625,280.822998046875,0.0003,0.0003,0.1
,,,,,455202,819.2463,221,,,,,,,,
,,,,,455449,925.7941,247,,,,,,,,
,,,,,455622,540.3396,173,,,,,,,,
,,,,,455829,707.0903,207,,,,,,,,
,,,,,456000,,,-278.9596252441406,-2.3234024047851562,9.615880966186523,277.77374267578125,278.4896240234375,0.0003,0.0003,0.1
,,,,,456101,925.3409,272,,,,,,,,
,,,,,456372,965.4686,271,,,,,,,,
,,,,,456564,656.8509,192,,,,,,,,
,,,,,456842,1047.5829,278,,,,,,,,
,,,,,457000,,,-274.0034484863281,-2.170302391052246,41.323768615722656,271.6407470703125,271.03167724609375,0.0003,0.0003,0.1
,,,,,457114,1017.7779,272,,,,,,,,
,,,,,457329,712.1693,215,,,,,,,,
,,,,,457564,866.16235,235,,,,,,,,
,,,,,457792,738.23364,228,,,,,,,,
,,,,,458000,,,-276.4828796386719,-2.063997745513916,8.334308624267578,275.326416015625,275.37359619140625,0.0003,0.0003,0.1
,,,,,458041,945.54755,249,,,,,,,,
,,,,,458253,692.5206,212,,,,,,,,
,,,,,458472,739.8875,219,,,,,,,,
,,,,,458678,667.12604,206,,,,,,,,
,,,,,458938,863.9056,260,,,,,,,,
,,,,,458979,73.024155,41,,,,,,,,
,,,,,459000,,,-287.156005859375,-1.6936721801757812,9.294755935668945,286.5909423828125,286.51824951171875,0.0003,0.0003,0.1
,,,,,459177,615.30914,198,,,,,,,,
,,,,,459367,564.04474,190,,,,,,,,
,,,,,459471,252.8034,104,,,,,,,,
,,,,,459585,291.6986,114,,,,,,,,
,,,,,459819,843.4141,234,,,,,,,,
729.3286,47.546577,815.995,653.0844,216.0,460000,,,-277.32177734375,-2.29339861869812,8.741798400878906,276.01287841796875,276.5826110839844,0.0003,0.0003,0.1
,,,,,460023,667.5293,204,,,,,,,,
,,,,,460222,678.4234,199,,,,,,,,
,,,,,460480,901.7725,258,,,,,,,,
,,,,,460671,607.92267,191,,,,,,,,
,,,,,460866,619.8605,195,,,,,,,,
,,,,,461000,,,-294.0588073730469,-2.354140520095825,9.003854751586914,292.65374755859375,292.31097412109375,0.0003,0.0003,0.1
,,,,,461074,733.03015,208,,,,,,,,
,,,,,461279,649.4101,205,,,,,,,,
,,,,,461464,594.0254,185,,,,,,,,
,,,,,461667,692.3907,203,,,,,,,,
,,,,,461932,925.63794,265,,,,,,,,
,,,,,462000,,,-282.3967590332031,-1.722129225730896,9.608880996704102,281.3974609375,281.02398681640625,0.0003,0.0003,0.1
,,,,,462138,709.0075,206,,,,,,,,
,,,,,462393,898.80853,255,,,,,,,,
,,,,,462592,643.16125,199,,,,,,,,
,,,,,462828,877.0311,236,,,,,,,,
,,,,,463000,,,-276.62481689453125,-2.3247878551483154,9.338464736938477,272.3359375,272.14471435546875,0.0003,0.0003,0.1
,,,,,463085,917.16223,257,,,,,,,,
,,,,,463319,771.2307,234,,,,,,,,
,,,,,463555,814.7969,236,,,,,,,,
,,,,,463686,339.01498,131,,,,,,,,
,,,,,463896,714.432,210,,,,,,,,
,,,,,464000,,,-284.4038391113281,-1.9428462982177734,9.468878746032715,282.76617431640625,282.21282958984375,0.0003,0.0003,0.1
,,,,,464106,714.86035,210,,,,,,,,
,,,,,464383,973.68964,277,,,,,,,,
,,,,,464572,585.7929,189,,,,,,,,
,,,,,464778,706.5937,206,,,,,,,,
837.98224,111.9727,1083.2927,601.63837,239.7,465000,,,-285.5718688964844,-2.09820556640625,16.6754207611084,283.53997802734375,283.13336181640625,0.0003,0.0003,0.1
,,,,,465049,1022.4374,271,,,,,,,,
,,,,,465290,838.8557,241,,,,,,,,
,,,,,465521,777.4846,231,,,,,,,,
,,,,,465765,896.5912,244,,,,,,,,
,,,,,465989,805.0279,224,,,,,,,,
,,,,,466000,,,-285.2290954589844,-2.319180965423584,11.953468322753906,283.93121337890625,284.3648681640625,0.0003,0.0003,0.1
,,,,,466253,979.24084,264,,,,,,,,
,,,,,466491,831.2178,238,,,,,,,,
,,,,,466713,760.7161,222,,,,,,,,
,,,,,466924,738.14935,211,,,,,,,,
,,,,,467000,,,-290.4545593261719,-2.37791109085083,11.496052742004395,289.0938720703125,289.33056640625,0.0003,0.0003,0.1
,,,,,467180,862.0987,256,,,,,,,,
,,,,,467439,890.3956,259,,,,,,,,
,,,,,467680,794.2758,241,,,,,,,,
,,,,,467971,1007.7283,291,,,,,,,,
,,,,,468000,,,-279.48773193359375,-2.0995006561279297,28.011079788208008,277.9911804199219,278.6948547363281,0.0003,0.0003,0.1
,,,,,468079,262.17456,108,,,,,,,,
,,,,,468307,815.6767,228,,,,,,,,
,,,,,468574,990.8494,267,,,,,,,,
,,,,,468839,929.40826,265,,,,,,,,
,,,,,469000,,,-296.2516174316406,-2.1374969482421875,14.979272842407227,295.3728332519531,294.2874450683594,0.0003,0.0003,0.1
,,,,,469087,853.57587,248,,,,,,,,
,,,,,469341,892.58435,254,,,,,,,,
,,,,,469556,710.12225,215,,,,,,,,
,,,,,469775,768.0551,219,,,,,,,,
832.3044,30.779005,880.94385,765.37665,237.0,470000,,,-291.8980407714844,-2.2655344009399414,16.394973754882812,289.9870910644531,290.4184875488281,0.0003,0.0003,0.1
,,,,,470026,860.6649,251,,,,,,,,
,,,,,470314,1051.8241,288,,,,,,,,
,,,,,470590,975.8308,276,,,,,,,,
,,,,,470838,911.4156,248,,,,,,,,
,,,,,471000,,,-287.6311950683594,-2.2353949546813965,12.85443115234375,286.14990234375,286.49468994140625,0.0003,0.0003,0.1
,,,,,471087,920.5174,249,,,,,,,,
,,,,,471312,818.64795,225,,,,,,,,
,,,,,471553,884.5642,241,,,,,,,,
,,,,,471795,867.32904,242,,,,,,,,
,,,,,472000,,,-277.18548583984375,-2.3094773292541504,6.317960262298584,275.92645263671875,275.79156494140625,0.0003,0.0003,0.1
,,,,,472016,787.0236,221,,,,,,,,
,,,,,472254,879.20776,238,,,,,,,,
,,,,,472489,785.33813,235,,,,,,,,
,,,,,472758,1009.9251,269,,,,,,,,
,,,,,472993,856.28107,235,,,,,,,,
,,,,,473000,,,-294.6422424316406,-1.9570759534835815,11.490776062011719,293.763427734375,293.343505859375,0.0003,0.0003,0.1
,,,,,473299,1138.5118,306,,,,,,,,
,,,,,473539,786.55,240,,,,,,,,
,,,,,473792,892.3174,253,,,,,,,,
,,,,,474000,,,-284.8245849609375,-2.38899564743042,35.382381439208984,283.41998291015625,283.58038330078125,0.0003,0.0003,0.1
,,,,,474001,719.92676,209,,,,,,,,
,,,,,474229,825.09235,228,,,,,,,,
,,,,,474383,388.11215,154,,,,,,,,
,,,,,474627,893.47516,244,,,,,,,,
,,,,,474900,906.5812,273,,,,,,,,
808.9605,67.34062,889.8301,702.61017,230.0,475000,,,-281.4222717285156,-2.3160085678100586,10.853164672851562,280.31353759765625,280.330322265625,0.0003,0.0003,0.1
,,,,,475099,701.46014,199,,,,,,,,
,,,,,475269,451.73584,170,,,,,,,,
,,,,,475521,900.9985,252,,,,,,,,
,,,,,475735,748.4511,214,,,,,,,,
,,,,,475973,852.861,238,,,,,,,,
,,,,,476000,,,-284.3619689941406,-2.1253952980041504,12.85208511352539,283.1143798828125,282.7820739746094,0.0003,0.0003,0.1
,,,,,476262,1042.4329,289,,,,,,,,
,,,,,476459,658.33685,197,,,,,,,,
,,,,,476681,781.1516,222,,,,,,,,
,,,,,476929,912.84784,248,,,,,,,,
,,,,,477000,,,-284.1041564941406,-2.0632662773132324,36.007423400878906,283.09722900390625,282.3741455078125,0.0003,0.0003,0.1
,,,,,477138,651.46124,209,,,,,,,,
,,,,,477379,853.58215,241,,,,,,,,
,,,,,477632,871.48267,253,,,,,,,,
,,,,,477889,898.44824,257,,,,,,,,
,,,,,478000,,,-288.8988342285156,-2.577195167541504,14.646156311035156,288.1533203125,289.5382080078125,0.0003,0.0003,0.1
,,,,,478130,856.2224,241,,,,,,,,
,,,,,478384,886.9229,254,,,,,,,,
,,,,,478631,909.9214,247,,,,,,,,
,,,,,478884,879.25446,253,,,,,,,,
,,,,,479000,,,-289.0529479980469,-2.382998466491699,6.593095779418945,287.8609619140625,287.9254455566406,0.0003,0.0003,0.1
,,,,,479126,819.3809,242,,,,,,,,
,,,,,479412,1048.7335,286,,,,,,,,
,,,,,479660,834.14746,248,,,,,,,,
,,,,,479882,773.2037,222,,,,,,,,
784.687,251.40613,1004.65393,99.11014,219.8,480000,,,-281.5973205566406,-2.260702610015869,13.062227249145508,278.3509521484375,279.15679931640625,0.0003,0.0003,0.1
,,,,,480212,1074.4343,330,,,,,,,,
,,,,,480426,745.63794,214,,,,,,,,
,,,,,480662,862.50476,236,,,,,,,,
,,,,,480953,1017.7986,291,,,,,,,,
,,,,,481000,,,-292.06158447265625,-1.8943876028060913,7.133283615112305,289.7596435546875,289.79644775390625,0.0003,0.0003,0.1
,,,,,481244,1068.8572,291,,,,,,,,
,,,,,481504,893.1561,260,,,,,,,,
,,,,,481702,696.7813,198,,,,,,,,
,,,,,482000,,,-295.0281677246094,-2.2603001594543457,30.678348541259766,293.56243896484375,293.28704833984375,0.0003,0.0003,0.1
,,,,,482065,1279.9001,363,,,,,,,,
,,,,,482337,934.42523,272,,,,,,,,
,,,,,482604,904.21466,267,,,,,,,,
,,,,,482839,745.2995,235,,,,,,,,
,,,,,483000,,,-283.4709167480469,-2.075408458709717,8.511848449707031,282.297119140625,282.63714599609375,0.0003,0.0003,0.1
,,,,,483039,680.0738,200,,,,,,,,
,,,,,483332,1027.994,293,,,,,,,,
,,,,,483546,658.7665,214,,,,,,,,
,,,,,483843,1057.3445,297,,,,,,,,
,,,,,484000,,,-282.1559143066406,-2.285496234893799,8.389676094055176,280.7208557128906,281.237548828125,0.0003,0.0003,0.1
,,,,,484092,908.9095,249,,,,,,,,
,,,,,484350,861.8694,258,,,,,,,,
,,,,,484588,845.9179,238,,,,,,,,
,,,,,484832,839.6911,244,,,,,,,,
984.98553,91.90981,1181.8546,877.15814,278.2,485000,,,-286.02056884765625,-1.8727532625198364,8.460744857788086,283.49859619140625,283.9751281738281,0.0003,0.0003,0.1
,,,,,485061,744.6661,229,,,,,,,,
,,,,,485230,492.06284,169,,,,,,,,
,,,,,485394,449.30447,164,,,,,,,,
,,,,,485670,1018.59125,276,,,,,,,,
,,,,,485904,878.5541,234,,,,,,,,
,,,,,486000,,,-286.3324279785156,-1.8611327409744263,7.7797346115112305,285.19732666015625,285.3321533203125,0.0003,0.0003,0.1
,,,,,486160,889.7412,256,,,,,,,,
,,,,,486388,767.3031,228,,,,,,,,
,,,,,486650,863.8042,262,,,,,,,,
,,,,,486888,840.2439,238,,,,,,,,
,,,,,487000,,,-292.0230712890625,-2.4986512660980225,14.369516372680664,290.7658996582031,290.96783447265625,0.0003,0.0003,0.1
,,,,,487137,896.3216,249,,,,,,,,
,,,,,487378,865.8189,241,,,,,,,,
,,,,,487620,854.03326,242,,,,,,,,
,,,,,487912,1052.2516,292,,,,,,,,
,,,,,488000,,,-289.6280212402344,-2.423496723175049,80.78865051269531,287.8744201660156,287.22747802734375,0.0003,0.0003,0.1
,,,,,488185,954.3463,273,,,,,,,,
,,,,,488490,1028.5725,305,,,,,,,,
,,,,,488686,593.2612,196,,,,,,,,
,,,,,488930,837.6058,244,,,,,,,,
,,,,,489000,,,-287.46051025390625,-2.2539656162261963,6.451377868652344,285.8742980957031,285.985107421875,0.0003,0.0003,0.1
,,,,,489181,869.21246,251,,,,,,,,
,,,,,489434,908.18976,253,,,,,,,,
,,,,,489673,785.7901,239,,,,,,,,
,,,,,489920,897.4476,247,,,,,,,,
655.4391,248.51723,981.2663,268.4922,199.5,490000,,,-287.85986328125,-1.9555487632751465,6.50717830657959,286.8795166015625,286.54058837890625,0.0003,0.0003,0.1
,,,,,490193,967.3663,273,,,,,,,,
,,,,,490460,906.4874,267,,,,,,,,
,,,,,490615,428.90207,155,,,,,,,,
,,,,,490802,559.3708,187,,,,,,,,
,,,,,490958,410.95654,156,,,,,,,,
,,,,,491000,,,-285.9505615234375,-2.2011868953704834,53.11027526855469,283.76971435546875,283.19793701171875,0.0003,0.0003,0.1
,,,,,491209,879.77576,251,,,,,,,,
,,,,,491428,721.03937,219,,,,,,,,
,,,,,491695,963.8374,267,,,,,,,,
,,,,,491935,873.55133,240,,,,,,,,
,,,,,492000,,,-302.42498779296875,-1.4397656917572021,8.268367767333984,301.13104248046875,301.24981689453125,0.0003,0.0003,0.1
,,,,,492180,887.2186,245,,,,,,,,
,,,,,492384,658.67096,204,,,,,,,,
,,,,,492641,892.9436,257,,,,,,,,
,,,,,492881,883.24854,240,,,,,,,,
,,,,,493000,,,-293.1600341796875,-2.1550450325012207,11.412225723266602,290.9501037597656,290.6060791015625,0.0003,0.0003,0.1
,,,,,493122,869.71606,241,,,,,,,,
,,,,,493359,824.9405,237,,,,,,,,
,,,,,493589,784.71356,230,,,,,,,,
,,,,,493839,913.90894,250,,,,,,,,
,,,,,494000,,,-296.6254577636719,-2.0445470809936523,7.375579357147217,295.843994140625,295.4535217285156,0.0003,0.0003,0.1
,,,,,494104,948.228,265,,,,,,,,
,,,,,494357,883.5078,253,,,,,,,,
,,,,,494631,968.7614,274,,,,,,,,
,,,,,494873,871.5898,242,,,,,,,,
765.9915,253.5332,1053.6953,63.604904,224.8,495000,,,-280.103759765625,-2.362776041030884,16.636674880981445,276.44464111328125,276.59521484375,0.0003,0.0003,0.1
,,,,,495110,856.2037,237,,,,,,,,
,,,,,495309,615.45966,199,,,,,,,,
,,,,,495564,857.81537,255,,,,,,,,
,,,,,495655,205.8067,91,,,,,,,,
,,,,,495904,893.4226,249,,,,,,,,
,,,,,496000,,,-288.6441650390625,-2.210484266281128,17.057275772094727,287.5865478515625,285.95721435546875,0.0003,0.0003,0.1
,,,,,496140,813.62085,236,,,,,,,,
,,,,,496386,844.90753,246,,,,,,,,
,,,,,496643,954.89166,257,,,,,,,,
,,,,,496923,986.1898,280,,,,,,,,
,,,,,497000,,,-297.2396240234375,-1.9126592874526978,23.033981323242188,295.8882751464844,295.88751220703125,0.0003,0.0003,0.1
,,,,,497156,845.25397,233,,,,,,,,
,,,,,497410,912.47217,254,,,,,,,,
,,,,,497454,78.280235,44,,,,,,,,
,,,,,497684,862.8901,230,,,,,,,,
,,,,,497919,876.1724,235,,,,,,,,
,,,,,498000,,,-278.7892761230469,-1.9070358276367188,81.80009460449219,278.21051025390625,278.62744140625,0.0003,0.0003,0.1
,,,,,498103,647.1527,184,,,,,,,,
,,,,,498294,665.7614,191,,,,,,,,
,,,,,498345,90.29183,51,,,,,,,,
,,,,,498582,790.3742,237,,,,,,,,
,,,,,498868,977.0891,286,,,,,,,,
,,,,,499000,,,-286.33453369140625,-2.222956657409668,10.71762466430664,283.86639404296875,283.8944091796875,0.0003,0.0003,0.1
,,,,,499166,1010.3772,298,,,,,,,,
,,,,,499213,82.572876,47,,,,,,,,
,,,,,499418,676.54877,205,,,,,,,,
,,,,,499660,846.1961,242,,,,,,,,
,,,,,499704,77.832405,44,,,,,,,,
,,,,,499948,864.0587,244,,,,,,,,
