Eval_AverageReturn,Eval_StdReturn,Eval_MaxReturn,Eval_MinReturn,Eval_AverageEpLen,step,Train_EpisodeReturn,Train_EpisodeLen,actor_loss,entropy,critic_loss,q_values,target_values,actor_lr,critic_lr,temperature
6.2,3.3406587,14.0,3.0,6.2,0,,,,,,,,,,
,,,,,12,13.0,13,,,,,,,,
,,,,,22,10.0,10,,,,,,,,
,,,,,25,3.0,3,,,,,,,,
,,,,,30,5.0,5,,,,,,,,
,,,,,34,4.0,4,,,,,,,,
,,,,,37,3.0,3,,,,,,,,
,,,,,46,9.0,9,,,,,,,,
,,,,,51,5.0,5,,,,,,,,
,,,,,54,3.0,3,,,,,,,,
,,,,,60,6.0,6,,,,,,,,
,,,,,63,3.0,3,,,,,,,,
,,,,,68,5.0,5,,,,,,,,
,,,,,75,7.0,7,,,,,,,,
,,,,,82,7.0,7,,,,,,,,
,,,,,89,7.0,7,,,,,,,,
,,,,,92,3.0,3,,,,,,,,
,,,,,96,4.0,4,,,,,,,,
,,,,,103,7.0,7,,,,,,,,
,,,,,118,15.0,15,,,,,,,,
,,,,,124,6.0,6,,,,,,,,
,,,,,129,5.0,5,,,,,,,,
,,,,,133,4.0,4,,,,,,,,
,,,,,141,8.0,8,,,,,,,,
,,,,,144,3.0,3,,,,,,,,
,,,,,151,7.0,7,,,,,,,,
,,,,,155,4.0,4,,,,,,,,
,,,,,160,5.0,5,,,,,,,,
,,,,,170,10.0,10,,,,,,,,
,,,,,174,4.0,4,,,,,,,,
,,,,,182,8.0,8,,,,,,,,
,,,,,189,7.0,7,,,,,,,,
,,,,,193,4.0,4,,,,,,,,
,,,,,201,8.0,8,,,,,,,,
,,,,,215,14.0,14,,,,,,,,
,,,,,221,6.0,6,,,,,,,,
,,,,,229,8.0,8,,,,,,,,
,,,,,235,6.0,6,,,,,,,,
,,,,,253,18.0,18,,,,,,,,
,,,,,261,8.0,8,,,,,,,,
,,,,,267,6.0,6,,,,,,,,
,,,,,274,7.0,7,,,,,,,,
,,,,,278,4.0,4,,,,,,,,
,,,,,282,4.0,4,,,,,,,,
,,,,,285,3.0,3,,,,,,,,
,,,,,289,4.0,4,,,,,,,,
,,,,,299,10.0,10,,,,,,,,
,,,,,306,7.0,7,,,,,,,,
,,,,,321,15.0,15,,,,,,,,
,,,,,325,4.0,4,,,,,,,,
,,,,,334,9.0,9,,,,,,,,
,,,,,338,4.0,4,,,,,,,,
,,,,,344,6.0,6,,,,,,,,
,,,,,361,17.0,17,,,,,,,,
,,,,,364,3.0,3,,,,,,,,
,,,,,369,5.0,5,,,,,,,,
,,,,,374,5.0,5,,,,,,,,
,,,,,379,5.0,5,,,,,,,,
,,,,,386,7.0,7,,,,,,,,
,,,,,391,5.0,5,,,,,,,,
,,,,,406,15.0,15,,,,,,,,
,,,,,414,8.0,8,,,,,,,,
,,,,,419,5.0,5,,,,,,,,
,,,,,422,3.0,3,,,,,,,,
,,,,,431,9.0,9,,,,,,,,
,,,,,436,5.0,5,,,,,,,,
,,,,,440,4.0,4,,,,,,,,
,,,,,443,3.0,3,,,,,,,,
,,,,,446,3.0,3,,,,,,,,
,,,,,450,4.0,4,,,,,,,,
,,,,,453,3.0,3,,,,,,,,
,,,,,464,11.0,11,,,,,,,,
,,,,,468,4.0,4,,,,,,,,
,,,,,472,4.0,4,,,,,,,,
,,,,,478,6.0,6,,,,,,,,
,,,,,484,6.0,6,,,,,,,,
,,,,,488,4.0,4,,,,,,,,
,,,,,493,5.0,5,,,,,,,,
,,,,,497,4.0,4,,,,,,,,
,,,,,501,4.0,4,,,,,,,,
,,,,,509,8.0,8,,,,,,,,
,,,,,515,6.0,6,,,,,,,,
,,,,,527,12.0,12,,,,,,,,
,,,,,533,6.0,6,,,,,,,,
,,,,,537,4.0,4,,,,,,,,
,,,,,541,4.0,4,,,,,,,,
,,,,,545,4.0,4,,,,,,,,
,,,,,552,7.0,7,,,,,,,,
,,,,,556,4.0,4,,,,,,,,
,,,,,560,4.0,4,,,,,,,,
,,,,,564,4.0,4,,,,,,,,
,,,,,569,5.0,5,,,,,,,,
,,,,,573,4.0,4,,,,,,,,
,,,,,582,9.0,9,,,,,,,,
,,,,,591,9.0,9,,,,,,,,
,,,,,596,5.0,5,,,,,,,,
,,,,,599,3.0,3,,,,,,,,
,,,,,605,6.0,6,,,,,,,,
,,,,,609,4.0,4,,,,,,,,
,,,,,630,21.0,21,,,,,,,,
,,,,,641,11.0,11,,,,,,,,
,,,,,645,4.0,4,,,,,,,,
,,,,,651,6.0,6,,,,,,,,
,,,,,654,3.0,3,,,,,,,,
,,,,,659,5.0,5,,,,,,,,
,,,,,663,4.0,4,,,,,,,,
,,,,,677,14.0,14,,,,,,,,
,,,,,683,6.0,6,,,,,,,,
,,,,,696,13.0,13,,,,,,,,
,,,,,705,9.0,9,,,,,,,,
,,,,,717,12.0,12,,,,,,,,
,,,,,725,8.0,8,,,,,,,,
,,,,,732,7.0,7,,,,,,,,
,,,,,737,5.0,5,,,,,,,,
,,,,,740,3.0,3,,,,,,,,
,,,,,743,3.0,3,,,,,,,,
,,,,,747,4.0,4,,,,,,,,
,,,,,750,3.0,3,,,,,,,,
,,,,,764,14.0,14,,,,,,,,
,,,,,769,5.0,5,,,,,,,,
,,,,,772,3.0,3,,,,,,,,
,,,,,782,10.0,10,,,,,,,,
,,,,,785,3.0,3,,,,,,,,
,,,,,788,3.0,3,,,,,,,,
,,,,,793,5.0,5,,,,,,,,
,,,,,799,6.0,6,,,,,,,,
,,,,,803,4.0,4,,,,,,,,
,,,,,806,3.0,3,,,,,,,,
,,,,,811,5.0,5,,,,,,,,
,,,,,815,4.0,4,,,,,,,,
,,,,,819,4.0,4,,,,,,,,
,,,,,822,3.0,3,,,,,,,,
,,,,,825,3.0,3,,,,,,,,
,,,,,838,13.0,13,,,,,,,,
,,,,,844,6.0,6,,,,,,,,
,,,,,851,7.0,7,,,,,,,,
,,,,,854,3.0,3,,,,,,,,
,,,,,862,8.0,8,,,,,,,,
,,,,,867,5.0,5,,,,,,,,
,,,,,873,6.0,6,,,,,,,,
,,,,,877,4.0,4,,,,,,,,
,,,,,887,10.0,10,,,,,,,,
,,,,,895,8.0,8,,,,,,,,
,,,,,898,3.0,3,,,,,,,,
,,,,,902,4.0,4,,,,,,,,
,,,,,906,4.0,4,,,,,,,,
,,,,,925,19.0,19,,,,,,,,
,,,,,929,4.0,4,,,,,,,,
,,,,,934,5.0,5,,,,,,,,
,,,,,939,5.0,5,,,,,,,,
,,,,,943,4.0,4,,,,,,,,
,,,,,946,3.0,3,,,,,,,,
,,,,,950,4.0,4,,,,,,,,
,,,,,961,11.0,11,,,,,,,,
,,,,,964,3.0,3,,,,,,,,
,,,,,968,4.0,4,,,,,,,,
,,,,,974,6.0,6,,,,,,,,
,,,,,978,4.0,4,,,,,,,,
,,,,,995,17.0,17,,,,,,,,
,,,,,1000,5.0,5,,,,,,,,
,,,,,1004,4.0,4,,,,,,,,
,,,,,1008,4.0,4,,,,,,,,
,,,,,1012,4.0,4,,,,,,,,
,,,,,1022,10.0,10,,,,,,,,
,,,,,1029,7.0,7,,,,,,,,
,,,,,1035,6.0,6,,,,,,,,
,,,,,1038,3.0,3,,,,,,,,
,,,,,1051,13.0,13,,,,,,,,
,,,,,1055,4.0,4,,,,,,,,
,,,,,1058,3.0,3,,,,,,,,
,,,,,1066,8.0,8,,,,,,,,
,,,,,1072,6.0,6,,,,,,,,
,,,,,1081,9.0,9,,,,,,,,
,,,,,1090,9.0,9,,,,,,,,
,,,,,1095,5.0,5,,,,,,,,
,,,,,1100,5.0,5,,,,,,,,
,,,,,1103,3.0,3,,,,,,,,
,,,,,1119,16.0,16,,,,,,,,
,,,,,1124,5.0,5,,,,,,,,
,,,,,1128,4.0,4,,,,,,,,
,,,,,1133,5.0,5,,,,,,,,
,,,,,1139,6.0,6,,,,,,,,
,,,,,1145,6.0,6,,,,,,,,
,,,,,1155,10.0,10,,,,,,,,
,,,,,1163,8.0,8,,,,,,,,
,,,,,1173,10.0,10,,,,,,,,
,,,,,1179,6.0,6,,,,,,,,
,,,,,1196,17.0,17,,,,,,,,
,,,,,1200,4.0,4,,,,,,,,
,,,,,1212,12.0,12,,,,,,,,
,,,,,1215,3.0,3,,,,,,,,
,,,,,1220,5.0,5,,,,,,,,
,,,,,1224,4.0,4,,,,,,,,
,,,,,1229,5.0,5,,,,,,,,
,,,,,1237,8.0,8,,,,,,,,
,,,,,1240,3.0,3,,,,,,,,
,,,,,1243,3.0,3,,,,,,,,
,,,,,1255,12.0,12,,,,,,,,
,,,,,1260,5.0,5,,,,,,,,
,,,,,1264,4.0,4,,,,,,,,
,,,,,1269,5.0,5,,,,,,,,
,,,,,1279,10.0,10,,,,,,,,
,,,,,1282,3.0,3,,,,,,,,
,,,,,1288,6.0,6,,,,,,,,
,,,,,1292,4.0,4,,,,,,,,
,,,,,1297,5.0,5,,,,,,,,
,,,,,1314,17.0,17,,,,,,,,
,,,,,1329,15.0,15,,,,,,,,
,,,,,1332,3.0,3,,,,,,,,
,,,,,1335,3.0,3,,,,,,,,
,,,,,1341,6.0,6,,,,,,,,
,,,,,1350,9.0,9,,,,,,,,
,,,,,1359,9.0,9,,,,,,,,
,,,,,1370,11.0,11,,,,,,,,
,,,,,1373,3.0,3,,,,,,,,
,,,,,1378,5.0,5,,,,,,,,
,,,,,1385,7.0,7,,,,,,,,
,,,,,1389,4.0,4,,,,,,,,
,,,,,1395,6.0,6,,,,,,,,
,,,,,1407,12.0,12,,,,,,,,
,,,,,1411,4.0,4,,,,,,,,
,,,,,1414,3.0,3,,,,,,,,
,,,,,1418,4.0,4,,,,,,,,
,,,,,1423,5.0,5,,,,,,,,
,,,,,1431,8.0,8,,,,,,,,
,,,,,1439,8.0,8,,,,,,,,
,,,,,1444,5.0,5,,,,,,,,
,,,,,1452,8.0,8,,,,,,,,
,,,,,1465,13.0,13,,,,,,,,
,,,,,1470,5.0,5,,,,,,,,
,,,,,1479,9.0,9,,,,,,,,
,,,,,1484,5.0,5,,,,,,,,
,,,,,1492,8.0,8,,,,,,,,
,,,,,1504,12.0,12,,,,,,,,
,,,,,1511,7.0,7,,,,,,,,
,,,,,1532,21.0,21,,,,,,,,
,,,,,1536,4.0,4,,,,,,,,
,,,,,1539,3.0,3,,,,,,,,
,,,,,1543,4.0,4,,,,,,,,
,,,,,1547,4.0,4,,,,,,,,
,,,,,1553,6.0,6,,,,,,,,
,,,,,1556,3.0,3,,,,,,,,
,,,,,1561,5.0,5,,,,,,,,
,,,,,1567,6.0,6,,,,,,,,
,,,,,1595,28.0,28,,,,,,,,
,,,,,1607,12.0,12,,,,,,,,
,,,,,1613,6.0,6,,,,,,,,
,,,,,1625,12.0,12,,,,,,,,
,,,,,1628,3.0,3,,,,,,,,
,,,,,1635,7.0,7,,,,,,,,
,,,,,1639,4.0,4,,,,,,,,
,,,,,1647,8.0,8,,,,,,,,
,,,,,1657,10.0,10,,,,,,,,
,,,,,1662,5.0,5,,,,,,,,
,,,,,1666,4.0,4,,,,,,,,
,,,,,1673,7.0,7,,,,,,,,
,,,,,1683,10.0,10,,,,,,,,
,,,,,1687,4.0,4,,,,,,,,
,,,,,1691,4.0,4,,,,,,,,
,,,,,1695,4.0,4,,,,,,,,
,,,,,1711,16.0,16,,,,,,,,
,,,,,1717,6.0,6,,,,,,,,
,,,,,1722,5.0,5,,,,,,,,
,,,,,1725,3.0,3,,,,,,,,
,,,,,1740,15.0,15,,,,,,,,
,,,,,1746,6.0,6,,,,,,,,
,,,,,1765,19.0,19,,,,,,,,
,,,,,1771,6.0,6,,,,,,,,
,,,,,1785,14.0,14,,,,,,,,
,,,,,1794,9.0,9,,,,,,,,
,,,,,1797,3.0,3,,,,,,,,
,,,,,1800,3.0,3,,,,,,,,
,,,,,1810,10.0,10,,,,,,,,
,,,,,1816,6.0,6,,,,,,,,
,,,,,1823,7.0,7,,,,,,,,
,,,,,1827,4.0,4,,,,,,,,
,,,,,1830,3.0,3,,,,,,,,
,,,,,1840,10.0,10,,,,,,,,
,,,,,1847,7.0,7,,,,,,,,
,,,,,1854,7.0,7,,,,,,,,
,,,,,1859,5.0,5,,,,,,,,
,,,,,1864,5.0,5,,,,,,,,
,,,,,1873,9.0,9,,,,,,,,
,,,,,1878,5.0,5,,,,,,,,
,,,,,1904,26.0,26,,,,,,,,
,,,,,1911,7.0,7,,,,,,,,
,,,,,1919,8.0,8,,,,,,,,
,,,,,1923,4.0,4,,,,,,,,
,,,,,1934,11.0,11,,,,,,,,
,,,,,1954,20.0,20,,,,,,,,
,,,,,1969,15.0,15,,,,,,,,
,,,,,1981,12.0,12,,,,,,,,
,,,,,1986,5.0,5,,,,,,,,
,,,,,2010,24.0,24,,,,,,,,
,,,,,2014,4.0,4,,,,,,,,
,,,,,2017,3.0,3,,,,,,,,
,,,,,2021,4.0,4,,,,,,,,
,,,,,2026,5.0,5,,,,,,,,
,,,,,2037,11.0,11,,,,,,,,
,,,,,2042,5.0,5,,,,,,,,
,,,,,2049,7.0,7,,,,,,,,
,,,,,2052,3.0,3,,,,,,,,
,,,,,2058,6.0,6,,,,,,,,
,,,,,2061,3.0,3,,,,,,,,
,,,,,2067,6.0,6,,,,,,,,
,,,,,2071,4.0,4,,,,,,,,
,,,,,2075,4.0,4,,,,,,,,
,,,,,2079,4.0,4,,,,,,,,
,,,,,2087,8.0,8,,,,,,,,
,,,,,2094,7.0,7,,,,,,,,
,,,,,2099,5.0,5,,,,,,,,
,,,,,2106,7.0,7,,,,,,,,
,,,,,2112,6.0,6,,,,,,,,
,,,,,2119,7.0,7,,,,,,,,
,,,,,2124,5.0,5,,,,,,,,
,,,,,2133,9.0,9,,,,,,,,
,,,,,2136,3.0,3,,,,,,,,
,,,,,2139,3.0,3,,,,,,,,
,,,,,2148,9.0,9,,,,,,,,
,,,,,2154,6.0,6,,,,,,,,
,,,,,2161,7.0,7,,,,,,,,
,,,,,2166,5.0,5,,,,,,,,
,,,,,2172,6.0,6,,,,,,,,
,,,,,2176,4.0,4,,,,,,,,
,,,,,2184,8.0,8,,,,,,,,
,,,,,2194,10.0,10,,,,,,,,
,,,,,2197,3.0,3,,,,,,,,
,,,,,2201,4.0,4,,,,,,,,
,,,,,2209,8.0,8,,,,,,,,
,,,,,2216,7.0,7,,,,,,,,
,,,,,2223,7.0,7,,,,,,,,
,,,,,2229,6.0,6,,,,,,,,
,,,,,2233,4.0,4,,,,,,,,
,,,,,2238,5.0,5,,,,,,,,
,,,,,2243,5.0,5,,,,,,,,
,,,,,2254,11.0,11,,,,,,,,
,,,,,2260,6.0,6,,,,,,,,
,,,,,2264,4.0,4,,,,,,,,
,,,,,2268,4.0,4,,,,,,,,
,,,,,2271,3.0,3,,,,,,,,
,,,,,2276,5.0,5,,,,,,,,
,,,,,2282,6.0,6,,,,,,,,
,,,,,2286,4.0,4,,,,,,,,
,,,,,2292,6.0,6,,,,,,,,
,,,,,2300,8.0,8,,,,,,,,
,,,,,2312,12.0,12,,,,,,,,
,,,,,2316,4.0,4,,,,,,,,
,,,,,2329,13.0,13,,,,,,,,
,,,,,2332,3.0,3,,,,,,,,
,,,,,2335,3.0,3,,,,,,,,
,,,,,2338,3.0,3,,,,,,,,
,,,,,2341,3.0,3,,,,,,,,
,,,,,2346,5.0,5,,,,,,,,
,,,,,2349,3.0,3,,,,,,,,
,,,,,2358,9.0,9,,,,,,,,
,,,,,2361,3.0,3,,,,,,,,
,,,,,2374,13.0,13,,,,,,,,
,,,,,2378,4.0,4,,,,,,,,
,,,,,2382,4.0,4,,,,,,,,
,,,,,2385,3.0,3,,,,,,,,
,,,,,2394,9.0,9,,,,,,,,
,,,,,2398,4.0,4,,,,,,,,
,,,,,2405,7.0,7,,,,,,,,
,,,,,2408,3.0,3,,,,,,,,
,,,,,2416,8.0,8,,,,,,,,
,,,,,2422,6.0,6,,,,,,,,
,,,,,2427,5.0,5,,,,,,,,
,,,,,2434,7.0,7,,,,,,,,
,,,,,2438,4.0,4,,,,,,,,
,,,,,2445,7.0,7,,,,,,,,
,,,,,2458,13.0,13,,,,,,,,
,,,,,2465,7.0,7,,,,,,,,
,,,,,2485,20.0,20,,,,,,,,
,,,,,2491,6.0,6,,,,,,,,
,,,,,2497,6.0,6,,,,,,,,
,,,,,2502,5.0,5,,,,,,,,
,,,,,2506,4.0,4,,,,,,,,
,,,,,2511,5.0,5,,,,,,,,
,,,,,2515,4.0,4,,,,,,,,
,,,,,2524,9.0,9,,,,,,,,
,,,,,2528,4.0,4,,,,,,,,
,,,,,2532,4.0,4,,,,,,,,
,,,,,2544,12.0,12,,,,,,,,
,,,,,2547,3.0,3,,,,,,,,
,,,,,2569,22.0,22,,,,,,,,
,,,,,2574,5.0,5,,,,,,,,
,,,,,2577,3.0,3,,,,,,,,
,,,,,2583,6.0,6,,,,,,,,
,,,,,2587,4.0,4,,,,,,,,
,,,,,2599,12.0,12,,,,,,,,
,,,,,2611,12.0,12,,,,,,,,
,,,,,2615,4.0,4,,,,,,,,
,,,,,2618,3.0,3,,,,,,,,
,,,,,2621,3.0,3,,,,,,,,
,,,,,2624,3.0,3,,,,,,,,
,,,,,2628,4.0,4,,,,,,,,
,,,,,2639,11.0,11,,,,,,,,
,,,,,2642,3.0,3,,,,,,,,
,,,,,2645,3.0,3,,,,,,,,
,,,,,2655,10.0,10,,,,,,,,
,,,,,2659,4.0,4,,,,,,,,
,,,,,2662,3.0,3,,,,,,,,
,,,,,2666,4.0,4,,,,,,,,
,,,,,2684,18.0,18,,,,,,,,
,,,,,2688,4.0,4,,,,,,,,
,,,,,2692,4.0,4,,,,,,,,
,,,,,2695,3.0,3,,,,,,,,
,,,,,2706,11.0,11,,,,,,,,
,,,,,2710,4.0,4,,,,,,,,
,,,,,2717,7.0,7,,,,,,,,
,,,,,2724,7.0,7,,,,,,,,
,,,,,2730,6.0,6,,,,,,,,
,,,,,2733,3.0,3,,,,,,,,
,,,,,2739,6.0,6,,,,,,,,
,,,,,2745,6.0,6,,,,,,,,
,,,,,2751,6.0,6,,,,,,,,
,,,,,2761,10.0,10,,,,,,,,
,,,,,2771,10.0,10,,,,,,,,
,,,,,2783,12.0,12,,,,,,,,
,,,,,2791,8.0,8,,,,,,,,
,,,,,2797,6.0,6,,,,,,,,
,,,,,2809,12.0,12,,,,,,,,
,,,,,2815,6.0,6,,,,,,,,
,,,,,2827,12.0,12,,,,,,,,
,,,,,2830,3.0,3,,,,,,,,
,,,,,2835,5.0,5,,,,,,,,
,,,,,2842,7.0,7,,,,,,,,
,,,,,2848,6.0,6,,,,,,,,
,,,,,2854,6.0,6,,,,,,,,
,,,,,2859,5.0,5,,,,,,,,
,,,,,2862,3.0,3,,,,,,,,
,,,,,2867,5.0,5,,,,,,,,
,,,,,2873,6.0,6,,,,,,,,
,,,,,2887,14.0,14,,,,,,,,
,,,,,2891,4.0,4,,,,,,,,
,,,,,2898,7.0,7,,,,,,,,
,,,,,2902,4.0,4,,,,,,,,
,,,,,2907,5.0,5,,,,,,,,
,,,,,2912,5.0,5,,,,,,,,
,,,,,2916,4.0,4,,,,,,,,
,,,,,2922,6.0,6,,,,,,,,
,,,,,2927,5.0,5,,,,,,,,
,,,,,2930,3.0,3,,,,,,,,
,,,,,2935,5.0,5,,,,,,,,
,,,,,2941,6.0,6,,,,,,,,
,,,,,2952,11.0,11,,,,,,,,
,,,,,2964,12.0,12,,,,,,,,
,,,,,2971,7.0,7,,,,,,,,
,,,,,2974,3.0,3,,,,,,,,
,,,,,2979,5.0,5,,,,,,,,
,,,,,2988,9.0,9,,,,,,,,
,,,,,2994,6.0,6,,,,,,,,
,,,,,2999,5.0,5,,,,,,,,
,,,,,3002,3.0,3,,,,,,,,
,,,,,3006,4.0,4,,,,,,,,
,,,,,3015,9.0,9,,,,,,,,
,,,,,3018,3.0,3,,,,,,,,
,,,,,3030,12.0,12,,,,,,,,
,,,,,3036,6.0,6,,,,,,,,
,,,,,3039,3.0,3,,,,,,,,
,,,,,3046,7.0,7,,,,,,,,
,,,,,3052,6.0,6,,,,,,,,
,,,,,3057,5.0,5,,,,,,,,
,,,,,3065,8.0,8,,,,,,,,
,,,,,3078,13.0,13,,,,,,,,
,,,,,3087,9.0,9,,,,,,,,
,,,,,3108,21.0,21,,,,,,,,
,,,,,3120,12.0,12,,,,,,,,
,,,,,3124,4.0,4,,,,,,,,
,,,,,3127,3.0,3,,,,,,,,
,,,,,3130,3.0,3,,,,,,,,
,,,,,3137,7.0,7,,,,,,,,
,,,,,3141,4.0,4,,,,,,,,
,,,,,3148,7.0,7,,,,,,,,
,,,,,3153,5.0,5,,,,,,,,
,,,,,3158,5.0,5,,,,,,,,
,,,,,3167,9.0,9,,,,,,,,
,,,,,3171,4.0,4,,,,,,,,
,,,,,3176,5.0,5,,,,,,,,
,,,,,3179,3.0,3,,,,,,,,
,,,,,3186,7.0,7,,,,,,,,
,,,,,3195,9.0,9,,,,,,,,
,,,,,3205,10.0,10,,,,,,,,
,,,,,3227,22.0,22,,,,,,,,
,,,,,3235,8.0,8,,,,,,,,
,,,,,3238,3.0,3,,,,,,,,
,,,,,3245,7.0,7,,,,,,,,
,,,,,3250,5.0,5,,,,,,,,
,,,,,3254,4.0,4,,,,,,,,
,,,,,3258,4.0,4,,,,,,,,
,,,,,3262,4.0,4,,,,,,,,
,,,,,3268,6.0,6,,,,,,,,
,,,,,3283,15.0,15,,,,,,,,
,,,,,3288,5.0,5,,,,,,,,
,,,,,3297,9.0,9,,,,,,,,
,,,,,3306,9.0,9,,,,,,,,
,,,,,3316,10.0,10,,,,,,,,
,,,,,3320,4.0,4,,,,,,,,
,,,,,3331,11.0,11,,,,,,,,
,,,,,3335,4.0,4,,,,,,,,
,,,,,3344,9.0,9,,,,,,,,
,,,,,3350,6.0,6,,,,,,,,
,,,,,3353,3.0,3,,,,,,,,
,,,,,3360,7.0,7,,,,,,,,
,,,,,3364,4.0,4,,,,,,,,
,,,,,3368,4.0,4,,,,,,,,
,,,,,3373,5.0,5,,,,,,,,
,,,,,3376,3.0,3,,,,,,,,
,,,,,3396,20.0,20,,,,,,,,
,,,,,3402,6.0,6,,,,,,,,
,,,,,3407,5.0,5,,,,,,,,
,,,,,3411,4.0,4,,,,,,,,
,,,,,3418,7.0,7,,,,,,,,
,,,,,3423,5.0,5,,,,,,,,
,,,,,3445,22.0,22,,,,,,,,
,,,,,3458,13.0,13,,,,,,,,
,,,,,3468,10.0,10,,,,,,,,
,,,,,3472,4.0,4,,,,,,,,
,,,,,3481,9.0,9,,,,,,,,
,,,,,3485,4.0,4,,,,,,,,
,,,,,3488,3.0,3,,,,,,,,
,,,,,3503,15.0,15,,,,,,,,
,,,,,3507,4.0,4,,,,,,,,
,,,,,3510,3.0,3,,,,,,,,
,,,,,3513,3.0,3,,,,,,,,
,,,,,3518,5.0,5,,,,,,,,
,,,,,3526,8.0,8,,,,,,,,
,,,,,3529,3.0,3,,,,,,,,
,,,,,3534,5.0,5,,,,,,,,
,,,,,3537,3.0,3,,,,,,,,
,,,,,3542,5.0,5,,,,,,,,
,,,,,3554,12.0,12,,,,,,,,
,,,,,3560,6.0,6,,,,,,,,
,,,,,3564,4.0,4,,,,,,,,
,,,,,3573,9.0,9,,,,,,,,
,,,,,3596,23.0,23,,,,,,,,
,,,,,3601,5.0,5,,,,,,,,
,,,,,3604,3.0,3,,,,,,,,
,,,,,3618,14.0,14,,,,,,,,
,,,,,3630,12.0,12,,,,,,,,
,,,,,3640,10.0,10,,,,,,,,
,,,,,3645,5.0,5,,,,,,,,
,,,,,3650,5.0,5,,,,,,,,
,,,,,3653,3.0,3,,,,,,,,
,,,,,3660,7.0,7,,,,,,,,
,,,,,3667,7.0,7,,,,,,,,
,,,,,3676,9.0,9,,,,,,,,
,,,,,3682,6.0,6,,,,,,,,
,,,,,3686,4.0,4,,,,,,,,
,,,,,3690,4.0,4,,,,,,,,
,,,,,3696,6.0,6,,,,,,,,
,,,,,3701,5.0,5,,,,,,,,
,,,,,3707,6.0,6,,,,,,,,
,,,,,3711,4.0,4,,,,,,,,
,,,,,3715,4.0,4,,,,,,,,
,,,,,3721,6.0,6,,,,,,,,
,,,,,3724,3.0,3,,,,,,,,
,,,,,3727,3.0,3,,,,,,,,
,,,,,3741,14.0,14,,,,,,,,
,,,,,3746,5.0,5,,,,,,,,
,,,,,3753,7.0,7,,,,,,,,
,,,,,3764,11.0,11,,,,,,,,
,,,,,3767,3.0,3,,,,,,,,
,,,,,3770,3.0,3,,,,,,,,
,,,,,3774,4.0,4,,,,,,,,
,,,,,3782,8.0,8,,,,,,,,
,,,,,3785,3.0,3,,,,,,,,
,,,,,3798,13.0,13,,,,,,,,
,,,,,3802,4.0,4,,,,,,,,
,,,,,3816,14.0,14,,,,,,,,
,,,,,3822,6.0,6,,,,,,,,
,,,,,3832,10.0,10,,,,,,,,
,,,,,3837,5.0,5,,,,,,,,
,,,,,3864,27.0,27,,,,,,,,
,,,,,3875,11.0,11,,,,,,,,
,,,,,3890,15.0,15,,,,,,,,
,,,,,3897,7.0,7,,,,,,,,
,,,,,3900,3.0,3,,,,,,,,
,,,,,3903,3.0,3,,,,,,,,
,,,,,3909,6.0,6,,,,,,,,
,,,,,3920,11.0,11,,,,,,,,
,,,,,3923,3.0,3,,,,,,,,
,,,,,3928,5.0,5,,,,,,,,
,,,,,3936,8.0,8,,,,,,,,
,,,,,3941,5.0,5,,,,,,,,
,,,,,3952,11.0,11,,,,,,,,
,,,,,3957,5.0,5,,,,,,,,
,,,,,3961,4.0,4,,,,,,,,
,,,,,3975,14.0,14,,,,,,,,
,,,,,3979,4.0,4,,,,,,,,
,,,,,3983,4.0,4,,,,,,,,
,,,,,3992,9.0,9,,,,,,,,
,,,,,4000,8.0,8,,,,,,,,
,,,,,4004,4.0,4,,,,,,,,
,,,,,4007,3.0,3,,,,,,,,
,,,,,4015,8.0,8,,,,,,,,
,,,,,4021,6.0,6,,,,,,,,
,,,,,4032,11.0,11,,,,,,,,
,,,,,4036,4.0,4,,,,,,,,
,,,,,4046,10.0,10,,,,,,,,
,,,,,4055,9.0,9,,,,,,,,
,,,,,4061,6.0,6,,,,,,,,
,,,,,4073,12.0,12,,,,,,,,
,,,,,4079,6.0,6,,,,,,,,
,,,,,4086,7.0,7,,,,,,,,
,,,,,4090,4.0,4,,,,,,,,
,,,,,4096,6.0,6,,,,,,,,
,,,,,4100,4.0,4,,,,,,,,
,,,,,4103,3.0,3,,,,,,,,
,,,,,4110,7.0,7,,,,,,,,
,,,,,4116,6.0,6,,,,,,,,
,,,,,4123,7.0,7,,,,,,,,
,,,,,4130,7.0,7,,,,,,,,
,,,,,4134,4.0,4,,,,,,,,
,,,,,4138,4.0,4,,,,,,,,
,,,,,4141,3.0,3,,,,,,,,
,,,,,4145,4.0,4,,,,,,,,
,,,,,4149,4.0,4,,,,,,,,
,,,,,4165,16.0,16,,,,,,,,
,,,,,4168,3.0,3,,,,,,,,
,,,,,4172,4.0,4,,,,,,,,
,,,,,4176,4.0,4,,,,,,,,
,,,,,4187,11.0,11,,,,,,,,
,,,,,4193,6.0,6,,,,,,,,
,,,,,4203,10.0,10,,,,,,,,
,,,,,4218,15.0,15,,,,,,,,
,,,,,4221,3.0,3,,,,,,,,
,,,,,4232,11.0,11,,,,,,,,
,,,,,4240,8.0,8,,,,,,,,
,,,,,4243,3.0,3,,,,,,,,
,,,,,4252,9.0,9,,,,,,,,
,,,,,4257,5.0,5,,,,,,,,
,,,,,4261,4.0,4,,,,,,,,
,,,,,4265,4.0,4,,,,,,,,
,,,,,4269,4.0,4,,,,,,,,
,,,,,4274,5.0,5,,,,,,,,
,,,,,4279,5.0,5,,,,,,,,
,,,,,4289,10.0,10,,,,,,,,
,,,,,4294,5.0,5,,,,,,,,
,,,,,4297,3.0,3,,,,,,,,
,,,,,4301,4.0,4,,,,,,,,
,,,,,4305,4.0,4,,,,,,,,
,,,,,4309,4.0,4,,,,,,,,
,,,,,4335,26.0,26,,,,,,,,
,,,,,4340,5.0,5,,,,,,,,
,,,,,4348,8.0,8,,,,,,,,
,,,,,4353,5.0,5,,,,,,,,
,,,,,4361,8.0,8,,,,,,,,
,,,,,4370,9.0,9,,,,,,,,
,,,,,4378,8.0,8,,,,,,,,
,,,,,4401,23.0,23,,,,,,,,
,,,,,4405,4.0,4,,,,,,,,
,,,,,4410,5.0,5,,,,,,,,
,,,,,4415,5.0,5,,,,,,,,
,,,,,4418,3.0,3,,,,,,,,
,,,,,4424,6.0,6,,,,,,,,
,,,,,4433,9.0,9,,,,,,,,
,,,,,4440,7.0,7,,,,,,,,
,,,,,4446,6.0,6,,,,,,,,
,,,,,4456,10.0,10,,,,,,,,
,,,,,4463,7.0,7,,,,,,,,
,,,,,4474,11.0,11,,,,,,,,
,,,,,4478,4.0,4,,,,,,,,
,,,,,4493,15.0,15,,,,,,,,
,,,,,4498,5.0,5,,,,,,,,
,,,,,4505,7.0,7,,,,,,,,
,,,,,4510,5.0,5,,,,,,,,
,,,,,4514,4.0,4,,,,,,,,
,,,,,4524,10.0,10,,,,,,,,
,,,,,4528,4.0,4,,,,,,,,
,,,,,4537,9.0,9,,,,,,,,
,,,,,4540,3.0,3,,,,,,,,
,,,,,4545,5.0,5,,,,,,,,
,,,,,4550,5.0,5,,,,,,,,
,,,,,4554,4.0,4,,,,,,,,
,,,,,4558,4.0,4,,,,,,,,
,,,,,4563,5.0,5,,,,,,,,
,,,,,4568,5.0,5,,,,,,,,
,,,,,4585,17.0,17,,,,,,,,
,,,,,4591,6.0,6,,,,,,,,
,,,,,4597,6.0,6,,,,,,,,
,,,,,4613,16.0,16,,,,,,,,
,,,,,4622,9.0,9,,,,,,,,
,,,,,4626,4.0,4,,,,,,,,
,,,,,4630,4.0,4,,,,,,,,
,,,,,4633,3.0,3,,,,,,,,
,,,,,4636,3.0,3,,,,,,,,
,,,,,4641,5.0,5,,,,,,,,
,,,,,4651,10.0,10,,,,,,,,
,,,,,4657,6.0,6,,,,,,,,
,,,,,4662,5.0,5,,,,,,,,
,,,,,4666,4.0,4,,,,,,,,
,,,,,4670,4.0,4,,,,,,,,
,,,,,4674,4.0,4,,,,,,,,
,,,,,4697,23.0,23,,,,,,,,
,,,,,4704,7.0,7,,,,,,,,
,,,,,4719,15.0,15,,,,,,,,
,,,,,4730,11.0,11,,,,,,,,
,,,,,4733,3.0,3,,,,,,,,
,,,,,4737,4.0,4,,,,,,,,
,,,,,4748,11.0,11,,,,,,,,
,,,,,4751,3.0,3,,,,,,,,
,,,,,4754,3.0,3,,,,,,,,
,,,,,4760,6.0,6,,,,,,,,
,,,,,4764,4.0,4,,,,,,,,
,,,,,4768,4.0,4,,,,,,,,
,,,,,4780,12.0,12,,,,,,,,
,,,,,4783,3.0,3,,,,,,,,
,,,,,4789,6.0,6,,,,,,,,
,,,,,4806,17.0,17,,,,,,,,
,,,,,4819,13.0,13,,,,,,,,
,,,,,4823,4.0,4,,,,,,,,
,,,,,4828,5.0,5,,,,,,,,
,,,,,4832,4.0,4,,,,,,,,
,,,,,4839,7.0,7,,,,,,,,
,,,,,4844,5.0,5,,,,,,,,
,,,,,4847,3.0,3,,,,,,,,
,,,,,4850,3.0,3,,,,,,,,
,,,,,4862,12.0,12,,,,,,,,
,,,,,4869,7.0,7,,,,,,,,
,,,,,4872,3.0,3,,,,,,,,
,,,,,4879,7.0,7,,,,,,,,
,,,,,4883,4.0,4,,,,,,,,
,,,,,4886,3.0,3,,,,,,,,
,,,,,4889,3.0,3,,,,,,,,
,,,,,4894,5.0,5,,,,,,,,
,,,,,4900,6.0,6,,,,,,,,
,,,,,4910,10.0,10,,,,,,,,
,,,,,4929,19.0,19,,,,,,,,
,,,,,4947,18.0,18,,,,,,,,
,,,,,4950,3.0,3,,,,,,,,
,,,,,4958,8.0,8,,,,,,,,
,,,,,4963,5.0,5,,,,,,,,
,,,,,4967,4.0,4,,,,,,,,
,,,,,4973,6.0,6,,,,,,,,
,,,,,4982,9.0,9,,,,,,,,
,,,,,4985,3.0,3,,,,,,,,
,,,,,4989,4.0,4,,,,,,,,
,,,,,4995,6.0,6,,,,,,,,
,,,,,4999,4.0,4,,,,,,,,
8.9,8.44334,33.0,3.0,8.9,5000,,,-0.06329188495874405,0.6329188346862793,1.0949318408966064,0.05675121396780014,1.1017487049102783,0.0003,0.0003,0.1
,,,,,5002,3.0,3,,,,,,,,
,,,,,5007,5.0,5,,,,,,,,
,,,,,5011,4.0,4,,,,,,,,
,,,,,5015,4.0,4,,,,,,,,
,,,,,5019,4.0,4,,,,,,,,
,,,,,5026,7.0,7,,,,,,,,
,,,,,5030,4.0,4,,,,,,,,
,,,,,5038,8.0,8,,,,,,,,
,,,,,5047,9.0,9,,,,,,,,
,,,,,5051,4.0,4,,,,,,,,
,,,,,5056,5.0,5,,,,,,,,
,,,,,5060,4.0,4,,,,,,,,
,,,,,5064,4.0,4,,,,,,,,
,,,,,5073,9.0,9,,,,,,,,
,,,,,5077,4.0,4,,,,,,,,
,,,,,5087,10.0,10,,,,,,,,
,,,,,5090,3.0,3,,,,,,,,
,,,,,5094,4.0,4,,,,,,,,
,,,,,5098,4.0,4,,,,,,,,
,,,,,5107,9.0,9,,,,,,,,
,,,,,5113,6.0,6,,,,,,,,
,,,,,5123,10.0,10,,,,,,,,
,,,,,5134,11.0,11,,,,,,,,
,,,,,5137,3.0,3,,,,,,,,
,,,,,5145,8.0,8,,,,,,,,
,,,,,5154,9.0,9,,,,,,,,
,,,,,5159,5.0,5,,,,,,,,
,,,,,5170,11.0,11,,,,,,,,
,,,,,5175,5.0,5,,,,,,,,
,,,,,5178,3.0,3,,,,,,,,
,,,,,5182,4.0,4,,,,,,,,
,,,,,5187,5.0,5,,,,,,,,
,,,,,5190,3.0,3,,,,,,,,
,,,,,5196,6.0,6,,,,,,,,
,,,,,5201,5.0,5,,,,,,,,
,,,,,5208,7.0,7,,,,,,,,
,,,,,5212,4.0,4,,,,,,,,
,,,,,5218,6.0,6,,,,,,,,
,,,,,5225,7.0,7,,,,,,,,
,,,,,5230,5.0,5,,,,,,,,
,,,,,5238,8.0,8,,,,,,,,
,,,,,5243,5.0,5,,,,,,,,
,,,,,5249,6.0,6,,,,,,,,
,,,,,5257,8.0,8,,,,,,,,
,,,,,5260,3.0,3,,,,,,,,
,,,,,5264,4.0,4,,,,,,,,
,,,,,5270,6.0,6,,,,,,,,
,,,,,5274,4.0,4,,,,,,,,
,,,,,5277,3.0,3,,,,,,,,
,,,,,5281,4.0,4,,,,,,,,
,,,,,5286,5.0,5,,,,,,,,
,,,,,5291,5.0,5,,,,,,,,
,,,,,5299,8.0,8,,,,,,,,
,,,,,5305,6.0,6,,,,,,,,
,,,,,5308,3.0,3,,,,,,,,
,,,,,5313,5.0,5,,,,,,,,
,,,,,5316,3.0,3,,,,,,,,
,,,,,5322,6.0,6,,,,,,,,
,,,,,5327,5.0,5,,,,,,,,
,,,,,5337,10.0,10,,,,,,,,
,,,,,5341,4.0,4,,,,,,,,
,,,,,5345,4.0,4,,,,,,,,
,,,,,5351,6.0,6,,,,,,,,
,,,,,5354,3.0,3,,,,,,,,
,,,,,5359,5.0,5,,,,,,,,
,,,,,5365,6.0,6,,,,,,,,
,,,,,5380,15.0,15,,,,,,,,
,,,,,5383,3.0,3,,,,,,,,
,,,,,5388,5.0,5,,,,,,,,
,,,,,5393,5.0,5,,,,,,,,
,,,,,5396,3.0,3,,,,,,,,
,,,,,5402,6.0,6,,,,,,,,
,,,,,5408,6.0,6,,,,,,,,
,,,,,5414,6.0,6,,,,,,,,
,,,,,5419,5.0,5,,,,,,,,
,,,,,5424,5.0,5,,,,,,,,
,,,,,5427,3.0,3,,,,,,,,
,,,,,5430,3.0,3,,,,,,,,
,,,,,5439,9.0,9,,,,,,,,
,,,,,5442,3.0,3,,,,,,,,
,,,,,5445,3.0,3,,,,,,,,
,,,,,5456,11.0,11,,,,,,,,
,,,,,5461,5.0,5,,,,,,,,
,,,,,5465,4.0,4,,,,,,,,
,,,,,5468,3.0,3,,,,,,,,
,,,,,5477,9.0,9,,,,,,,,
,,,,,5484,7.0,7,,,,,,,,
,,,,,5491,7.0,7,,,,,,,,
,,,,,5497,6.0,6,,,,,,,,
,,,,,5502,5.0,5,,,,,,,,
,,,,,5509,7.0,7,,,,,,,,
,,,,,5512,3.0,3,,,,,,,,
,,,,,5524,12.0,12,,,,,,,,
,,,,,5529,5.0,5,,,,,,,,
,,,,,5534,5.0,5,,,,,,,,
,,,,,5537,3.0,3,,,,,,,,
,,,,,5544,7.0,7,,,,,,,,
,,,,,5547,3.0,3,,,,,,,,
,,,,,5553,6.0,6,,,,,,,,
,,,,,5556,3.0,3,,,,,,,,
,,,,,5559,3.0,3,,,,,,,,
,,,,,5562,3.0,3,,,,,,,,
,,,,,5573,11.0,11,,,,,,,,
,,,,,5579,6.0,6,,,,,,,,
,,,,,5587,8.0,8,,,,,,,,
,,,,,5596,9.0,9,,,,,,,,
,,,,,5599,3.0,3,,,,,,,,
,,,,,5603,4.0,4,,,,,,,,
,,,,,5619,16.0,16,,,,,,,,
,,,,,5623,4.0,4,,,,,,,,
,,,,,5628,5.0,5,,,,,,,,
,,,,,5632,4.0,4,,,,,,,,
,,,,,5636,4.0,4,,,,,,,,
,,,,,5646,10.0,10,,,,,,,,
,,,,,5650,4.0,4,,,,,,,,
,,,,,5657,7.0,7,,,,,,,,
,,,,,5660,3.0,3,,,,,,,,
,,,,,5666,6.0,6,,,,,,,,
,,,,,5670,4.0,4,,,,,,,,
,,,,,5675,5.0,5,,,,,,,,
,,,,,5678,3.0,3,,,,,,,,
,,,,,5684,6.0,6,,,,,,,,
,,,,,5687,3.0,3,,,,,,,,
,,,,,5691,4.0,4,,,,,,,,
,,,,,5700,9.0,9,,,,,,,,
,,,,,5712,12.0,12,,,,,,,,
,,,,,5715,3.0,3,,,,,,,,
,,,,,5720,5.0,5,,,,,,,,
,,,,,5729,9.0,9,,,,,,,,
,,,,,5733,4.0,4,,,,,,,,
,,,,,5737,4.0,4,,,,,,,,
,,,,,5745,8.0,8,,,,,,,,
,,,,,5749,4.0,4,,,,,,,,
,,,,,5756,7.0,7,,,,,,,,
,,,,,5759,3.0,3,,,,,,,,
,,,,,5763,4.0,4,,,,,,,,
,,,,,5768,5.0,5,,,,,,,,
,,,,,5780,12.0,12,,,,,,,,
,,,,,5788,8.0,8,,,,,,,,
,,,,,5792,4.0,4,,,,,,,,
,,,,,5796,4.0,4,,,,,,,,
,,,,,5805,9.0,9,,,,,,,,
,,,,,5811,6.0,6,,,,,,,,
,,,,,5816,5.0,5,,,,,,,,
,,,,,5820,4.0,4,,,,,,,,
,,,,,5825,5.0,5,,,,,,,,
,,,,,5830,5.0,5,,,,,,,,
,,,,,5838,8.0,8,,,,,,,,
,,,,,5844,6.0,6,,,,,,,,
,,,,,5847,3.0,3,,,,,,,,
,,,,,5851,4.0,4,,,,,,,,
,,,,,5854,3.0,3,,,,,,,,
,,,,,5860,6.0,6,,,,,,,,
,,,,,5863,3.0,3,,,,,,,,
,,,,,5875,12.0,12,,,,,,,,
,,,,,5879,4.0,4,,,,,,,,
,,,,,5885,6.0,6,,,,,,,,
,,,,,5894,9.0,9,,,,,,,,
,,,,,5903,9.0,9,,,,,,,,
,,,,,5907,4.0,4,,,,,,,,
,,,,,5910,3.0,3,,,,,,,,
,,,,,5913,3.0,3,,,,,,,,
,,,,,5919,6.0,6,,,,,,,,
,,,,,5922,3.0,3,,,,,,,,
,,,,,5925,3.0,3,,,,,,,,
,,,,,5929,4.0,4,,,,,,,,
,,,,,5938,9.0,9,,,,,,,,
,,,,,5942,4.0,4,,,,,,,,
,,,,,5947,5.0,5,,,,,,,,
,,,,,5953,6.0,6,,,,,,,,
,,,,,5961,8.0,8,,,,,,,,
,,,,,5967,6.0,6,,,,,,,,
,,,,,5972,5.0,5,,,,,,,,
,,,,,5978,6.0,6,,,,,,,,
,,,,,5988,10.0,10,,,,,,,,
,,,,,5995,7.0,7,,,,,,,,
,,,,,5999,4.0,4,,,,,,,,
,,,,,6000,,,-0.06752269715070724,0.6752269268035889,0.6177599430084229,3.767458200454712,3.730210781097412,0.0003,0.0003,0.1
,,,,,6004,5.0,5,,,,,,,,
,,,,,6007,3.0,3,,,,,,,,
,,,,,6016,9.0,9,,,,,,,,
,,,,,6021,5.0,5,,,,,,,,
,,,,,6027,6.0,6,,,,,,,,
,,,,,6037,10.0,10,,,,,,,,
,,,,,6043,6.0,6,,,,,,,,
,,,,,6052,9.0,9,,,,,,,,
,,,,,6056,4.0,4,,,,,,,,
,,,,,6059,3.0,3,,,,,,,,
,,,,,6069,10.0,10,,,,,,,,
,,,,,6072,3.0,3,,,,,,,,
,,,,,6076,4.0,4,,,,,,,,
,,,,,6081,5.0,5,,,,,,,,
,,,,,6084,3.0,3,,,,,,,,
,,,,,6092,8.0,8,,,,,,,,
,,,,,6097,5.0,5,,,,,,,,
,,,,,6105,8.0,8,,,,,,,,
,,,,,6112,7.0,7,,,,,,,,
,,,,,6115,3.0,3,,,,,,,,
,,,,,6119,4.0,4,,,,,,,,
,,,,,6125,6.0,6,,,,,,,,
,,,,,6137,12.0,12,,,,,,,,
,,,,,6140,3.0,3,,,,,,,,
,,,,,6145,5.0,5,,,,,,,,
,,,,,6152,7.0,7,,,,,,,,
,,,,,6159,7.0,7,,,,,,,,
,,,,,6164,5.0,5,,,,,,,,
,,,,,6170,6.0,6,,,,,,,,
,,,,,6174,4.0,4,,,,,,,,
,,,,,6178,4.0,4,,,,,,,,
,,,,,6184,6.0,6,,,,,,,,
,,,,,6189,5.0,5,,,,,,,,
,,,,,6193,4.0,4,,,,,,,,
,,,,,6197,4.0,4,,,,,,,,
,,,,,6201,4.0,4,,,,,,,,
,,,,,6205,4.0,4,,,,,,,,
,,,,,6212,7.0,7,,,,,,,,
,,,,,6215,3.0,3,,,,,,,,
,,,,,6225,10.0,10,,,,,,,,
,,,,,6228,3.0,3,,,,,,,,
,,,,,6234,6.0,6,,,,,,,,
,,,,,6237,3.0,3,,,,,,,,
,,,,,6242,5.0,5,,,,,,,,
,,,,,6249,7.0,7,,,,,,,,
,,,,,6252,3.0,3,,,,,,,,
,,,,,6261,9.0,9,,,,,,,,
,,,,,6264,3.0,3,,,,,,,,
,,,,,6274,10.0,10,,,,,,,,
,,,,,6282,8.0,8,,,,,,,,
,,,,,6285,3.0,3,,,,,,,,
,,,,,6289,4.0,4,,,,,,,,
,,,,,6302,13.0,13,,,,,,,,
,,,,,6307,5.0,5,,,,,,,,
,,,,,6318,11.0,11,,,,,,,,
,,,,,6330,12.0,12,,,,,,,,
,,,,,6336,6.0,6,,,,,,,,
,,,,,6342,6.0,6,,,,,,,,
,,,,,6348,6.0,6,,,,,,,,
,,,,,6353,5.0,5,,,,,,,,
,,,,,6357,4.0,4,,,,,,,,
,,,,,6364,7.0,7,,,,,,,,
,,,,,6369,5.0,5,,,,,,,,
,,,,,6372,3.0,3,,,,,,,,
,,,,,6381,9.0,9,,,,,,,,
,,,,,6387,6.0,6,,,,,,,,
,,,,,6391,4.0,4,,,,,,,,
,,,,,6395,4.0,4,,,,,,,,
,,,,,6398,3.0,3,,,,,,,,
,,,,,6402,4.0,4,,,,,,,,
,,,,,6411,9.0,9,,,,,,,,
,,,,,6414,3.0,3,,,,,,,,
,,,,,6423,9.0,9,,,,,,,,
,,,,,6426,3.0,3,,,,,,,,
,,,,,6430,4.0,4,,,,,,,,
,,,,,6436,6.0,6,,,,,,,,
,,,,,6445,9.0,9,,,,,,,,
,,,,,6450,5.0,5,,,,,,,,
,,,,,6458,8.0,8,,,,,,,,
,,,,,6466,8.0,8,,,,,,,,
,,,,,6472,6.0,6,,,,,,,,
,,,,,6476,4.0,4,,,,,,,,
,,,,,6479,3.0,3,,,,,,,,
,,,,,6489,10.0,10,,,,,,,,
,,,,,6495,6.0,6,,,,,,,,
,,,,,6498,3.0,3,,,,,,,,
,,,,,6503,5.0,5,,,,,,,,
,,,,,6510,7.0,7,,,,,,,,
,,,,,6514,4.0,4,,,,,,,,
,,,,,6517,3.0,3,,,,,,,,
,,,,,6520,3.0,3,,,,,,,,
,,,,,6525,5.0,5,,,,,,,,
,,,,,6529,4.0,4,,,,,,,,
,,,,,6534,5.0,5,,,,,,,,
,,,,,6544,10.0,10,,,,,,,,
,,,,,6552,8.0,8,,,,,,,,
,,,,,6558,6.0,6,,,,,,,,
,,,,,6561,3.0,3,,,,,,,,
,,,,,6568,7.0,7,,,,,,,,
,,,,,6573,5.0,5,,,,,,,,
,,,,,6577,4.0,4,,,,,,,,
,,,,,6586,9.0,9,,,,,,,,
,,,,,6590,4.0,4,,,,,,,,
,,,,,6593,3.0,3,,,,,,,,
,,,,,6597,4.0,4,,,,,,,,
,,,,,6604,7.0,7,,,,,,,,
,,,,,6612,8.0,8,,,,,,,,
,,,,,6615,3.0,3,,,,,,,,
,,,,,6618,3.0,3,,,,,,,,
,,,,,6632,14.0,14,,,,,,,,
,,,,,6636,4.0,4,,,,,,,,
,,,,,6642,6.0,6,,,,,,,,
,,,,,6645,3.0,3,,,,,,,,
,,,,,6665,20.0,20,,,,,,,,
,,,,,6669,4.0,4,,,,,,,,
,,,,,6677,8.0,8,,,,,,,,
,,,,,6685,8.0,8,,,,,,,,
,,,,,6689,4.0,4,,,,,,,,
,,,,,6692,3.0,3,,,,,,,,
,,,,,6699,7.0,7,,,,,,,,
,,,,,6708,9.0,9,,,,,,,,
,,,,,6712,4.0,4,,,,,,,,
,,,,,6719,7.0,7,,,,,,,,
,,,,,6726,7.0,7,,,,,,,,
,,,,,6738,12.0,12,,,,,,,,
,,,,,6741,3.0,3,,,,,,,,
,,,,,6746,5.0,5,,,,,,,,
,,,,,6751,5.0,5,,,,,,,,
,,,,,6770,19.0,19,,,,,,,,
,,,,,6774,4.0,4,,,,,,,,
,,,,,6780,6.0,6,,,,,,,,
,,,,,6796,16.0,16,,,,,,,,
,,,,,6803,7.0,7,,,,,,,,
,,,,,6808,5.0,5,,,,,,,,
,,,,,6813,5.0,5,,,,,,,,
,,,,,6816,3.0,3,,,,,,,,
,,,,,6824,8.0,8,,,,,,,,
,,,,,6829,5.0,5,,,,,,,,
,,,,,6833,4.0,4,,,,,,,,
,,,,,6836,3.0,3,,,,,,,,
,,,,,6840,4.0,4,,,,,,,,
,,,,,6850,10.0,10,,,,,,,,
,,,,,6854,4.0,4,,,,,,,,
,,,,,6860,6.0,6,,,,,,,,
,,,,,6867,7.0,7,,,,,,,,
,,,,,6875,8.0,8,,,,,,,,
,,,,,6880,5.0,5,,,,,,,,
,,,,,6883,3.0,3,,,,,,,,
,,,,,6889,6.0,6,,,,,,,,
,,,,,6894,5.0,5,,,,,,,,
,,,,,6904,10.0,10,,,,,,,,
,,,,,6914,10.0,10,,,,,,,,
,,,,,6917,3.0,3,,,,,,,,
,,,,,6923,6.0,6,,,,,,,,
,,,,,6927,4.0,4,,,,,,,,
,,,,,6931,4.0,4,,,,,,,,
,,,,,6934,3.0,3,,,,,,,,
,,,,,6941,7.0,7,,,,,,,,
,,,,,6953,12.0,12,,,,,,,,
,,,,,6957,4.0,4,,,,,,,,
,,,,,6960,3.0,3,,,,,,,,
,,,,,6969,9.0,9,,,,,,,,
,,,,,6978,9.0,9,,,,,,,,
,,,,,6983,5.0,5,,,,,,,,
,,,,,6986,3.0,3,,,,,,,,
,,,,,6998,12.0,12,,,,,,,,
,,,,,7000,,,-0.07050006091594696,0.7050005793571472,1.847423791885376,4.419503211975098,4.532587051391602,0.0003,0.0003,0.1
,,,,,7001,3.0,3,,,,,,,,
,,,,,7007,6.0,6,,,,,,,,
,,,,,7016,9.0,9,,,,,,,,
,,,,,7019,3.0,3,,,,,,,,
,,,,,7023,4.0,4,,,,,,,,
,,,,,7026,3.0,3,,,,,,,,
,,,,,7036,10.0,10,,,,,,,,
,,,,,7046,10.0,10,,,,,,,,
,,,,,7050,4.0,4,,,,,,,,
,,,,,7055,5.0,5,,,,,,,,
,,,,,7059,4.0,4,,,,,,,,
,,,,,7063,4.0,4,,,,,,,,
,,,,,7070,7.0,7,,,,,,,,
,,,,,7073,3.0,3,,,,,,,,
,,,,,7077,4.0,4,,,,,,,,
,,,,,7080,3.0,3,,,,,,,,
,,,,,7087,7.0,7,,,,,,,,
,,,,,7090,3.0,3,,,,,,,,
,,,,,7097,7.0,7,,,,,,,,
,,,,,7104,7.0,7,,,,,,,,
,,,,,7108,4.0,4,,,,,,,,
,,,,,7111,3.0,3,,,,,,,,
,,,,,7119,8.0,8,,,,,,,,
,,,,,7128,9.0,9,,,,,,,,
,,,,,7140,12.0,12,,,,,,,,
,,,,,7147,7.0,7,,,,,,,,
,,,,,7151,4.0,4,,,,,,,,
,,,,,7161,10.0,10,,,,,,,,
,,,,,7167,6.0,6,,,,,,,,
,,,,,7173,6.0,6,,,,,,,,
,,,,,7178,5.0,5,,,,,,,,
,,,,,7181,3.0,3,,,,,,,,
,,,,,7186,5.0,5,,,,,,,,
,,,,,7189,3.0,3,,,,,,,,
,,,,,7193,4.0,4,,,,,,,,
,,,,,7196,3.0,3,,,,,,,,
,,,,,7199,3.0,3,,,,,,,,
,,,,,7203,4.0,4,,,,,,,,
,,,,,7208,5.0,5,,,,,,,,
,,,,,7214,6.0,6,,,,,,,,
,,,,,7228,14.0,14,,,,,,,,
,,,,,7232,4.0,4,,,,,,,,
,,,,,7244,12.0,12,,,,,,,,
,,,,,7247,3.0,3,,,,,,,,
,,,,,7250,3.0,3,,,,,,,,
,,,,,7253,3.0,3,,,,,,,,
,,,,,7258,5.0,5,,,,,,,,
,,,,,7264,6.0,6,,,,,,,,
,,,,,7267,3.0,3,,,,,,,,
,,,,,7270,3.0,3,,,,,,,,
,,,,,7273,3.0,3,,,,,,,,
,,,,,7278,5.0,5,,,,,,,,
,,,,,7282,4.0,4,,,,,,,,
,,,,,7289,7.0,7,,,,,,,,
,,,,,7293,4.0,4,,,,,,,,
,,,,,7297,4.0,4,,,,,,,,
,,,,,7301,4.0,4,,,,,,,,
,,,,,7306,5.0,5,,,,,,,,
,,,,,7309,3.0,3,,,,,,,,
,,,,,7314,5.0,5,,,,,,,,
,,,,,7321,7.0,7,,,,,,,,
,,,,,7326,5.0,5,,,,,,,,
,,,,,7331,5.0,5,,,,,,,,
,,,,,7344,13.0,13,,,,,,,,
,,,,,7350,6.0,6,,,,,,,,
,,,,,7354,4.0,4,,,,,,,,
,,,,,7359,5.0,5,,,,,,,,
,,,,,7364,5.0,5,,,,,,,,
,,,,,7369,5.0,5,,,,,,,,
,,,,,7379,10.0,10,,,,,,,,
,,,,,7395,16.0,16,,,,,,,,
,,,,,7398,3.0,3,,,,,,,,
,,,,,7401,3.0,3,,,,,,,,
,,,,,7413,12.0,12,,,,,,,,
,,,,,7418,5.0,5,,,,,,,,
,,,,,7421,3.0,3,,,,,,,,
,,,,,7432,11.0,11,,,,,,,,
,,,,,7448,16.0,16,,,,,,,,
,,,,,7455,7.0,7,,,,,,,,
,,,,,7460,5.0,5,,,,,,,,
,,,,,7468,8.0,8,,,,,,,,
,,,,,7474,6.0,6,,,,,,,,
,,,,,7480,6.0,6,,,,,,,,
,,,,,7484,4.0,4,,,,,,,,
,,,,,7492,8.0,8,,,,,,,,
,,,,,7495,3.0,3,,,,,,,,
,,,,,7500,5.0,5,,,,,,,,
,,,,,7504,4.0,4,,,,,,,,
,,,,,7508,4.0,4,,,,,,,,
,,,,,7515,7.0,7,,,,,,,,
,,,,,7519,4.0,4,,,,,,,,
,,,,,7523,4.0,4,,,,,,,,
,,,,,7527,4.0,4,,,,,,,,
,,,,,7539,12.0,12,,,,,,,,
,,,,,7543,4.0,4,,,,,,,,
,,,,,7557,14.0,14,,,,,,,,
,,,,,7569,12.0,12,,,,,,,,
,,,,,7576,7.0,7,,,,,,,,
,,,,,7582,6.0,6,,,,,,,,
,,,,,7589,7.0,7,,,,,,,,
,,,,,7599,10.0,10,,,,,,,,
,,,,,7603,4.0,4,,,,,,,,
,,,,,7611,8.0,8,,,,,,,,
,,,,,7614,3.0,3,,,,,,,,
,,,,,7618,4.0,4,,,,,,,,
,,,,,7622,4.0,4,,,,,,,,
,,,,,7625,3.0,3,,,,,,,,
,,,,,7629,4.0,4,,,,,,,,
,,,,,7636,7.0,7,,,,,,,,
,,,,,7655,19.0,19,,,,,,,,
,,,,,7664,9.0,9,,,,,,,,
,,,,,7676,12.0,12,,,,,,,,
,,,,,7682,6.0,6,,,,,,,,
,,,,,7693,11.0,11,,,,,,,,
,,,,,7696,3.0,3,,,,,,,,
,,,,,7704,8.0,8,,,,,,,,
,,,,,7708,4.0,4,,,,,,,,
,,,,,7713,5.0,5,,,,,,,,
,,,,,7716,3.0,3,,,,,,,,
,,,,,7722,6.0,6,,,,,,,,
,,,,,7725,3.0,3,,,,,,,,
,,,,,7728,3.0,3,,,,,,,,
,,,,,7731,3.0,3,,,,,,,,
,,,,,7734,3.0,3,,,,,,,,
,,,,,7743,9.0,9,,,,,,,,
,,,,,7747,4.0,4,,,,,,,,
,,,,,7750,3.0,3,,,,,,,,
,,,,,7753,3.0,3,,,,,,,,
,,,,,7757,4.0,4,,,,,,,,
,,,,,7761,4.0,4,,,,,,,,
,,,,,7765,4.0,4,,,,,,,,
,,,,,7770,5.0,5,,,,,,,,
,,,,,7775,5.0,5,,,,,,,,
,,,,,7780,5.0,5,,,,,,,,
,,,,,7784,4.0,4,,,,,,,,
,,,,,7794,10.0,10,,,,,,,,
,,,,,7798,4.0,4,,,,,,,,
,,,,,7804,6.0,6,,,,,,,,
,,,,,7808,4.0,4,,,,,,,,
,,,,,7811,3.0,3,,,,,,,,
,,,,,7819,8.0,8,,,,,,,,
,,,,,7822,3.0,3,,,,,,,,
,,,,,7826,4.0,4,,,,,,,,
,,,,,7829,3.0,3,,,,,,,,
,,,,,7834,5.0,5,,,,,,,,
,,,,,7839,5.0,5,,,,,,,,
,,,,,7844,5.0,5,,,,,,,,
,,,,,7847,3.0,3,,,,,,,,
,,,,,7851,4.0,4,,,,,,,,
,,,,,7857,6.0,6,,,,,,,,
,,,,,7862,5.0,5,,,,,,,,
,,,,,7870,8.0,8,,,,,,,,
,,,,,7873,3.0,3,,,,,,,,
,,,,,7879,6.0,6,,,,,,,,
,,,,,7886,7.0,7,,,,,,,,
,,,,,7903,17.0,17,,,,,,,,
,,,,,7916,13.0,13,,,,,,,,
,,,,,7923,7.0,7,,,,,,,,
,,,,,7927,4.0,4,,,,,,,,
,,,,,7935,8.0,8,,,,,,,,
,,,,,7940,5.0,5,,,,,,,,
,,,,,7944,4.0,4,,,,,,,,
,,,,,7951,7.0,7,,,,,,,,
,,,,,7959,8.0,8,,,,,,,,
,,,,,7963,4.0,4,,,,,,,,
,,,,,7968,5.0,5,,,,,,,,
,,,,,7971,3.0,3,,,,,,,,
,,,,,7976,5.0,5,,,,,,,,
,,,,,7979,3.0,3,,,,,,,,
,,,,,7982,3.0,3,,,,,,,,
,,,,,7992,10.0,10,,,,,,,,
,,,,,7997,5.0,5,,,,,,,,
,,,,,8000,,,-0.06862203031778336,0.6862202882766724,2.2730507850646973,4.8056182861328125,4.914333820343018,0.0003,0.0003,0.1
,,,,,8003,6.0,6,,,,,,,,
,,,,,8018,15.0,15,,,,,,,,
,,,,,8023,5.0,5,,,,,,,,
,,,,,8026,3.0,3,,,,,,,,
,,,,,8033,7.0,7,,,,,,,,
,,,,,8039,6.0,6,,,,,,,,
,,,,,8045,6.0,6,,,,,,,,
,,,,,8049,4.0,4,,,,,,,,
,,,,,8052,3.0,3,,,,,,,,
,,,,,8057,5.0,5,,,,,,,,
,,,,,8061,4.0,4,,,,,,,,
,,,,,8071,10.0,10,,,,,,,,
,,,,,8074,3.0,3,,,,,,,,
,,,,,8081,7.0,7,,,,,,,,
,,,,,8086,5.0,5,,,,,,,,
,,,,,8090,4.0,4,,,,,,,,
,,,,,8094,4.0,4,,,,,,,,
,,,,,8099,5.0,5,,,,,,,,
,,,,,8103,4.0,4,,,,,,,,
,,,,,8107,4.0,4,,,,,,,,
,,,,,8110,3.0,3,,,,,,,,
,,,,,8114,4.0,4,,,,,,,,
,,,,,8118,4.0,4,,,,,,,,
,,,,,8132,14.0,14,,,,,,,,
,,,,,8136,4.0,4,,,,,,,,
,,,,,8139,3.0,3,,,,,,,,
,,,,,8143,4.0,4,,,,,,,,
,,,,,8154,11.0,11,,,,,,,,
,,,,,8163,9.0,9,,,,,,,,
,,,,,8166,3.0,3,,,,,,,,
,,,,,8170,4.0,4,,,,,,,,
,,,,,8181,11.0,11,,,,,,,,
,,,,,8184,3.0,3,,,,,,,,
,,,,,8192,8.0,8,,,,,,,,
,,,,,8198,6.0,6,,,,,,,,
,,,,,8205,7.0,7,,,,,,,,
,,,,,8209,4.0,4,,,,,,,,
,,,,,8217,8.0,8,,,,,,,,
,,,,,8221,4.0,4,,,,,,,,
,,,,,8228,7.0,7,,,,,,,,
,,,,,8231,3.0,3,,,,,,,,
,,,,,8235,4.0,4,,,,,,,,
,,,,,8242,7.0,7,,,,,,,,
,,,,,8246,4.0,4,,,,,,,,
,,,,,8250,4.0,4,,,,,,,,
,,,,,8255,5.0,5,,,,,,,,
,,,,,8260,5.0,5,,,,,,,,
,,,,,8264,4.0,4,,,,,,,,
,,,,,8278,14.0,14,,,,,,,,
,,,,,8281,3.0,3,,,,,,,,
,,,,,8291,10.0,10,,,,,,,,
,,,,,8294,3.0,3,,,,,,,,
,,,,,8298,4.0,4,,,,,,,,
,,,,,8304,6.0,6,,,,,,,,
,,,,,8308,4.0,4,,,,,,,,
,,,,,8317,9.0,9,,,,,,,,
,,,,,8329,12.0,12,,,,,,,,
,,,,,8343,14.0,14,,,,,,,,
,,,,,8346,3.0,3,,,,,,,,
,,,,,8350,4.0,4,,,,,,,,
,,,,,8353,3.0,3,,,,,,,,
,,,,,8357,4.0,4,,,,,,,,
,,,,,8362,5.0,5,,,,,,,,
,,,,,8368,6.0,6,,,,,,,,
,,,,,8371,3.0,3,,,,,,,,
,,,,,8374,3.0,3,,,,,,,,
,,,,,8381,7.0,7,,,,,,,,
,,,,,8393,12.0,12,,,,,,,,
,,,,,8405,12.0,12,,,,,,,,
,,,,,8410,5.0,5,,,,,,,,
,,,,,8414,4.0,4,,,,,,,,
,,,,,8417,3.0,3,,,,,,,,
,,,,,8423,6.0,6,,,,,,,,
,,,,,8429,6.0,6,,,,,,,,
,,,,,8432,3.0,3,,,,,,,,
,,,,,8440,8.0,8,,,,,,,,
,,,,,8444,4.0,4,,,,,,,,
,,,,,8447,3.0,3,,,,,,,,
,,,,,8450,3.0,3,,,,,,,,
,,,,,8455,5.0,5,,,,,,,,
,,,,,8459,4.0,4,,,,,,,,
,,,,,8463,4.0,4,,,,,,,,
,,,,,8467,4.0,4,,,,,,,,
,,,,,8471,4.0,4,,,,,,,,
,,,,,8477,6.0,6,,,,,,,,
,,,,,8490,13.0,13,,,,,,,,
,,,,,8501,11.0,11,,,,,,,,
,,,,,8505,4.0,4,,,,,,,,
,,,,,8513,8.0,8,,,,,,,,
,,,,,8531,18.0,18,,,,,,,,
,,,,,8542,11.0,11,,,,,,,,
,,,,,8548,6.0,6,,,,,,,,
,,,,,8552,4.0,4,,,,,,,,
,,,,,8563,11.0,11,,,,,,,,
,,,,,8566,3.0,3,,,,,,,,
,,,,,8571,5.0,5,,,,,,,,
,,,,,8580,9.0,9,,,,,,,,
,,,,,8585,5.0,5,,,,,,,,
,,,,,8591,6.0,6,,,,,,,,
,,,,,8601,10.0,10,,,,,,,,
,,,,,8604,3.0,3,,,,,,,,
,,,,,8607,3.0,3,,,,,,,,
,,,,,8622,15.0,15,,,,,,,,
,,,,,8625,3.0,3,,,,,,,,
,,,,,8632,7.0,7,,,,,,,,
,,,,,8639,7.0,7,,,,,,,,
,,,,,8646,7.0,7,,,,,,,,
,,,,,8649,3.0,3,,,,,,,,
,,,,,8655,6.0,6,,,,,,,,
,,,,,8658,3.0,3,,,,,,,,
,,,,,8662,4.0,4,,,,,,,,
,,,,,8667,5.0,5,,,,,,,,
,,,,,8671,4.0,4,,,,,,,,
,,,,,8677,6.0,6,,,,,,,,
,,,,,8682,5.0,5,,,,,,,,
,,,,,8687,5.0,5,,,,,,,,
,,,,,8691,4.0,4,,,,,,,,
,,,,,8694,3.0,3,,,,,,,,
,,,,,8698,4.0,4,,,,,,,,
,,,,,8704,6.0,6,,,,,,,,
,,,,,8709,5.0,5,,,,,,,,
,,,,,8715,6.0,6,,,,,,,,
,,,,,8720,5.0,5,,,,,,,,
,,,,,8731,11.0,11,,,,,,,,
,,,,,8734,3.0,3,,,,,,,,
,,,,,8738,4.0,4,,,,,,,,
,,,,,8741,3.0,3,,,,,,,,
,,,,,8747,6.0,6,,,,,,,,
,,,,,8762,15.0,15,,,,,,,,
,,,,,8765,3.0,3,,,,,,,,
,,,,,8769,4.0,4,,,,,,,,
,,,,,8775,6.0,6,,,,,,,,
,,,,,8779,4.0,4,,,,,,,,
,,,,,8788,9.0,9,,,,,,,,
,,,,,8797,9.0,9,,,,,,,,
,,,,,8801,4.0,4,,,,,,,,
,,,,,8806,5.0,5,,,,,,,,
,,,,,8812,6.0,6,,,,,,,,
,,,,,8815,3.0,3,,,,,,,,
,,,,,8834,19.0,19,,,,,,,,
,,,,,8837,3.0,3,,,,,,,,
,,,,,8840,3.0,3,,,,,,,,
,,,,,8847,7.0,7,,,,,,,,
,,,,,8850,3.0,3,,,,,,,,
,,,,,8858,8.0,8,,,,,,,,
,,,,,8862,4.0,4,,,,,,,,
,,,,,8865,3.0,3,,,,,,,,
,,,,,8868,3.0,3,,,,,,,,
,,,,,8878,10.0,10,,,,,,,,
,,,,,8888,10.0,10,,,,,,,,
,,,,,8896,8.0,8,,,,,,,,
,,,,,8904,8.0,8,,,,,,,,
,,,,,8909,5.0,5,,,,,,,,
,,,,,8914,5.0,5,,,,,,,,
,,,,,8919,5.0,5,,,,,,,,
,,,,,8924,5.0,5,,,,,,,,
,,,,,8934,10.0,10,,,,,,,,
,,,,,8939,5.0,5,,,,,,,,
,,,,,8947,8.0,8,,,,,,,,
,,,,,8951,4.0,4,,,,,,,,
,,,,,8956,5.0,5,,,,,,,,
,,,,,8963,7.0,7,,,,,,,,
,,,,,8974,11.0,11,,,,,,,,
,,,,,8983,9.0,9,,,,,,,,
,,,,,8991,8.0,8,,,,,,,,
,,,,,8994,3.0,3,,,,,,,,
,,,,,9000,,,-0.06965626776218414,0.696562647819519,2.275226354598999,4.5325093269348145,4.579977035522461,0.0003,0.0003,0.1
,,,,,9001,7.0,7,,,,,,,,
,,,,,9006,5.0,5,,,,,,,,
,,,,,9015,9.0,9,,,,,,,,
,,,,,9018,3.0,3,,,,,,,,
,,,,,9022,4.0,4,,,,,,,,
,,,,,9025,3.0,3,,,,,,,,
,,,,,9028,3.0,3,,,,,,,,
,,,,,9033,5.0,5,,,,,,,,
,,,,,9036,3.0,3,,,,,,,,
,,,,,9039,3.0,3,,,,,,,,
,,,,,9055,16.0,16,,,,,,,,
,,,,,9067,12.0,12,,,,,,,,
,,,,,9071,4.0,4,,,,,,,,
,,,,,9074,3.0,3,,,,,,,,
,,,,,9082,8.0,8,,,,,,,,
,,,,,9086,4.0,4,,,,,,,,
,,,,,9092,6.0,6,,,,,,,,
,,,,,9095,3.0,3,,,,,,,,
,,,,,9099,4.0,4,,,,,,,,
,,,,,9103,4.0,4,,,,,,,,
,,,,,9113,10.0,10,,,,,,,,
,,,,,9117,4.0,4,,,,,,,,
,,,,,9126,9.0,9,,,,,,,,
,,,,,9135,9.0,9,,,,,,,,
,,,,,9139,4.0,4,,,,,,,,
,,,,,9142,3.0,3,,,,,,,,
,,,,,9159,17.0,17,,,,,,,,
,,,,,9162,3.0,3,,,,,,,,
,,,,,9174,12.0,12,,,,,,,,
,,,,,9177,3.0,3,,,,,,,,
,,,,,9180,3.0,3,,,,,,,,
,,,,,9184,4.0,4,,,,,,,,
,,,,,9190,6.0,6,,,,,,,,
,,,,,9193,3.0,3,,,,,,,,
,,,,,9196,3.0,3,,,,,,,,
,,,,,9199,3.0,3,,,,,,,,
,,,,,9204,5.0,5,,,,,,,,
,,,,,9207,3.0,3,,,,,,,,
,,,,,9211,4.0,4,,,,,,,,
,,,,,9215,4.0,4,,,,,,,,
,,,,,9222,7.0,7,,,,,,,,
,,,,,9232,10.0,10,,,,,,,,
,,,,,9237,5.0,5,,,,,,,,
,,,,,9241,4.0,4,,,,,,,,
,,,,,9244,3.0,3,,,,,,,,
,,,,,9248,4.0,4,,,,,,,,
,,,,,9251,3.0,3,,,,,,,,
,,,,,9255,4.0,4,,,,,,,,
,,,,,9266,11.0,11,,,,,,,,
,,,,,9271,5.0,5,,,,,,,,
,,,,,9274,3.0,3,,,,,,,,
,,,,,9278,4.0,4,,,,,,,,
,,,,,9287,9.0,9,,,,,,,,
,,,,,9290,3.0,3,,,,,,,,
,,,,,9293,3.0,3,,,,,,,,
,,,,,9313,20.0,20,,,,,,,,
,,,,,9317,4.0,4,,,,,,,,
,,,,,9321,4.0,4,,,,,,,,
,,,,,9324,3.0,3,,,,,,,,
,,,,,9327,3.0,3,,,,,,,,
,,,,,9338,11.0,11,,,,,,,,
,,,,,9344,6.0,6,,,,,,,,
,,,,,9348,4.0,4,,,,,,,,
,,,,,9351,3.0,3,,,,,,,,
,,,,,9357,6.0,6,,,,,,,,
,,,,,9363,6.0,6,,,,,,,,
,,,,,9366,3.0,3,,,,,,,,
,,,,,9370,4.0,4,,,,,,,,
,,,,,9376,6.0,6,,,,,,,,
,,,,,9387,11.0,11,,,,,,,,
,,,,,9390,3.0,3,,,,,,,,
,,,,,9397,7.0,7,,,,,,,,
,,,,,9400,3.0,3,,,,,,,,
,,,,,9404,4.0,4,,,,,,,,
,,,,,9407,3.0,3,,,,,,,,
,,,,,9416,9.0,9,,,,,,,,
,,,,,9419,3.0,3,,,,,,,,
,,,,,9424,5.0,5,,,,,,,,
,,,,,9427,3.0,3,,,,,,,,
,,,,,9437,10.0,10,,,,,,,,
,,,,,9446,9.0,9,,,,,,,,
,,,,,9450,4.0,4,,,,,,,,
,,,,,9459,9.0,9,,,,,,,,
,,,,,9462,3.0,3,,,,,,,,
,,,,,9468,6.0,6,,,,,,,,
,,,,,9471,3.0,3,,,,,,,,
,,,,,9476,5.0,5,,,,,,,,
,,,,,9482,6.0,6,,,,,,,,
,,,,,9485,3.0,3,,,,,,,,
,,,,,9489,4.0,4,,,,,,,,
,,,,,9492,3.0,3,,,,,,,,
,,,,,9497,5.0,5,,,,,,,,
,,,,,9501,4.0,4,,,,,,,,
,,,,,9506,5.0,5,,,,,,,,
,,,,,9514,8.0,8,,,,,,,,
,,,,,9522,8.0,8,,,,,,,,
,,,,,9528,6.0,6,,,,,,,,
,,,,,9532,4.0,4,,,,,,,,
,,,,,9537,5.0,5,,,,,,,,
,,,,,9544,7.0,7,,,,,,,,
,,,,,9561,17.0,17,,,,,,,,
,,,,,9564,3.0,3,,,,,,,,
,,,,,9569,5.0,5,,,,,,,,
,,,,,9575,6.0,6,,,,,,,,
,,,,,9578,3.0,3,,,,,,,,
,,,,,9583,5.0,5,,,,,,,,
,,,,,9588,5.0,5,,,,,,,,
,,,,,9597,9.0,9,,,,,,,,
,,,,,9601,4.0,4,,,,,,,,
,,,,,9604,3.0,3,,,,,,,,
,,,,,9609,5.0,5,,,,,,,,
,,,,,9614,5.0,5,,,,,,,,
,,,,,9617,3.0,3,,,,,,,,
,,,,,9622,5.0,5,,,,,,,,
,,,,,9631,9.0,9,,,,,,,,
,,,,,9636,5.0,5,,,,,,,,
,,,,,9646,10.0,10,,,,,,,,
,,,,,9650,4.0,4,,,,,,,,
,,,,,9657,7.0,7,,,,,,,,
,,,,,9660,3.0,3,,,,,,,,
,,,,,9666,6.0,6,,,,,,,,
,,,,,9669,3.0,3,,,,,,,,
,,,,,9672,3.0,3,,,,,,,,
,,,,,9675,3.0,3,,,,,,,,
,,,,,9687,12.0,12,,,,,,,,
,,,,,9695,8.0,8,,,,,,,,
,,,,,9698,3.0,3,,,,,,,,
,,,,,9705,7.0,7,,,,,,,,
,,,,,9708,3.0,3,,,,,,,,
,,,,,9711,3.0,3,,,,,,,,
,,,,,9727,16.0,16,,,,,,,,
,,,,,9731,4.0,4,,,,,,,,
,,,,,9735,4.0,4,,,,,,,,
,,,,,9741,6.0,6,,,,,,,,
,,,,,9748,7.0,7,,,,,,,,
,,,,,9754,6.0,6,,,,,,,,
,,,,,9763,9.0,9,,,,,,,,
,,,,,9766,3.0,3,,,,,,,,
,,,,,9776,10.0,10,,,,,,,,
,,,,,9783,7.0,7,,,,,,,,
,,,,,9789,6.0,6,,,,,,,,
,,,,,9793,4.0,4,,,,,,,,
,,,,,9800,7.0,7,,,,,,,,
,,,,,9805,5.0,5,,,,,,,,
,,,,,9809,4.0,4,,,,,,,,
,,,,,9816,7.0,7,,,,,,,,
,,,,,9819,3.0,3,,,,,,,,
,,,,,9826,7.0,7,,,,,,,,
,,,,,9830,4.0,4,,,,,,,,
,,,,,9833,3.0,3,,,,,,,,
,,,,,9837,4.0,4,,,,,,,,
,,,,,9842,5.0,5,,,,,,,,
,,,,,9847,5.0,5,,,,,,,,
,,,,,9850,3.0,3,,,,,,,,
,,,,,9854,4.0,4,,,,,,,,
,,,,,9860,6.0,6,,,,,,,,
,,,,,9865,5.0,5,,,,,,,,
,,,,,9869,4.0,4,,,,,,,,
,,,,,9877,8.0,8,,,,,,,,
,,,,,9880,3.0,3,,,,,,,,
,,,,,9884,4.0,4,,,,,,,,
,,,,,9887,3.0,3,,,,,,,,
,,,,,9902,15.0,15,,,,,,,,
,,,,,9911,9.0,9,,,,,,,,
,,,,,9915,4.0,4,,,,,,,,
,,,,,9918,3.0,3,,,,,,,,
,,,,,9926,8.0,8,,,,,,,,
,,,,,9932,6.0,6,,,,,,,,
,,,,,9949,17.0,17,,,,,,,,
,,,,,9959,10.0,10,,,,,,,,
,,,,,9966,7.0,7,,,,,,,,
,,,,,9969,3.0,3,,,,,,,,
,,,,,9977,8.0,8,,,,,,,,
,,,,,9986,9.0,9,,,,,,,,
,,,,,9994,8.0,8,,,,,,,,
,,,,,9997,3.0,3,,,,,,,,
8.3,5.8146367,24.0,3.0,8.3,10000,,,-0.06663665920495987,0.6663665771484375,2.2524337768554688,4.5576324462890625,4.508213043212891,0.0003,0.0003,0.1
,,,,,10003,6.0,6,,,,,,,,
,,,,,10007,4.0,4,,,,,,,,
,,,,,10014,7.0,7,,,,,,,,
,,,,,10017,3.0,3,,,,,,,,
,,,,,10024,7.0,7,,,,,,,,
,,,,,10028,4.0,4,,,,,,,,
,,,,,10032,4.0,4,,,,,,,,
,,,,,10036,4.0,4,,,,,,,,
,,,,,10051,15.0,15,,,,,,,,
,,,,,10054,3.0,3,,,,,,,,
,,,,,10057,3.0,3,,,,,,,,
,,,,,10066,9.0,9,,,,,,,,
,,,,,10069,3.0,3,,,,,,,,
,,,,,10078,9.0,9,,,,,,,,
,,,,,10085,7.0,7,,,,,,,,
,,,,,10088,3.0,3,,,,,,,,
,,,,,10092,4.0,4,,,,,,,,
,,,,,10101,9.0,9,,,,,,,,
,,,,,10113,12.0,12,,,,,,,,
,,,,,10116,3.0,3,,,,,,,,
,,,,,10119,3.0,3,,,,,,,,
,,,,,10127,8.0,8,,,,,,,,
,,,,,10130,3.0,3,,,,,,,,
,,,,,10142,12.0,12,,,,,,,,
,,,,,10145,3.0,3,,,,,,,,
,,,,,10150,5.0,5,,,,,,,,
,,,,,10155,5.0,5,,,,,,,,
,,,,,10158,3.0,3,,,,,,,,
,,,,,10161,3.0,3,,,,,,,,
,,,,,10164,3.0,3,,,,,,,,
,,,,,10168,4.0,4,,,,,,,,
,,,,,10172,4.0,4,,,,,,,,
,,,,,10175,3.0,3,,,,,,,,
,,,,,10182,7.0,7,,,,,,,,
,,,,,10188,6.0,6,,,,,,,,
,,,,,10210,22.0,22,,,,,,,,
,,,,,10214,4.0,4,,,,,,,,
,,,,,10218,4.0,4,,,,,,,,
,,,,,10221,3.0,3,,,,,,,,
,,,,,10224,3.0,3,,,,,,,,
,,,,,10227,3.0,3,,,,,,,,
,,,,,10230,3.0,3,,,,,,,,
,,,,,10239,9.0,9,,,,,,,,
,,,,,10247,8.0,8,,,,,,,,
,,,,,10250,3.0,3,,,,,,,,
,,,,,10254,4.0,4,,,,,,,,
,,,,,10257,3.0,3,,,,,,,,
,,,,,10265,8.0,8,,,,,,,,
,,,,,10271,6.0,6,,,,,,,,
,,,,,10274,3.0,3,,,,,,,,
,,,,,10277,3.0,3,,,,,,,,
,,,,,10280,3.0,3,,,,,,,,
,,,,,10288,8.0,8,,,,,,,,
,,,,,10295,7.0,7,,,,,,,,
,,,,,10303,8.0,8,,,,,,,,
,,,,,10308,5.0,5,,,,,,,,
,,,,,10313,5.0,5,,,,,,,,
,,,,,10324,11.0,11,,,,,,,,
,,,,,10328,4.0,4,,,,,,,,
,,,,,10334,6.0,6,,,,,,,,
,,,,,10343,9.0,9,,,,,,,,
,,,,,10347,4.0,4,,,,,,,,
,,,,,10351,4.0,4,,,,,,,,
,,,,,10363,12.0,12,,,,,,,,
,,,,,10372,9.0,9,,,,,,,,
,,,,,10376,4.0,4,,,,,,,,
,,,,,10386,10.0,10,,,,,,,,
,,,,,10390,4.0,4,,,,,,,,
,,,,,10393,3.0,3,,,,,,,,
,,,,,10396,3.0,3,,,,,,,,
,,,,,10409,13.0,13,,,,,,,,
,,,,,10413,4.0,4,,,,,,,,
,,,,,10419,6.0,6,,,,,,,,
,,,,,10423,4.0,4,,,,,,,,
,,,,,10427,4.0,4,,,,,,,,
,,,,,10435,8.0,8,,,,,,,,
,,,,,10441,6.0,6,,,,,,,,
,,,,,10444,3.0,3,,,,,,,,
,,,,,10457,13.0,13,,,,,,,,
,,,,,10460,3.0,3,,,,,,,,
,,,,,10464,4.0,4,,,,,,,,
,,,,,10470,6.0,6,,,,,,,,
,,,,,10474,4.0,4,,,,,,,,
,,,,,10478,4.0,4,,,,,,,,
,,,,,10484,6.0,6,,,,,,,,
,,,,,10488,4.0,4,,,,,,,,
,,,,,10493,5.0,5,,,,,,,,
,,,,,10497,4.0,4,,,,,,,,
,,,,,10501,4.0,4,,,,,,,,
,,,,,10505,4.0,4,,,,,,,,
,,,,,10508,3.0,3,,,,,,,,
,,,,,10513,5.0,5,,,,,,,,
,,,,,10525,12.0,12,,,,,,,,
,,,,,10531,6.0,6,,,,,,,,
,,,,,10535,4.0,4,,,,,,,,
,,,,,10539,4.0,4,,,,,,,,
,,,,,10551,12.0,12,,,,,,,,
,,,,,10561,10.0,10,,,,,,,,
,,,,,10566,5.0,5,,,,,,,,
,,,,,10569,3.0,3,,,,,,,,
,,,,,10578,9.0,9,,,,,,,,
,,,,,10584,6.0,6,,,,,,,,
,,,,,10590,6.0,6,,,,,,,,
,,,,,10594,4.0,4,,,,,,,,
,,,,,10601,7.0,7,,,,,,,,
,,,,,10605,4.0,4,,,,,,,,
,,,,,10609,4.0,4,,,,,,,,
,,,,,10612,3.0,3,,,,,,,,
,,,,,10617,5.0,5,,,,,,,,
,,,,,10622,5.0,5,,,,,,,,
,,,,,10627,5.0,5,,,,,,,,
,,,,,10631,4.0,4,,,,,,,,
,,,,,10635,4.0,4,,,,,,,,
,,,,,10639,4.0,4,,,,,,,,
,,,,,10644,5.0,5,,,,,,,,
,,,,,10649,5.0,5,,,,,,,,
,,,,,10654,5.0,5,,,,,,,,
,,,,,10657,3.0,3,,,,,,,,
,,,,,10662,5.0,5,,,,,,,,
,,,,,10678,16.0,16,,,,,,,,
,,,,,10681,3.0,3,,,,,,,,
,,,,,10684,3.0,3,,,,,,,,
,,,,,10688,4.0,4,,,,,,,,
,,,,,10693,5.0,5,,,,,,,,
,,,,,10701,8.0,8,,,,,,,,
,,,,,10705,4.0,4,,,,,,,,
,,,,,10708,3.0,3,,,,,,,,
,,,,,10711,3.0,3,,,,,,,,
,,,,,10714,3.0,3,,,,,,,,
,,,,,10717,3.0,3,,,,,,,,
,,,,,10726,9.0,9,,,,,,,,
,,,,,10740,14.0,14,,,,,,,,
,,,,,10744,4.0,4,,,,,,,,
,,,,,10748,4.0,4,,,,,,,,
,,,,,10754,6.0,6,,,,,,,,
,,,,,10759,5.0,5,,,,,,,,
,,,,,10764,5.0,5,,,,,,,,
,,,,,10771,7.0,7,,,,,,,,
,,,,,10774,3.0,3,,,,,,,,
,,,,,10778,4.0,4,,,,,,,,
,,,,,10782,4.0,4,,,,,,,,
,,,,,10787,5.0,5,,,,,,,,
,,,,,10792,5.0,5,,,,,,,,
,,,,,10796,4.0,4,,,,,,,,
,,,,,10800,4.0,4,,,,,,,,
,,,,,10811,11.0,11,,,,,,,,
,,,,,10827,16.0,16,,,,,,,,
,,,,,10833,6.0,6,,,,,,,,
,,,,,10836,3.0,3,,,,,,,,
,,,,,10852,16.0,16,,,,,,,,
,,,,,10855,3.0,3,,,,,,,,
,,,,,10858,3.0,3,,,,,,,,
,,,,,10864,6.0,6,,,,,,,,
,,,,,10870,6.0,6,,,,,,,,
,,,,,10874,4.0,4,,,,,,,,
,,,,,10878,4.0,4,,,,,,,,
,,,,,10881,3.0,3,,,,,,,,
,,,,,10885,4.0,4,,,,,,,,
,,,,,10890,5.0,5,,,,,,,,
,,,,,10895,5.0,5,,,,,,,,
,,,,,10905,10.0,10,,,,,,,,
,,,,,10909,4.0,4,,,,,,,,
,,,,,10918,9.0,9,,,,,,,,
,,,,,10921,3.0,3,,,,,,,,
,,,,,10924,3.0,3,,,,,,,,
,,,,,10933,9.0,9,,,,,,,,
,,,,,10954,21.0,21,,,,,,,,
,,,,,10957,3.0,3,,,,,,,,
,,,,,10962,5.0,5,,,,,,,,
,,,,,10969,7.0,7,,,,,,,,
,,,,,10973,4.0,4,,,,,,,,
,,,,,10976,3.0,3,,,,,,,,
,,,,,10983,7.0,7,,,,,,,,
,,,,,10988,5.0,5,,,,,,,,
,,,,,10993,5.0,5,,,,,,,,
,,,,,10996,3.0,3,,,,,,,,
,,,,,10999,3.0,3,,,,,,,,
,,,,,11000,,,-0.06978775560855865,0.6978775262832642,1.7451224327087402,4.739848613739014,4.643272876739502,0.0003,0.0003,0.1
,,,,,11006,7.0,7,,,,,,,,
,,,,,11009,3.0,3,,,,,,,,
,,,,,11014,5.0,5,,,,,,,,
,,,,,11022,8.0,8,,,,,,,,
,,,,,11025,3.0,3,,,,,,,,
,,,,,11028,3.0,3,,,,,,,,
,,,,,11032,4.0,4,,,,,,,,
,,,,,11036,4.0,4,,,,,,,,
,,,,,11052,16.0,16,,,,,,,,
,,,,,11056,4.0,4,,,,,,,,
,,,,,11059,3.0,3,,,,,,,,
,,,,,11065,6.0,6,,,,,,,,
,,,,,11068,3.0,3,,,,,,,,
,,,,,11080,12.0,12,,,,,,,,
,,,,,11089,9.0,9,,,,,,,,
,,,,,11092,3.0,3,,,,,,,,
,,,,,11101,9.0,9,,,,,,,,
,,,,,11109,8.0,8,,,,,,,,
,,,,,11115,6.0,6,,,,,,,,
,,,,,11118,3.0,3,,,,,,,,
,,,,,11123,5.0,5,,,,,,,,
,,,,,11128,5.0,5,,,,,,,,
,,,,,11134,6.0,6,,,,,,,,
,,,,,11137,3.0,3,,,,,,,,
,,,,,11141,4.0,4,,,,,,,,
,,,,,11145,4.0,4,,,,,,,,
,,,,,11150,5.0,5,,,,,,,,
,,,,,11157,7.0,7,,,,,,,,
,,,,,11161,4.0,4,,,,,,,,
,,,,,11165,4.0,4,,,,,,,,
,,,,,11169,4.0,4,,,,,,,,
,,,,,11176,7.0,7,,,,,,,,
,,,,,11179,3.0,3,,,,,,,,
,,,,,11183,4.0,4,,,,,,,,
,,,,,11188,5.0,5,,,,,,,,
,,,,,11206,18.0,18,,,,,,,,
,,,,,11209,3.0,3,,,,,,,,
,,,,,11212,3.0,3,,,,,,,,
,,,,,11217,5.0,5,,,,,,,,
,,,,,11221,4.0,4,,,,,,,,
,,,,,11230,9.0,9,,,,,,,,
,,,,,11235,5.0,5,,,,,,,,
,,,,,11241,6.0,6,,,,,,,,
,,,,,11246,5.0,5,,,,,,,,
,,,,,11250,4.0,4,,,,,,,,
,,,,,11255,5.0,5,,,,,,,,
,,,,,11258,3.0,3,,,,,,,,
,,,,,11265,7.0,7,,,,,,,,
,,,,,11270,5.0,5,,,,,,,,
,,,,,11280,10.0,10,,,,,,,,
,,,,,11284,4.0,4,,,,,,,,
,,,,,11288,4.0,4,,,,,,,,
,,,,,11295,7.0,7,,,,,,,,
,,,,,11299,4.0,4,,,,,,,,
,,,,,11307,8.0,8,,,,,,,,
,,,,,11312,5.0,5,,,,,,,,
,,,,,11315,3.0,3,,,,,,,,
,,,,,11324,9.0,9,,,,,,,,
,,,,,11332,8.0,8,,,,,,,,
,,,,,11336,4.0,4,,,,,,,,
,,,,,11340,4.0,4,,,,,,,,
,,,,,11349,9.0,9,,,,,,,,
,,,,,11352,3.0,3,,,,,,,,
,,,,,11355,3.0,3,,,,,,,,
,,,,,11362,7.0,7,,,,,,,,
,,,,,11369,7.0,7,,,,,,,,
,,,,,11372,3.0,3,,,,,,,,
,,,,,11378,6.0,6,,,,,,,,
,,,,,11383,5.0,5,,,,,,,,
,,,,,11388,5.0,5,,,,,,,,
,,,,,11394,6.0,6,,,,,,,,
,,,,,11398,4.0,4,,,,,,,,
,,,,,11403,5.0,5,,,,,,,,
,,,,,11408,5.0,5,,,,,,,,
,,,,,11411,3.0,3,,,,,,,,
,,,,,11420,9.0,9,,,,,,,,
,,,,,11432,12.0,12,,,,,,,,
,,,,,11436,4.0,4,,,,,,,,
,,,,,11440,4.0,4,,,,,,,,
,,,,,11443,3.0,3,,,,,,,,
,,,,,11447,4.0,4,,,,,,,,
,,,,,11452,5.0,5,,,,,,,,
,,,,,11455,3.0,3,,,,,,,,
,,,,,11459,4.0,4,,,,,,,,
,,,,,11462,3.0,3,,,,,,,,
,,,,,11467,5.0,5,,,,,,,,
,,,,,11470,3.0,3,,,,,,,,
,,,,,11476,6.0,6,,,,,,,,
,,,,,11480,4.0,4,,,,,,,,
,,,,,11485,5.0,5,,,,,,,,
,,,,,11489,4.0,4,,,,,,,,
,,,,,11493,4.0,4,,,,,,,,
,,,,,11496,3.0,3,,,,,,,,
,,,,,11502,6.0,6,,,,,,,,
,,,,,11507,5.0,5,,,,,,,,
,,,,,11511,4.0,4,,,,,,,,
,,,,,11518,7.0,7,,,,,,,,
,,,,,11521,3.0,3,,,,,,,,
,,,,,11524,3.0,3,,,,,,,,
,,,,,11536,12.0,12,,,,,,,,
,,,,,11541,5.0,5,,,,,,,,
,,,,,11544,3.0,3,,,,,,,,
,,,,,11557,13.0,13,,,,,,,,
,,,,,11561,4.0,4,,,,,,,,
,,,,,11566,5.0,5,,,,,,,,
,,,,,11584,18.0,18,,,,,,,,
,,,,,11589,5.0,5,,,,,,,,
,,,,,11593,4.0,4,,,,,,,,
,,,,,11604,11.0,11,,,,,,,,
,,,,,11618,14.0,14,,,,,,,,
,,,,,11635,17.0,17,,,,,,,,
,,,,,11646,11.0,11,,,,,,,,
,,,,,11651,5.0,5,,,,,,,,
,,,,,11662,11.0,11,,,,,,,,
,,,,,11665,3.0,3,,,,,,,,
,,,,,11669,4.0,4,,,,,,,,
,,,,,11676,7.0,7,,,,,,,,
,,,,,11681,5.0,5,,,,,,,,
,,,,,11687,6.0,6,,,,,,,,
,,,,,11690,3.0,3,,,,,,,,
,,,,,11693,3.0,3,,,,,,,,
,,,,,11697,4.0,4,,,,,,,,
,,,,,11704,7.0,7,,,,,,,,
,,,,,11707,3.0,3,,,,,,,,
,,,,,11715,8.0,8,,,,,,,,
,,,,,11720,5.0,5,,,,,,,,
,,,,,11730,10.0,10,,,,,,,,
,,,,,11737,7.0,7,,,,,,,,
,,,,,11744,7.0,7,,,,,,,,
,,,,,11759,15.0,15,,,,,,,,
,,,,,11763,4.0,4,,,,,,,,
,,,,,11767,4.0,4,,,,,,,,
,,,,,11770,3.0,3,,,,,,,,
,,,,,11779,9.0,9,,,,,,,,
,,,,,11785,6.0,6,,,,,,,,
,,,,,11789,4.0,4,,,,,,,,
,,,,,11798,9.0,9,,,,,,,,
,,,,,11801,3.0,3,,,,,,,,
,,,,,11809,8.0,8,,,,,,,,
,,,,,11813,4.0,4,,,,,,,,
,,,,,11816,3.0,3,,,,,,,,
,,,,,11820,4.0,4,,,,,,,,
,,,,,11837,17.0,17,,,,,,,,
,,,,,11845,8.0,8,,,,,,,,
,,,,,11853,8.0,8,,,,,,,,
,,,,,11857,4.0,4,,,,,,,,
,,,,,11860,3.0,3,,,,,,,,
,,,,,11865,5.0,5,,,,,,,,
,,,,,11871,6.0,6,,,,,,,,
,,,,,11874,3.0,3,,,,,,,,
,,,,,11878,4.0,4,,,,,,,,
,,,,,11884,6.0,6,,,,,,,,
,,,,,11893,9.0,9,,,,,,,,
,,,,,11903,10.0,10,,,,,,,,
,,,,,11908,5.0,5,,,,,,,,
,,,,,11915,7.0,7,,,,,,,,
,,,,,11918,3.0,3,,,,,,,,
,,,,,11921,3.0,3,,,,,,,,
,,,,,11924,3.0,3,,,,,,,,
,,,,,11935,11.0,11,,,,,,,,
,,,,,11938,3.0,3,,,,,,,,
,,,,,11942,4.0,4,,,,,,,,
,,,,,11955,13.0,13,,,,,,,,
,,,,,11959,4.0,4,,,,,,,,
,,,,,11964,5.0,5,,,,,,,,
,,,,,11967,3.0,3,,,,,,,,
,,,,,11977,10.0,10,,,,,,,,
,,,,,11982,5.0,5,,,,,,,,
,,,,,11987,5.0,5,,,,,,,,
,,,,,11994,7.0,7,,,,,,,,
,,,,,12000,,,-0.06888729333877563,0.6888729333877563,1.8885283470153809,4.431004047393799,4.322747230529785,0.0003,0.0003,0.1
,,,,,12007,13.0,13,,,,,,,,
,,,,,12012,5.0,5,,,,,,,,
,,,,,12015,3.0,3,,,,,,,,
,,,,,12018,3.0,3,,,,,,,,
,,,,,12022,4.0,4,,,,,,,,
,,,,,12026,4.0,4,,,,,,,,
,,,,,12040,14.0,14,,,,,,,,
,,,,,12050,10.0,10,,,,,,,,
,,,,,12057,7.0,7,,,,,,,,
,,,,,12061,4.0,4,,,,,,,,
,,,,,12067,6.0,6,,,,,,,,
,,,,,12072,5.0,5,,,,,,,,
,,,,,12084,12.0,12,,,,,,,,
,,,,,12090,6.0,6,,,,,,,,
,,,,,12097,7.0,7,,,,,,,,
,,,,,12103,6.0,6,,,,,,,,
,,,,,12107,4.0,4,,,,,,,,
,,,,,12117,10.0,10,,,,,,,,
,,,,,12124,7.0,7,,,,,,,,
,,,,,12130,6.0,6,,,,,,,,
,,,,,12133,3.0,3,,,,,,,,
,,,,,12137,4.0,4,,,,,,,,
,,,,,12142,5.0,5,,,,,,,,
,,,,,12148,6.0,6,,,,,,,,
,,,,,12154,6.0,6,,,,,,,,
,,,,,12172,18.0,18,,,,,,,,
,,,,,12175,3.0,3,,,,,,,,
,,,,,12184,9.0,9,,,,,,,,
,,,,,12187,3.0,3,,,,,,,,
,,,,,12195,8.0,8,,,,,,,,
,,,,,12207,12.0,12,,,,,,,,
,,,,,12214,7.0,7,,,,,,,,
,,,,,12218,4.0,4,,,,,,,,
,,,,,12227,9.0,9,,,,,,,,
,,,,,12230,3.0,3,,,,,,,,
,,,,,12246,16.0,16,,,,,,,,
,,,,,12252,6.0,6,,,,,,,,
,,,,,12255,3.0,3,,,,,,,,
,,,,,12261,6.0,6,,,,,,,,
,,,,,12266,5.0,5,,,,,,,,
,,,,,12269,3.0,3,,,,,,,,
,,,,,12273,4.0,4,,,,,,,,
,,,,,12278,5.0,5,,,,,,,,
,,,,,12281,3.0,3,,,,,,,,
,,,,,12292,11.0,11,,,,,,,,
,,,,,12301,9.0,9,,,,,,,,
,,,,,12307,6.0,6,,,,,,,,
,,,,,12310,3.0,3,,,,,,,,
,,,,,12320,10.0,10,,,,,,,,
,,,,,12325,5.0,5,,,,,,,,
,,,,,12329,4.0,4,,,,,,,,
,,,,,12334,5.0,5,,,,,,,,
,,,,,12346,12.0,12,,,,,,,,
,,,,,12353,7.0,7,,,,,,,,
,,,,,12358,5.0,5,,,,,,,,
,,,,,12364,6.0,6,,,,,,,,
,,,,,12367,3.0,3,,,,,,,,
,,,,,12371,4.0,4,,,,,,,,
,,,,,12377,6.0,6,,,,,,,,
,,,,,12387,10.0,10,,,,,,,,
,,,,,12390,3.0,3,,,,,,,,
,,,,,12393,3.0,3,,,,,,,,
,,,,,12398,5.0,5,,,,,,,,
,,,,,12401,3.0,3,,,,,,,,
,,,,,12407,6.0,6,,,,,,,,
,,,,,12411,4.0,4,,,,,,,,
,,,,,12416,5.0,5,,,,,,,,
,,,,,12423,7.0,7,,,,,,,,
,,,,,12426,3.0,3,,,,,,,,
,,,,,12434,8.0,8,,,,,,,,
,,,,,12447,13.0,13,,,,,,,,
,,,,,12453,6.0,6,,,,,,,,
,,,,,12458,5.0,5,,,,,,,,
,,,,,12462,4.0,4,,,,,,,,
,,,,,12467,5.0,5,,,,,,,,
,,,,,12470,3.0,3,,,,,,,,
,,,,,12473,3.0,3,,,,,,,,
,,,,,12482,9.0,9,,,,,,,,
,,,,,12489,7.0,7,,,,,,,,
,,,,,12493,4.0,4,,,,,,,,
,,,,,12496,3.0,3,,,,,,,,
,,,,,12499,3.0,3,,,,,,,,
,,,,,12504,5.0,5,,,,,,,,
,,,,,12514,10.0,10,,,,,,,,
,,,,,12518,4.0,4,,,,,,,,
,,,,,12531,13.0,13,,,,,,,,
,,,,,12538,7.0,7,,,,,,,,
,,,,,12550,12.0,12,,,,,,,,
,,,,,12555,5.0,5,,,,,,,,
,,,,,12564,9.0,9,,,,,,,,
,,,,,12570,6.0,6,,,,,,,,
,,,,,12578,8.0,8,,,,,,,,
,,,,,12582,4.0,4,,,,,,,,
,,,,,12585,3.0,3,,,,,,,,
,,,,,12593,8.0,8,,,,,,,,
,,,,,12596,3.0,3,,,,,,,,
,,,,,12599,3.0,3,,,,,,,,
,,,,,12605,6.0,6,,,,,,,,
,,,,,12609,4.0,4,,,,,,,,
,,,,,12613,4.0,4,,,,,,,,
,,,,,12623,10.0,10,,,,,,,,
,,,,,12631,8.0,8,,,,,,,,
,,,,,12636,5.0,5,,,,,,,,
,,,,,12639,3.0,3,,,,,,,,
,,,,,12652,13.0,13,,,,,,,,
,,,,,12655,3.0,3,,,,,,,,
,,,,,12660,5.0,5,,,,,,,,
,,,,,12672,12.0,12,,,,,,,,
,,,,,12675,3.0,3,,,,,,,,
,,,,,12685,10.0,10,,,,,,,,
,,,,,12691,6.0,6,,,,,,,,
,,,,,12704,13.0,13,,,,,,,,
,,,,,12708,4.0,4,,,,,,,,
,,,,,12716,8.0,8,,,,,,,,
,,,,,12728,12.0,12,,,,,,,,
,,,,,12740,12.0,12,,,,,,,,
,,,,,12745,5.0,5,,,,,,,,
,,,,,12749,4.0,4,,,,,,,,
,,,,,12752,3.0,3,,,,,,,,
,,,,,12755,3.0,3,,,,,,,,
,,,,,12762,7.0,7,,,,,,,,
,,,,,12765,3.0,3,,,,,,,,
,,,,,12772,7.0,7,,,,,,,,
,,,,,12788,16.0,16,,,,,,,,
,,,,,12810,22.0,22,,,,,,,,
,,,,,12816,6.0,6,,,,,,,,
,,,,,12821,5.0,5,,,,,,,,
,,,,,12827,6.0,6,,,,,,,,
,,,,,12836,9.0,9,,,,,,,,
,,,,,12839,3.0,3,,,,,,,,
,,,,,12842,3.0,3,,,,,,,,
,,,,,12846,4.0,4,,,,,,,,
,,,,,12849,3.0,3,,,,,,,,
,,,,,12852,3.0,3,,,,,,,,
,,,,,12859,7.0,7,,,,,,,,
,,,,,12871,12.0,12,,,,,,,,
,,,,,12886,15.0,15,,,,,,,,
,,,,,12890,4.0,4,,,,,,,,
,,,,,12897,7.0,7,,,,,,,,
,,,,,12903,6.0,6,,,,,,,,
,,,,,12906,3.0,3,,,,,,,,
,,,,,12912,6.0,6,,,,,,,,
,,,,,12917,5.0,5,,,,,,,,
,,,,,12920,3.0,3,,,,,,,,
,,,,,12923,3.0,3,,,,,,,,
,,,,,12926,3.0,3,,,,,,,,
,,,,,12930,4.0,4,,,,,,,,
,,,,,12934,4.0,4,,,,,,,,
,,,,,12942,8.0,8,,,,,,,,
,,,,,12948,6.0,6,,,,,,,,
,,,,,12951,3.0,3,,,,,,,,
,,,,,12964,13.0,13,,,,,,,,
,,,,,12973,9.0,9,,,,,,,,
,,,,,12976,3.0,3,,,,,,,,
,,,,,12982,6.0,6,,,,,,,,
,,,,,12993,11.0,11,,,,,,,,
,,,,,13000,,,-0.06913067400455475,0.6913067102432251,2.128783702850342,4.768289566040039,4.829118728637695,0.0003,0.0003,0.1
,,,,,13004,11.0,11,,,,,,,,
,,,,,13015,11.0,11,,,,,,,,
,,,,,13021,6.0,6,,,,,,,,
,,,,,13025,4.0,4,,,,,,,,
,,,,,13029,4.0,4,,,,,,,,
,,,,,13034,5.0,5,,,,,,,,
,,,,,13037,3.0,3,,,,,,,,
,,,,,13042,5.0,5,,,,,,,,
,,,,,13054,12.0,12,,,,,,,,
,,,,,13062,8.0,8,,,,,,,,
,,,,,13067,5.0,5,,,,,,,,
,,,,,13076,9.0,9,,,,,,,,
,,,,,13079,3.0,3,,,,,,,,
,,,,,13084,5.0,5,,,,,,,,
,,,,,13089,5.0,5,,,,,,,,
,,,,,13094,5.0,5,,,,,,,,
,,,,,13097,3.0,3,,,,,,,,
,,,,,13102,5.0,5,,,,,,,,
,,,,,13119,17.0,17,,,,,,,,
,,,,,13122,3.0,3,,,,,,,,
,,,,,13136,14.0,14,,,,,,,,
,,,,,13145,9.0,9,,,,,,,,
,,,,,13151,6.0,6,,,,,,,,
,,,,,13155,4.0,4,,,,,,,,
,,,,,13158,3.0,3,,,,,,,,
,,,,,13165,7.0,7,,,,,,,,
,,,,,13171,6.0,6,,,,,,,,
,,,,,13175,4.0,4,,,,,,,,
,,,,,13180,5.0,5,,,,,,,,
,,,,,13185,5.0,5,,,,,,,,
,,,,,13189,4.0,4,,,,,,,,
,,,,,13193,4.0,4,,,,,,,,
,,,,,13199,6.0,6,,,,,,,,
,,,,,13209,10.0,10,,,,,,,,
,,,,,13212,3.0,3,,,,,,,,
,,,,,13215,3.0,3,,,,,,,,
,,,,,13218,3.0,3,,,,,,,,
,,,,,13221,3.0,3,,,,,,,,
,,,,,13225,4.0,4,,,,,,,,
,,,,,13228,3.0,3,,,,,,,,
,,,,,13234,6.0,6,,,,,,,,
,,,,,13246,12.0,12,,,,,,,,
,,,,,13252,6.0,6,,,,,,,,
,,,,,13255,3.0,3,,,,,,,,
,,,,,13259,4.0,4,,,,,,,,
,,,,,13267,8.0,8,,,,,,,,
,,,,,13273,6.0,6,,,,,,,,
,,,,,13282,9.0,9,,,,,,,,
,,,,,13287,5.0,5,,,,,,,,
,,,,,13291,4.0,4,,,,,,,,
,,,,,13299,8.0,8,,,,,,,,
,,,,,13302,3.0,3,,,,,,,,
,,,,,13313,11.0,11,,,,,,,,
,,,,,13324,11.0,11,,,,,,,,
,,,,,13329,5.0,5,,,,,,,,
,,,,,13333,4.0,4,,,,,,,,
,,,,,13345,12.0,12,,,,,,,,
,,,,,13351,6.0,6,,,,,,,,
,,,,,13358,7.0,7,,,,,,,,
,,,,,13362,4.0,4,,,,,,,,
,,,,,13368,6.0,6,,,,,,,,
,,,,,13375,7.0,7,,,,,,,,
,,,,,13378,3.0,3,,,,,,,,
,,,,,13383,5.0,5,,,,,,,,
,,,,,13386,3.0,3,,,,,,,,
,,,,,13389,3.0,3,,,,,,,,
,,,,,13404,15.0,15,,,,,,,,
,,,,,13411,7.0,7,,,,,,,,
,,,,,13421,10.0,10,,,,,,,,
,,,,,13426,5.0,5,,,,,,,,
,,,,,13429,3.0,3,,,,,,,,
,,,,,13432,3.0,3,,,,,,,,
,,,,,13437,5.0,5,,,,,,,,
,,,,,13440,3.0,3,,,,,,,,
,,,,,13443,3.0,3,,,,,,,,
,,,,,13446,3.0,3,,,,,,,,
,,,,,13449,3.0,3,,,,,,,,
,,,,,13452,3.0,3,,,,,,,,
,,,,,13455,3.0,3,,,,,,,,
,,,,,13459,4.0,4,,,,,,,,
,,,,,13462,3.0,3,,,,,,,,
,,,,,13465,3.0,3,,,,,,,,
,,,,,13479,14.0,14,,,,,,,,
,,,,,13483,4.0,4,,,,,,,,
,,,,,13487,4.0,4,,,,,,,,
,,,,,13498,11.0,11,,,,,,,,
,,,,,13503,5.0,5,,,,,,,,
,,,,,13508,5.0,5,,,,,,,,
,,,,,13516,8.0,8,,,,,,,,
,,,,,13520,4.0,4,,,,,,,,
,,,,,13525,5.0,5,,,,,,,,
,,,,,13528,3.0,3,,,,,,,,
,,,,,13533,5.0,5,,,,,,,,
,,,,,13544,11.0,11,,,,,,,,
,,,,,13550,6.0,6,,,,,,,,
,,,,,13556,6.0,6,,,,,,,,
,,,,,13559,3.0,3,,,,,,,,
,,,,,13565,6.0,6,,,,,,,,
,,,,,13570,5.0,5,,,,,,,,
,,,,,13574,4.0,4,,,,,,,,
,,,,,13582,8.0,8,,,,,,,,
,,,,,13586,4.0,4,,,,,,,,
,,,,,13595,9.0,9,,,,,,,,
,,,,,13600,5.0,5,,,,,,,,
,,,,,13604,4.0,4,,,,,,,,
,,,,,13609,5.0,5,,,,,,,,
,,,,,13618,9.0,9,,,,,,,,
,,,,,13622,4.0,4,,,,,,,,
,,,,,13627,5.0,5,,,,,,,,
,,,,,13630,3.0,3,,,,,,,,
,,,,,13640,10.0,10,,,,,,,,
,,,,,13646,6.0,6,,,,,,,,
,,,,,13650,4.0,4,,,,,,,,
,,,,,13653,3.0,3,,,,,,,,
,,,,,13663,10.0,10,,,,,,,,
,,,,,13667,4.0,4,,,,,,,,
,,,,,13676,9.0,9,,,,,,,,
,,,,,13685,9.0,9,,,,,,,,
,,,,,13693,8.0,8,,,,,,,,
,,,,,13699,6.0,6,,,,,,,,
,,,,,13703,4.0,4,,,,,,,,
,,,,,13713,10.0,10,,,,,,,,
,,,,,13718,5.0,5,,,,,,,,
,,,,,13722,4.0,4,,,,,,,,
,,,,,13730,8.0,8,,,,,,,,
,,,,,13737,7.0,7,,,,,,,,
,,,,,13740,3.0,3,,,,,,,,
,,,,,13747,7.0,7,,,,,,,,
,,,,,13751,4.0,4,,,,,,,,
,,,,,13754,3.0,3,,,,,,,,
,,,,,13763,9.0,9,,,,,,,,
,,,,,13769,6.0,6,,,,,,,,
,,,,,13773,4.0,4,,,,,,,,
,,,,,13782,9.0,9,,,,,,,,
,,,,,13785,3.0,3,,,,,,,,
,,,,,13789,4.0,4,,,,,,,,
,,,,,13792,3.0,3,,,,,,,,
,,,,,13800,8.0,8,,,,,,,,
,,,,,13807,7.0,7,,,,,,,,
,,,,,13815,8.0,8,,,,,,,,
,,,,,13819,4.0,4,,,,,,,,
,,,,,13825,6.0,6,,,,,,,,
,,,,,13828,3.0,3,,,,,,,,
,,,,,13832,4.0,4,,,,,,,,
,,,,,13839,7.0,7,,,,,,,,
,,,,,13842,3.0,3,,,,,,,,
,,,,,13846,4.0,4,,,,,,,,
,,,,,13851,5.0,5,,,,,,,,
,,,,,13855,4.0,4,,,,,,,,
,,,,,13863,8.0,8,,,,,,,,
,,,,,13866,3.0,3,,,,,,,,
,,,,,13869,3.0,3,,,,,,,,
,,,,,13872,3.0,3,,,,,,,,
,,,,,13880,8.0,8,,,,,,,,
,,,,,13911,31.0,31,,,,,,,,
,,,,,13914,3.0,3,,,,,,,,
,,,,,13919,5.0,5,,,,,,,,
,,,,,13922,3.0,3,,,,,,,,
,,,,,13930,8.0,8,,,,,,,,
,,,,,13940,10.0,10,,,,,,,,
,,,,,13947,7.0,7,,,,,,,,
,,,,,13953,6.0,6,,,,,,,,
,,,,,13969,16.0,16,,,,,,,,
,,,,,13976,7.0,7,,,,,,,,
,,,,,13981,5.0,5,,,,,,,,
,,,,,13988,7.0,7,,,,,,,,
,,,,,13993,5.0,5,,,,,,,,
,,,,,13996,3.0,3,,,,,,,,
,,,,,14000,4.0,4,,,,,,,,
,,,,,14000,,,-0.06767439097166061,0.6767438650131226,1.792378306388855,4.733562469482422,4.758342742919922,0.0003,0.0003,0.1
,,,,,14005,5.0,5,,,,,,,,
,,,,,14014,9.0,9,,,,,,,,
,,,,,14022,8.0,8,,,,,,,,
,,,,,14027,5.0,5,,,,,,,,
,,,,,14035,8.0,8,,,,,,,,
,,,,,14038,3.0,3,,,,,,,,
,,,,,14042,4.0,4,,,,,,,,
,,,,,14047,5.0,5,,,,,,,,
,,,,,14057,10.0,10,,,,,,,,
,,,,,14066,9.0,9,,,,,,,,
,,,,,14070,4.0,4,,,,,,,,
,,,,,14077,7.0,7,,,,,,,,
,,,,,14085,8.0,8,,,,,,,,
,,,,,14099,14.0,14,,,,,,,,
,,,,,14104,5.0,5,,,,,,,,
,,,,,14109,5.0,5,,,,,,,,
,,,,,14119,10.0,10,,,,,,,,
,,,,,14125,6.0,6,,,,,,,,
,,,,,14132,7.0,7,,,,,,,,
,,,,,14141,9.0,9,,,,,,,,
,,,,,14144,3.0,3,,,,,,,,
,,,,,14149,5.0,5,,,,,,,,
,,,,,14153,4.0,4,,,,,,,,
,,,,,14157,4.0,4,,,,,,,,
,,,,,14161,4.0,4,,,,,,,,
,,,,,14173,12.0,12,,,,,,,,
,,,,,14179,6.0,6,,,,,,,,
,,,,,14187,8.0,8,,,,,,,,
,,,,,14201,14.0,14,,,,,,,,
,,,,,14205,4.0,4,,,,,,,,
,,,,,14210,5.0,5,,,,,,,,
,,,,,14213,3.0,3,,,,,,,,
,,,,,14223,10.0,10,,,,,,,,
,,,,,14226,3.0,3,,,,,,,,
,,,,,14231,5.0,5,,,,,,,,
,,,,,14235,4.0,4,,,,,,,,
,,,,,14246,11.0,11,,,,,,,,
,,,,,14253,7.0,7,,,,,,,,
,,,,,14256,3.0,3,,,,,,,,
,,,,,14259,3.0,3,,,,,,,,
,,,,,14267,8.0,8,,,,,,,,
,,,,,14271,4.0,4,,,,,,,,
,,,,,14278,7.0,7,,,,,,,,
,,,,,14281,3.0,3,,,,,,,,
,,,,,14286,5.0,5,,,,,,,,
,,,,,14291,5.0,5,,,,,,,,
,,,,,14295,4.0,4,,,,,,,,
,,,,,14309,14.0,14,,,,,,,,
,,,,,14319,10.0,10,,,,,,,,
,,,,,14334,15.0,15,,,,,,,,
,,,,,14338,4.0,4,,,,,,,,
,,,,,14344,6.0,6,,,,,,,,
,,,,,14349,5.0,5,,,,,,,,
,,,,,14354,5.0,5,,,,,,,,
,,,,,14357,3.0,3,,,,,,,,
,,,,,14360,3.0,3,,,,,,,,
,,,,,14366,6.0,6,,,,,,,,
,,,,,14374,8.0,8,,,,,,,,
,,,,,14378,4.0,4,,,,,,,,
,,,,,14383,5.0,5,,,,,,,,
,,,,,14386,3.0,3,,,,,,,,
,,,,,14391,5.0,5,,,,,,,,
,,,,,14395,4.0,4,,,,,,,,
,,,,,14401,6.0,6,,,,,,,,
,,,,,14404,3.0,3,,,,,,,,
,,,,,14412,8.0,8,,,,,,,,
,,,,,14415,3.0,3,,,,,,,,
,,,,,14419,4.0,4,,,,,,,,
,,,,,14430,11.0,11,,,,,,,,
,,,,,14433,3.0,3,,,,,,,,
,,,,,14437,4.0,4,,,,,,,,
,,,,,14446,9.0,9,,,,,,,,
,,,,,14471,25.0,25,,,,,,,,
,,,,,14474,3.0,3,,,,,,,,
,,,,,14477,3.0,3,,,,,,,,
,,,,,14480,3.0,3,,,,,,,,
,,,,,14486,6.0,6,,,,,,,,
,,,,,14492,6.0,6,,,,,,,,
,,,,,14496,4.0,4,,,,,,,,
,,,,,14500,4.0,4,,,,,,,,
,,,,,14503,3.0,3,,,,,,,,
,,,,,14507,4.0,4,,,,,,,,
,,,,,14510,3.0,3,,,,,,,,
,,,,,14513,3.0,3,,,,,,,,
,,,,,14516,3.0,3,,,,,,,,
,,,,,14523,7.0,7,,,,,,,,
,,,,,14530,7.0,7,,,,,,,,
,,,,,14535,5.0,5,,,,,,,,
,,,,,14539,4.0,4,,,,,,,,
,,,,,14542,3.0,3,,,,,,,,
,,,,,14549,7.0,7,,,,,,,,
,,,,,14552,3.0,3,,,,,,,,
,,,,,14555,3.0,3,,,,,,,,
,,,,,14560,5.0,5,,,,,,,,
,,,,,14564,4.0,4,,,,,,,,
,,,,,14568,4.0,4,,,,,,,,
,,,,,14571,3.0,3,,,,,,,,
,,,,,14574,3.0,3,,,,,,,,
,,,,,14584,10.0,10,,,,,,,,
,,,,,14591,7.0,7,,,,,,,,
,,,,,14594,3.0,3,,,,,,,,
,,,,,14597,3.0,3,,,,,,,,
,,,,,14600,3.0,3,,,,,,,,
,,,,,14611,11.0,11,,,,,,,,
,,,,,14615,4.0,4,,,,,,,,
,,,,,14619,4.0,4,,,,,,,,
,,,,,14626,7.0,7,,,,,,,,
,,,,,14630,4.0,4,,,,,,,,
,,,,,14633,3.0,3,,,,,,,,
,,,,,14637,4.0,4,,,,,,,,
,,,,,14642,5.0,5,,,,,,,,
,,,,,14647,5.0,5,,,,,,,,
,,,,,14653,6.0,6,,,,,,,,
,,,,,14657,4.0,4,,,,,,,,
,,,,,14662,5.0,5,,,,,,,,
,,,,,14669,7.0,7,,,,,,,,
,,,,,14678,9.0,9,,,,,,,,
,,,,,14693,15.0,15,,,,,,,,
,,,,,14700,7.0,7,,,,,,,,
,,,,,14705,5.0,5,,,,,,,,
,,,,,14710,5.0,5,,,,,,,,
,,,,,14714,4.0,4,,,,,,,,
,,,,,14719,5.0,5,,,,,,,,
,,,,,14726,7.0,7,,,,,,,,
,,,,,14733,7.0,7,,,,,,,,
,,,,,14739,6.0,6,,,,,,,,
,,,,,14746,7.0,7,,,,,,,,
,,,,,14749,3.0,3,,,,,,,,
,,,,,14754,5.0,5,,,,,,,,
,,,,,14761,7.0,7,,,,,,,,
,,,,,14764,3.0,3,,,,,,,,
,,,,,14776,12.0,12,,,,,,,,
,,,,,14781,5.0,5,,,,,,,,
,,,,,14794,13.0,13,,,,,,,,
,,,,,14798,4.0,4,,,,,,,,
,,,,,14805,7.0,7,,,,,,,,
,,,,,14810,5.0,5,,,,,,,,
,,,,,14814,4.0,4,,,,,,,,
,,,,,14818,4.0,4,,,,,,,,
,,,,,14823,5.0,5,,,,,,,,
,,,,,14831,8.0,8,,,,,,,,
,,,,,14834,3.0,3,,,,,,,,
,,,,,14846,12.0,12,,,,,,,,
,,,,,14850,4.0,4,,,,,,,,
,,,,,14853,3.0,3,,,,,,,,
,,,,,14856,3.0,3,,,,,,,,
,,,,,14860,4.0,4,,,,,,,,
,,,,,14865,5.0,5,,,,,,,,
,,,,,14872,7.0,7,,,,,,,,
,,,,,14882,10.0,10,,,,,,,,
,,,,,14886,4.0,4,,,,,,,,
,,,,,14890,4.0,4,,,,,,,,
,,,,,14899,9.0,9,,,,,,,,
,,,,,14903,4.0,4,,,,,,,,
,,,,,14909,6.0,6,,,,,,,,
,,,,,14913,4.0,4,,,,,,,,
,,,,,14918,5.0,5,,,,,,,,
,,,,,14929,11.0,11,,,,,,,,
,,,,,14932,3.0,3,,,,,,,,
,,,,,14940,8.0,8,,,,,,,,
,,,,,14946,6.0,6,,,,,,,,
,,,,,14961,15.0,15,,,,,,,,
,,,,,14965,4.0,4,,,,,,,,
,,,,,14970,5.0,5,,,,,,,,
,,,,,14973,3.0,3,,,,,,,,
,,,,,14977,4.0,4,,,,,,,,
,,,,,14985,8.0,8,,,,,,,,
,,,,,14989,4.0,4,,,,,,,,
,,,,,14995,6.0,6,,,,,,,,
6.6,2.5768197,10.0,3.0,6.6,15000,,,-0.06852375715970993,0.6852375864982605,1.7418535947799683,4.861859321594238,4.914781093597412,0.0003,0.0003,0.1
,,,,,15005,10.0,10,,,,,,,,
,,,,,15008,3.0,3,,,,,,,,
,,,,,15012,4.0,4,,,,,,,,
,,,,,15018,6.0,6,,,,,,,,
,,,,,15023,5.0,5,,,,,,,,
,,,,,15027,4.0,4,,,,,,,,
,,,,,15034,7.0,7,,,,,,,,
,,,,,15042,8.0,8,,,,,,,,
,,,,,15049,7.0,7,,,,,,,,
,,,,,15052,3.0,3,,,,,,,,
,,,,,15059,7.0,7,,,,,,,,
,,,,,15063,4.0,4,,,,,,,,
,,,,,15071,8.0,8,,,,,,,,
,,,,,15077,6.0,6,,,,,,,,
,,,,,15089,12.0,12,,,,,,,,
,,,,,15093,4.0,4,,,,,,,,
,,,,,15099,6.0,6,,,,,,,,
,,,,,15104,5.0,5,,,,,,,,
,,,,,15107,3.0,3,,,,,,,,
,,,,,15113,6.0,6,,,,,,,,
,,,,,15129,16.0,16,,,,,,,,
,,,,,15137,8.0,8,,,,,,,,
,,,,,15141,4.0,4,,,,,,,,
,,,,,15146,5.0,5,,,,,,,,
,,,,,15150,4.0,4,,,,,,,,
,,,,,15162,12.0,12,,,,,,,,
,,,,,15165,3.0,3,,,,,,,,
,,,,,15170,5.0,5,,,,,,,,
,,,,,15174,4.0,4,,,,,,,,
,,,,,15182,8.0,8,,,,,,,,
,,,,,15197,15.0,15,,,,,,,,
,,,,,15202,5.0,5,,,,,,,,
,,,,,15206,4.0,4,,,,,,,,
,,,,,15214,8.0,8,,,,,,,,
,,,,,15220,6.0,6,,,,,,,,
,,,,,15232,12.0,12,,,,,,,,
,,,,,15236,4.0,4,,,,,,,,
,,,,,15241,5.0,5,,,,,,,,
,,,,,15244,3.0,3,,,,,,,,
,,,,,15247,3.0,3,,,,,,,,
,,,,,15258,11.0,11,,,,,,,,
,,,,,15261,3.0,3,,,,,,,,
,,,,,15265,4.0,4,,,,,,,,
,,,,,15269,4.0,4,,,,,,,,
,,,,,15273,4.0,4,,,,,,,,
,,,,,15276,3.0,3,,,,,,,,
,,,,,15301,25.0,25,,,,,,,,
,,,,,15305,4.0,4,,,,,,,,
,,,,,15309,4.0,4,,,,,,,,
,,,,,15314,5.0,5,,,,,,,,
,,,,,15329,15.0,15,,,,,,,,
,,,,,15348,19.0,19,,,,,,,,
,,,,,15352,4.0,4,,,,,,,,
,,,,,15355,3.0,3,,,,,,,,
,,,,,15359,4.0,4,,,,,,,,
,,,,,15363,4.0,4,,,,,,,,
,,,,,15367,4.0,4,,,,,,,,
,,,,,15370,3.0,3,,,,,,,,
,,,,,15377,7.0,7,,,,,,,,
,,,,,15381,4.0,4,,,,,,,,
,,,,,15387,6.0,6,,,,,,,,
,,,,,15392,5.0,5,,,,,,,,
,,,,,15395,3.0,3,,,,,,,,
,,,,,15399,4.0,4,,,,,,,,
,,,,,15408,9.0,9,,,,,,,,
,,,,,15411,3.0,3,,,,,,,,
,,,,,15416,5.0,5,,,,,,,,
,,,,,15421,5.0,5,,,,,,,,
,,,,,15426,5.0,5,,,,,,,,
,,,,,15435,9.0,9,,,,,,,,
,,,,,15438,3.0,3,,,,,,,,
,,,,,15442,4.0,4,,,,,,,,
,,,,,15447,5.0,5,,,,,,,,
,,,,,15451,4.0,4,,,,,,,,
,,,,,15455,4.0,4,,,,,,,,
,,,,,15465,10.0,10,,,,,,,,
,,,,,15469,4.0,4,,,,,,,,
,,,,,15483,14.0,14,,,,,,,,
,,,,,15489,6.0,6,,,,,,,,
,,,,,15492,3.0,3,,,,,,,,
,,,,,15503,11.0,11,,,,,,,,
,,,,,15506,3.0,3,,,,,,,,
,,,,,15513,7.0,7,,,,,,,,
,,,,,15518,5.0,5,,,,,,,,
,,,,,15527,9.0,9,,,,,,,,
,,,,,15534,7.0,7,,,,,,,,
,,,,,15541,7.0,7,,,,,,,,
,,,,,15547,6.0,6,,,,,,,,
,,,,,15555,8.0,8,,,,,,,,
,,,,,15558,3.0,3,,,,,,,,
,,,,,15563,5.0,5,,,,,,,,
,,,,,15566,3.0,3,,,,,,,,
,,,,,15572,6.0,6,,,,,,,,
,,,,,15576,4.0,4,,,,,,,,
,,,,,15583,7.0,7,,,,,,,,
,,,,,15588,5.0,5,,,,,,,,
,,,,,15593,5.0,5,,,,,,,,
,,,,,15599,6.0,6,,,,,,,,
,,,,,15610,11.0,11,,,,,,,,
,,,,,15613,3.0,3,,,,,,,,
,,,,,15617,4.0,4,,,,,,,,
,,,,,15620,3.0,3,,,,,,,,
,,,,,15623,3.0,3,,,,,,,,
,,,,,15633,10.0,10,,,,,,,,
,,,,,15636,3.0,3,,,,,,,,
,,,,,15642,6.0,6,,,,,,,,
,,,,,15647,5.0,5,,,,,,,,
,,,,,15651,4.0,4,,,,,,,,
,,,,,15658,7.0,7,,,,,,,,
,,,,,15661,3.0,3,,,,,,,,
,,,,,15666,5.0,5,,,,,,,,
,,,,,15690,24.0,24,,,,,,,,
,,,,,15696,6.0,6,,,,,,,,
,,,,,15700,4.0,4,,,,,,,,
,,,,,15703,3.0,3,,,,,,,,
,,,,,15708,5.0,5,,,,,,,,
,,,,,15713,5.0,5,,,,,,,,
,,,,,15719,6.0,6,,,,,,,,
,,,,,15728,9.0,9,,,,,,,,
,,,,,15733,5.0,5,,,,,,,,
,,,,,15737,4.0,4,,,,,,,,
,,,,,15744,7.0,7,,,,,,,,
,,,,,15749,5.0,5,,,,,,,,
,,,,,15756,7.0,7,,,,,,,,
,,,,,15761,5.0,5,,,,,,,,
,,,,,15767,6.0,6,,,,,,,,
,,,,,15770,3.0,3,,,,,,,,
,,,,,15778,8.0,8,,,,,,,,
,,,,,15781,3.0,3,,,,,,,,
,,,,,15784,3.0,3,,,,,,,,
,,,,,15790,6.0,6,,,,,,,,
,,,,,15797,7.0,7,,,,,,,,
,,,,,15812,15.0,15,,,,,,,,
,,,,,15819,7.0,7,,,,,,,,
,,,,,15822,3.0,3,,,,,,,,
,,,,,15832,10.0,10,,,,,,,,
,,,,,15835,3.0,3,,,,,,,,
,,,,,15843,8.0,8,,,,,,,,
,,,,,15853,10.0,10,,,,,,,,
,,,,,15862,9.0,9,,,,,,,,
,,,,,15867,5.0,5,,,,,,,,
,,,,,15872,5.0,5,,,,,,,,
,,,,,15879,7.0,7,,,,,,,,
,,,,,15882,3.0,3,,,,,,,,
,,,,,15885,3.0,3,,,,,,,,
,,,,,15889,4.0,4,,,,,,,,
,,,,,15899,10.0,10,,,,,,,,
,,,,,15904,5.0,5,,,,,,,,
,,,,,15907,3.0,3,,,,,,,,
,,,,,15911,4.0,4,,,,,,,,
,,,,,15916,5.0,5,,,,,,,,
,,,,,15920,4.0,4,,,,,,,,
,,,,,15924,4.0,4,,,,,,,,
,,,,,15928,4.0,4,,,,,,,,
,,,,,15933,5.0,5,,,,,,,,
,,,,,15937,4.0,4,,,,,,,,
,,,,,15940,3.0,3,,,,,,,,
,,,,,15955,15.0,15,,,,,,,,
,,,,,15961,6.0,6,,,,,,,,
,,,,,15974,13.0,13,,,,,,,,
,,,,,15979,5.0,5,,,,,,,,
,,,,,15986,7.0,7,,,,,,,,
,,,,,15989,3.0,3,,,,,,,,
,,,,,15993,4.0,4,,,,,,,,
,,,,,15997,4.0,4,,,,,,,,
,,,,,16000,,,-0.06658848375082016,0.665884792804718,2.026183843612671,4.634929180145264,4.634568214416504,0.0003,0.0003,0.1
,,,,,16002,5.0,5,,,,,,,,
,,,,,16005,3.0,3,,,,,,,,
,,,,,16020,15.0,15,,,,,,,,
,,,,,16024,4.0,4,,,,,,,,
,,,,,16028,4.0,4,,,,,,,,
,,,,,16034,6.0,6,,,,,,,,
,,,,,16041,7.0,7,,,,,,,,
,,,,,16045,4.0,4,,,,,,,,
,,,,,16050,5.0,5,,,,,,,,
,,,,,16061,11.0,11,,,,,,,,
,,,,,16064,3.0,3,,,,,,,,
,,,,,16069,5.0,5,,,,,,,,
,,,,,16078,9.0,9,,,,,,,,
,,,,,16084,6.0,6,,,,,,,,
,,,,,16087,3.0,3,,,,,,,,
,,,,,16094,7.0,7,,,,,,,,
,,,,,16098,4.0,4,,,,,,,,
,,,,,16105,7.0,7,,,,,,,,
,,,,,16110,5.0,5,,,,,,,,
,,,,,16118,8.0,8,,,,,,,,
,,,,,16122,4.0,4,,,,,,,,
,,,,,16126,4.0,4,,,,,,,,
,,,,,16131,5.0,5,,,,,,,,
,,,,,16135,4.0,4,,,,,,,,
,,,,,16138,3.0,3,,,,,,,,
,,,,,16144,6.0,6,,,,,,,,
,,,,,16166,22.0,22,,,,,,,,
,,,,,16172,6.0,6,,,,,,,,
,,,,,16179,7.0,7,,,,,,,,
,,,,,16182,3.0,3,,,,,,,,
,,,,,16195,13.0,13,,,,,,,,
,,,,,16198,3.0,3,,,,,,,,
,,,,,16203,5.0,5,,,,,,,,
,,,,,16207,4.0,4,,,,,,,,
,,,,,16211,4.0,4,,,,,,,,
,,,,,16215,4.0,4,,,,,,,,
,,,,,16219,4.0,4,,,,,,,,
,,,,,16223,4.0,4,,,,,,,,
,,,,,16227,4.0,4,,,,,,,,
,,,,,16234,7.0,7,,,,,,,,
,,,,,16239,5.0,5,,,,,,,,
,,,,,16269,30.0,30,,,,,,,,
,,,,,16272,3.0,3,,,,,,,,
,,,,,16275,3.0,3,,,,,,,,
,,,,,16280,5.0,5,,,,,,,,
,,,,,16283,3.0,3,,,,,,,,
,,,,,16290,7.0,7,,,,,,,,
,,,,,16293,3.0,3,,,,,,,,
,,,,,16296,3.0,3,,,,,,,,
,,,,,16301,5.0,5,,,,,,,,
,,,,,16306,5.0,5,,,,,,,,
,,,,,16309,3.0,3,,,,,,,,
,,,,,16313,4.0,4,,,,,,,,
,,,,,16321,8.0,8,,,,,,,,
,,,,,16326,5.0,5,,,,,,,,
,,,,,16335,9.0,9,,,,,,,,
,,,,,16339,4.0,4,,,,,,,,
,,,,,16343,4.0,4,,,,,,,,
,,,,,16347,4.0,4,,,,,,,,
,,,,,16362,15.0,15,,,,,,,,
,,,,,16367,5.0,5,,,,,,,,
,,,,,16379,12.0,12,,,,,,,,
,,,,,16385,6.0,6,,,,,,,,
,,,,,16390,5.0,5,,,,,,,,
,,,,,16396,6.0,6,,,,,,,,
,,,,,16402,6.0,6,,,,,,,,
,,,,,16413,11.0,11,,,,,,,,
,,,,,16424,11.0,11,,,,,,,,
,,,,,16429,5.0,5,,,,,,,,
,,,,,16434,5.0,5,,,,,,,,
,,,,,16439,5.0,5,,,,,,,,
,,,,,16444,5.0,5,,,,,,,,
,,,,,16447,3.0,3,,,,,,,,
,,,,,16451,4.0,4,,,,,,,,
,,,,,16456,5.0,5,,,,,,,,
,,,,,16462,6.0,6,,,,,,,,
,,,,,16466,4.0,4,,,,,,,,
,,,,,16469,3.0,3,,,,,,,,
,,,,,16472,3.0,3,,,,,,,,
,,,,,16480,8.0,8,,,,,,,,
,,,,,16486,6.0,6,,,,,,,,
,,,,,16493,7.0,7,,,,,,,,
,,,,,16497,4.0,4,,,,,,,,
,,,,,16501,4.0,4,,,,,,,,
,,,,,16507,6.0,6,,,,,,,,
,,,,,16522,15.0,15,,,,,,,,
,,,,,16530,8.0,8,,,,,,,,
,,,,,16534,4.0,4,,,,,,,,
,,,,,16537,3.0,3,,,,,,,,
,,,,,16543,6.0,6,,,,,,,,
,,,,,16548,5.0,5,,,,,,,,
,,,,,16554,6.0,6,,,,,,,,
,,,,,16559,5.0,5,,,,,,,,
,,,,,16570,11.0,11,,,,,,,,
,,,,,16574,4.0,4,,,,,,,,
,,,,,16583,9.0,9,,,,,,,,
,,,,,16587,4.0,4,,,,,,,,
,,,,,16591,4.0,4,,,,,,,,
,,,,,16600,9.0,9,,,,,,,,
,,,,,16605,5.0,5,,,,,,,,
,,,,,16612,7.0,7,,,,,,,,
,,,,,16620,8.0,8,,,,,,,,
,,,,,16623,3.0,3,,,,,,,,
,,,,,16628,5.0,5,,,,,,,,
,,,,,16634,6.0,6,,,,,,,,
,,,,,16642,8.0,8,,,,,,,,
,,,,,16645,3.0,3,,,,,,,,
,,,,,16650,5.0,5,,,,,,,,
,,,,,16657,7.0,7,,,,,,,,
,,,,,16660,3.0,3,,,,,,,,
,,,,,16665,5.0,5,,,,,,,,
,,,,,16670,5.0,5,,,,,,,,
,,,,,16675,5.0,5,,,,,,,,
,,,,,16682,7.0,7,,,,,,,,
,,,,,16688,6.0,6,,,,,,,,
,,,,,16693,5.0,5,,,,,,,,
,,,,,16698,5.0,5,,,,,,,,
,,,,,16705,7.0,7,,,,,,,,
,,,,,16708,3.0,3,,,,,,,,
,,,,,16711,3.0,3,,,,,,,,
,,,,,16714,3.0,3,,,,,,,,
,,,,,16719,5.0,5,,,,,,,,
,,,,,16729,10.0,10,,,,,,,,
,,,,,16739,10.0,10,,,,,,,,
,,,,,16744,5.0,5,,,,,,,,
,,,,,16750,6.0,6,,,,,,,,
,,,,,16758,8.0,8,,,,,,,,
,,,,,16762,4.0,4,,,,,,,,
,,,,,16770,8.0,8,,,,,,,,
,,,,,16774,4.0,4,,,,,,,,
,,,,,16778,4.0,4,,,,,,,,
,,,,,16782,4.0,4,,,,,,,,
,,,,,16786,4.0,4,,,,,,,,
,,,,,16790,4.0,4,,,,,,,,
,,,,,16793,3.0,3,,,,,,,,
,,,,,16803,10.0,10,,,,,,,,
,,,,,16810,7.0,7,,,,,,,,
,,,,,16814,4.0,4,,,,,,,,
,,,,,16818,4.0,4,,,,,,,,
,,,,,16822,4.0,4,,,,,,,,
,,,,,16831,9.0,9,,,,,,,,
,,,,,16835,4.0,4,,,,,,,,
,,,,,16838,3.0,3,,,,,,,,
,,,,,16842,4.0,4,,,,,,,,
,,,,,16845,3.0,3,,,,,,,,
,,,,,16855,10.0,10,,,,,,,,
,,,,,16862,7.0,7,,,,,,,,
,,,,,16870,8.0,8,,,,,,,,
,,,,,16874,4.0,4,,,,,,,,
,,,,,16879,5.0,5,,,,,,,,
,,,,,16892,13.0,13,,,,,,,,
,,,,,16901,9.0,9,,,,,,,,
,,,,,16911,10.0,10,,,,,,,,
,,,,,16920,9.0,9,,,,,,,,
,,,,,16923,3.0,3,,,,,,,,
,,,,,16935,12.0,12,,,,,,,,
,,,,,16942,7.0,7,,,,,,,,
,,,,,16947,5.0,5,,,,,,,,
,,,,,16951,4.0,4,,,,,,,,
,,,,,16956,5.0,5,,,,,,,,
,,,,,16959,3.0,3,,,,,,,,
,,,,,16963,4.0,4,,,,,,,,
,,,,,16967,4.0,4,,,,,,,,
,,,,,16977,10.0,10,,,,,,,,
,,,,,16982,5.0,5,,,,,,,,
,,,,,16989,7.0,7,,,,,,,,
,,,,,16996,7.0,7,,,,,,,,
,,,,,17000,,,-0.06879667192697525,0.6879667043685913,1.993575930595398,4.710910797119141,4.821503639221191,0.0003,0.0003,0.1
,,,,,17001,5.0,5,,,,,,,,
,,,,,17004,3.0,3,,,,,,,,
,,,,,17012,8.0,8,,,,,,,,
,,,,,17025,13.0,13,,,,,,,,
,,,,,17028,3.0,3,,,,,,,,
,,,,,17032,4.0,4,,,,,,,,
,,,,,17035,3.0,3,,,,,,,,
,,,,,17041,6.0,6,,,,,,,,
,,,,,17044,3.0,3,,,,,,,,
,,,,,17049,5.0,5,,,,,,,,
,,,,,17054,5.0,5,,,,,,,,
,,,,,17057,3.0,3,,,,,,,,
,,,,,17061,4.0,4,,,,,,,,
,,,,,17066,5.0,5,,,,,,,,
,,,,,17077,11.0,11,,,,,,,,
,,,,,17085,8.0,8,,,,,,,,
,,,,,17098,13.0,13,,,,,,,,
,,,,,17102,4.0,4,,,,,,,,
,,,,,17107,5.0,5,,,,,,,,
,,,,,17110,3.0,3,,,,,,,,
,,,,,17126,16.0,16,,,,,,,,
,,,,,17129,3.0,3,,,,,,,,
,,,,,17135,6.0,6,,,,,,,,
,,,,,17151,16.0,16,,,,,,,,
,,,,,17156,5.0,5,,,,,,,,
,,,,,17165,9.0,9,,,,,,,,
,,,,,17176,11.0,11,,,,,,,,
,,,,,17180,4.0,4,,,,,,,,
,,,,,17186,6.0,6,,,,,,,,
,,,,,17193,7.0,7,,,,,,,,
,,,,,17197,4.0,4,,,,,,,,
,,,,,17208,11.0,11,,,,,,,,
,,,,,17212,4.0,4,,,,,,,,
,,,,,17217,5.0,5,,,,,,,,
,,,,,17224,7.0,7,,,,,,,,
,,,,,17229,5.0,5,,,,,,,,
,,,,,17241,12.0,12,,,,,,,,
,,,,,17251,10.0,10,,,,,,,,
,,,,,17262,11.0,11,,,,,,,,
,,,,,17273,11.0,11,,,,,,,,
,,,,,17278,5.0,5,,,,,,,,
,,,,,17281,3.0,3,,,,,,,,
,,,,,17288,7.0,7,,,,,,,,
,,,,,17291,3.0,3,,,,,,,,
,,,,,17296,5.0,5,,,,,,,,
,,,,,17306,10.0,10,,,,,,,,
,,,,,17310,4.0,4,,,,,,,,
,,,,,17314,4.0,4,,,,,,,,
,,,,,17317,3.0,3,,,,,,,,
,,,,,17323,6.0,6,,,,,,,,
,,,,,17329,6.0,6,,,,,,,,
,,,,,17333,4.0,4,,,,,,,,
,,,,,17353,20.0,20,,,,,,,,
,,,,,17363,10.0,10,,,,,,,,
,,,,,17366,3.0,3,,,,,,,,
,,,,,17370,4.0,4,,,,,,,,
,,,,,17377,7.0,7,,,,,,,,
,,,,,17381,4.0,4,,,,,,,,
,,,,,17384,3.0,3,,,,,,,,
,,,,,17389,5.0,5,,,,,,,,
,,,,,17392,3.0,3,,,,,,,,
,,,,,17397,5.0,5,,,,,,,,
,,,,,17404,7.0,7,,,,,,,,
,,,,,17407,3.0,3,,,,,,,,
,,,,,17411,4.0,4,,,,,,,,
,,,,,17414,3.0,3,,,,,,,,
,,,,,17417,3.0,3,,,,,,,,
,,,,,17423,6.0,6,,,,,,,,
,,,,,17432,9.0,9,,,,,,,,
,,,,,17436,4.0,4,,,,,,,,
,,,,,17439,3.0,3,,,,,,,,
,,,,,17444,5.0,5,,,,,,,,
,,,,,17448,4.0,4,,,,,,,,
,,,,,17466,18.0,18,,,,,,,,
,,,,,17477,11.0,11,,,,,,,,
,,,,,17482,5.0,5,,,,,,,,
,,,,,17490,8.0,8,,,,,,,,
,,,,,17493,3.0,3,,,,,,,,
,,,,,17497,4.0,4,,,,,,,,
,,,,,17502,5.0,5,,,,,,,,
,,,,,17505,3.0,3,,,,,,,,
,,,,,17508,3.0,3,,,,,,,,
,,,,,17516,8.0,8,,,,,,,,
,,,,,17519,3.0,3,,,,,,,,
,,,,,17531,12.0,12,,,,,,,,
,,,,,17539,8.0,8,,,,,,,,
,,,,,17551,12.0,12,,,,,,,,
,,,,,17557,6.0,6,,,,,,,,
,,,,,17561,4.0,4,,,,,,,,
,,,,,17572,11.0,11,,,,,,,,
,,,,,17576,4.0,4,,,,,,,,
,,,,,17580,4.0,4,,,,,,,,
,,,,,17583,3.0,3,,,,,,,,
,,,,,17589,6.0,6,,,,,,,,
,,,,,17593,4.0,4,,,,,,,,
,,,,,17597,4.0,4,,,,,,,,
,,,,,17601,4.0,4,,,,,,,,
,,,,,17604,3.0,3,,,,,,,,
,,,,,17607,3.0,3,,,,,,,,
,,,,,17613,6.0,6,,,,,,,,
,,,,,17617,4.0,4,,,,,,,,
,,,,,17621,4.0,4,,,,,,,,
,,,,,17625,4.0,4,,,,,,,,
,,,,,17632,7.0,7,,,,,,,,
,,,,,17635,3.0,3,,,,,,,,
,,,,,17638,3.0,3,,,,,,,,
,,,,,17641,3.0,3,,,,,,,,
,,,,,17652,11.0,11,,,,,,,,
,,,,,17658,6.0,6,,,,,,,,
,,,,,17662,4.0,4,,,,,,,,
,,,,,17669,7.0,7,,,,,,,,
,,,,,17676,7.0,7,,,,,,,,
,,,,,17685,9.0,9,,,,,,,,
,,,,,17690,5.0,5,,,,,,,,
,,,,,17694,4.0,4,,,,,,,,
,,,,,17697,3.0,3,,,,,,,,
,,,,,17700,3.0,3,,,,,,,,
,,,,,17707,7.0,7,,,,,,,,
,,,,,17711,4.0,4,,,,,,,,
,,,,,17715,4.0,4,,,,,,,,
,,,,,17724,9.0,9,,,,,,,,
,,,,,17727,3.0,3,,,,,,,,
,,,,,17730,3.0,3,,,,,,,,
,,,,,17736,6.0,6,,,,,,,,
,,,,,17741,5.0,5,,,,,,,,
,,,,,17744,3.0,3,,,,,,,,
,,,,,17747,3.0,3,,,,,,,,
,,,,,17753,6.0,6,,,,,,,,
,,,,,17760,7.0,7,,,,,,,,
,,,,,17770,10.0,10,,,,,,,,
,,,,,17774,4.0,4,,,,,,,,
,,,,,17778,4.0,4,,,,,,,,
,,,,,17783,5.0,5,,,,,,,,
,,,,,17788,5.0,5,,,,,,,,
,,,,,17791,3.0,3,,,,,,,,
,,,,,17798,7.0,7,,,,,,,,
,,,,,17805,7.0,7,,,,,,,,
,,,,,17815,10.0,10,,,,,,,,
,,,,,17818,3.0,3,,,,,,,,
,,,,,17825,7.0,7,,,,,,,,
,,,,,17831,6.0,6,,,,,,,,
,,,,,17839,8.0,8,,,,,,,,
,,,,,17842,3.0,3,,,,,,,,
,,,,,17848,6.0,6,,,,,,,,
,,,,,17851,3.0,3,,,,,,,,
,,,,,17855,4.0,4,,,,,,,,
,,,,,17858,3.0,3,,,,,,,,
,,,,,17864,6.0,6,,,,,,,,
,,,,,17867,3.0,3,,,,,,,,
,,,,,17873,6.0,6,,,,,,,,
,,,,,17877,4.0,4,,,,,,,,
,,,,,17882,5.0,5,,,,,,,,
,,,,,17887,5.0,5,,,,,,,,
,,,,,17894,7.0,7,,,,,,,,
,,,,,17898,4.0,4,,,,,,,,
,,,,,17909,11.0,11,,,,,,,,
,,,,,17924,15.0,15,,,,,,,,
,,,,,17932,8.0,8,,,,,,,,
,,,,,17935,3.0,3,,,,,,,,
,,,,,17941,6.0,6,,,,,,,,
,,,,,17945,4.0,4,,,,,,,,
,,,,,17948,3.0,3,,,,,,,,
,,,,,17951,3.0,3,,,,,,,,
,,,,,17956,5.0,5,,,,,,,,
,,,,,17959,3.0,3,,,,,,,,
,,,,,17974,15.0,15,,,,,,,,
,,,,,17980,6.0,6,,,,,,,,
,,,,,17992,12.0,12,,,,,,,,
,,,,,18000,,,-0.06764180213212967,0.6764180064201355,1.8978238105773926,4.667386054992676,4.516471862792969,0.0003,0.0003,0.1
,,,,,18001,9.0,9,,,,,,,,
,,,,,18008,7.0,7,,,,,,,,
,,,,,18013,5.0,5,,,,,,,,
,,,,,18016,3.0,3,,,,,,,,
,,,,,18025,9.0,9,,,,,,,,
,,,,,18033,8.0,8,,,,,,,,
,,,,,18038,5.0,5,,,,,,,,
,,,,,18045,7.0,7,,,,,,,,
,,,,,18052,7.0,7,,,,,,,,
,,,,,18056,4.0,4,,,,,,,,
,,,,,18068,12.0,12,,,,,,,,
,,,,,18072,4.0,4,,,,,,,,
,,,,,18077,5.0,5,,,,,,,,
,,,,,18080,3.0,3,,,,,,,,
,,,,,18083,3.0,3,,,,,,,,
,,,,,18086,3.0,3,,,,,,,,
,,,,,18089,3.0,3,,,,,,,,
,,,,,18093,4.0,4,,,,,,,,
,,,,,18100,7.0,7,,,,,,,,
,,,,,18105,5.0,5,,,,,,,,
,,,,,18109,4.0,4,,,,,,,,
,,,,,18114,5.0,5,,,,,,,,
,,,,,18118,4.0,4,,,,,,,,
,,,,,18123,5.0,5,,,,,,,,
,,,,,18129,6.0,6,,,,,,,,
,,,,,18133,4.0,4,,,,,,,,
,,,,,18137,4.0,4,,,,,,,,
,,,,,18140,3.0,3,,,,,,,,
,,,,,18144,4.0,4,,,,,,,,
,,,,,18147,3.0,3,,,,,,,,
,,,,,18151,4.0,4,,,,,,,,
,,,,,18160,9.0,9,,,,,,,,
,,,,,18163,3.0,3,,,,,,,,
,,,,,18166,3.0,3,,,,,,,,
,,,,,18172,6.0,6,,,,,,,,
,,,,,18176,4.0,4,,,,,,,,
,,,,,18183,7.0,7,,,,,,,,
,,,,,18187,4.0,4,,,,,,,,
,,,,,18192,5.0,5,,,,,,,,
,,,,,18195,3.0,3,,,,,,,,
,,,,,18200,5.0,5,,,,,,,,
,,,,,18204,4.0,4,,,,,,,,
,,,,,18207,3.0,3,,,,,,,,
,,,,,18214,7.0,7,,,,,,,,
,,,,,18227,13.0,13,,,,,,,,
,,,,,18230,3.0,3,,,,,,,,
,,,,,18236,6.0,6,,,,,,,,
,,,,,18241,5.0,5,,,,,,,,
,,,,,18244,3.0,3,,,,,,,,
,,,,,18247,3.0,3,,,,,,,,
,,,,,18259,12.0,12,,,,,,,,
,,,,,18262,3.0,3,,,,,,,,
,,,,,18270,8.0,8,,,,,,,,
,,,,,18275,5.0,5,,,,,,,,
,,,,,18278,3.0,3,,,,,,,,
,,,,,18284,6.0,6,,,,,,,,
,,,,,18289,5.0,5,,,,,,,,
,,,,,18292,3.0,3,,,,,,,,
,,,,,18299,7.0,7,,,,,,,,
,,,,,18310,11.0,11,,,,,,,,
,,,,,18317,7.0,7,,,,,,,,
,,,,,18323,6.0,6,,,,,,,,
,,,,,18327,4.0,4,,,,,,,,
,,,,,18330,3.0,3,,,,,,,,
,,,,,18337,7.0,7,,,,,,,,
,,,,,18343,6.0,6,,,,,,,,
,,,,,18346,3.0,3,,,,,,,,
,,,,,18351,5.0,5,,,,,,,,
,,,,,18359,8.0,8,,,,,,,,
,,,,,18369,10.0,10,,,,,,,,
,,,,,18382,13.0,13,,,,,,,,
,,,,,18388,6.0,6,,,,,,,,
,,,,,18391,3.0,3,,,,,,,,
,,,,,18395,4.0,4,,,,,,,,
,,,,,18401,6.0,6,,,,,,,,
,,,,,18406,5.0,5,,,,,,,,
,,,,,18412,6.0,6,,,,,,,,
,,,,,18422,10.0,10,,,,,,,,
,,,,,18432,10.0,10,,,,,,,,
,,,,,18435,3.0,3,,,,,,,,
,,,,,18438,3.0,3,,,,,,,,
,,,,,18444,6.0,6,,,,,,,,
,,,,,18456,12.0,12,,,,,,,,
,,,,,18460,4.0,4,,,,,,,,
,,,,,18463,3.0,3,,,,,,,,
,,,,,18468,5.0,5,,,,,,,,
,,,,,18472,4.0,4,,,,,,,,
,,,,,18482,10.0,10,,,,,,,,
,,,,,18485,3.0,3,,,,,,,,
,,,,,18488,3.0,3,,,,,,,,
,,,,,18496,8.0,8,,,,,,,,
,,,,,18504,8.0,8,,,,,,,,
,,,,,18514,10.0,10,,,,,,,,
,,,,,18521,7.0,7,,,,,,,,
,,,,,18531,10.0,10,,,,,,,,
,,,,,18534,3.0,3,,,,,,,,
,,,,,18544,10.0,10,,,,,,,,
,,,,,18551,7.0,7,,,,,,,,
,,,,,18557,6.0,6,,,,,,,,
,,,,,18560,3.0,3,,,,,,,,
,,,,,18566,6.0,6,,,,,,,,
,,,,,18572,6.0,6,,,,,,,,
,,,,,18577,5.0,5,,,,,,,,
,,,,,18589,12.0,12,,,,,,,,
,,,,,18598,9.0,9,,,,,,,,
,,,,,18604,6.0,6,,,,,,,,
,,,,,18610,6.0,6,,,,,,,,
,,,,,18615,5.0,5,,,,,,,,
,,,,,18618,3.0,3,,,,,,,,
,,,,,18622,4.0,4,,,,,,,,
,,,,,18628,6.0,6,,,,,,,,
,,,,,18631,3.0,3,,,,,,,,
,,,,,18635,4.0,4,,,,,,,,
,,,,,18639,4.0,4,,,,,,,,
,,,,,18642,3.0,3,,,,,,,,
,,,,,18646,4.0,4,,,,,,,,
,,,,,18651,5.0,5,,,,,,,,
,,,,,18655,4.0,4,,,,,,,,
,,,,,18658,3.0,3,,,,,,,,
,,,,,18665,7.0,7,,,,,,,,
,,,,,18669,4.0,4,,,,,,,,
,,,,,18675,6.0,6,,,,,,,,
,,,,,18679,4.0,4,,,,,,,,
,,,,,18682,3.0,3,,,,,,,,
,,,,,18685,3.0,3,,,,,,,,
,,,,,18688,3.0,3,,,,,,,,
,,,,,18692,4.0,4,,,,,,,,
,,,,,18696,4.0,4,,,,,,,,
,,,,,18708,12.0,12,,,,,,,,
,,,,,18719,11.0,11,,,,,,,,
,,,,,18723,4.0,4,,,,,,,,
,,,,,18728,5.0,5,,,,,,,,
,,,,,18734,6.0,6,,,,,,,,
,,,,,18742,8.0,8,,,,,,,,
,,,,,18745,3.0,3,,,,,,,,
,,,,,18752,7.0,7,,,,,,,,
,,,,,18762,10.0,10,,,,,,,,
,,,,,18768,6.0,6,,,,,,,,
,,,,,18772,4.0,4,,,,,,,,
,,,,,18778,6.0,6,,,,,,,,
,,,,,18781,3.0,3,,,,,,,,
,,,,,18789,8.0,8,,,,,,,,
,,,,,18793,4.0,4,,,,,,,,
,,,,,18798,5.0,5,,,,,,,,
,,,,,18801,3.0,3,,,,,,,,
,,,,,18805,4.0,4,,,,,,,,
,,,,,18812,7.0,7,,,,,,,,
,,,,,18821,9.0,9,,,,,,,,
,,,,,18825,4.0,4,,,,,,,,
,,,,,18834,9.0,9,,,,,,,,
,,,,,18852,18.0,18,,,,,,,,
,,,,,18855,3.0,3,,,,,,,,
,,,,,18860,5.0,5,,,,,,,,
,,,,,18865,5.0,5,,,,,,,,
,,,,,18869,4.0,4,,,,,,,,
,,,,,18874,5.0,5,,,,,,,,
,,,,,18880,6.0,6,,,,,,,,
,,,,,18883,3.0,3,,,,,,,,
,,,,,18892,9.0,9,,,,,,,,
,,,,,18896,4.0,4,,,,,,,,
,,,,,18907,11.0,11,,,,,,,,
,,,,,18910,3.0,3,,,,,,,,
,,,,,18913,3.0,3,,,,,,,,
,,,,,18916,3.0,3,,,,,,,,
,,,,,18923,7.0,7,,,,,,,,
,,,,,18927,4.0,4,,,,,,,,
,,,,,18937,10.0,10,,,,,,,,
,,,,,18941,4.0,4,,,,,,,,
,,,,,18947,6.0,6,,,,,,,,
,,,,,18968,21.0,21,,,,,,,,
,,,,,18975,7.0,7,,,,,,,,
,,,,,18979,4.0,4,,,,,,,,
,,,,,18984,5.0,5,,,,,,,,
,,,,,18990,6.0,6,,,,,,,,
,,,,,18996,6.0,6,,,,,,,,
,,,,,19000,,,-0.06764886528253555,0.6764886379241943,1.6899373531341553,4.324645042419434,4.37731409072876,0.0003,0.0003,0.1
,,,,,19001,5.0,5,,,,,,,,
,,,,,19004,3.0,3,,,,,,,,
,,,,,19012,8.0,8,,,,,,,,
,,,,,19022,10.0,10,,,,,,,,
,,,,,19025,3.0,3,,,,,,,,
,,,,,19037,12.0,12,,,,,,,,
,,,,,19041,4.0,4,,,,,,,,
,,,,,19052,11.0,11,,,,,,,,
,,,,,19057,5.0,5,,,,,,,,
,,,,,19062,5.0,5,,,,,,,,
,,,,,19073,11.0,11,,,,,,,,
,,,,,19076,3.0,3,,,,,,,,
,,,,,19084,8.0,8,,,,,,,,
,,,,,19088,4.0,4,,,,,,,,
,,,,,19104,16.0,16,,,,,,,,
,,,,,19107,3.0,3,,,,,,,,
,,,,,19112,5.0,5,,,,,,,,
,,,,,19124,12.0,12,,,,,,,,
,,,,,19128,4.0,4,,,,,,,,
,,,,,19131,3.0,3,,,,,,,,
,,,,,19134,3.0,3,,,,,,,,
,,,,,19143,9.0,9,,,,,,,,
,,,,,19150,7.0,7,,,,,,,,
,,,,,19157,7.0,7,,,,,,,,
,,,,,19166,9.0,9,,,,,,,,
,,,,,19177,11.0,11,,,,,,,,
,,,,,19180,3.0,3,,,,,,,,
,,,,,19184,4.0,4,,,,,,,,
,,,,,19189,5.0,5,,,,,,,,
,,,,,19194,5.0,5,,,,,,,,
,,,,,19198,4.0,4,,,,,,,,
,,,,,19201,3.0,3,,,,,,,,
,,,,,19206,5.0,5,,,,,,,,
,,,,,19209,3.0,3,,,,,,,,
,,,,,19214,5.0,5,,,,,,,,
,,,,,19217,3.0,3,,,,,,,,
,,,,,19220,3.0,3,,,,,,,,
,,,,,19225,5.0,5,,,,,,,,
,,,,,19232,7.0,7,,,,,,,,
,,,,,19236,4.0,4,,,,,,,,
,,,,,19239,3.0,3,,,,,,,,
,,,,,19242,3.0,3,,,,,,,,
,,,,,19245,3.0,3,,,,,,,,
,,,,,19249,4.0,4,,,,,,,,
,,,,,19255,6.0,6,,,,,,,,
,,,,,19258,3.0,3,,,,,,,,
,,,,,19261,3.0,3,,,,,,,,
,,,,,19264,3.0,3,,,,,,,,
,,,,,19276,12.0,12,,,,,,,,
,,,,,19287,11.0,11,,,,,,,,
,,,,,19290,3.0,3,,,,,,,,
,,,,,19301,11.0,11,,,,,,,,
,,,,,19310,9.0,9,,,,,,,,
,,,,,19316,6.0,6,,,,,,,,
,,,,,19320,4.0,4,,,,,,,,
,,,,,19324,4.0,4,,,,,,,,
,,,,,19330,6.0,6,,,,,,,,
,,,,,19333,3.0,3,,,,,,,,
,,,,,19336,3.0,3,,,,,,,,
,,,,,19339,3.0,3,,,,,,,,
,,,,,19343,4.0,4,,,,,,,,
,,,,,19353,10.0,10,,,,,,,,
,,,,,19357,4.0,4,,,,,,,,
,,,,,19362,5.0,5,,,,,,,,
,,,,,19365,3.0,3,,,,,,,,
,,,,,19369,4.0,4,,,,,,,,
,,,,,19375,6.0,6,,,,,,,,
,,,,,19380,5.0,5,,,,,,,,
,,,,,19387,7.0,7,,,,,,,,
,,,,,19391,4.0,4,,,,,,,,
,,,,,19396,5.0,5,,,,,,,,
,,,,,19400,4.0,4,,,,,,,,
,,,,,19403,3.0,3,,,,,,,,
,,,,,19412,9.0,9,,,,,,,,
,,,,,19415,3.0,3,,,,,,,,
,,,,,19421,6.0,6,,,,,,,,
,,,,,19425,4.0,4,,,,,,,,
,,,,,19429,4.0,4,,,,,,,,
,,,,,19434,5.0,5,,,,,,,,
,,,,,19438,4.0,4,,,,,,,,
,,,,,19443,5.0,5,,,,,,,,
,,,,,19450,7.0,7,,,,,,,,
,,,,,19453,3.0,3,,,,,,,,
,,,,,19456,3.0,3,,,,,,,,
,,,,,19460,4.0,4,,,,,,,,
,,,,,19464,4.0,4,,,,,,,,
,,,,,19471,7.0,7,,,,,,,,
,,,,,19474,3.0,3,,,,,,,,
,,,,,19477,3.0,3,,,,,,,,
,,,,,19482,5.0,5,,,,,,,,
,,,,,19489,7.0,7,,,,,,,,
,,,,,19492,3.0,3,,,,,,,,
,,,,,19495,3.0,3,,,,,,,,
,,,,,19499,4.0,4,,,,,,,,
,,,,,19502,3.0,3,,,,,,,,
,,,,,19505,3.0,3,,,,,,,,
,,,,,19516,11.0,11,,,,,,,,
,,,,,19523,7.0,7,,,,,,,,
,,,,,19527,4.0,4,,,,,,,,
,,,,,19531,4.0,4,,,,,,,,
,,,,,19537,6.0,6,,,,,,,,
,,,,,19544,7.0,7,,,,,,,,
,,,,,19552,8.0,8,,,,,,,,
,,,,,19556,4.0,4,,,,,,,,
,,,,,19564,8.0,8,,,,,,,,
,,,,,19567,3.0,3,,,,,,,,
,,,,,19573,6.0,6,,,,,,,,
,,,,,19579,6.0,6,,,,,,,,
,,,,,19586,7.0,7,,,,,,,,
,,,,,19589,3.0,3,,,,,,,,
,,,,,19592,3.0,3,,,,,,,,
,,,,,19603,11.0,11,,,,,,,,
,,,,,19606,3.0,3,,,,,,,,
,,,,,19609,3.0,3,,,,,,,,
,,,,,19612,3.0,3,,,,,,,,
,,,,,19617,5.0,5,,,,,,,,
,,,,,19625,8.0,8,,,,,,,,
,,,,,19628,3.0,3,,,,,,,,
,,,,,19634,6.0,6,,,,,,,,
,,,,,19638,4.0,4,,,,,,,,
,,,,,19652,14.0,14,,,,,,,,
,,,,,19657,5.0,5,,,,,,,,
,,,,,19669,12.0,12,,,,,,,,
,,,,,19683,14.0,14,,,,,,,,
,,,,,19688,5.0,5,,,,,,,,
,,,,,19692,4.0,4,,,,,,,,
,,,,,19696,4.0,4,,,,,,,,
,,,,,19700,4.0,4,,,,,,,,
,,,,,19705,5.0,5,,,,,,,,
,,,,,19710,5.0,5,,,,,,,,
,,,,,19718,8.0,8,,,,,,,,
,,,,,19723,5.0,5,,,,,,,,
,,,,,19732,9.0,9,,,,,,,,
,,,,,19735,3.0,3,,,,,,,,
,,,,,19745,10.0,10,,,,,,,,
,,,,,19752,7.0,7,,,,,,,,
,,,,,19755,3.0,3,,,,,,,,
,,,,,19760,5.0,5,,,,,,,,
,,,,,19772,12.0,12,,,,,,,,
,,,,,19777,5.0,5,,,,,,,,
,,,,,19783,6.0,6,,,,,,,,
,,,,,19787,4.0,4,,,,,,,,
,,,,,19797,10.0,10,,,,,,,,
,,,,,19803,6.0,6,,,,,,,,
,,,,,19807,4.0,4,,,,,,,,
,,,,,19812,5.0,5,,,,,,,,
,,,,,19816,4.0,4,,,,,,,,
,,,,,19821,5.0,5,,,,,,,,
,,,,,19825,4.0,4,,,,,,,,
,,,,,19830,5.0,5,,,,,,,,
,,,,,19834,4.0,4,,,,,,,,
,,,,,19840,6.0,6,,,,,,,,
,,,,,19844,4.0,4,,,,,,,,
,,,,,19848,4.0,4,,,,,,,,
,,,,,19852,4.0,4,,,,,,,,
,,,,,19860,8.0,8,,,,,,,,
,,,,,19863,3.0,3,,,,,,,,
,,,,,19873,10.0,10,,,,,,,,
,,,,,19876,3.0,3,,,,,,,,
,,,,,19893,17.0,17,,,,,,,,
,,,,,19901,8.0,8,,,,,,,,
,,,,,19907,6.0,6,,,,,,,,
,,,,,19917,10.0,10,,,,,,,,
,,,,,19926,9.0,9,,,,,,,,
,,,,,19935,9.0,9,,,,,,,,
,,,,,19947,12.0,12,,,,,,,,
,,,,,19952,5.0,5,,,,,,,,
,,,,,19962,10.0,10,,,,,,,,
,,,,,19965,3.0,3,,,,,,,,
,,,,,19973,8.0,8,,,,,,,,
,,,,,19985,12.0,12,,,,,,,,
,,,,,19995,10.0,10,,,,,,,,
,,,,,19998,3.0,3,,,,,,,,
5.3,1.9,9.0,3.0,5.3,20000,,,-0.06867752224206924,0.6867752075195312,1.7004446983337402,4.594719886779785,4.576345920562744,0.0003,0.0003,0.1
,,,,,20005,7.0,7,,,,,,,,
,,,,,20010,5.0,5,,,,,,,,
,,,,,20014,4.0,4,,,,,,,,
,,,,,20017,3.0,3,,,,,,,,
,,,,,20023,6.0,6,,,,,,,,
,,,,,20026,3.0,3,,,,,,,,
,,,,,20029,3.0,3,,,,,,,,
,,,,,20035,6.0,6,,,,,,,,
,,,,,20040,5.0,5,,,,,,,,
,,,,,20048,8.0,8,,,,,,,,
,,,,,20052,4.0,4,,,,,,,,
,,,,,20057,5.0,5,,,,,,,,
,,,,,20061,4.0,4,,,,,,,,
,,,,,20067,6.0,6,,,,,,,,
,,,,,20072,5.0,5,,,,,,,,
,,,,,20075,3.0,3,,,,,,,,
,,,,,20083,8.0,8,,,,,,,,
,,,,,20086,3.0,3,,,,,,,,
,,,,,20095,9.0,9,,,,,,,,
,,,,,20100,5.0,5,,,,,,,,
,,,,,20103,3.0,3,,,,,,,,
,,,,,20114,11.0,11,,,,,,,,
,,,,,20117,3.0,3,,,,,,,,
,,,,,20122,5.0,5,,,,,,,,
,,,,,20126,4.0,4,,,,,,,,
,,,,,20133,7.0,7,,,,,,,,
,,,,,20136,3.0,3,,,,,,,,
,,,,,20143,7.0,7,,,,,,,,
,,,,,20147,4.0,4,,,,,,,,
,,,,,20153,6.0,6,,,,,,,,
,,,,,20161,8.0,8,,,,,,,,
,,,,,20164,3.0,3,,,,,,,,
,,,,,20171,7.0,7,,,,,,,,
,,,,,20177,6.0,6,,,,,,,,
,,,,,20181,4.0,4,,,,,,,,
,,,,,20185,4.0,4,,,,,,,,
,,,,,20188,3.0,3,,,,,,,,
,,,,,20191,3.0,3,,,,,,,,
,,,,,20194,3.0,3,,,,,,,,
,,,,,20205,11.0,11,,,,,,,,
,,,,,20216,11.0,11,,,,,,,,
,,,,,20219,3.0,3,,,,,,,,
,,,,,20227,8.0,8,,,,,,,,
,,,,,20230,3.0,3,,,,,,,,
,,,,,20236,6.0,6,,,,,,,,
,,,,,20239,3.0,3,,,,,,,,
,,,,,20242,3.0,3,,,,,,,,
,,,,,20249,7.0,7,,,,,,,,
,,,,,20258,9.0,9,,,,,,,,
,,,,,20261,3.0,3,,,,,,,,
,,,,,20265,4.0,4,,,,,,,,
,,,,,20271,6.0,6,,,,,,,,
,,,,,20274,3.0,3,,,,,,,,
,,,,,20280,6.0,6,,,,,,,,
,,,,,20286,6.0,6,,,,,,,,
,,,,,20289,3.0,3,,,,,,,,
,,,,,20294,5.0,5,,,,,,,,
,,,,,20297,3.0,3,,,,,,,,
,,,,,20300,3.0,3,,,,,,,,
,,,,,20307,7.0,7,,,,,,,,
,,,,,20310,3.0,3,,,,,,,,
,,,,,20313,3.0,3,,,,,,,,
,,,,,20319,6.0,6,,,,,,,,
,,,,,20328,9.0,9,,,,,,,,
,,,,,20332,4.0,4,,,,,,,,
,,,,,20335,3.0,3,,,,,,,,
,,,,,20341,6.0,6,,,,,,,,
,,,,,20345,4.0,4,,,,,,,,
,,,,,20348,3.0,3,,,,,,,,
,,,,,20352,4.0,4,,,,,,,,
,,,,,20355,3.0,3,,,,,,,,
,,,,,20359,4.0,4,,,,,,,,
,,,,,20363,4.0,4,,,,,,,,
,,,,,20367,4.0,4,,,,,,,,
,,,,,20371,4.0,4,,,,,,,,
,,,,,20374,3.0,3,,,,,,,,
,,,,,20381,7.0,7,,,,,,,,
,,,,,20384,3.0,3,,,,,,,,
,,,,,20388,4.0,4,,,,,,,,
,,,,,20394,6.0,6,,,,,,,,
,,,,,20397,3.0,3,,,,,,,,
,,,,,20400,3.0,3,,,,,,,,
,,,,,20403,3.0,3,,,,,,,,
,,,,,20408,5.0,5,,,,,,,,
,,,,,20417,9.0,9,,,,,,,,
,,,,,20422,5.0,5,,,,,,,,
,,,,,20427,5.0,5,,,,,,,,
,,,,,20432,5.0,5,,,,,,,,
,,,,,20440,8.0,8,,,,,,,,
,,,,,20444,4.0,4,,,,,,,,
,,,,,20447,3.0,3,,,,,,,,
,,,,,20452,5.0,5,,,,,,,,
,,,,,20455,3.0,3,,,,,,,,
,,,,,20459,4.0,4,,,,,,,,
,,,,,20462,3.0,3,,,,,,,,
,,,,,20466,4.0,4,,,,,,,,
,,,,,20471,5.0,5,,,,,,,,
,,,,,20480,9.0,9,,,,,,,,
,,,,,20484,4.0,4,,,,,,,,
,,,,,20489,5.0,5,,,,,,,,
,,,,,20497,8.0,8,,,,,,,,
,,,,,20500,3.0,3,,,,,,,,
,,,,,20507,7.0,7,,,,,,,,
,,,,,20512,5.0,5,,,,,,,,
,,,,,20517,5.0,5,,,,,,,,
,,,,,20520,3.0,3,,,,,,,,
,,,,,20524,4.0,4,,,,,,,,
,,,,,20527,3.0,3,,,,,,,,
,,,,,20537,10.0,10,,,,,,,,
,,,,,20540,3.0,3,,,,,,,,
,,,,,20545,5.0,5,,,,,,,,
,,,,,20548,3.0,3,,,,,,,,
,,,,,20551,3.0,3,,,,,,,,
,,,,,20557,6.0,6,,,,,,,,
,,,,,20568,11.0,11,,,,,,,,
,,,,,20574,6.0,6,,,,,,,,
,,,,,20578,4.0,4,,,,,,,,
,,,,,20583,5.0,5,,,,,,,,
,,,,,20596,13.0,13,,,,,,,,
,,,,,20600,4.0,4,,,,,,,,
,,,,,20612,12.0,12,,,,,,,,
,,,,,20616,4.0,4,,,,,,,,
,,,,,20621,5.0,5,,,,,,,,
,,,,,20624,3.0,3,,,,,,,,
,,,,,20629,5.0,5,,,,,,,,
,,,,,20635,6.0,6,,,,,,,,
,,,,,20638,3.0,3,,,,,,,,
,,,,,20644,6.0,6,,,,,,,,
,,,,,20652,8.0,8,,,,,,,,
,,,,,20657,5.0,5,,,,,,,,
,,,,,20662,5.0,5,,,,,,,,
,,,,,20677,15.0,15,,,,,,,,
,,,,,20680,3.0,3,,,,,,,,
,,,,,20684,4.0,4,,,,,,,,
,,,,,20687,3.0,3,,,,,,,,
,,,,,20691,4.0,4,,,,,,,,
,,,,,20699,8.0,8,,,,,,,,
,,,,,20702,3.0,3,,,,,,,,
,,,,,20706,4.0,4,,,,,,,,
,,,,,20715,9.0,9,,,,,,,,
,,,,,20720,5.0,5,,,,,,,,
,,,,,20725,5.0,5,,,,,,,,
,,,,,20734,9.0,9,,,,,,,,
,,,,,20737,3.0,3,,,,,,,,
,,,,,20747,10.0,10,,,,,,,,
,,,,,20757,10.0,10,,,,,,,,
,,,,,20763,6.0,6,,,,,,,,
,,,,,20769,6.0,6,,,,,,,,
,,,,,20772,3.0,3,,,,,,,,
,,,,,20775,3.0,3,,,,,,,,
,,,,,20778,3.0,3,,,,,,,,
,,,,,20784,6.0,6,,,,,,,,
,,,,,20792,8.0,8,,,,,,,,
,,,,,20797,5.0,5,,,,,,,,
,,,,,20802,5.0,5,,,,,,,,
,,,,,20807,5.0,5,,,,,,,,
,,,,,20817,10.0,10,,,,,,,,
,,,,,20821,4.0,4,,,,,,,,
,,,,,20824,3.0,3,,,,,,,,
,,,,,20828,4.0,4,,,,,,,,
,,,,,20844,16.0,16,,,,,,,,
,,,,,20852,8.0,8,,,,,,,,
,,,,,20857,5.0,5,,,,,,,,
,,,,,20860,3.0,3,,,,,,,,
,,,,,20866,6.0,6,,,,,,,,
,,,,,20871,5.0,5,,,,,,,,
,,,,,20875,4.0,4,,,,,,,,
,,,,,20883,8.0,8,,,,,,,,
,,,,,20887,4.0,4,,,,,,,,
,,,,,20897,10.0,10,,,,,,,,
,,,,,20901,4.0,4,,,,,,,,
,,,,,20904,3.0,3,,,,,,,,
,,,,,20908,4.0,4,,,,,,,,
,,,,,20917,9.0,9,,,,,,,,
,,,,,20921,4.0,4,,,,,,,,
,,,,,20927,6.0,6,,,,,,,,
,,,,,20931,4.0,4,,,,,,,,
,,,,,20934,3.0,3,,,,,,,,
,,,,,20938,4.0,4,,,,,,,,
,,,,,20942,4.0,4,,,,,,,,
,,,,,20950,8.0,8,,,,,,,,
,,,,,20957,7.0,7,,,,,,,,
,,,,,20963,6.0,6,,,,,,,,
,,,,,20975,12.0,12,,,,,,,,
,,,,,20981,6.0,6,,,,,,,,
,,,,,20985,4.0,4,,,,,,,,
,,,,,20988,3.0,3,,,,,,,,
,,,,,20992,4.0,4,,,,,,,,
,,,,,20995,3.0,3,,,,,,,,
,,,,,20998,3.0,3,,,,,,,,
,,,,,21000,,,-0.0666847825050354,0.666847825050354,1.4540413618087769,4.3454270362854,4.336212158203125,0.0003,0.0003,0.1
,,,,,21002,4.0,4,,,,,,,,
,,,,,21005,3.0,3,,,,,,,,
,,,,,21009,4.0,4,,,,,,,,
,,,,,21013,4.0,4,,,,,,,,
,,,,,21017,4.0,4,,,,,,,,
,,,,,21023,6.0,6,,,,,,,,
,,,,,21027,4.0,4,,,,,,,,
,,,,,21030,3.0,3,,,,,,,,
,,,,,21033,3.0,3,,,,,,,,
,,,,,21046,13.0,13,,,,,,,,
,,,,,21051,5.0,5,,,,,,,,
,,,,,21056,5.0,5,,,,,,,,
,,,,,21059,3.0,3,,,,,,,,
,,,,,21063,4.0,4,,,,,,,,
,,,,,21066,3.0,3,,,,,,,,
,,,,,21070,4.0,4,,,,,,,,
,,,,,21073,3.0,3,,,,,,,,
,,,,,21076,3.0,3,,,,,,,,
,,,,,21082,6.0,6,,,,,,,,
,,,,,21085,3.0,3,,,,,,,,
,,,,,21090,5.0,5,,,,,,,,
,,,,,21093,3.0,3,,,,,,,,
,,,,,21101,8.0,8,,,,,,,,
,,,,,21106,5.0,5,,,,,,,,
,,,,,21116,10.0,10,,,,,,,,
,,,,,21122,6.0,6,,,,,,,,
,,,,,21127,5.0,5,,,,,,,,
,,,,,21136,9.0,9,,,,,,,,
,,,,,21139,3.0,3,,,,,,,,
,,,,,21149,10.0,10,,,,,,,,
,,,,,21156,7.0,7,,,,,,,,
,,,,,21159,3.0,3,,,,,,,,
,,,,,21171,12.0,12,,,,,,,,
,,,,,21177,6.0,6,,,,,,,,
,,,,,21181,4.0,4,,,,,,,,
,,,,,21187,6.0,6,,,,,,,,
,,,,,21193,6.0,6,,,,,,,,
,,,,,21196,3.0,3,,,,,,,,
,,,,,21203,7.0,7,,,,,,,,
,,,,,21211,8.0,8,,,,,,,,
,,,,,21214,3.0,3,,,,,,,,
,,,,,21217,3.0,3,,,,,,,,
,,,,,21224,7.0,7,,,,,,,,
,,,,,21230,6.0,6,,,,,,,,
,,,,,21233,3.0,3,,,,,,,,
,,,,,21240,7.0,7,,,,,,,,
,,,,,21246,6.0,6,,,,,,,,
,,,,,21251,5.0,5,,,,,,,,
,,,,,21255,4.0,4,,,,,,,,
,,,,,21261,6.0,6,,,,,,,,
,,,,,21265,4.0,4,,,,,,,,
,,,,,21270,5.0,5,,,,,,,,
,,,,,21273,3.0,3,,,,,,,,
,,,,,21276,3.0,3,,,,,,,,
,,,,,21279,3.0,3,,,,,,,,
,,,,,21283,4.0,4,,,,,,,,
,,,,,21292,9.0,9,,,,,,,,
,,,,,21298,6.0,6,,,,,,,,
,,,,,21302,4.0,4,,,,,,,,
,,,,,21309,7.0,7,,,,,,,,
,,,,,21320,11.0,11,,,,,,,,
,,,,,21328,8.0,8,,,,,,,,
,,,,,21339,11.0,11,,,,,,,,
,,,,,21347,8.0,8,,,,,,,,
,,,,,21353,6.0,6,,,,,,,,
,,,,,21361,8.0,8,,,,,,,,
,,,,,21365,4.0,4,,,,,,,,
,,,,,21369,4.0,4,,,,,,,,
,,,,,21382,13.0,13,,,,,,,,
,,,,,21386,4.0,4,,,,,,,,
,,,,,21391,5.0,5,,,,,,,,
,,,,,21399,8.0,8,,,,,,,,
,,,,,21406,7.0,7,,,,,,,,
,,,,,21410,4.0,4,,,,,,,,
,,,,,21413,3.0,3,,,,,,,,
,,,,,21417,4.0,4,,,,,,,,
,,,,,21420,3.0,3,,,,,,,,
,,,,,21425,5.0,5,,,,,,,,
,,,,,21429,4.0,4,,,,,,,,
,,,,,21433,4.0,4,,,,,,,,
,,,,,21436,3.0,3,,,,,,,,
,,,,,21446,10.0,10,,,,,,,,
,,,,,21455,9.0,9,,,,,,,,
,,,,,21460,5.0,5,,,,,,,,
,,,,,21477,17.0,17,,,,,,,,
,,,,,21480,3.0,3,,,,,,,,
,,,,,21495,15.0,15,,,,,,,,
,,,,,21498,3.0,3,,,,,,,,
,,,,,21503,5.0,5,,,,,,,,
,,,,,21508,5.0,5,,,,,,,,
,,,,,21515,7.0,7,,,,,,,,
,,,,,21523,8.0,8,,,,,,,,
,,,,,21526,3.0,3,,,,,,,,
,,,,,21531,5.0,5,,,,,,,,
,,,,,21535,4.0,4,,,,,,,,
,,,,,21538,3.0,3,,,,,,,,
,,,,,21543,5.0,5,,,,,,,,
,,,,,21553,10.0,10,,,,,,,,
,,,,,21557,4.0,4,,,,,,,,
,,,,,21561,4.0,4,,,,,,,,
,,,,,21564,3.0,3,,,,,,,,
,,,,,21570,6.0,6,,,,,,,,
,,,,,21574,4.0,4,,,,,,,,
,,,,,21578,4.0,4,,,,,,,,
,,,,,21583,5.0,5,,,,,,,,
,,,,,21589,6.0,6,,,,,,,,
,,,,,21594,5.0,5,,,,,,,,
,,,,,21599,5.0,5,,,,,,,,
,,,,,21606,7.0,7,,,,,,,,
,,,,,21612,6.0,6,,,,,,,,
,,,,,21615,3.0,3,,,,,,,,
,,,,,21618,3.0,3,,,,,,,,
,,,,,21625,7.0,7,,,,,,,,
,,,,,21630,5.0,5,,,,,,,,
,,,,,21636,6.0,6,,,,,,,,
,,,,,21639,3.0,3,,,,,,,,
,,,,,21649,10.0,10,,,,,,,,
,,,,,21653,4.0,4,,,,,,,,
,,,,,21661,8.0,8,,,,,,,,
,,,,,21664,3.0,3,,,,,,,,
,,,,,21667,3.0,3,,,,,,,,
,,,,,21670,3.0,3,,,,,,,,
,,,,,21674,4.0,4,,,,,,,,
,,,,,21677,3.0,3,,,,,,,,
,,,,,21685,8.0,8,,,,,,,,
,,,,,21689,4.0,4,,,,,,,,
,,,,,21694,5.0,5,,,,,,,,
,,,,,21697,3.0,3,,,,,,,,
,,,,,21702,5.0,5,,,,,,,,
,,,,,21706,4.0,4,,,,,,,,
,,,,,21709,3.0,3,,,,,,,,
,,,,,21713,4.0,4,,,,,,,,
,,,,,21718,5.0,5,,,,,,,,
,,,,,21721,3.0,3,,,,,,,,
,,,,,21726,5.0,5,,,,,,,,
,,,,,21733,7.0,7,,,,,,,,
,,,,,21740,7.0,7,,,,,,,,
,,,,,21744,4.0,4,,,,,,,,
,,,,,21752,8.0,8,,,,,,,,
,,,,,21755,3.0,3,,,,,,,,
,,,,,21760,5.0,5,,,,,,,,
,,,,,21765,5.0,5,,,,,,,,
,,,,,21771,6.0,6,,,,,,,,
,,,,,21778,7.0,7,,,,,,,,
,,,,,21785,7.0,7,,,,,,,,
,,,,,21789,4.0,4,,,,,,,,
,,,,,21792,3.0,3,,,,,,,,
,,,,,21796,4.0,4,,,,,,,,
,,,,,21804,8.0,8,,,,,,,,
,,,,,21808,4.0,4,,,,,,,,
,,,,,21815,7.0,7,,,,,,,,
,,,,,21818,3.0,3,,,,,,,,
,,,,,21821,3.0,3,,,,,,,,
,,,,,21833,12.0,12,,,,,,,,
,,,,,21839,6.0,6,,,,,,,,
,,,,,21843,4.0,4,,,,,,,,
,,,,,21846,3.0,3,,,,,,,,
,,,,,21851,5.0,5,,,,,,,,
,,,,,21854,3.0,3,,,,,,,,
,,,,,21860,6.0,6,,,,,,,,
,,,,,21865,5.0,5,,,,,,,,
,,,,,21871,6.0,6,,,,,,,,
,,,,,21876,5.0,5,,,,,,,,
,,,,,21880,4.0,4,,,,,,,,
,,,,,21893,13.0,13,,,,,,,,
,,,,,21899,6.0,6,,,,,,,,
,,,,,21904,5.0,5,,,,,,,,
,,,,,21909,5.0,5,,,,,,,,
,,,,,21912,3.0,3,,,,,,,,
,,,,,21923,11.0,11,,,,,,,,
,,,,,21929,6.0,6,,,,,,,,
,,,,,21935,6.0,6,,,,,,,,
,,,,,21940,5.0,5,,,,,,,,
,,,,,21952,12.0,12,,,,,,,,
,,,,,21958,6.0,6,,,,,,,,
,,,,,21963,5.0,5,,,,,,,,
,,,,,21966,3.0,3,,,,,,,,
,,,,,21969,3.0,3,,,,,,,,
,,,,,21977,8.0,8,,,,,,,,
,,,,,21981,4.0,4,,,,,,,,
,,,,,21986,5.0,5,,,,,,,,
,,,,,21990,4.0,4,,,,,,,,
,,,,,21996,6.0,6,,,,,,,,
,,,,,22000,,,-0.0694337859749794,0.6943378448486328,1.665967345237732,4.257378578186035,4.28281307220459,0.0003,0.0003,0.1
,,,,,22018,22.0,22,,,,,,,,
,,,,,22028,10.0,10,,,,,,,,
,,,,,22031,3.0,3,,,,,,,,
,,,,,22034,3.0,3,,,,,,,,
,,,,,22039,5.0,5,,,,,,,,
,,,,,22042,3.0,3,,,,,,,,
,,,,,22046,4.0,4,,,,,,,,
,,,,,22051,5.0,5,,,,,,,,
,,,,,22055,4.0,4,,,,,,,,
,,,,,22058,3.0,3,,,,,,,,
,,,,,22062,4.0,4,,,,,,,,
,,,,,22076,14.0,14,,,,,,,,
,,,,,22079,3.0,3,,,,,,,,
,,,,,22083,4.0,4,,,,,,,,
,,,,,22089,6.0,6,,,,,,,,
,,,,,22092,3.0,3,,,,,,,,
,,,,,22097,5.0,5,,,,,,,,
,,,,,22100,3.0,3,,,,,,,,
,,,,,22103,3.0,3,,,,,,,,
,,,,,22125,22.0,22,,,,,,,,
,,,,,22131,6.0,6,,,,,,,,
,,,,,22137,6.0,6,,,,,,,,
,,,,,22148,11.0,11,,,,,,,,
,,,,,22151,3.0,3,,,,,,,,
,,,,,22157,6.0,6,,,,,,,,
,,,,,22160,3.0,3,,,,,,,,
,,,,,22163,3.0,3,,,,,,,,
,,,,,22174,11.0,11,,,,,,,,
,,,,,22188,14.0,14,,,,,,,,
,,,,,22192,4.0,4,,,,,,,,
,,,,,22205,13.0,13,,,,,,,,
,,,,,22210,5.0,5,,,,,,,,
,,,,,22215,5.0,5,,,,,,,,
,,,,,22243,28.0,28,,,,,,,,
,,,,,22247,4.0,4,,,,,,,,
,,,,,22260,13.0,13,,,,,,,,
,,,,,22263,3.0,3,,,,,,,,
,,,,,22270,7.0,7,,,,,,,,
,,,,,22274,4.0,4,,,,,,,,
,,,,,22285,11.0,11,,,,,,,,
,,,,,22291,6.0,6,,,,,,,,
,,,,,22295,4.0,4,,,,,,,,
,,,,,22300,5.0,5,,,,,,,,
,,,,,22307,7.0,7,,,,,,,,
,,,,,22324,17.0,17,,,,,,,,
,,,,,22327,3.0,3,,,,,,,,
,,,,,22331,4.0,4,,,,,,,,
,,,,,22336,5.0,5,,,,,,,,
,,,,,22339,3.0,3,,,,,,,,
,,,,,22356,17.0,17,,,,,,,,
,,,,,22360,4.0,4,,,,,,,,
,,,,,22363,3.0,3,,,,,,,,
,,,,,22367,4.0,4,,,,,,,,
,,,,,22371,4.0,4,,,,,,,,
,,,,,22379,8.0,8,,,,,,,,
,,,,,22382,3.0,3,,,,,,,,
,,,,,22390,8.0,8,,,,,,,,
,,,,,22400,10.0,10,,,,,,,,
,,,,,22403,3.0,3,,,,,,,,
,,,,,22406,3.0,3,,,,,,,,
,,,,,22410,4.0,4,,,,,,,,
,,,,,22416,6.0,6,,,,,,,,
,,,,,22419,3.0,3,,,,,,,,
,,,,,22422,3.0,3,,,,,,,,
,,,,,22425,3.0,3,,,,,,,,
,,,,,22429,4.0,4,,,,,,,,
,,,,,22434,5.0,5,,,,,,,,
,,,,,22441,7.0,7,,,,,,,,
,,,,,22448,7.0,7,,,,,,,,
,,,,,22456,8.0,8,,,,,,,,
,,,,,22467,11.0,11,,,,,,,,
,,,,,22470,3.0,3,,,,,,,,
,,,,,22475,5.0,5,,,,,,,,
,,,,,22478,3.0,3,,,,,,,,
,,,,,22481,3.0,3,,,,,,,,
,,,,,22485,4.0,4,,,,,,,,
,,,,,22489,4.0,4,,,,,,,,
,,,,,22494,5.0,5,,,,,,,,
,,,,,22498,4.0,4,,,,,,,,
,,,,,22511,13.0,13,,,,,,,,
,,,,,22520,9.0,9,,,,,,,,
,,,,,22524,4.0,4,,,,,,,,
,,,,,22531,7.0,7,,,,,,,,
,,,,,22536,5.0,5,,,,,,,,
,,,,,22540,4.0,4,,,,,,,,
,,,,,22543,3.0,3,,,,,,,,
,,,,,22547,4.0,4,,,,,,,,
,,,,,22554,7.0,7,,,,,,,,
,,,,,22562,8.0,8,,,,,,,,
,,,,,22572,10.0,10,,,,,,,,
,,,,,22577,5.0,5,,,,,,,,
,,,,,22581,4.0,4,,,,,,,,
,,,,,22594,13.0,13,,,,,,,,
,,,,,22600,6.0,6,,,,,,,,
,,,,,22617,17.0,17,,,,,,,,
,,,,,22620,3.0,3,,,,,,,,
,,,,,22632,12.0,12,,,,,,,,
,,,,,22635,3.0,3,,,,,,,,
,,,,,22643,8.0,8,,,,,,,,
,,,,,22646,3.0,3,,,,,,,,
,,,,,22655,9.0,9,,,,,,,,
,,,,,22659,4.0,4,,,,,,,,
,,,,,22664,5.0,5,,,,,,,,
,,,,,22670,6.0,6,,,,,,,,
,,,,,22673,3.0,3,,,,,,,,
,,,,,22688,15.0,15,,,,,,,,
,,,,,22691,3.0,3,,,,,,,,
,,,,,22706,15.0,15,,,,,,,,
,,,,,22711,5.0,5,,,,,,,,
,,,,,22715,4.0,4,,,,,,,,
,,,,,22719,4.0,4,,,,,,,,
,,,,,22726,7.0,7,,,,,,,,
,,,,,22729,3.0,3,,,,,,,,
,,,,,22732,3.0,3,,,,,,,,
,,,,,22739,7.0,7,,,,,,,,
,,,,,22742,3.0,3,,,,,,,,
,,,,,22749,7.0,7,,,,,,,,
,,,,,22752,3.0,3,,,,,,,,
,,,,,22755,3.0,3,,,,,,,,
,,,,,22759,4.0,4,,,,,,,,
,,,,,22767,8.0,8,,,,,,,,
,,,,,22781,14.0,14,,,,,,,,
,,,,,22788,7.0,7,,,,,,,,
,,,,,22798,10.0,10,,,,,,,,
,,,,,22806,8.0,8,,,,,,,,
,,,,,22809,3.0,3,,,,,,,,
,,,,,22816,7.0,7,,,,,,,,
,,,,,22828,12.0,12,,,,,,,,
,,,,,22841,13.0,13,,,,,,,,
,,,,,22845,4.0,4,,,,,,,,
,,,,,22848,3.0,3,,,,,,,,
,,,,,22859,11.0,11,,,,,,,,
,,,,,22863,4.0,4,,,,,,,,
,,,,,22868,5.0,5,,,,,,,,
,,,,,22871,3.0,3,,,,,,,,
,,,,,22875,4.0,4,,,,,,,,
,,,,,22878,3.0,3,,,,,,,,
,,,,,22888,10.0,10,,,,,,,,
,,,,,22896,8.0,8,,,,,,,,
,,,,,22900,4.0,4,,,,,,,,
,,,,,22903,3.0,3,,,,,,,,
,,,,,22908,5.0,5,,,,,,,,
,,,,,22912,4.0,4,,,,,,,,
,,,,,22917,5.0,5,,,,,,,,
,,,,,22922,5.0,5,,,,,,,,
,,,,,22927,5.0,5,,,,,,,,
,,,,,22938,11.0,11,,,,,,,,
,,,,,22941,3.0,3,,,,,,,,
,,,,,22954,13.0,13,,,,,,,,
,,,,,22961,7.0,7,,,,,,,,
,,,,,22969,8.0,8,,,,,,,,
,,,,,22976,7.0,7,,,,,,,,
,,,,,22982,6.0,6,,,,,,,,
,,,,,22986,4.0,4,,,,,,,,
,,,,,22994,8.0,8,,,,,,,,
,,,,,22997,3.0,3,,,,,,,,
,,,,,23000,,,-0.06743230670690536,0.6743230819702148,1.909393548965454,4.432899475097656,4.1222076416015625,0.0003,0.0003,0.1
,,,,,23003,6.0,6,,,,,,,,
,,,,,23010,7.0,7,,,,,,,,
,,,,,23013,3.0,3,,,,,,,,
,,,,,23016,3.0,3,,,,,,,,
,,,,,23019,3.0,3,,,,,,,,
,,,,,23032,13.0,13,,,,,,,,
,,,,,23036,4.0,4,,,,,,,,
,,,,,23045,9.0,9,,,,,,,,
,,,,,23051,6.0,6,,,,,,,,
,,,,,23061,10.0,10,,,,,,,,
,,,,,23064,3.0,3,,,,,,,,
,,,,,23070,6.0,6,,,,,,,,
,,,,,23075,5.0,5,,,,,,,,
,,,,,23082,7.0,7,,,,,,,,
,,,,,23086,4.0,4,,,,,,,,
,,,,,23093,7.0,7,,,,,,,,
,,,,,23096,3.0,3,,,,,,,,
,,,,,23101,5.0,5,,,,,,,,
,,,,,23106,5.0,5,,,,,,,,
,,,,,23110,4.0,4,,,,,,,,
,,,,,23114,4.0,4,,,,,,,,
,,,,,23119,5.0,5,,,,,,,,
,,,,,23125,6.0,6,,,,,,,,
,,,,,23128,3.0,3,,,,,,,,
,,,,,23132,4.0,4,,,,,,,,
,,,,,23141,9.0,9,,,,,,,,
,,,,,23150,9.0,9,,,,,,,,
,,,,,23155,5.0,5,,,,,,,,
,,,,,23162,7.0,7,,,,,,,,
,,,,,23169,7.0,7,,,,,,,,
,,,,,23172,3.0,3,,,,,,,,
,,,,,23176,4.0,4,,,,,,,,
,,,,,23183,7.0,7,,,,,,,,
,,,,,23186,3.0,3,,,,,,,,
,,,,,23196,10.0,10,,,,,,,,
,,,,,23201,5.0,5,,,,,,,,
,,,,,23204,3.0,3,,,,,,,,
,,,,,23207,3.0,3,,,,,,,,
,,,,,23210,3.0,3,,,,,,,,
,,,,,23214,4.0,4,,,,,,,,
,,,,,23219,5.0,5,,,,,,,,
,,,,,23222,3.0,3,,,,,,,,
,,,,,23226,4.0,4,,,,,,,,
,,,,,23229,3.0,3,,,,,,,,
,,,,,23232,3.0,3,,,,,,,,
,,,,,23236,4.0,4,,,,,,,,
,,,,,23242,6.0,6,,,,,,,,
,,,,,23261,19.0,19,,,,,,,,
,,,,,23283,22.0,22,,,,,,,,
,,,,,23286,3.0,3,,,,,,,,
,,,,,23293,7.0,7,,,,,,,,
,,,,,23296,3.0,3,,,,,,,,
,,,,,23300,4.0,4,,,,,,,,
,,,,,23310,10.0,10,,,,,,,,
,,,,,23313,3.0,3,,,,,,,,
,,,,,23316,3.0,3,,,,,,,,
,,,,,23320,4.0,4,,,,,,,,
,,,,,23331,11.0,11,,,,,,,,
,,,,,23334,3.0,3,,,,,,,,
,,,,,23337,3.0,3,,,,,,,,
,,,,,23342,5.0,5,,,,,,,,
,,,,,23349,7.0,7,,,,,,,,
,,,,,23359,10.0,10,,,,,,,,
,,,,,23363,4.0,4,,,,,,,,
,,,,,23368,5.0,5,,,,,,,,
,,,,,23372,4.0,4,,,,,,,,
,,,,,23376,4.0,4,,,,,,,,
,,,,,23385,9.0,9,,,,,,,,
,,,,,23392,7.0,7,,,,,,,,
,,,,,23397,5.0,5,,,,,,,,
,,,,,23401,4.0,4,,,,,,,,
,,,,,23407,6.0,6,,,,,,,,
,,,,,23412,5.0,5,,,,,,,,
,,,,,23418,6.0,6,,,,,,,,
,,,,,23422,4.0,4,,,,,,,,
,,,,,23427,5.0,5,,,,,,,,
,,,,,23432,5.0,5,,,,,,,,
,,,,,23441,9.0,9,,,,,,,,
,,,,,23450,9.0,9,,,,,,,,
,,,,,23453,3.0,3,,,,,,,,
,,,,,23456,3.0,3,,,,,,,,
,,,,,23459,3.0,3,,,,,,,,
,,,,,23462,3.0,3,,,,,,,,
,,,,,23467,5.0,5,,,,,,,,
,,,,,23474,7.0,7,,,,,,,,
,,,,,23482,8.0,8,,,,,,,,
,,,,,23485,3.0,3,,,,,,,,
,,,,,23495,10.0,10,,,,,,,,
,,,,,23498,3.0,3,,,,,,,,
,,,,,23509,11.0,11,,,,,,,,
,,,,,23513,4.0,4,,,,,,,,
,,,,,23518,5.0,5,,,,,,,,
,,,,,23524,6.0,6,,,,,,,,
,,,,,23530,6.0,6,,,,,,,,
,,,,,23542,12.0,12,,,,,,,,
,,,,,23548,6.0,6,,,,,,,,
,,,,,23553,5.0,5,,,,,,,,
,,,,,23570,17.0,17,,,,,,,,
,,,,,23603,33.0,33,,,,,,,,
,,,,,23614,11.0,11,,,,,,,,
,,,,,23619,5.0,5,,,,,,,,
,,,,,23631,12.0,12,,,,,,,,
,,,,,23634,3.0,3,,,,,,,,
,,,,,23646,12.0,12,,,,,,,,
,,,,,23654,8.0,8,,,,,,,,
,,,,,23661,7.0,7,,,,,,,,
,,,,,23665,4.0,4,,,,,,,,
,,,,,23668,3.0,3,,,,,,,,
,,,,,23671,3.0,3,,,,,,,,
,,,,,23674,3.0,3,,,,,,,,
,,,,,23677,3.0,3,,,,,,,,
,,,,,23682,5.0,5,,,,,,,,
,,,,,23689,7.0,7,,,,,,,,
,,,,,23696,7.0,7,,,,,,,,
,,,,,23699,3.0,3,,,,,,,,
,,,,,23704,5.0,5,,,,,,,,
,,,,,23712,8.0,8,,,,,,,,
,,,,,23718,6.0,6,,,,,,,,
,,,,,23727,9.0,9,,,,,,,,
,,,,,23735,8.0,8,,,,,,,,
,,,,,23745,10.0,10,,,,,,,,
,,,,,23750,5.0,5,,,,,,,,
,,,,,23758,8.0,8,,,,,,,,
,,,,,23764,6.0,6,,,,,,,,
,,,,,23772,8.0,8,,,,,,,,
,,,,,23776,4.0,4,,,,,,,,
,,,,,23781,5.0,5,,,,,,,,
,,,,,23786,5.0,5,,,,,,,,
,,,,,23790,4.0,4,,,,,,,,
,,,,,23797,7.0,7,,,,,,,,
,,,,,23806,9.0,9,,,,,,,,
,,,,,23814,8.0,8,,,,,,,,
,,,,,23818,4.0,4,,,,,,,,
,,,,,23821,3.0,3,,,,,,,,
,,,,,23830,9.0,9,,,,,,,,
,,,,,23834,4.0,4,,,,,,,,
,,,,,23846,12.0,12,,,,,,,,
,,,,,23849,3.0,3,,,,,,,,
,,,,,23852,3.0,3,,,,,,,,
,,,,,23855,3.0,3,,,,,,,,
,,,,,23859,4.0,4,,,,,,,,
,,,,,23862,3.0,3,,,,,,,,
,,,,,23871,9.0,9,,,,,,,,
,,,,,23874,3.0,3,,,,,,,,
,,,,,23879,5.0,5,,,,,,,,
,,,,,23884,5.0,5,,,,,,,,
,,,,,23888,4.0,4,,,,,,,,
,,,,,23891,3.0,3,,,,,,,,
,,,,,23894,3.0,3,,,,,,,,
,,,,,23897,3.0,3,,,,,,,,
,,,,,23900,3.0,3,,,,,,,,
,,,,,23905,5.0,5,,,,,,,,
,,,,,23909,4.0,4,,,,,,,,
,,,,,23918,9.0,9,,,,,,,,
,,,,,23921,3.0,3,,,,,,,,
,,,,,23929,8.0,8,,,,,,,,
,,,,,23933,4.0,4,,,,,,,,
,,,,,23936,3.0,3,,,,,,,,
,,,,,23940,4.0,4,,,,,,,,
,,,,,23944,4.0,4,,,,,,,,
,,,,,23947,3.0,3,,,,,,,,
,,,,,23958,11.0,11,,,,,,,,
,,,,,23963,5.0,5,,,,,,,,
,,,,,23969,6.0,6,,,,,,,,
,,,,,23973,4.0,4,,,,,,,,
,,,,,23985,12.0,12,,,,,,,,
,,,,,23992,7.0,7,,,,,,,,
,,,,,23995,3.0,3,,,,,,,,
,,,,,24000,,,-0.06829028576612473,0.6829028129577637,2.1127395629882812,4.432675838470459,4.437873840332031,0.0003,0.0003,0.1
,,,,,24014,19.0,19,,,,,,,,
,,,,,24025,11.0,11,,,,,,,,
,,,,,24032,7.0,7,,,,,,,,
,,,,,24035,3.0,3,,,,,,,,
,,,,,24038,3.0,3,,,,,,,,
,,,,,24042,4.0,4,,,,,,,,
,,,,,24048,6.0,6,,,,,,,,
,,,,,24053,5.0,5,,,,,,,,
,,,,,24058,5.0,5,,,,,,,,
,,,,,24061,3.0,3,,,,,,,,
,,,,,24064,3.0,3,,,,,,,,
,,,,,24070,6.0,6,,,,,,,,
,,,,,24077,7.0,7,,,,,,,,
,,,,,24080,3.0,3,,,,,,,,
,,,,,24084,4.0,4,,,,,,,,
,,,,,24087,3.0,3,,,,,,,,
,,,,,24092,5.0,5,,,,,,,,
,,,,,24096,4.0,4,,,,,,,,
,,,,,24103,7.0,7,,,,,,,,
,,,,,24112,9.0,9,,,,,,,,
,,,,,24118,6.0,6,,,,,,,,
,,,,,24122,4.0,4,,,,,,,,
,,,,,24126,4.0,4,,,,,,,,
,,,,,24130,4.0,4,,,,,,,,
,,,,,24136,6.0,6,,,,,,,,
,,,,,24139,3.0,3,,,,,,,,
,,,,,24145,6.0,6,,,,,,,,
,,,,,24151,6.0,6,,,,,,,,
,,,,,24156,5.0,5,,,,,,,,
,,,,,24169,13.0,13,,,,,,,,
,,,,,24175,6.0,6,,,,,,,,
,,,,,24182,7.0,7,,,,,,,,
,,,,,24188,6.0,6,,,,,,,,
,,,,,24191,3.0,3,,,,,,,,
,,,,,24197,6.0,6,,,,,,,,
,,,,,24202,5.0,5,,,,,,,,
,,,,,24205,3.0,3,,,,,,,,
,,,,,24217,12.0,12,,,,,,,,
,,,,,24220,3.0,3,,,,,,,,
,,,,,24224,4.0,4,,,,,,,,
,,,,,24229,5.0,5,,,,,,,,
,,,,,24248,19.0,19,,,,,,,,
,,,,,24254,6.0,6,,,,,,,,
,,,,,24258,4.0,4,,,,,,,,
,,,,,24262,4.0,4,,,,,,,,
,,,,,24266,4.0,4,,,,,,,,
,,,,,24272,6.0,6,,,,,,,,
,,,,,24279,7.0,7,,,,,,,,
,,,,,24293,14.0,14,,,,,,,,
,,,,,24298,5.0,5,,,,,,,,
,,,,,24302,4.0,4,,,,,,,,
,,,,,24312,10.0,10,,,,,,,,
,,,,,24317,5.0,5,,,,,,,,
,,,,,24325,8.0,8,,,,,,,,
,,,,,24328,3.0,3,,,,,,,,
,,,,,24339,11.0,11,,,,,,,,
,,,,,24342,3.0,3,,,,,,,,
,,,,,24346,4.0,4,,,,,,,,
,,,,,24350,4.0,4,,,,,,,,
,,,,,24365,15.0,15,,,,,,,,
,,,,,24372,7.0,7,,,,,,,,
,,,,,24384,12.0,12,,,,,,,,
,,,,,24388,4.0,4,,,,,,,,
,,,,,24391,3.0,3,,,,,,,,
,,,,,24394,3.0,3,,,,,,,,
,,,,,24401,7.0,7,,,,,,,,
,,,,,24404,3.0,3,,,,,,,,
,,,,,24408,4.0,4,,,,,,,,
,,,,,24413,5.0,5,,,,,,,,
,,,,,24417,4.0,4,,,,,,,,
,,,,,24420,3.0,3,,,,,,,,
,,,,,24423,3.0,3,,,,,,,,
,,,,,24426,3.0,3,,,,,,,,
,,,,,24430,4.0,4,,,,,,,,
,,,,,24434,4.0,4,,,,,,,,
,,,,,24437,3.0,3,,,,,,,,
,,,,,24440,3.0,3,,,,,,,,
,,,,,24444,4.0,4,,,,,,,,
,,,,,24455,11.0,11,,,,,,,,
,,,,,24459,4.0,4,,,,,,,,
,,,,,24464,5.0,5,,,,,,,,
,,,,,24471,7.0,7,,,,,,,,
,,,,,24481,10.0,10,,,,,,,,
,,,,,24490,9.0,9,,,,,,,,
,,,,,24505,15.0,15,,,,,,,,
,,,,,24513,8.0,8,,,,,,,,
,,,,,24520,7.0,7,,,,,,,,
,,,,,24526,6.0,6,,,,,,,,
,,,,,24531,5.0,5,,,,,,,,
,,,,,24535,4.0,4,,,,,,,,
,,,,,24538,3.0,3,,,,,,,,
,,,,,24542,4.0,4,,,,,,,,
,,,,,24548,6.0,6,,,,,,,,
,,,,,24552,4.0,4,,,,,,,,
,,,,,24562,10.0,10,,,,,,,,
,,,,,24565,3.0,3,,,,,,,,
,,,,,24572,7.0,7,,,,,,,,
,,,,,24576,4.0,4,,,,,,,,
,,,,,24580,4.0,4,,,,,,,,
,,,,,24585,5.0,5,,,,,,,,
,,,,,24588,3.0,3,,,,,,,,
,,,,,24596,8.0,8,,,,,,,,
,,,,,24601,5.0,5,,,,,,,,
,,,,,24607,6.0,6,,,,,,,,
,,,,,24610,3.0,3,,,,,,,,
,,,,,24623,13.0,13,,,,,,,,
,,,,,24632,9.0,9,,,,,,,,
,,,,,24635,3.0,3,,,,,,,,
,,,,,24641,6.0,6,,,,,,,,
,,,,,24647,6.0,6,,,,,,,,
,,,,,24657,10.0,10,,,,,,,,
,,,,,24661,4.0,4,,,,,,,,
,,,,,24664,3.0,3,,,,,,,,
,,,,,24678,14.0,14,,,,,,,,
,,,,,24683,5.0,5,,,,,,,,
,,,,,24691,8.0,8,,,,,,,,
,,,,,24695,4.0,4,,,,,,,,
,,,,,24699,4.0,4,,,,,,,,
,,,,,24705,6.0,6,,,,,,,,
,,,,,24710,5.0,5,,,,,,,,
,,,,,24722,12.0,12,,,,,,,,
,,,,,24726,4.0,4,,,,,,,,
,,,,,24729,3.0,3,,,,,,,,
,,,,,24735,6.0,6,,,,,,,,
,,,,,24738,3.0,3,,,,,,,,
,,,,,24742,4.0,4,,,,,,,,
,,,,,24746,4.0,4,,,,,,,,
,,,,,24750,4.0,4,,,,,,,,
,,,,,24757,7.0,7,,,,,,,,
,,,,,24761,4.0,4,,,,,,,,
,,,,,24764,3.0,3,,,,,,,,
,,,,,24769,5.0,5,,,,,,,,
,,,,,24775,6.0,6,,,,,,,,
,,,,,24779,4.0,4,,,,,,,,
,,,,,24787,8.0,8,,,,,,,,
,,,,,24791,4.0,4,,,,,,,,
,,,,,24795,4.0,4,,,,,,,,
,,,,,24804,9.0,9,,,,,,,,
,,,,,24807,3.0,3,,,,,,,,
,,,,,24819,12.0,12,,,,,,,,
,,,,,24826,7.0,7,,,,,,,,
,,,,,24836,10.0,10,,,,,,,,
,,,,,24841,5.0,5,,,,,,,,
,,,,,24853,12.0,12,,,,,,,,
,,,,,24876,23.0,23,,,,,,,,
,,,,,24883,7.0,7,,,,,,,,
,,,,,24889,6.0,6,,,,,,,,
,,,,,24895,6.0,6,,,,,,,,
,,,,,24902,7.0,7,,,,,,,,
,,,,,24905,3.0,3,,,,,,,,
,,,,,24910,5.0,5,,,,,,,,
,,,,,24913,3.0,3,,,,,,,,
,,,,,24917,4.0,4,,,,,,,,
,,,,,24927,10.0,10,,,,,,,,
,,,,,24933,6.0,6,,,,,,,,
,,,,,24939,6.0,6,,,,,,,,
,,,,,24943,4.0,4,,,,,,,,
,,,,,24949,6.0,6,,,,,,,,
,,,,,24953,4.0,4,,,,,,,,
,,,,,24957,4.0,4,,,,,,,,
,,,,,24960,3.0,3,,,,,,,,
,,,,,24964,4.0,4,,,,,,,,
,,,,,24970,6.0,6,,,,,,,,
,,,,,24985,15.0,15,,,,,,,,
,,,,,24988,3.0,3,,,,,,,,
,,,,,24991,3.0,3,,,,,,,,
,,,,,24999,8.0,8,,,,,,,,
4.9,1.8138356,9.0,3.0,4.9,25000,,,-0.06643020361661911,0.6643019914627075,1.9931952953338623,4.714821815490723,4.755485534667969,0.0003,0.0003,0.1
,,,,,25007,8.0,8,,,,,,,,
,,,,,25010,3.0,3,,,,,,,,
,,,,,25014,4.0,4,,,,,,,,
,,,,,25019,5.0,5,,,,,,,,
,,,,,25022,3.0,3,,,,,,,,
,,,,,25026,4.0,4,,,,,,,,
,,,,,25029,3.0,3,,,,,,,,
,,,,,25034,5.0,5,,,,,,,,
,,,,,25038,4.0,4,,,,,,,,
,,,,,25045,7.0,7,,,,,,,,
,,,,,25052,7.0,7,,,,,,,,
,,,,,25055,3.0,3,,,,,,,,
,,,,,25062,7.0,7,,,,,,,,
,,,,,25066,4.0,4,,,,,,,,
,,,,,25069,3.0,3,,,,,,,,
,,,,,25078,9.0,9,,,,,,,,
,,,,,25081,3.0,3,,,,,,,,
,,,,,25095,14.0,14,,,,,,,,
,,,,,25098,3.0,3,,,,,,,,
,,,,,25102,4.0,4,,,,,,,,
,,,,,25110,8.0,8,,,,,,,,
,,,,,25124,14.0,14,,,,,,,,
,,,,,25128,4.0,4,,,,,,,,
,,,,,25131,3.0,3,,,,,,,,
,,,,,25138,7.0,7,,,,,,,,
,,,,,25142,4.0,4,,,,,,,,
,,,,,25150,8.0,8,,,,,,,,
,,,,,25156,6.0,6,,,,,,,,
,,,,,25164,8.0,8,,,,,,,,
,,,,,25168,4.0,4,,,,,,,,
,,,,,25171,3.0,3,,,,,,,,
,,,,,25178,7.0,7,,,,,,,,
,,,,,25182,4.0,4,,,,,,,,
,,,,,25189,7.0,7,,,,,,,,
,,,,,25193,4.0,4,,,,,,,,
,,,,,25204,11.0,11,,,,,,,,
,,,,,25212,8.0,8,,,,,,,,
,,,,,25217,5.0,5,,,,,,,,
,,,,,25221,4.0,4,,,,,,,,
,,,,,25224,3.0,3,,,,,,,,
,,,,,25230,6.0,6,,,,,,,,
,,,,,25233,3.0,3,,,,,,,,
,,,,,25250,17.0,17,,,,,,,,
,,,,,25255,5.0,5,,,,,,,,
,,,,,25261,6.0,6,,,,,,,,
,,,,,25265,4.0,4,,,,,,,,
,,,,,25269,4.0,4,,,,,,,,
,,,,,25281,12.0,12,,,,,,,,
,,,,,25285,4.0,4,,,,,,,,
,,,,,25288,3.0,3,,,,,,,,
,,,,,25291,3.0,3,,,,,,,,
,,,,,25302,11.0,11,,,,,,,,
,,,,,25307,5.0,5,,,,,,,,
,,,,,25310,3.0,3,,,,,,,,
,,,,,25313,3.0,3,,,,,,,,
,,,,,25317,4.0,4,,,,,,,,
,,,,,25322,5.0,5,,,,,,,,
,,,,,25325,3.0,3,,,,,,,,
,,,,,25329,4.0,4,,,,,,,,
,,,,,25337,8.0,8,,,,,,,,
,,,,,25341,4.0,4,,,,,,,,
,,,,,25347,6.0,6,,,,,,,,
,,,,,25353,6.0,6,,,,,,,,
,,,,,25357,4.0,4,,,,,,,,
,,,,,25364,7.0,7,,,,,,,,
,,,,,25372,8.0,8,,,,,,,,
,,,,,25375,3.0,3,,,,,,,,
,,,,,25378,3.0,3,,,,,,,,
,,,,,25381,3.0,3,,,,,,,,
,,,,,25388,7.0,7,,,,,,,,
,,,,,25393,5.0,5,,,,,,,,
,,,,,25397,4.0,4,,,,,,,,
,,,,,25400,3.0,3,,,,,,,,
,,,,,25404,4.0,4,,,,,,,,
,,,,,25409,5.0,5,,,,,,,,
,,,,,25414,5.0,5,,,,,,,,
,,,,,25419,5.0,5,,,,,,,,
,,,,,25425,6.0,6,,,,,,,,
,,,,,25429,4.0,4,,,,,,,,
,,,,,25433,4.0,4,,,,,,,,
,,,,,25436,3.0,3,,,,,,,,
,,,,,25440,4.0,4,,,,,,,,
,,,,,25447,7.0,7,,,,,,,,
,,,,,25451,4.0,4,,,,,,,,
,,,,,25456,5.0,5,,,,,,,,
,,,,,25464,8.0,8,,,,,,,,
,,,,,25468,4.0,4,,,,,,,,
,,,,,25471,3.0,3,,,,,,,,
,,,,,25474,3.0,3,,,,,,,,
,,,,,25477,3.0,3,,,,,,,,
,,,,,25482,5.0,5,,,,,,,,
,,,,,25487,5.0,5,,,,,,,,
,,,,,25492,5.0,5,,,,,,,,
,,,,,25501,9.0,9,,,,,,,,
,,,,,25508,7.0,7,,,,,,,,
,,,,,25517,9.0,9,,,,,,,,
,,,,,25522,5.0,5,,,,,,,,
,,,,,25533,11.0,11,,,,,,,,
,,,,,25541,8.0,8,,,,,,,,
,,,,,25546,5.0,5,,,,,,,,
,,,,,25549,3.0,3,,,,,,,,
,,,,,25557,8.0,8,,,,,,,,
,,,,,25560,3.0,3,,,,,,,,
,,,,,25566,6.0,6,,,,,,,,
,,,,,25569,3.0,3,,,,,,,,
,,,,,25572,3.0,3,,,,,,,,
,,,,,25576,4.0,4,,,,,,,,
,,,,,25580,4.0,4,,,,,,,,
,,,,,25583,3.0,3,,,,,,,,
,,,,,25587,4.0,4,,,,,,,,
,,,,,25601,14.0,14,,,,,,,,
,,,,,25607,6.0,6,,,,,,,,
,,,,,25610,3.0,3,,,,,,,,
,,,,,25618,8.0,8,,,,,,,,
,,,,,25624,6.0,6,,,,,,,,
,,,,,25629,5.0,5,,,,,,,,
,,,,,25635,6.0,6,,,,,,,,
,,,,,25641,6.0,6,,,,,,,,
,,,,,25644,3.0,3,,,,,,,,
,,,,,25647,3.0,3,,,,,,,,
,,,,,25650,3.0,3,,,,,,,,
,,,,,25657,7.0,7,,,,,,,,
,,,,,25660,3.0,3,,,,,,,,
,,,,,25673,13.0,13,,,,,,,,
,,,,,25681,8.0,8,,,,,,,,
,,,,,25688,7.0,7,,,,,,,,
,,,,,25694,6.0,6,,,,,,,,
,,,,,25701,7.0,7,,,,,,,,
,,,,,25704,3.0,3,,,,,,,,
,,,,,25710,6.0,6,,,,,,,,
,,,,,25720,10.0,10,,,,,,,,
,,,,,25723,3.0,3,,,,,,,,
,,,,,25728,5.0,5,,,,,,,,
,,,,,25733,5.0,5,,,,,,,,
,,,,,25736,3.0,3,,,,,,,,
,,,,,25744,8.0,8,,,,,,,,
,,,,,25748,4.0,4,,,,,,,,
,,,,,25753,5.0,5,,,,,,,,
,,,,,25760,7.0,7,,,,,,,,
,,,,,25767,7.0,7,,,,,,,,
,,,,,25776,9.0,9,,,,,,,,
,,,,,25784,8.0,8,,,,,,,,
,,,,,25793,9.0,9,,,,,,,,
,,,,,25798,5.0,5,,,,,,,,
,,,,,25803,5.0,5,,,,,,,,
,,,,,25806,3.0,3,,,,,,,,
,,,,,25811,5.0,5,,,,,,,,
,,,,,25816,5.0,5,,,,,,,,
,,,,,25830,14.0,14,,,,,,,,
,,,,,25834,4.0,4,,,,,,,,
,,,,,25839,5.0,5,,,,,,,,
,,,,,25843,4.0,4,,,,,,,,
,,,,,25848,5.0,5,,,,,,,,
,,,,,25858,10.0,10,,,,,,,,
,,,,,25861,3.0,3,,,,,,,,
,,,,,25864,3.0,3,,,,,,,,
,,,,,25867,3.0,3,,,,,,,,
,,,,,25870,3.0,3,,,,,,,,
,,,,,25875,5.0,5,,,,,,,,
,,,,,25884,9.0,9,,,,,,,,
,,,,,25890,6.0,6,,,,,,,,
,,,,,25894,4.0,4,,,,,,,,
,,,,,25900,6.0,6,,,,,,,,
,,,,,25903,3.0,3,,,,,,,,
,,,,,25907,4.0,4,,,,,,,,
,,,,,25917,10.0,10,,,,,,,,
,,,,,25927,10.0,10,,,,,,,,
,,,,,25932,5.0,5,,,,,,,,
,,,,,25938,6.0,6,,,,,,,,
,,,,,25950,12.0,12,,,,,,,,
,,,,,25955,5.0,5,,,,,,,,
,,,,,25958,3.0,3,,,,,,,,
,,,,,25961,3.0,3,,,,,,,,
,,,,,25971,10.0,10,,,,,,,,
,,,,,25974,3.0,3,,,,,,,,
,,,,,25987,13.0,13,,,,,,,,
,,,,,25990,3.0,3,,,,,,,,
,,,,,25994,4.0,4,,,,,,,,
,,,,,25998,4.0,4,,,,,,,,
,,,,,26000,,,-0.06796637922525406,0.6796637773513794,1.8944828510284424,4.370615005493164,4.510801315307617,0.0003,0.0003,0.1
,,,,,26004,6.0,6,,,,,,,,
,,,,,26016,12.0,12,,,,,,,,
,,,,,26020,4.0,4,,,,,,,,
,,,,,26034,14.0,14,,,,,,,,
,,,,,26043,9.0,9,,,,,,,,
,,,,,26046,3.0,3,,,,,,,,
,,,,,26051,5.0,5,,,,,,,,
,,,,,26054,3.0,3,,,,,,,,
,,,,,26060,6.0,6,,,,,,,,
,,,,,26063,3.0,3,,,,,,,,
,,,,,26072,9.0,9,,,,,,,,
,,,,,26076,4.0,4,,,,,,,,
,,,,,26080,4.0,4,,,,,,,,
,,,,,26083,3.0,3,,,,,,,,
,,,,,26086,3.0,3,,,,,,,,
,,,,,26091,5.0,5,,,,,,,,
,,,,,26095,4.0,4,,,,,,,,
,,,,,26102,7.0,7,,,,,,,,
,,,,,26106,4.0,4,,,,,,,,
,,,,,26109,3.0,3,,,,,,,,
,,,,,26112,3.0,3,,,,,,,,
,,,,,26118,6.0,6,,,,,,,,
,,,,,26122,4.0,4,,,,,,,,
,,,,,26125,3.0,3,,,,,,,,
,,,,,26132,7.0,7,,,,,,,,
,,,,,26140,8.0,8,,,,,,,,
,,,,,26148,8.0,8,,,,,,,,
,,,,,26156,8.0,8,,,,,,,,
,,,,,26160,4.0,4,,,,,,,,
,,,,,26165,5.0,5,,,,,,,,
,,,,,26168,3.0,3,,,,,,,,
,,,,,26173,5.0,5,,,,,,,,
,,,,,26179,6.0,6,,,,,,,,
,,,,,26183,4.0,4,,,,,,,,
,,,,,26192,9.0,9,,,,,,,,
,,,,,26195,3.0,3,,,,,,,,
,,,,,26199,4.0,4,,,,,,,,
,,,,,26203,4.0,4,,,,,,,,
,,,,,26206,3.0,3,,,,,,,,
,,,,,26210,4.0,4,,,,,,,,
,,,,,26213,3.0,3,,,,,,,,
,,,,,26216,3.0,3,,,,,,,,
,,,,,26221,5.0,5,,,,,,,,
,,,,,26224,3.0,3,,,,,,,,
,,,,,26229,5.0,5,,,,,,,,
,,,,,26232,3.0,3,,,,,,,,
,,,,,26239,7.0,7,,,,,,,,
,,,,,26249,10.0,10,,,,,,,,
,,,,,26262,13.0,13,,,,,,,,
,,,,,26266,4.0,4,,,,,,,,
,,,,,26270,4.0,4,,,,,,,,
,,,,,26274,4.0,4,,,,,,,,
,,,,,26278,4.0,4,,,,,,,,
,,,,,26285,7.0,7,,,,,,,,
,,,,,26289,4.0,4,,,,,,,,
,,,,,26293,4.0,4,,,,,,,,
,,,,,26297,4.0,4,,,,,,,,
,,,,,26305,8.0,8,,,,,,,,
,,,,,26309,4.0,4,,,,,,,,
,,,,,26313,4.0,4,,,,,,,,
,,,,,26319,6.0,6,,,,,,,,
,,,,,26327,8.0,8,,,,,,,,
,,,,,26336,9.0,9,,,,,,,,
,,,,,26346,10.0,10,,,,,,,,
,,,,,26349,3.0,3,,,,,,,,
,,,,,26368,19.0,19,,,,,,,,
,,,,,26376,8.0,8,,,,,,,,
,,,,,26380,4.0,4,,,,,,,,
,,,,,26384,4.0,4,,,,,,,,
,,,,,26392,8.0,8,,,,,,,,
,,,,,26395,3.0,3,,,,,,,,
,,,,,26398,3.0,3,,,,,,,,
,,,,,26404,6.0,6,,,,,,,,
,,,,,26407,3.0,3,,,,,,,,
,,,,,26410,3.0,3,,,,,,,,
,,,,,26413,3.0,3,,,,,,,,
,,,,,26416,3.0,3,,,,,,,,
,,,,,26420,4.0,4,,,,,,,,
,,,,,26424,4.0,4,,,,,,,,
,,,,,26427,3.0,3,,,,,,,,
,,,,,26430,3.0,3,,,,,,,,
,,,,,26434,4.0,4,,,,,,,,
,,,,,26438,4.0,4,,,,,,,,
,,,,,26441,3.0,3,,,,,,,,
,,,,,26446,5.0,5,,,,,,,,
,,,,,26450,4.0,4,,,,,,,,
,,,,,26455,5.0,5,,,,,,,,
,,,,,26460,5.0,5,,,,,,,,
,,,,,26468,8.0,8,,,,,,,,
,,,,,26475,7.0,7,,,,,,,,
,,,,,26478,3.0,3,,,,,,,,
,,,,,26488,10.0,10,,,,,,,,
,,,,,26493,5.0,5,,,,,,,,
,,,,,26505,12.0,12,,,,,,,,
,,,,,26511,6.0,6,,,,,,,,
,,,,,26514,3.0,3,,,,,,,,
,,,,,26517,3.0,3,,,,,,,,
,,,,,26522,5.0,5,,,,,,,,
,,,,,26525,3.0,3,,,,,,,,
,,,,,26528,3.0,3,,,,,,,,
,,,,,26533,5.0,5,,,,,,,,
,,,,,26537,4.0,4,,,,,,,,
,,,,,26549,12.0,12,,,,,,,,
,,,,,26555,6.0,6,,,,,,,,
,,,,,26558,3.0,3,,,,,,,,
,,,,,26561,3.0,3,,,,,,,,
,,,,,26566,5.0,5,,,,,,,,
,,,,,26576,10.0,10,,,,,,,,
,,,,,26579,3.0,3,,,,,,,,
,,,,,26583,4.0,4,,,,,,,,
,,,,,26589,6.0,6,,,,,,,,
,,,,,26592,3.0,3,,,,,,,,
,,,,,26596,4.0,4,,,,,,,,
,,,,,26602,6.0,6,,,,,,,,
,,,,,26605,3.0,3,,,,,,,,
,,,,,26608,3.0,3,,,,,,,,
,,,,,26612,4.0,4,,,,,,,,
,,,,,26618,6.0,6,,,,,,,,
,,,,,26621,3.0,3,,,,,,,,
,,,,,26625,4.0,4,,,,,,,,
,,,,,26630,5.0,5,,,,,,,,
,,,,,26641,11.0,11,,,,,,,,
,,,,,26646,5.0,5,,,,,,,,
,,,,,26657,11.0,11,,,,,,,,
,,,,,26668,11.0,11,,,,,,,,
,,,,,26676,8.0,8,,,,,,,,
,,,,,26681,5.0,5,,,,,,,,
,,,,,26689,8.0,8,,,,,,,,
,,,,,26696,7.0,7,,,,,,,,
,,,,,26699,3.0,3,,,,,,,,
,,,,,26705,6.0,6,,,,,,,,
,,,,,26711,6.0,6,,,,,,,,
,,,,,26716,5.0,5,,,,,,,,
,,,,,26726,10.0,10,,,,,,,,
,,,,,26729,3.0,3,,,,,,,,
,,,,,26734,5.0,5,,,,,,,,
,,,,,26742,8.0,8,,,,,,,,
,,,,,26745,3.0,3,,,,,,,,
,,,,,26751,6.0,6,,,,,,,,
,,,,,26754,3.0,3,,,,,,,,
,,,,,26763,9.0,9,,,,,,,,
,,,,,26770,7.0,7,,,,,,,,
,,,,,26779,9.0,9,,,,,,,,
,,,,,26786,7.0,7,,,,,,,,
,,,,,26793,7.0,7,,,,,,,,
,,,,,26797,4.0,4,,,,,,,,
,,,,,26802,5.0,5,,,,,,,,
,,,,,26825,23.0,23,,,,,,,,
,,,,,26838,13.0,13,,,,,,,,
,,,,,26841,3.0,3,,,,,,,,
,,,,,26845,4.0,4,,,,,,,,
,,,,,26850,5.0,5,,,,,,,,
,,,,,26860,10.0,10,,,,,,,,
,,,,,26864,4.0,4,,,,,,,,
,,,,,26874,10.0,10,,,,,,,,
,,,,,26878,4.0,4,,,,,,,,
,,,,,26882,4.0,4,,,,,,,,
,,,,,26889,7.0,7,,,,,,,,
,,,,,26893,4.0,4,,,,,,,,
,,,,,26907,14.0,14,,,,,,,,
,,,,,26911,4.0,4,,,,,,,,
,,,,,26917,6.0,6,,,,,,,,
,,,,,26923,6.0,6,,,,,,,,
,,,,,26933,10.0,10,,,,,,,,
,,,,,26939,6.0,6,,,,,,,,
,,,,,26944,5.0,5,,,,,,,,
,,,,,26951,7.0,7,,,,,,,,
,,,,,26961,10.0,10,,,,,,,,
,,,,,26966,5.0,5,,,,,,,,
,,,,,26977,11.0,11,,,,,,,,
,,,,,26992,15.0,15,,,,,,,,
,,,,,26997,5.0,5,,,,,,,,
,,,,,27000,,,-0.06863640248775482,0.6863639950752258,1.8195037841796875,4.519685745239258,4.561508655548096,0.0003,0.0003,0.1
,,,,,27005,8.0,8,,,,,,,,
,,,,,27009,4.0,4,,,,,,,,
,,,,,27013,4.0,4,,,,,,,,
,,,,,27020,7.0,7,,,,,,,,
,,,,,27025,5.0,5,,,,,,,,
,,,,,27028,3.0,3,,,,,,,,
,,,,,27033,5.0,5,,,,,,,,
,,,,,27039,6.0,6,,,,,,,,
,,,,,27050,11.0,11,,,,,,,,
,,,,,27053,3.0,3,,,,,,,,
,,,,,27059,6.0,6,,,,,,,,
,,,,,27067,8.0,8,,,,,,,,
,,,,,27070,3.0,3,,,,,,,,
,,,,,27073,3.0,3,,,,,,,,
,,,,,27078,5.0,5,,,,,,,,
,,,,,27082,4.0,4,,,,,,,,
,,,,,27088,6.0,6,,,,,,,,
,,,,,27091,3.0,3,,,,,,,,
,,,,,27095,4.0,4,,,,,,,,
,,,,,27098,3.0,3,,,,,,,,
,,,,,27104,6.0,6,,,,,,,,
,,,,,27111,7.0,7,,,,,,,,
,,,,,27114,3.0,3,,,,,,,,
,,,,,27118,4.0,4,,,,,,,,
,,,,,27122,4.0,4,,,,,,,,
,,,,,27125,3.0,3,,,,,,,,
,,,,,27137,12.0,12,,,,,,,,
,,,,,27142,5.0,5,,,,,,,,
,,,,,27147,5.0,5,,,,,,,,
,,,,,27154,7.0,7,,,,,,,,
,,,,,27162,8.0,8,,,,,,,,
,,,,,27165,3.0,3,,,,,,,,
,,,,,27168,3.0,3,,,,,,,,
,,,,,27190,22.0,22,,,,,,,,
,,,,,27193,3.0,3,,,,,,,,
,,,,,27200,7.0,7,,,,,,,,
,,,,,27207,7.0,7,,,,,,,,
,,,,,27215,8.0,8,,,,,,,,
,,,,,27224,9.0,9,,,,,,,,
,,,,,27229,5.0,5,,,,,,,,
,,,,,27232,3.0,3,,,,,,,,
,,,,,27236,4.0,4,,,,,,,,
,,,,,27243,7.0,7,,,,,,,,
,,,,,27251,8.0,8,,,,,,,,
,,,,,27254,3.0,3,,,,,,,,
,,,,,27265,11.0,11,,,,,,,,
,,,,,27269,4.0,4,,,,,,,,
,,,,,27280,11.0,11,,,,,,,,
,,,,,27284,4.0,4,,,,,,,,
,,,,,27288,4.0,4,,,,,,,,
,,,,,27291,3.0,3,,,,,,,,
,,,,,27309,18.0,18,,,,,,,,
,,,,,27316,7.0,7,,,,,,,,
,,,,,27320,4.0,4,,,,,,,,
,,,,,27323,3.0,3,,,,,,,,
,,,,,27327,4.0,4,,,,,,,,
,,,,,27332,5.0,5,,,,,,,,
,,,,,27343,11.0,11,,,,,,,,
,,,,,27346,3.0,3,,,,,,,,
,,,,,27353,7.0,7,,,,,,,,
,,,,,27359,6.0,6,,,,,,,,
,,,,,27364,5.0,5,,,,,,,,
,,,,,27367,3.0,3,,,,,,,,
,,,,,27371,4.0,4,,,,,,,,
,,,,,27375,4.0,4,,,,,,,,
,,,,,27378,3.0,3,,,,,,,,
,,,,,27389,11.0,11,,,,,,,,
,,,,,27392,3.0,3,,,,,,,,
,,,,,27395,3.0,3,,,,,,,,
,,,,,27404,9.0,9,,,,,,,,
,,,,,27409,5.0,5,,,,,,,,
,,,,,27420,11.0,11,,,,,,,,
,,,,,27428,8.0,8,,,,,,,,
,,,,,27431,3.0,3,,,,,,,,
,,,,,27435,4.0,4,,,,,,,,
,,,,,27439,4.0,4,,,,,,,,
,,,,,27442,3.0,3,,,,,,,,
,,,,,27447,5.0,5,,,,,,,,
,,,,,27452,5.0,5,,,,,,,,
,,,,,27456,4.0,4,,,,,,,,
,,,,,27460,4.0,4,,,,,,,,
,,,,,27465,5.0,5,,,,,,,,
,,,,,27475,10.0,10,,,,,,,,
,,,,,27483,8.0,8,,,,,,,,
,,,,,27488,5.0,5,,,,,,,,
,,,,,27496,8.0,8,,,,,,,,
,,,,,27500,4.0,4,,,,,,,,
,,,,,27511,11.0,11,,,,,,,,
,,,,,27515,4.0,4,,,,,,,,
,,,,,27518,3.0,3,,,,,,,,
,,,,,27531,13.0,13,,,,,,,,
,,,,,27540,9.0,9,,,,,,,,
,,,,,27550,10.0,10,,,,,,,,
,,,,,27553,3.0,3,,,,,,,,
,,,,,27556,3.0,3,,,,,,,,
,,,,,27563,7.0,7,,,,,,,,
,,,,,27570,7.0,7,,,,,,,,
,,,,,27573,3.0,3,,,,,,,,
,,,,,27581,8.0,8,,,,,,,,
,,,,,27585,4.0,4,,,,,,,,
,,,,,27590,5.0,5,,,,,,,,
,,,,,27605,15.0,15,,,,,,,,
,,,,,27608,3.0,3,,,,,,,,
,,,,,27612,4.0,4,,,,,,,,
,,,,,27619,7.0,7,,,,,,,,
,,,,,27623,4.0,4,,,,,,,,
,,,,,27631,8.0,8,,,,,,,,
,,,,,27639,8.0,8,,,,,,,,
,,,,,27643,4.0,4,,,,,,,,
,,,,,27651,8.0,8,,,,,,,,
,,,,,27655,4.0,4,,,,,,,,
,,,,,27660,5.0,5,,,,,,,,
,,,,,27674,14.0,14,,,,,,,,
,,,,,27678,4.0,4,,,,,,,,
,,,,,27682,4.0,4,,,,,,,,
,,,,,27688,6.0,6,,,,,,,,
,,,,,27693,5.0,5,,,,,,,,
,,,,,27698,5.0,5,,,,,,,,
,,,,,27703,5.0,5,,,,,,,,
,,,,,27714,11.0,11,,,,,,,,
,,,,,27717,3.0,3,,,,,,,,
,,,,,27724,7.0,7,,,,,,,,
,,,,,27729,5.0,5,,,,,,,,
,,,,,27732,3.0,3,,,,,,,,
,,,,,27735,3.0,3,,,,,,,,
,,,,,27741,6.0,6,,,,,,,,
,,,,,27745,4.0,4,,,,,,,,
,,,,,27751,6.0,6,,,,,,,,
,,,,,27757,6.0,6,,,,,,,,
,,,,,27765,8.0,8,,,,,,,,
,,,,,27772,7.0,7,,,,,,,,
,,,,,27782,10.0,10,,,,,,,,
,,,,,27787,5.0,5,,,,,,,,
,,,,,27793,6.0,6,,,,,,,,
,,,,,27797,4.0,4,,,,,,,,
,,,,,27802,5.0,5,,,,,,,,
,,,,,27805,3.0,3,,,,,,,,
,,,,,27808,3.0,3,,,,,,,,
,,,,,27815,7.0,7,,,,,,,,
,,,,,27819,4.0,4,,,,,,,,
,,,,,27823,4.0,4,,,,,,,,
,,,,,27829,6.0,6,,,,,,,,
,,,,,27836,7.0,7,,,,,,,,
,,,,,27839,3.0,3,,,,,,,,
,,,,,27846,7.0,7,,,,,,,,
,,,,,27854,8.0,8,,,,,,,,
,,,,,27864,10.0,10,,,,,,,,
,,,,,27868,4.0,4,,,,,,,,
,,,,,27880,12.0,12,,,,,,,,
,,,,,27888,8.0,8,,,,,,,,
,,,,,27900,12.0,12,,,,,,,,
,,,,,27911,11.0,11,,,,,,,,
,,,,,27915,4.0,4,,,,,,,,
,,,,,27919,4.0,4,,,,,,,,
,,,,,27932,13.0,13,,,,,,,,
,,,,,27937,5.0,5,,,,,,,,
,,,,,27944,7.0,7,,,,,,,,
,,,,,27950,6.0,6,,,,,,,,
,,,,,27955,5.0,5,,,,,,,,
,,,,,27969,14.0,14,,,,,,,,
,,,,,27972,3.0,3,,,,,,,,
,,,,,27976,4.0,4,,,,,,,,
,,,,,27986,10.0,10,,,,,,,,
,,,,,27991,5.0,5,,,,,,,,
,,,,,27994,3.0,3,,,,,,,,
,,,,,27997,3.0,3,,,,,,,,
,,,,,28000,3.0,3,,,,,,,,
,,,,,28000,,,-0.06817980110645294,0.681797981262207,1.3899366855621338,4.536104679107666,4.684181213378906,0.0003,0.0003,0.1
,,,,,28009,9.0,9,,,,,,,,
,,,,,28027,18.0,18,,,,,,,,
,,,,,28031,4.0,4,,,,,,,,
,,,,,28034,3.0,3,,,,,,,,
,,,,,28037,3.0,3,,,,,,,,
,,,,,28043,6.0,6,,,,,,,,
,,,,,28047,4.0,4,,,,,,,,
,,,,,28056,9.0,9,,,,,,,,
,,,,,28059,3.0,3,,,,,,,,
,,,,,28064,5.0,5,,,,,,,,
,,,,,28068,4.0,4,,,,,,,,
,,,,,28073,5.0,5,,,,,,,,
,,,,,28082,9.0,9,,,,,,,,
,,,,,28086,4.0,4,,,,,,,,
,,,,,28093,7.0,7,,,,,,,,
,,,,,28098,5.0,5,,,,,,,,
,,,,,28101,3.0,3,,,,,,,,
,,,,,28106,5.0,5,,,,,,,,
,,,,,28112,6.0,6,,,,,,,,
,,,,,28121,9.0,9,,,,,,,,
,,,,,28126,5.0,5,,,,,,,,
,,,,,28131,5.0,5,,,,,,,,
,,,,,28135,4.0,4,,,,,,,,
,,,,,28138,3.0,3,,,,,,,,
,,,,,28142,4.0,4,,,,,,,,
,,,,,28152,10.0,10,,,,,,,,
,,,,,28158,6.0,6,,,,,,,,
,,,,,28162,4.0,4,,,,,,,,
,,,,,28165,3.0,3,,,,,,,,
,,,,,28170,5.0,5,,,,,,,,
,,,,,28176,6.0,6,,,,,,,,
,,,,,28180,4.0,4,,,,,,,,
,,,,,28191,11.0,11,,,,,,,,
,,,,,28194,3.0,3,,,,,,,,
,,,,,28200,6.0,6,,,,,,,,
,,,,,28207,7.0,7,,,,,,,,
,,,,,28211,4.0,4,,,,,,,,
,,,,,28214,3.0,3,,,,,,,,
,,,,,28219,5.0,5,,,,,,,,
,,,,,28225,6.0,6,,,,,,,,
,,,,,28229,4.0,4,,,,,,,,
,,,,,28232,3.0,3,,,,,,,,
,,,,,28239,7.0,7,,,,,,,,
,,,,,28243,4.0,4,,,,,,,,
,,,,,28250,7.0,7,,,,,,,,
,,,,,28255,5.0,5,,,,,,,,
,,,,,28260,5.0,5,,,,,,,,
,,,,,28267,7.0,7,,,,,,,,
,,,,,28276,9.0,9,,,,,,,,
,,,,,28279,3.0,3,,,,,,,,
,,,,,28286,7.0,7,,,,,,,,
,,,,,28296,10.0,10,,,,,,,,
,,,,,28305,9.0,9,,,,,,,,
,,,,,28311,6.0,6,,,,,,,,
,,,,,28315,4.0,4,,,,,,,,
,,,,,28320,5.0,5,,,,,,,,
,,,,,28327,7.0,7,,,,,,,,
,,,,,28334,7.0,7,,,,,,,,
,,,,,28350,16.0,16,,,,,,,,
,,,,,28353,3.0,3,,,,,,,,
,,,,,28357,4.0,4,,,,,,,,
,,,,,28360,3.0,3,,,,,,,,
,,,,,28367,7.0,7,,,,,,,,
,,,,,28371,4.0,4,,,,,,,,
,,,,,28374,3.0,3,,,,,,,,
,,,,,28378,4.0,4,,,,,,,,
,,,,,28408,30.0,30,,,,,,,,
,,,,,28411,3.0,3,,,,,,,,
,,,,,28418,7.0,7,,,,,,,,
,,,,,28421,3.0,3,,,,,,,,
,,,,,28426,5.0,5,,,,,,,,
,,,,,28429,3.0,3,,,,,,,,
,,,,,28436,7.0,7,,,,,,,,
,,,,,28443,7.0,7,,,,,,,,
,,,,,28451,8.0,8,,,,,,,,
,,,,,28454,3.0,3,,,,,,,,
,,,,,28458,4.0,4,,,,,,,,
,,,,,28461,3.0,3,,,,,,,,
,,,,,28467,6.0,6,,,,,,,,
,,,,,28470,3.0,3,,,,,,,,
,,,,,28475,5.0,5,,,,,,,,
,,,,,28478,3.0,3,,,,,,,,
,,,,,28489,11.0,11,,,,,,,,
,,,,,28494,5.0,5,,,,,,,,
,,,,,28502,8.0,8,,,,,,,,
,,,,,28511,9.0,9,,,,,,,,
,,,,,28522,11.0,11,,,,,,,,
,,,,,28530,8.0,8,,,,,,,,
,,,,,28535,5.0,5,,,,,,,,
,,,,,28548,13.0,13,,,,,,,,
,,,,,28556,8.0,8,,,,,,,,
,,,,,28560,4.0,4,,,,,,,,
,,,,,28565,5.0,5,,,,,,,,
,,,,,28568,3.0,3,,,,,,,,
,,,,,28571,3.0,3,,,,,,,,
,,,,,28574,3.0,3,,,,,,,,
,,,,,28580,6.0,6,,,,,,,,
,,,,,28600,20.0,20,,,,,,,,
,,,,,28604,4.0,4,,,,,,,,
,,,,,28608,4.0,4,,,,,,,,
,,,,,28612,4.0,4,,,,,,,,
,,,,,28615,3.0,3,,,,,,,,
,,,,,28619,4.0,4,,,,,,,,
,,,,,28625,6.0,6,,,,,,,,
,,,,,28629,4.0,4,,,,,,,,
,,,,,28635,6.0,6,,,,,,,,
,,,,,28638,3.0,3,,,,,,,,
,,,,,28642,4.0,4,,,,,,,,
,,,,,28656,14.0,14,,,,,,,,
,,,,,28661,5.0,5,,,,,,,,
,,,,,28664,3.0,3,,,,,,,,
,,,,,28671,7.0,7,,,,,,,,
,,,,,28674,3.0,3,,,,,,,,
,,,,,28683,9.0,9,,,,,,,,
,,,,,28693,10.0,10,,,,,,,,
,,,,,28697,4.0,4,,,,,,,,
,,,,,28709,12.0,12,,,,,,,,
,,,,,28713,4.0,4,,,,,,,,
,,,,,28721,8.0,8,,,,,,,,
,,,,,28725,4.0,4,,,,,,,,
,,,,,28729,4.0,4,,,,,,,,
,,,,,28736,7.0,7,,,,,,,,
,,,,,28749,13.0,13,,,,,,,,
,,,,,28752,3.0,3,,,,,,,,
,,,,,28760,8.0,8,,,,,,,,
,,,,,28765,5.0,5,,,,,,,,
,,,,,28771,6.0,6,,,,,,,,
,,,,,28783,12.0,12,,,,,,,,
,,,,,28797,14.0,14,,,,,,,,
,,,,,28800,3.0,3,,,,,,,,
,,,,,28804,4.0,4,,,,,,,,
,,,,,28807,3.0,3,,,,,,,,
,,,,,28810,3.0,3,,,,,,,,
,,,,,28814,4.0,4,,,,,,,,
,,,,,28818,4.0,4,,,,,,,,
,,,,,28831,13.0,13,,,,,,,,
,,,,,28851,20.0,20,,,,,,,,
,,,,,28861,10.0,10,,,,,,,,
,,,,,28869,8.0,8,,,,,,,,
,,,,,28882,13.0,13,,,,,,,,
,,,,,28885,3.0,3,,,,,,,,
,,,,,28890,5.0,5,,,,,,,,
,,,,,28893,3.0,3,,,,,,,,
,,,,,28896,3.0,3,,,,,,,,
,,,,,28907,11.0,11,,,,,,,,
,,,,,28911,4.0,4,,,,,,,,
,,,,,28915,4.0,4,,,,,,,,
,,,,,28921,6.0,6,,,,,,,,
,,,,,28926,5.0,5,,,,,,,,
,,,,,28929,3.0,3,,,,,,,,
,,,,,28935,6.0,6,,,,,,,,
,,,,,28948,13.0,13,,,,,,,,
,,,,,28954,6.0,6,,,,,,,,
,,,,,28972,18.0,18,,,,,,,,
,,,,,28976,4.0,4,,,,,,,,
,,,,,28980,4.0,4,,,,,,,,
,,,,,28986,6.0,6,,,,,,,,
,,,,,28994,8.0,8,,,,,,,,
,,,,,29000,6.0,6,,,,,,,,
,,,,,29000,,,-0.0669584646821022,0.6695846319198608,1.898505687713623,4.581625938415527,4.582733154296875,0.0003,0.0003,0.1
,,,,,29003,3.0,3,,,,,,,,
,,,,,29008,5.0,5,,,,,,,,
,,,,,29015,7.0,7,,,,,,,,
,,,,,29020,5.0,5,,,,,,,,
,,,,,29025,5.0,5,,,,,,,,
,,,,,29031,6.0,6,,,,,,,,
,,,,,29036,5.0,5,,,,,,,,
,,,,,29041,5.0,5,,,,,,,,
,,,,,29044,3.0,3,,,,,,,,
,,,,,29047,3.0,3,,,,,,,,
,,,,,29051,4.0,4,,,,,,,,
,,,,,29054,3.0,3,,,,,,,,
,,,,,29058,4.0,4,,,,,,,,
,,,,,29066,8.0,8,,,,,,,,
,,,,,29069,3.0,3,,,,,,,,
,,,,,29083,14.0,14,,,,,,,,
,,,,,29088,5.0,5,,,,,,,,
,,,,,29094,6.0,6,,,,,,,,
,,,,,29098,4.0,4,,,,,,,,
,,,,,29101,3.0,3,,,,,,,,
,,,,,29104,3.0,3,,,,,,,,
,,,,,29118,14.0,14,,,,,,,,
,,,,,29122,4.0,4,,,,,,,,
,,,,,29127,5.0,5,,,,,,,,
,,,,,29134,7.0,7,,,,,,,,
,,,,,29138,4.0,4,,,,,,,,
,,,,,29142,4.0,4,,,,,,,,
,,,,,29153,11.0,11,,,,,,,,
,,,,,29158,5.0,5,,,,,,,,
,,,,,29166,8.0,8,,,,,,,,
,,,,,29169,3.0,3,,,,,,,,
,,,,,29172,3.0,3,,,,,,,,
,,,,,29176,4.0,4,,,,,,,,
,,,,,29182,6.0,6,,,,,,,,
,,,,,29188,6.0,6,,,,,,,,
,,,,,29191,3.0,3,,,,,,,,
,,,,,29200,9.0,9,,,,,,,,
,,,,,29204,4.0,4,,,,,,,,
,,,,,29207,3.0,3,,,,,,,,
,,,,,29211,4.0,4,,,,,,,,
,,,,,29219,8.0,8,,,,,,,,
,,,,,29227,8.0,8,,,,,,,,
,,,,,29233,6.0,6,,,,,,,,
,,,,,29238,5.0,5,,,,,,,,
,,,,,29241,3.0,3,,,,,,,,
,,,,,29246,5.0,5,,,,,,,,
,,,,,29251,5.0,5,,,,,,,,
,,,,,29254,3.0,3,,,,,,,,
,,,,,29257,3.0,3,,,,,,,,
,,,,,29260,3.0,3,,,,,,,,
,,,,,29264,4.0,4,,,,,,,,
,,,,,29267,3.0,3,,,,,,,,
,,,,,29270,3.0,3,,,,,,,,
,,,,,29273,3.0,3,,,,,,,,
,,,,,29277,4.0,4,,,,,,,,
,,,,,29283,6.0,6,,,,,,,,
,,,,,29292,9.0,9,,,,,,,,
,,,,,29296,4.0,4,,,,,,,,
,,,,,29303,7.0,7,,,,,,,,
,,,,,29309,6.0,6,,,,,,,,
,,,,,29314,5.0,5,,,,,,,,
,,,,,29321,7.0,7,,,,,,,,
,,,,,29339,18.0,18,,,,,,,,
,,,,,29346,7.0,7,,,,,,,,
,,,,,29350,4.0,4,,,,,,,,
,,,,,29355,5.0,5,,,,,,,,
,,,,,29362,7.0,7,,,,,,,,
,,,,,29366,4.0,4,,,,,,,,
,,,,,29375,9.0,9,,,,,,,,
,,,,,29378,3.0,3,,,,,,,,
,,,,,29383,5.0,5,,,,,,,,
,,,,,29388,5.0,5,,,,,,,,
,,,,,29391,3.0,3,,,,,,,,
,,,,,29395,4.0,4,,,,,,,,
,,,,,29400,5.0,5,,,,,,,,
,,,,,29405,5.0,5,,,,,,,,
,,,,,29415,10.0,10,,,,,,,,
,,,,,29418,3.0,3,,,,,,,,
,,,,,29422,4.0,4,,,,,,,,
,,,,,29426,4.0,4,,,,,,,,
,,,,,29429,3.0,3,,,,,,,,
,,,,,29433,4.0,4,,,,,,,,
,,,,,29437,4.0,4,,,,,,,,
,,,,,29441,4.0,4,,,,,,,,
,,,,,29447,6.0,6,,,,,,,,
,,,,,29450,3.0,3,,,,,,,,
,,,,,29456,6.0,6,,,,,,,,
,,,,,29460,4.0,4,,,,,,,,
,,,,,29463,3.0,3,,,,,,,,
,,,,,29466,3.0,3,,,,,,,,
,,,,,29470,4.0,4,,,,,,,,
,,,,,29484,14.0,14,,,,,,,,
,,,,,29488,4.0,4,,,,,,,,
,,,,,29492,4.0,4,,,,,,,,
,,,,,29500,8.0,8,,,,,,,,
,,,,,29505,5.0,5,,,,,,,,
,,,,,29510,5.0,5,,,,,,,,
,,,,,29513,3.0,3,,,,,,,,
,,,,,29520,7.0,7,,,,,,,,
,,,,,29525,5.0,5,,,,,,,,
,,,,,29531,6.0,6,,,,,,,,
,,,,,29535,4.0,4,,,,,,,,
,,,,,29542,7.0,7,,,,,,,,
,,,,,29546,4.0,4,,,,,,,,
,,,,,29555,9.0,9,,,,,,,,
,,,,,29561,6.0,6,,,,,,,,
,,,,,29565,4.0,4,,,,,,,,
,,,,,29571,6.0,6,,,,,,,,
,,,,,29581,10.0,10,,,,,,,,
,,,,,29588,7.0,7,,,,,,,,
,,,,,29593,5.0,5,,,,,,,,
,,,,,29597,4.0,4,,,,,,,,
,,,,,29602,5.0,5,,,,,,,,
,,,,,29616,14.0,14,,,,,,,,
,,,,,29620,4.0,4,,,,,,,,
,,,,,29627,7.0,7,,,,,,,,
,,,,,29632,5.0,5,,,,,,,,
,,,,,29645,13.0,13,,,,,,,,
,,,,,29654,9.0,9,,,,,,,,
,,,,,29659,5.0,5,,,,,,,,
,,,,,29662,3.0,3,,,,,,,,
,,,,,29666,4.0,4,,,,,,,,
,,,,,29677,11.0,11,,,,,,,,
,,,,,29682,5.0,5,,,,,,,,
,,,,,29690,8.0,8,,,,,,,,
,,,,,29695,5.0,5,,,,,,,,
,,,,,29700,5.0,5,,,,,,,,
,,,,,29705,5.0,5,,,,,,,,
,,,,,29709,4.0,4,,,,,,,,
,,,,,29714,5.0,5,,,,,,,,
,,,,,29725,11.0,11,,,,,,,,
,,,,,29735,10.0,10,,,,,,,,
,,,,,29741,6.0,6,,,,,,,,
,,,,,29745,4.0,4,,,,,,,,
,,,,,29748,3.0,3,,,,,,,,
,,,,,29753,5.0,5,,,,,,,,
,,,,,29756,3.0,3,,,,,,,,
,,,,,29762,6.0,6,,,,,,,,
,,,,,29771,9.0,9,,,,,,,,
,,,,,29777,6.0,6,,,,,,,,
,,,,,29783,6.0,6,,,,,,,,
,,,,,29786,3.0,3,,,,,,,,
,,,,,29791,5.0,5,,,,,,,,
,,,,,29794,3.0,3,,,,,,,,
,,,,,29797,3.0,3,,,,,,,,
,,,,,29802,5.0,5,,,,,,,,
,,,,,29807,5.0,5,,,,,,,,
,,,,,29811,4.0,4,,,,,,,,
,,,,,29817,6.0,6,,,,,,,,
,,,,,29820,3.0,3,,,,,,,,
,,,,,29825,5.0,5,,,,,,,,
,,,,,29829,4.0,4,,,,,,,,
,,,,,29835,6.0,6,,,,,,,,
,,,,,29838,3.0,3,,,,,,,,
,,,,,29846,8.0,8,,,,,,,,
,,,,,29851,5.0,5,,,,,,,,
,,,,,29865,14.0,14,,,,,,,,
,,,,,29868,3.0,3,,,,,,,,
,,,,,29873,5.0,5,,,,,,,,
,,,,,29878,5.0,5,,,,,,,,
,,,,,29885,7.0,7,,,,,,,,
,,,,,29890,5.0,5,,,,,,,,
,,,,,29896,6.0,6,,,,,,,,
,,,,,29899,3.0,3,,,,,,,,
,,,,,29904,5.0,5,,,,,,,,
,,,,,29909,5.0,5,,,,,,,,
,,,,,29912,3.0,3,,,,,,,,
,,,,,29917,5.0,5,,,,,,,,
,,,,,29928,11.0,11,,,,,,,,
,,,,,29936,8.0,8,,,,,,,,
,,,,,29942,6.0,6,,,,,,,,
,,,,,29949,7.0,7,,,,,,,,
,,,,,29964,15.0,15,,,,,,,,
,,,,,29969,5.0,5,,,,,,,,
,,,,,29973,4.0,4,,,,,,,,
,,,,,29986,13.0,13,,,,,,,,
,,,,,29989,3.0,3,,,,,,,,
,,,,,29992,3.0,3,,,,,,,,
,,,,,29998,6.0,6,,,,,,,,
7.1,3.144837,12.0,3.0,7.1,30000,,,-0.06737343221902847,0.6737343072891235,1.3155523538589478,4.087606906890869,4.17939567565918,0.0003,0.0003,0.1
,,,,,30009,11.0,11,,,,,,,,
,,,,,30018,9.0,9,,,,,,,,
,,,,,30024,6.0,6,,,,,,,,
,,,,,30028,4.0,4,,,,,,,,
,,,,,30031,3.0,3,,,,,,,,
,,,,,30034,3.0,3,,,,,,,,
,,,,,30051,17.0,17,,,,,,,,
,,,,,30060,9.0,9,,,,,,,,
,,,,,30065,5.0,5,,,,,,,,
,,,,,30068,3.0,3,,,,,,,,
,,,,,30087,19.0,19,,,,,,,,
,,,,,30092,5.0,5,,,,,,,,
,,,,,30095,3.0,3,,,,,,,,
,,,,,30100,5.0,5,,,,,,,,
,,,,,30110,10.0,10,,,,,,,,
,,,,,30113,3.0,3,,,,,,,,
,,,,,30126,13.0,13,,,,,,,,
,,,,,30134,8.0,8,,,,,,,,
,,,,,30143,9.0,9,,,,,,,,
,,,,,30146,3.0,3,,,,,,,,
,,,,,30156,10.0,10,,,,,,,,
,,,,,30164,8.0,8,,,,,,,,
,,,,,30172,8.0,8,,,,,,,,
,,,,,30176,4.0,4,,,,,,,,
,,,,,30179,3.0,3,,,,,,,,
,,,,,30182,3.0,3,,,,,,,,
,,,,,30186,4.0,4,,,,,,,,
,,,,,30191,5.0,5,,,,,,,,
,,,,,30195,4.0,4,,,,,,,,
,,,,,30212,17.0,17,,,,,,,,
,,,,,30220,8.0,8,,,,,,,,
,,,,,30223,3.0,3,,,,,,,,
,,,,,30228,5.0,5,,,,,,,,
,,,,,30236,8.0,8,,,,,,,,
,,,,,30246,10.0,10,,,,,,,,
,,,,,30250,4.0,4,,,,,,,,
,,,,,30253,3.0,3,,,,,,,,
,,,,,30257,4.0,4,,,,,,,,
,,,,,30261,4.0,4,,,,,,,,
,,,,,30264,3.0,3,,,,,,,,
,,,,,30267,3.0,3,,,,,,,,
,,,,,30278,11.0,11,,,,,,,,
,,,,,30281,3.0,3,,,,,,,,
,,,,,30290,9.0,9,,,,,,,,
,,,,,30298,8.0,8,,,,,,,,
,,,,,30301,3.0,3,,,,,,,,
,,,,,30305,4.0,4,,,,,,,,
,,,,,30312,7.0,7,,,,,,,,
,,,,,30315,3.0,3,,,,,,,,
,,,,,30319,4.0,4,,,,,,,,
,,,,,30328,9.0,9,,,,,,,,
,,,,,30337,9.0,9,,,,,,,,
,,,,,30347,10.0,10,,,,,,,,
,,,,,30351,4.0,4,,,,,,,,
,,,,,30355,4.0,4,,,,,,,,
,,,,,30361,6.0,6,,,,,,,,
,,,,,30367,6.0,6,,,,,,,,
,,,,,30376,9.0,9,,,,,,,,
,,,,,30380,4.0,4,,,,,,,,
,,,,,30387,7.0,7,,,,,,,,
,,,,,30396,9.0,9,,,,,,,,
,,,,,30402,6.0,6,,,,,,,,
,,,,,30409,7.0,7,,,,,,,,
,,,,,30412,3.0,3,,,,,,,,
,,,,,30416,4.0,4,,,,,,,,
,,,,,30423,7.0,7,,,,,,,,
,,,,,30431,8.0,8,,,,,,,,
,,,,,30434,3.0,3,,,,,,,,
,,,,,30439,5.0,5,,,,,,,,
,,,,,30442,3.0,3,,,,,,,,
,,,,,30453,11.0,11,,,,,,,,
,,,,,30459,6.0,6,,,,,,,,
,,,,,30466,7.0,7,,,,,,,,
,,,,,30475,9.0,9,,,,,,,,
,,,,,30482,7.0,7,,,,,,,,
,,,,,30487,5.0,5,,,,,,,,
,,,,,30495,8.0,8,,,,,,,,
,,,,,30502,7.0,7,,,,,,,,
,,,,,30526,24.0,24,,,,,,,,
,,,,,30530,4.0,4,,,,,,,,
,,,,,30538,8.0,8,,,,,,,,
,,,,,30541,3.0,3,,,,,,,,
,,,,,30546,5.0,5,,,,,,,,
,,,,,30551,5.0,5,,,,,,,,
,,,,,30555,4.0,4,,,,,,,,
,,,,,30560,5.0,5,,,,,,,,
,,,,,30563,3.0,3,,,,,,,,
,,,,,30567,4.0,4,,,,,,,,
,,,,,30572,5.0,5,,,,,,,,
,,,,,30588,16.0,16,,,,,,,,
,,,,,30597,9.0,9,,,,,,,,
,,,,,30602,5.0,5,,,,,,,,
,,,,,30608,6.0,6,,,,,,,,
,,,,,30614,6.0,6,,,,,,,,
,,,,,30619,5.0,5,,,,,,,,
,,,,,30624,5.0,5,,,,,,,,
,,,,,30628,4.0,4,,,,,,,,
,,,,,30633,5.0,5,,,,,,,,
,,,,,30639,6.0,6,,,,,,,,
,,,,,30642,3.0,3,,,,,,,,
,,,,,30645,3.0,3,,,,,,,,
,,,,,30654,9.0,9,,,,,,,,
,,,,,30662,8.0,8,,,,,,,,
,,,,,30673,11.0,11,,,,,,,,
,,,,,30677,4.0,4,,,,,,,,
,,,,,30681,4.0,4,,,,,,,,
,,,,,30695,14.0,14,,,,,,,,
,,,,,30702,7.0,7,,,,,,,,
,,,,,30705,3.0,3,,,,,,,,
,,,,,30710,5.0,5,,,,,,,,
,,,,,30713,3.0,3,,,,,,,,
,,,,,30722,9.0,9,,,,,,,,
,,,,,30725,3.0,3,,,,,,,,
,,,,,30728,3.0,3,,,,,,,,
,,,,,30738,10.0,10,,,,,,,,
,,,,,30741,3.0,3,,,,,,,,
,,,,,30751,10.0,10,,,,,,,,
,,,,,30755,4.0,4,,,,,,,,
,,,,,30761,6.0,6,,,,,,,,
,,,,,30768,7.0,7,,,,,,,,
,,,,,30772,4.0,4,,,,,,,,
,,,,,30775,3.0,3,,,,,,,,
,,,,,30778,3.0,3,,,,,,,,
,,,,,30781,3.0,3,,,,,,,,
,,,,,30785,4.0,4,,,,,,,,
,,,,,30793,8.0,8,,,,,,,,
,,,,,30797,4.0,4,,,,,,,,
,,,,,30800,3.0,3,,,,,,,,
,,,,,30804,4.0,4,,,,,,,,
,,,,,30807,3.0,3,,,,,,,,
,,,,,30810,3.0,3,,,,,,,,
,,,,,30816,6.0,6,,,,,,,,
,,,,,30822,6.0,6,,,,,,,,
,,,,,30829,7.0,7,,,,,,,,
,,,,,30832,3.0,3,,,,,,,,
,,,,,30843,11.0,11,,,,,,,,
,,,,,30848,5.0,5,,,,,,,,
,,,,,30854,6.0,6,,,,,,,,
,,,,,30864,10.0,10,,,,,,,,
,,,,,30868,4.0,4,,,,,,,,
,,,,,30872,4.0,4,,,,,,,,
,,,,,30878,6.0,6,,,,,,,,
,,,,,30883,5.0,5,,,,,,,,
,,,,,30887,4.0,4,,,,,,,,
,,,,,30891,4.0,4,,,,,,,,
,,,,,30894,3.0,3,,,,,,,,
,,,,,30897,3.0,3,,,,,,,,
,,,,,30906,9.0,9,,,,,,,,
,,,,,30911,5.0,5,,,,,,,,
,,,,,30916,5.0,5,,,,,,,,
,,,,,30930,14.0,14,,,,,,,,
,,,,,30933,3.0,3,,,,,,,,
,,,,,30938,5.0,5,,,,,,,,
,,,,,30943,5.0,5,,,,,,,,
,,,,,30950,7.0,7,,,,,,,,
,,,,,30957,7.0,7,,,,,,,,
,,,,,30961,4.0,4,,,,,,,,
,,,,,30965,4.0,4,,,,,,,,
,,,,,30968,3.0,3,,,,,,,,
,,,,,30971,3.0,3,,,,,,,,
,,,,,30978,7.0,7,,,,,,,,
,,,,,30981,3.0,3,,,,,,,,
,,,,,30987,6.0,6,,,,,,,,
,,,,,30994,7.0,7,,,,,,,,
,,,,,30997,3.0,3,,,,,,,,
,,,,,31000,,,-0.06815703213214874,0.681570291519165,2.1433606147766113,4.875107765197754,4.538366317749023,0.0003,0.0003,0.1
,,,,,31003,6.0,6,,,,,,,,
,,,,,31018,15.0,15,,,,,,,,
,,,,,31022,4.0,4,,,,,,,,
,,,,,31026,4.0,4,,,,,,,,
,,,,,31029,3.0,3,,,,,,,,
,,,,,31033,4.0,4,,,,,,,,
,,,,,31038,5.0,5,,,,,,,,
,,,,,31042,4.0,4,,,,,,,,
,,,,,31047,5.0,5,,,,,,,,
,,,,,31051,4.0,4,,,,,,,,
,,,,,31057,6.0,6,,,,,,,,
,,,,,31061,4.0,4,,,,,,,,
,,,,,31064,3.0,3,,,,,,,,
,,,,,31067,3.0,3,,,,,,,,
,,,,,31070,3.0,3,,,,,,,,
,,,,,31073,3.0,3,,,,,,,,
,,,,,31076,3.0,3,,,,,,,,
,,,,,31080,4.0,4,,,,,,,,
,,,,,31088,8.0,8,,,,,,,,
,,,,,31094,6.0,6,,,,,,,,
,,,,,31099,5.0,5,,,,,,,,
,,,,,31102,3.0,3,,,,,,,,
,,,,,31111,9.0,9,,,,,,,,
,,,,,31114,3.0,3,,,,,,,,
,,,,,31126,12.0,12,,,,,,,,
,,,,,31130,4.0,4,,,,,,,,
,,,,,31134,4.0,4,,,,,,,,
,,,,,31137,3.0,3,,,,,,,,
,,,,,31159,22.0,22,,,,,,,,
,,,,,31166,7.0,7,,,,,,,,
,,,,,31169,3.0,3,,,,,,,,
,,,,,31176,7.0,7,,,,,,,,
,,,,,31180,4.0,4,,,,,,,,
,,,,,31185,5.0,5,,,,,,,,
,,,,,31191,6.0,6,,,,,,,,
,,,,,31201,10.0,10,,,,,,,,
,,,,,31207,6.0,6,,,,,,,,
,,,,,31214,7.0,7,,,,,,,,
,,,,,31218,4.0,4,,,,,,,,
,,,,,31221,3.0,3,,,,,,,,
,,,,,31227,6.0,6,,,,,,,,
,,,,,31239,12.0,12,,,,,,,,
,,,,,31242,3.0,3,,,,,,,,
,,,,,31246,4.0,4,,,,,,,,
,,,,,31249,3.0,3,,,,,,,,
,,,,,31254,5.0,5,,,,,,,,
,,,,,31261,7.0,7,,,,,,,,
,,,,,31267,6.0,6,,,,,,,,
,,,,,31273,6.0,6,,,,,,,,
,,,,,31278,5.0,5,,,,,,,,
,,,,,31284,6.0,6,,,,,,,,
,,,,,31289,5.0,5,,,,,,,,
,,,,,31296,7.0,7,,,,,,,,
,,,,,31302,6.0,6,,,,,,,,
,,,,,31309,7.0,7,,,,,,,,
,,,,,31315,6.0,6,,,,,,,,
,,,,,31324,9.0,9,,,,,,,,
,,,,,31331,7.0,7,,,,,,,,
,,,,,31335,4.0,4,,,,,,,,
,,,,,31344,9.0,9,,,,,,,,
,,,,,31351,7.0,7,,,,,,,,
,,,,,31365,14.0,14,,,,,,,,
,,,,,31374,9.0,9,,,,,,,,
,,,,,31377,3.0,3,,,,,,,,
,,,,,31383,6.0,6,,,,,,,,
,,,,,31390,7.0,7,,,,,,,,
,,,,,31397,7.0,7,,,,,,,,
,,,,,31407,10.0,10,,,,,,,,
,,,,,31411,4.0,4,,,,,,,,
,,,,,31416,5.0,5,,,,,,,,
,,,,,31420,4.0,4,,,,,,,,
,,,,,31423,3.0,3,,,,,,,,
,,,,,31428,5.0,5,,,,,,,,
,,,,,31435,7.0,7,,,,,,,,
,,,,,31439,4.0,4,,,,,,,,
,,,,,31451,12.0,12,,,,,,,,
,,,,,31454,3.0,3,,,,,,,,
,,,,,31460,6.0,6,,,,,,,,
,,,,,31465,5.0,5,,,,,,,,
,,,,,31468,3.0,3,,,,,,,,
,,,,,31471,3.0,3,,,,,,,,
,,,,,31475,4.0,4,,,,,,,,
,,,,,31484,9.0,9,,,,,,,,
,,,,,31490,6.0,6,,,,,,,,
,,,,,31496,6.0,6,,,,,,,,
,,,,,31500,4.0,4,,,,,,,,
,,,,,31504,4.0,4,,,,,,,,
,,,,,31507,3.0,3,,,,,,,,
,,,,,31517,10.0,10,,,,,,,,
,,,,,31529,12.0,12,,,,,,,,
,,,,,31536,7.0,7,,,,,,,,
,,,,,31540,4.0,4,,,,,,,,
,,,,,31546,6.0,6,,,,,,,,
,,,,,31555,9.0,9,,,,,,,,
,,,,,31558,3.0,3,,,,,,,,
,,,,,31561,3.0,3,,,,,,,,
,,,,,31564,3.0,3,,,,,,,,
,,,,,31569,5.0,5,,,,,,,,
,,,,,31579,10.0,10,,,,,,,,
,,,,,31587,8.0,8,,,,,,,,
,,,,,31594,7.0,7,,,,,,,,
,,,,,31598,4.0,4,,,,,,,,
,,,,,31606,8.0,8,,,,,,,,
,,,,,31610,4.0,4,,,,,,,,
,,,,,31619,9.0,9,,,,,,,,
,,,,,31633,14.0,14,,,,,,,,
,,,,,31639,6.0,6,,,,,,,,
,,,,,31642,3.0,3,,,,,,,,
,,,,,31652,10.0,10,,,,,,,,
,,,,,31657,5.0,5,,,,,,,,
,,,,,31661,4.0,4,,,,,,,,
,,,,,31665,4.0,4,,,,,,,,
,,,,,31686,21.0,21,,,,,,,,
,,,,,31689,3.0,3,,,,,,,,
,,,,,31693,4.0,4,,,,,,,,
,,,,,31711,18.0,18,,,,,,,,
,,,,,31715,4.0,4,,,,,,,,
,,,,,31719,4.0,4,,,,,,,,
,,,,,31725,6.0,6,,,,,,,,
,,,,,31728,3.0,3,,,,,,,,
,,,,,31732,4.0,4,,,,,,,,
,,,,,31745,13.0,13,,,,,,,,
,,,,,31750,5.0,5,,,,,,,,
,,,,,31753,3.0,3,,,,,,,,
,,,,,31757,4.0,4,,,,,,,,
,,,,,31761,4.0,4,,,,,,,,
,,,,,31764,3.0,3,,,,,,,,
,,,,,31768,4.0,4,,,,,,,,
,,,,,31772,4.0,4,,,,,,,,
,,,,,31775,3.0,3,,,,,,,,
,,,,,31788,13.0,13,,,,,,,,
,,,,,31792,4.0,4,,,,,,,,
,,,,,31796,4.0,4,,,,,,,,
,,,,,31800,4.0,4,,,,,,,,
,,,,,31805,5.0,5,,,,,,,,
,,,,,31809,4.0,4,,,,,,,,
,,,,,31812,3.0,3,,,,,,,,
,,,,,31819,7.0,7,,,,,,,,
,,,,,31823,4.0,4,,,,,,,,
,,,,,31835,12.0,12,,,,,,,,
,,,,,31841,6.0,6,,,,,,,,
,,,,,31846,5.0,5,,,,,,,,
,,,,,31850,4.0,4,,,,,,,,
,,,,,31862,12.0,12,,,,,,,,
,,,,,31867,5.0,5,,,,,,,,
,,,,,31877,10.0,10,,,,,,,,
,,,,,31880,3.0,3,,,,,,,,
,,,,,31888,8.0,8,,,,,,,,
,,,,,31899,11.0,11,,,,,,,,
,,,,,31902,3.0,3,,,,,,,,
,,,,,31911,9.0,9,,,,,,,,
,,,,,31914,3.0,3,,,,,,,,
,,,,,31919,5.0,5,,,,,,,,
,,,,,31926,7.0,7,,,,,,,,
,,,,,31936,10.0,10,,,,,,,,
,,,,,31941,5.0,5,,,,,,,,
,,,,,31945,4.0,4,,,,,,,,
,,,,,31949,4.0,4,,,,,,,,
,,,,,31952,3.0,3,,,,,,,,
,,,,,31959,7.0,7,,,,,,,,
,,,,,31968,9.0,9,,,,,,,,
,,,,,31977,9.0,9,,,,,,,,
,,,,,31980,3.0,3,,,,,,,,
,,,,,31984,4.0,4,,,,,,,,
,,,,,31988,4.0,4,,,,,,,,
,,,,,31995,7.0,7,,,,,,,,
,,,,,32000,,,-0.06645690649747849,0.6645690202713013,1.9797415733337402,4.722774028778076,4.621181011199951,0.0003,0.0003,0.1
,,,,,32002,7.0,7,,,,,,,,
,,,,,32008,6.0,6,,,,,,,,
,,,,,32016,8.0,8,,,,,,,,
,,,,,32020,4.0,4,,,,,,,,
,,,,,32025,5.0,5,,,,,,,,
,,,,,32028,3.0,3,,,,,,,,
,,,,,32032,4.0,4,,,,,,,,
,,,,,32037,5.0,5,,,,,,,,
,,,,,32045,8.0,8,,,,,,,,
,,,,,32054,9.0,9,,,,,,,,
,,,,,32058,4.0,4,,,,,,,,
,,,,,32072,14.0,14,,,,,,,,
,,,,,32075,3.0,3,,,,,,,,
,,,,,32082,7.0,7,,,,,,,,
,,,,,32087,5.0,5,,,,,,,,
,,,,,32091,4.0,4,,,,,,,,
,,,,,32098,7.0,7,,,,,,,,
,,,,,32103,5.0,5,,,,,,,,
,,,,,32106,3.0,3,,,,,,,,
,,,,,32118,12.0,12,,,,,,,,
,,,,,32124,6.0,6,,,,,,,,
,,,,,32133,9.0,9,,,,,,,,
,,,,,32136,3.0,3,,,,,,,,
,,,,,32145,9.0,9,,,,,,,,
,,,,,32151,6.0,6,,,,,,,,
,,,,,32158,7.0,7,,,,,,,,
,,,,,32164,6.0,6,,,,,,,,
,,,,,32168,4.0,4,,,,,,,,
,,,,,32171,3.0,3,,,,,,,,
,,,,,32182,11.0,11,,,,,,,,
,,,,,32188,6.0,6,,,,,,,,
,,,,,32193,5.0,5,,,,,,,,
,,,,,32197,4.0,4,,,,,,,,
,,,,,32201,4.0,4,,,,,,,,
,,,,,32204,3.0,3,,,,,,,,
,,,,,32208,4.0,4,,,,,,,,
,,,,,32217,9.0,9,,,,,,,,
,,,,,32229,12.0,12,,,,,,,,
,,,,,32232,3.0,3,,,,,,,,
,,,,,32235,3.0,3,,,,,,,,
,,,,,32238,3.0,3,,,,,,,,
,,,,,32244,6.0,6,,,,,,,,
,,,,,32266,22.0,22,,,,,,,,
,,,,,32283,17.0,17,,,,,,,,
,,,,,32286,3.0,3,,,,,,,,
,,,,,32290,4.0,4,,,,,,,,
,,,,,32293,3.0,3,,,,,,,,
,,,,,32298,5.0,5,,,,,,,,
,,,,,32316,18.0,18,,,,,,,,
,,,,,32319,3.0,3,,,,,,,,
,,,,,32323,4.0,4,,,,,,,,
,,,,,32330,7.0,7,,,,,,,,
,,,,,32334,4.0,4,,,,,,,,
,,,,,32338,4.0,4,,,,,,,,
,,,,,32342,4.0,4,,,,,,,,
,,,,,32345,3.0,3,,,,,,,,
,,,,,32349,4.0,4,,,,,,,,
,,,,,32354,5.0,5,,,,,,,,
,,,,,32364,10.0,10,,,,,,,,
,,,,,32374,10.0,10,,,,,,,,
,,,,,32381,7.0,7,,,,,,,,
,,,,,32384,3.0,3,,,,,,,,
,,,,,32388,4.0,4,,,,,,,,
,,,,,32391,3.0,3,,,,,,,,
,,,,,32397,6.0,6,,,,,,,,
,,,,,32400,3.0,3,,,,,,,,
,,,,,32404,4.0,4,,,,,,,,
,,,,,32408,4.0,4,,,,,,,,
,,,,,32412,4.0,4,,,,,,,,
,,,,,32419,7.0,7,,,,,,,,
,,,,,32425,6.0,6,,,,,,,,
,,,,,32432,7.0,7,,,,,,,,
,,,,,32436,4.0,4,,,,,,,,
,,,,,32441,5.0,5,,,,,,,,
,,,,,32446,5.0,5,,,,,,,,
,,,,,32458,12.0,12,,,,,,,,
,,,,,32461,3.0,3,,,,,,,,
,,,,,32464,3.0,3,,,,,,,,
,,,,,32468,4.0,4,,,,,,,,
,,,,,32475,7.0,7,,,,,,,,
,,,,,32479,4.0,4,,,,,,,,
,,,,,32485,6.0,6,,,,,,,,
,,,,,32488,3.0,3,,,,,,,,
,,,,,32493,5.0,5,,,,,,,,
,,,,,32497,4.0,4,,,,,,,,
,,,,,32502,5.0,5,,,,,,,,
,,,,,32509,7.0,7,,,,,,,,
,,,,,32513,4.0,4,,,,,,,,
,,,,,32518,5.0,5,,,,,,,,
,,,,,32525,7.0,7,,,,,,,,
,,,,,32528,3.0,3,,,,,,,,
,,,,,32531,3.0,3,,,,,,,,
,,,,,32536,5.0,5,,,,,,,,
,,,,,32540,4.0,4,,,,,,,,
,,,,,32543,3.0,3,,,,,,,,
,,,,,32555,12.0,12,,,,,,,,
,,,,,32559,4.0,4,,,,,,,,
,,,,,32563,4.0,4,,,,,,,,
,,,,,32572,9.0,9,,,,,,,,
,,,,,32575,3.0,3,,,,,,,,
,,,,,32580,5.0,5,,,,,,,,
,,,,,32584,4.0,4,,,,,,,,
,,,,,32588,4.0,4,,,,,,,,
,,,,,32594,6.0,6,,,,,,,,
,,,,,32598,4.0,4,,,,,,,,
,,,,,32601,3.0,3,,,,,,,,
,,,,,32610,9.0,9,,,,,,,,
,,,,,32620,10.0,10,,,,,,,,
,,,,,32625,5.0,5,,,,,,,,
,,,,,32631,6.0,6,,,,,,,,
,,,,,32641,10.0,10,,,,,,,,
,,,,,32645,4.0,4,,,,,,,,
,,,,,32649,4.0,4,,,,,,,,
,,,,,32655,6.0,6,,,,,,,,
,,,,,32660,5.0,5,,,,,,,,
,,,,,32664,4.0,4,,,,,,,,
,,,,,32667,3.0,3,,,,,,,,
,,,,,32673,6.0,6,,,,,,,,
,,,,,32681,8.0,8,,,,,,,,
,,,,,32684,3.0,3,,,,,,,,
,,,,,32689,5.0,5,,,,,,,,
,,,,,32702,13.0,13,,,,,,,,
,,,,,32707,5.0,5,,,,,,,,
,,,,,32714,7.0,7,,,,,,,,
,,,,,32718,4.0,4,,,,,,,,
,,,,,32723,5.0,5,,,,,,,,
,,,,,32732,9.0,9,,,,,,,,
,,,,,32735,3.0,3,,,,,,,,
,,,,,32743,8.0,8,,,,,,,,
,,,,,32750,7.0,7,,,,,,,,
,,,,,32756,6.0,6,,,,,,,,
,,,,,32764,8.0,8,,,,,,,,
,,,,,32772,8.0,8,,,,,,,,
,,,,,32777,5.0,5,,,,,,,,
,,,,,32781,4.0,4,,,,,,,,
,,,,,32794,13.0,13,,,,,,,,
,,,,,32799,5.0,5,,,,,,,,
,,,,,32802,3.0,3,,,,,,,,
,,,,,32808,6.0,6,,,,,,,,
,,,,,32817,9.0,9,,,,,,,,
,,,,,32823,6.0,6,,,,,,,,
,,,,,32831,8.0,8,,,,,,,,
,,,,,32837,6.0,6,,,,,,,,
,,,,,32841,4.0,4,,,,,,,,
,,,,,32848,7.0,7,,,,,,,,
,,,,,32862,14.0,14,,,,,,,,
,,,,,32867,5.0,5,,,,,,,,
,,,,,32873,6.0,6,,,,,,,,
,,,,,32876,3.0,3,,,,,,,,
,,,,,32880,4.0,4,,,,,,,,
,,,,,32895,15.0,15,,,,,,,,
,,,,,32899,4.0,4,,,,,,,,
,,,,,32904,5.0,5,,,,,,,,
,,,,,32909,5.0,5,,,,,,,,
,,,,,32913,4.0,4,,,,,,,,
,,,,,32917,4.0,4,,,,,,,,
,,,,,32925,8.0,8,,,,,,,,
,,,,,32928,3.0,3,,,,,,,,
,,,,,32932,4.0,4,,,,,,,,
,,,,,32938,6.0,6,,,,,,,,
,,,,,32942,4.0,4,,,,,,,,
,,,,,32947,5.0,5,,,,,,,,
,,,,,32957,10.0,10,,,,,,,,
,,,,,32968,11.0,11,,,,,,,,
,,,,,32973,5.0,5,,,,,,,,
,,,,,32980,7.0,7,,,,,,,,
,,,,,32984,4.0,4,,,,,,,,
,,,,,32987,3.0,3,,,,,,,,
,,,,,32993,6.0,6,,,,,,,,
,,,,,32997,4.0,4,,,,,,,,
,,,,,33000,,,-0.0694575235247612,0.6945751905441284,2.0895957946777344,4.73759126663208,4.643364906311035,0.0003,0.0003,0.1
,,,,,33014,17.0,17,,,,,,,,
,,,,,33017,3.0,3,,,,,,,,
,,,,,33022,5.0,5,,,,,,,,
,,,,,33026,4.0,4,,,,,,,,
,,,,,33029,3.0,3,,,,,,,,
,,,,,33040,11.0,11,,,,,,,,
,,,,,33044,4.0,4,,,,,,,,
,,,,,33055,11.0,11,,,,,,,,
,,,,,33061,6.0,6,,,,,,,,
,,,,,33071,10.0,10,,,,,,,,
,,,,,33075,4.0,4,,,,,,,,
,,,,,33079,4.0,4,,,,,,,,
,,,,,33083,4.0,4,,,,,,,,
,,,,,33086,3.0,3,,,,,,,,
,,,,,33089,3.0,3,,,,,,,,
,,,,,33094,5.0,5,,,,,,,,
,,,,,33098,4.0,4,,,,,,,,
,,,,,33101,3.0,3,,,,,,,,
,,,,,33104,3.0,3,,,,,,,,
,,,,,33108,4.0,4,,,,,,,,
,,,,,33113,5.0,5,,,,,,,,
,,,,,33116,3.0,3,,,,,,,,
,,,,,33123,7.0,7,,,,,,,,
,,,,,33127,4.0,4,,,,,,,,
,,,,,33133,6.0,6,,,,,,,,
,,,,,33137,4.0,4,,,,,,,,
,,,,,33142,5.0,5,,,,,,,,
,,,,,33145,3.0,3,,,,,,,,
,,,,,33158,13.0,13,,,,,,,,
,,,,,33163,5.0,5,,,,,,,,
,,,,,33168,5.0,5,,,,,,,,
,,,,,33174,6.0,6,,,,,,,,
,,,,,33179,5.0,5,,,,,,,,
,,,,,33182,3.0,3,,,,,,,,
,,,,,33187,5.0,5,,,,,,,,
,,,,,33194,7.0,7,,,,,,,,
,,,,,33199,5.0,5,,,,,,,,
,,,,,33204,5.0,5,,,,,,,,
,,,,,33207,3.0,3,,,,,,,,
,,,,,33210,3.0,3,,,,,,,,
,,,,,33214,4.0,4,,,,,,,,
,,,,,33218,4.0,4,,,,,,,,
,,,,,33229,11.0,11,,,,,,,,
,,,,,33235,6.0,6,,,,,,,,
,,,,,33245,10.0,10,,,,,,,,
,,,,,33248,3.0,3,,,,,,,,
,,,,,33253,5.0,5,,,,,,,,
,,,,,33258,5.0,5,,,,,,,,
,,,,,33263,5.0,5,,,,,,,,
,,,,,33269,6.0,6,,,,,,,,
,,,,,33276,7.0,7,,,,,,,,
,,,,,33284,8.0,8,,,,,,,,
,,,,,33288,4.0,4,,,,,,,,
,,,,,33293,5.0,5,,,,,,,,
,,,,,33296,3.0,3,,,,,,,,
,,,,,33312,16.0,16,,,,,,,,
,,,,,33315,3.0,3,,,,,,,,
,,,,,33319,4.0,4,,,,,,,,
,,,,,33323,4.0,4,,,,,,,,
,,,,,33326,3.0,3,,,,,,,,
,,,,,33329,3.0,3,,,,,,,,
,,,,,33335,6.0,6,,,,,,,,
,,,,,33340,5.0,5,,,,,,,,
,,,,,33353,13.0,13,,,,,,,,
,,,,,33362,9.0,9,,,,,,,,
,,,,,33368,6.0,6,,,,,,,,
,,,,,33375,7.0,7,,,,,,,,
,,,,,33380,5.0,5,,,,,,,,
,,,,,33384,4.0,4,,,,,,,,
,,,,,33390,6.0,6,,,,,,,,
,,,,,33404,14.0,14,,,,,,,,
,,,,,33408,4.0,4,,,,,,,,
,,,,,33414,6.0,6,,,,,,,,
,,,,,33426,12.0,12,,,,,,,,
,,,,,33435,9.0,9,,,,,,,,
,,,,,33438,3.0,3,,,,,,,,
,,,,,33442,4.0,4,,,,,,,,
,,,,,33450,8.0,8,,,,,,,,
,,,,,33453,3.0,3,,,,,,,,
,,,,,33467,14.0,14,,,,,,,,
,,,,,33472,5.0,5,,,,,,,,
,,,,,33482,10.0,10,,,,,,,,
,,,,,33488,6.0,6,,,,,,,,
,,,,,33492,4.0,4,,,,,,,,
,,,,,33496,4.0,4,,,,,,,,
,,,,,33500,4.0,4,,,,,,,,
,,,,,33505,5.0,5,,,,,,,,
,,,,,33511,6.0,6,,,,,,,,
,,,,,33541,30.0,30,,,,,,,,
,,,,,33547,6.0,6,,,,,,,,
,,,,,33551,4.0,4,,,,,,,,
,,,,,33555,4.0,4,,,,,,,,
,,,,,33561,6.0,6,,,,,,,,
,,,,,33569,8.0,8,,,,,,,,
,,,,,33575,6.0,6,,,,,,,,
,,,,,33580,5.0,5,,,,,,,,
,,,,,33593,13.0,13,,,,,,,,
,,,,,33597,4.0,4,,,,,,,,
,,,,,33600,3.0,3,,,,,,,,
,,,,,33604,4.0,4,,,,,,,,
,,,,,33607,3.0,3,,,,,,,,
,,,,,33610,3.0,3,,,,,,,,
,,,,,33614,4.0,4,,,,,,,,
,,,,,33621,7.0,7,,,,,,,,
,,,,,33627,6.0,6,,,,,,,,
,,,,,33631,4.0,4,,,,,,,,
,,,,,33636,5.0,5,,,,,,,,
,,,,,33642,6.0,6,,,,,,,,
,,,,,33647,5.0,5,,,,,,,,
,,,,,33652,5.0,5,,,,,,,,
,,,,,33656,4.0,4,,,,,,,,
,,,,,33659,3.0,3,,,,,,,,
,,,,,33664,5.0,5,,,,,,,,
,,,,,33674,10.0,10,,,,,,,,
,,,,,33691,17.0,17,,,,,,,,
,,,,,33700,9.0,9,,,,,,,,
,,,,,33704,4.0,4,,,,,,,,
,,,,,33711,7.0,7,,,,,,,,
,,,,,33716,5.0,5,,,,,,,,
,,,,,33722,6.0,6,,,,,,,,
,,,,,33726,4.0,4,,,,,,,,
,,,,,33736,10.0,10,,,,,,,,
,,,,,33740,4.0,4,,,,,,,,
,,,,,33744,4.0,4,,,,,,,,
,,,,,33747,3.0,3,,,,,,,,
,,,,,33750,3.0,3,,,,,,,,
,,,,,33754,4.0,4,,,,,,,,
,,,,,33758,4.0,4,,,,,,,,
,,,,,33765,7.0,7,,,,,,,,
,,,,,33768,3.0,3,,,,,,,,
,,,,,33778,10.0,10,,,,,,,,
,,,,,33781,3.0,3,,,,,,,,
,,,,,33786,5.0,5,,,,,,,,
,,,,,33796,10.0,10,,,,,,,,
,,,,,33806,10.0,10,,,,,,,,
,,,,,33810,4.0,4,,,,,,,,
,,,,,33813,3.0,3,,,,,,,,
,,,,,33819,6.0,6,,,,,,,,
,,,,,33825,6.0,6,,,,,,,,
,,,,,33828,3.0,3,,,,,,,,
,,,,,33839,11.0,11,,,,,,,,
,,,,,33843,4.0,4,,,,,,,,
,,,,,33848,5.0,5,,,,,,,,
,,,,,33853,5.0,5,,,,,,,,
,,,,,33856,3.0,3,,,,,,,,
,,,,,33874,18.0,18,,,,,,,,
,,,,,33878,4.0,4,,,,,,,,
,,,,,33881,3.0,3,,,,,,,,
,,,,,33889,8.0,8,,,,,,,,
,,,,,33895,6.0,6,,,,,,,,
,,,,,33898,3.0,3,,,,,,,,
,,,,,33908,10.0,10,,,,,,,,
,,,,,33915,7.0,7,,,,,,,,
,,,,,33920,5.0,5,,,,,,,,
,,,,,33929,9.0,9,,,,,,,,
,,,,,33934,5.0,5,,,,,,,,
,,,,,33939,5.0,5,,,,,,,,
,,,,,33942,3.0,3,,,,,,,,
,,,,,33950,8.0,8,,,,,,,,
,,,,,33953,3.0,3,,,,,,,,
,,,,,33958,5.0,5,,,,,,,,
,,,,,33962,4.0,4,,,,,,,,
,,,,,33965,3.0,3,,,,,,,,
,,,,,33971,6.0,6,,,,,,,,
,,,,,33977,6.0,6,,,,,,,,
,,,,,33980,3.0,3,,,,,,,,
,,,,,33984,4.0,4,,,,,,,,
,,,,,33989,5.0,5,,,,,,,,
,,,,,34000,,,-0.06650910526514053,0.6650910377502441,2.0516605377197266,4.710355758666992,4.623514652252197,0.0003,0.0003,0.1
,,,,,34001,12.0,12,,,,,,,,
,,,,,34004,3.0,3,,,,,,,,
,,,,,34008,4.0,4,,,,,,,,
,,,,,34014,6.0,6,,,,,,,,
,,,,,34018,4.0,4,,,,,,,,
,,,,,34027,9.0,9,,,,,,,,
,,,,,34030,3.0,3,,,,,,,,
,,,,,34037,7.0,7,,,,,,,,
,,,,,34040,3.0,3,,,,,,,,
,,,,,34045,5.0,5,,,,,,,,
,,,,,34048,3.0,3,,,,,,,,
,,,,,34059,11.0,11,,,,,,,,
,,,,,34062,3.0,3,,,,,,,,
,,,,,34067,5.0,5,,,,,,,,
,,,,,34071,4.0,4,,,,,,,,
,,,,,34084,13.0,13,,,,,,,,
,,,,,34092,8.0,8,,,,,,,,
,,,,,34096,4.0,4,,,,,,,,
,,,,,34115,19.0,19,,,,,,,,
,,,,,34119,4.0,4,,,,,,,,
,,,,,34123,4.0,4,,,,,,,,
,,,,,34130,7.0,7,,,,,,,,
,,,,,34133,3.0,3,,,,,,,,
,,,,,34141,8.0,8,,,,,,,,
,,,,,34147,6.0,6,,,,,,,,
,,,,,34157,10.0,10,,,,,,,,
,,,,,34165,8.0,8,,,,,,,,
,,,,,34171,6.0,6,,,,,,,,
,,,,,34174,3.0,3,,,,,,,,
,,,,,34177,3.0,3,,,,,,,,
,,,,,34180,3.0,3,,,,,,,,
,,,,,34184,4.0,4,,,,,,,,
,,,,,34193,9.0,9,,,,,,,,
,,,,,34202,9.0,9,,,,,,,,
,,,,,34207,5.0,5,,,,,,,,
,,,,,34217,10.0,10,,,,,,,,
,,,,,34226,9.0,9,,,,,,,,
,,,,,34231,5.0,5,,,,,,,,
,,,,,34245,14.0,14,,,,,,,,
,,,,,34251,6.0,6,,,,,,,,
,,,,,34255,4.0,4,,,,,,,,
,,,,,34260,5.0,5,,,,,,,,
,,,,,34268,8.0,8,,,,,,,,
,,,,,34271,3.0,3,,,,,,,,
,,,,,34276,5.0,5,,,,,,,,
,,,,,34281,5.0,5,,,,,,,,
,,,,,34289,8.0,8,,,,,,,,
,,,,,34292,3.0,3,,,,,,,,
,,,,,34295,3.0,3,,,,,,,,
,,,,,34298,3.0,3,,,,,,,,
,,,,,34307,9.0,9,,,,,,,,
,,,,,34311,4.0,4,,,,,,,,
,,,,,34315,4.0,4,,,,,,,,
,,,,,34323,8.0,8,,,,,,,,
,,,,,34329,6.0,6,,,,,,,,
,,,,,34334,5.0,5,,,,,,,,
,,,,,34338,4.0,4,,,,,,,,
,,,,,34344,6.0,6,,,,,,,,
,,,,,34347,3.0,3,,,,,,,,
,,,,,34352,5.0,5,,,,,,,,
,,,,,34355,3.0,3,,,,,,,,
,,,,,34358,3.0,3,,,,,,,,
,,,,,34363,5.0,5,,,,,,,,
,,,,,34371,8.0,8,,,,,,,,
,,,,,34374,3.0,3,,,,,,,,
,,,,,34377,3.0,3,,,,,,,,
,,,,,34390,13.0,13,,,,,,,,
,,,,,34395,5.0,5,,,,,,,,
,,,,,34398,3.0,3,,,,,,,,
,,,,,34402,4.0,4,,,,,,,,
,,,,,34412,10.0,10,,,,,,,,
,,,,,34418,6.0,6,,,,,,,,
,,,,,34422,4.0,4,,,,,,,,
,,,,,34430,8.0,8,,,,,,,,
,,,,,34433,3.0,3,,,,,,,,
,,,,,34438,5.0,5,,,,,,,,
,,,,,34441,3.0,3,,,,,,,,
,,,,,34445,4.0,4,,,,,,,,
,,,,,34453,8.0,8,,,,,,,,
,,,,,34456,3.0,3,,,,,,,,
,,,,,34463,7.0,7,,,,,,,,
,,,,,34466,3.0,3,,,,,,,,
,,,,,34470,4.0,4,,,,,,,,
,,,,,34478,8.0,8,,,,,,,,
,,,,,34481,3.0,3,,,,,,,,
,,,,,34485,4.0,4,,,,,,,,
,,,,,34489,4.0,4,,,,,,,,
,,,,,34498,9.0,9,,,,,,,,
,,,,,34502,4.0,4,,,,,,,,
,,,,,34507,5.0,5,,,,,,,,
,,,,,34510,3.0,3,,,,,,,,
,,,,,34514,4.0,4,,,,,,,,
,,,,,34519,5.0,5,,,,,,,,
,,,,,34523,4.0,4,,,,,,,,
,,,,,34528,5.0,5,,,,,,,,
,,,,,34533,5.0,5,,,,,,,,
,,,,,34538,5.0,5,,,,,,,,
,,,,,34542,4.0,4,,,,,,,,
,,,,,34546,4.0,4,,,,,,,,
,,,,,34551,5.0,5,,,,,,,,
,,,,,34555,4.0,4,,,,,,,,
,,,,,34562,7.0,7,,,,,,,,
,,,,,34576,14.0,14,,,,,,,,
,,,,,34581,5.0,5,,,,,,,,
,,,,,34586,5.0,5,,,,,,,,
,,,,,34589,3.0,3,,,,,,,,
,,,,,34595,6.0,6,,,,,,,,
,,,,,34604,9.0,9,,,,,,,,
,,,,,34611,7.0,7,,,,,,,,
,,,,,34616,5.0,5,,,,,,,,
,,,,,34619,3.0,3,,,,,,,,
,,,,,34625,6.0,6,,,,,,,,
,,,,,34641,16.0,16,,,,,,,,
,,,,,34645,4.0,4,,,,,,,,
,,,,,34648,3.0,3,,,,,,,,
,,,,,34651,3.0,3,,,,,,,,
,,,,,34654,3.0,3,,,,,,,,
,,,,,34657,3.0,3,,,,,,,,
,,,,,34662,5.0,5,,,,,,,,
,,,,,34667,5.0,5,,,,,,,,
,,,,,34670,3.0,3,,,,,,,,
,,,,,34674,4.0,4,,,,,,,,
,,,,,34678,4.0,4,,,,,,,,
,,,,,34688,10.0,10,,,,,,,,
,,,,,34696,8.0,8,,,,,,,,
,,,,,34702,6.0,6,,,,,,,,
,,,,,34707,5.0,5,,,,,,,,
,,,,,34710,3.0,3,,,,,,,,
,,,,,34713,3.0,3,,,,,,,,
,,,,,34717,4.0,4,,,,,,,,
,,,,,34720,3.0,3,,,,,,,,
,,,,,34732,12.0,12,,,,,,,,
,,,,,34736,4.0,4,,,,,,,,
,,,,,34741,5.0,5,,,,,,,,
,,,,,34746,5.0,5,,,,,,,,
,,,,,34749,3.0,3,,,,,,,,
,,,,,34752,3.0,3,,,,,,,,
,,,,,34756,4.0,4,,,,,,,,
,,,,,34763,7.0,7,,,,,,,,
,,,,,34769,6.0,6,,,,,,,,
,,,,,34772,3.0,3,,,,,,,,
,,,,,34776,4.0,4,,,,,,,,
,,,,,34780,4.0,4,,,,,,,,
,,,,,34791,11.0,11,,,,,,,,
,,,,,34800,9.0,9,,,,,,,,
,,,,,34812,12.0,12,,,,,,,,
,,,,,34819,7.0,7,,,,,,,,
,,,,,34824,5.0,5,,,,,,,,
,,,,,34832,8.0,8,,,,,,,,
,,,,,34840,8.0,8,,,,,,,,
,,,,,34846,6.0,6,,,,,,,,
,,,,,34852,6.0,6,,,,,,,,
,,,,,34856,4.0,4,,,,,,,,
,,,,,34860,4.0,4,,,,,,,,
,,,,,34864,4.0,4,,,,,,,,
,,,,,34872,8.0,8,,,,,,,,
,,,,,34881,9.0,9,,,,,,,,
,,,,,34884,3.0,3,,,,,,,,
,,,,,34891,7.0,7,,,,,,,,
,,,,,34898,7.0,7,,,,,,,,
,,,,,34904,6.0,6,,,,,,,,
,,,,,34908,4.0,4,,,,,,,,
,,,,,34916,8.0,8,,,,,,,,
,,,,,34924,8.0,8,,,,,,,,
,,,,,34944,20.0,20,,,,,,,,
,,,,,34949,5.0,5,,,,,,,,
,,,,,34958,9.0,9,,,,,,,,
,,,,,34962,4.0,4,,,,,,,,
,,,,,34966,4.0,4,,,,,,,,
,,,,,34970,4.0,4,,,,,,,,
,,,,,34973,3.0,3,,,,,,,,
,,,,,34978,5.0,5,,,,,,,,
,,,,,34981,3.0,3,,,,,,,,
,,,,,34985,4.0,4,,,,,,,,
,,,,,34994,9.0,9,,,,,,,,
,,,,,34997,3.0,3,,,,,,,,
,,,,,35000,3.0,3,,,,,,,,
5.4,3.3526108,12.0,3.0,5.4,35000,,,-0.06950031965970993,0.6950031518936157,1.6859192848205566,4.6336259841918945,4.661044120788574,0.0003,0.0003,0.1
,,,,,35005,5.0,5,,,,,,,,
,,,,,35008,3.0,3,,,,,,,,
,,,,,35017,9.0,9,,,,,,,,
,,,,,35020,3.0,3,,,,,,,,
,,,,,35031,11.0,11,,,,,,,,
,,,,,35034,3.0,3,,,,,,,,
,,,,,35037,3.0,3,,,,,,,,
,,,,,35048,11.0,11,,,,,,,,
,,,,,35055,7.0,7,,,,,,,,
,,,,,35060,5.0,5,,,,,,,,
,,,,,35063,3.0,3,,,,,,,,
,,,,,35070,7.0,7,,,,,,,,
,,,,,35073,3.0,3,,,,,,,,
,,,,,35079,6.0,6,,,,,,,,
,,,,,35082,3.0,3,,,,,,,,
,,,,,35086,4.0,4,,,,,,,,
,,,,,35097,11.0,11,,,,,,,,
,,,,,35100,3.0,3,,,,,,,,
,,,,,35109,9.0,9,,,,,,,,
,,,,,35112,3.0,3,,,,,,,,
,,,,,35117,5.0,5,,,,,,,,
,,,,,35124,7.0,7,,,,,,,,
,,,,,35128,4.0,4,,,,,,,,
,,,,,35134,6.0,6,,,,,,,,
,,,,,35138,4.0,4,,,,,,,,
,,,,,35145,7.0,7,,,,,,,,
,,,,,35148,3.0,3,,,,,,,,
,,,,,35154,6.0,6,,,,,,,,
,,,,,35162,8.0,8,,,,,,,,
,,,,,35169,7.0,7,,,,,,,,
,,,,,35173,4.0,4,,,,,,,,
,,,,,35177,4.0,4,,,,,,,,
,,,,,35180,3.0,3,,,,,,,,
,,,,,35185,5.0,5,,,,,,,,
,,,,,35189,4.0,4,,,,,,,,
,,,,,35194,5.0,5,,,,,,,,
,,,,,35198,4.0,4,,,,,,,,
,,,,,35201,3.0,3,,,,,,,,
,,,,,35206,5.0,5,,,,,,,,
,,,,,35209,3.0,3,,,,,,,,
,,,,,35221,12.0,12,,,,,,,,
,,,,,35229,8.0,8,,,,,,,,
,,,,,35235,6.0,6,,,,,,,,
,,,,,35243,8.0,8,,,,,,,,
,,,,,35253,10.0,10,,,,,,,,
,,,,,35256,3.0,3,,,,,,,,
,,,,,35262,6.0,6,,,,,,,,
,,,,,35265,3.0,3,,,,,,,,
,,,,,35270,5.0,5,,,,,,,,
,,,,,35273,3.0,3,,,,,,,,
,,,,,35276,3.0,3,,,,,,,,
,,,,,35281,5.0,5,,,,,,,,
,,,,,35285,4.0,4,,,,,,,,
,,,,,35301,16.0,16,,,,,,,,
,,,,,35306,5.0,5,,,,,,,,
,,,,,35315,9.0,9,,,,,,,,
,,,,,35323,8.0,8,,,,,,,,
,,,,,35330,7.0,7,,,,,,,,
,,,,,35334,4.0,4,,,,,,,,
,,,,,35338,4.0,4,,,,,,,,
,,,,,35342,4.0,4,,,,,,,,
,,,,,35345,3.0,3,,,,,,,,
,,,,,35349,4.0,4,,,,,,,,
,,,,,35354,5.0,5,,,,,,,,
,,,,,35361,7.0,7,,,,,,,,
,,,,,35366,5.0,5,,,,,,,,
,,,,,35371,5.0,5,,,,,,,,
,,,,,35374,3.0,3,,,,,,,,
,,,,,35381,7.0,7,,,,,,,,
,,,,,35392,11.0,11,,,,,,,,
,,,,,35401,9.0,9,,,,,,,,
,,,,,35404,3.0,3,,,,,,,,
,,,,,35415,11.0,11,,,,,,,,
,,,,,35418,3.0,3,,,,,,,,
,,,,,35421,3.0,3,,,,,,,,
,,,,,35430,9.0,9,,,,,,,,
,,,,,35434,4.0,4,,,,,,,,
,,,,,35437,3.0,3,,,,,,,,
,,,,,35444,7.0,7,,,,,,,,
,,,,,35447,3.0,3,,,,,,,,
,,,,,35451,4.0,4,,,,,,,,
,,,,,35454,3.0,3,,,,,,,,
,,,,,35461,7.0,7,,,,,,,,
,,,,,35465,4.0,4,,,,,,,,
,,,,,35475,10.0,10,,,,,,,,
,,,,,35484,9.0,9,,,,,,,,
,,,,,35488,4.0,4,,,,,,,,
,,,,,35491,3.0,3,,,,,,,,
,,,,,35503,12.0,12,,,,,,,,
,,,,,35508,5.0,5,,,,,,,,
,,,,,35511,3.0,3,,,,,,,,
,,,,,35516,5.0,5,,,,,,,,
,,,,,35520,4.0,4,,,,,,,,
,,,,,35525,5.0,5,,,,,,,,
,,,,,35530,5.0,5,,,,,,,,
,,,,,35534,4.0,4,,,,,,,,
,,,,,35537,3.0,3,,,,,,,,
,,,,,35540,3.0,3,,,,,,,,
,,,,,35545,5.0,5,,,,,,,,
,,,,,35555,10.0,10,,,,,,,,
,,,,,35561,6.0,6,,,,,,,,
,,,,,35565,4.0,4,,,,,,,,
,,,,,35572,7.0,7,,,,,,,,
,,,,,35576,4.0,4,,,,,,,,
,,,,,35580,4.0,4,,,,,,,,
,,,,,35586,6.0,6,,,,,,,,
,,,,,35589,3.0,3,,,,,,,,
,,,,,35595,6.0,6,,,,,,,,
,,,,,35604,9.0,9,,,,,,,,
,,,,,35608,4.0,4,,,,,,,,
,,,,,35614,6.0,6,,,,,,,,
,,,,,35617,3.0,3,,,,,,,,
,,,,,35625,8.0,8,,,,,,,,
,,,,,35630,5.0,5,,,,,,,,
,,,,,35634,4.0,4,,,,,,,,
,,,,,35641,7.0,7,,,,,,,,
,,,,,35648,7.0,7,,,,,,,,
,,,,,35653,5.0,5,,,,,,,,
,,,,,35663,10.0,10,,,,,,,,
,,,,,35667,4.0,4,,,,,,,,
,,,,,35671,4.0,4,,,,,,,,
,,,,,35683,12.0,12,,,,,,,,
,,,,,35694,11.0,11,,,,,,,,
,,,,,35699,5.0,5,,,,,,,,
,,,,,35704,5.0,5,,,,,,,,
,,,,,35708,4.0,4,,,,,,,,
,,,,,35716,8.0,8,,,,,,,,
,,,,,35720,4.0,4,,,,,,,,
,,,,,35723,3.0,3,,,,,,,,
,,,,,35728,5.0,5,,,,,,,,
,,,,,35733,5.0,5,,,,,,,,
,,,,,35744,11.0,11,,,,,,,,
,,,,,35748,4.0,4,,,,,,,,
,,,,,35759,11.0,11,,,,,,,,
,,,,,35767,8.0,8,,,,,,,,
,,,,,35776,9.0,9,,,,,,,,
,,,,,35784,8.0,8,,,,,,,,
,,,,,35788,4.0,4,,,,,,,,
,,,,,35791,3.0,3,,,,,,,,
,,,,,35802,11.0,11,,,,,,,,
,,,,,35806,4.0,4,,,,,,,,
,,,,,35809,3.0,3,,,,,,,,
,,,,,35817,8.0,8,,,,,,,,
,,,,,35823,6.0,6,,,,,,,,
,,,,,35827,4.0,4,,,,,,,,
,,,,,35831,4.0,4,,,,,,,,
,,,,,35845,14.0,14,,,,,,,,
,,,,,35851,6.0,6,,,,,,,,
,,,,,35859,8.0,8,,,,,,,,
,,,,,35862,3.0,3,,,,,,,,
,,,,,35870,8.0,8,,,,,,,,
,,,,,35875,5.0,5,,,,,,,,
,,,,,35879,4.0,4,,,,,,,,
,,,,,35890,11.0,11,,,,,,,,
,,,,,35894,4.0,4,,,,,,,,
,,,,,35898,4.0,4,,,,,,,,
,,,,,35902,4.0,4,,,,,,,,
,,,,,35911,9.0,9,,,,,,,,
,,,,,35917,6.0,6,,,,,,,,
,,,,,35928,11.0,11,,,,,,,,
,,,,,35932,4.0,4,,,,,,,,
,,,,,35948,16.0,16,,,,,,,,
,,,,,35952,4.0,4,,,,,,,,
,,,,,35955,3.0,3,,,,,,,,
,,,,,35958,3.0,3,,,,,,,,
,,,,,35966,8.0,8,,,,,,,,
,,,,,35969,3.0,3,,,,,,,,
,,,,,35973,4.0,4,,,,,,,,
,,,,,35978,5.0,5,,,,,,,,
,,,,,35991,13.0,13,,,,,,,,
,,,,,36000,9.0,9,,,,,,,,
,,,,,36000,,,-0.06743856519460678,0.674385666847229,1.8813676834106445,4.552958011627197,4.596643447875977,0.0003,0.0003,0.1
,,,,,36005,5.0,5,,,,,,,,
,,,,,36016,11.0,11,,,,,,,,
,,,,,36028,12.0,12,,,,,,,,
,,,,,36038,10.0,10,,,,,,,,
,,,,,36042,4.0,4,,,,,,,,
,,,,,36055,13.0,13,,,,,,,,
,,,,,36063,8.0,8,,,,,,,,
,,,,,36070,7.0,7,,,,,,,,
,,,,,36074,4.0,4,,,,,,,,
,,,,,36078,4.0,4,,,,,,,,
,,,,,36081,3.0,3,,,,,,,,
,,,,,36088,7.0,7,,,,,,,,
,,,,,36092,4.0,4,,,,,,,,
,,,,,36099,7.0,7,,,,,,,,
,,,,,36104,5.0,5,,,,,,,,
,,,,,36109,5.0,5,,,,,,,,
,,,,,36115,6.0,6,,,,,,,,
,,,,,36118,3.0,3,,,,,,,,
,,,,,36126,8.0,8,,,,,,,,
,,,,,36129,3.0,3,,,,,,,,
,,,,,36133,4.0,4,,,,,,,,
,,,,,36143,10.0,10,,,,,,,,
,,,,,36148,5.0,5,,,,,,,,
,,,,,36151,3.0,3,,,,,,,,
,,,,,36155,4.0,4,,,,,,,,
,,,,,36159,4.0,4,,,,,,,,
,,,,,36162,3.0,3,,,,,,,,
,,,,,36168,6.0,6,,,,,,,,
,,,,,36172,4.0,4,,,,,,,,
,,,,,36176,4.0,4,,,,,,,,
,,,,,36179,3.0,3,,,,,,,,
,,,,,36187,8.0,8,,,,,,,,
,,,,,36198,11.0,11,,,,,,,,
,,,,,36222,24.0,24,,,,,,,,
,,,,,36238,16.0,16,,,,,,,,
,,,,,36243,5.0,5,,,,,,,,
,,,,,36254,11.0,11,,,,,,,,
,,,,,36260,6.0,6,,,,,,,,
,,,,,36264,4.0,4,,,,,,,,
,,,,,36267,3.0,3,,,,,,,,
,,,,,36274,7.0,7,,,,,,,,
,,,,,36283,9.0,9,,,,,,,,
,,,,,36287,4.0,4,,,,,,,,
,,,,,36290,3.0,3,,,,,,,,
,,,,,36295,5.0,5,,,,,,,,
,,,,,36299,4.0,4,,,,,,,,
,,,,,36307,8.0,8,,,,,,,,
,,,,,36312,5.0,5,,,,,,,,
,,,,,36320,8.0,8,,,,,,,,
,,,,,36325,5.0,5,,,,,,,,
,,,,,36328,3.0,3,,,,,,,,
,,,,,36331,3.0,3,,,,,,,,
,,,,,36338,7.0,7,,,,,,,,
,,,,,36342,4.0,4,,,,,,,,
,,,,,36348,6.0,6,,,,,,,,
,,,,,36354,6.0,6,,,,,,,,
,,,,,36360,6.0,6,,,,,,,,
,,,,,36371,11.0,11,,,,,,,,
,,,,,36374,3.0,3,,,,,,,,
,,,,,36379,5.0,5,,,,,,,,
,,,,,36383,4.0,4,,,,,,,,
,,,,,36386,3.0,3,,,,,,,,
,,,,,36390,4.0,4,,,,,,,,
,,,,,36394,4.0,4,,,,,,,,
,,,,,36397,3.0,3,,,,,,,,
,,,,,36401,4.0,4,,,,,,,,
,,,,,36414,13.0,13,,,,,,,,
,,,,,36417,3.0,3,,,,,,,,
,,,,,36423,6.0,6,,,,,,,,
,,,,,36429,6.0,6,,,,,,,,
,,,,,36437,8.0,8,,,,,,,,
,,,,,36440,3.0,3,,,,,,,,
,,,,,36445,5.0,5,,,,,,,,
,,,,,36453,8.0,8,,,,,,,,
,,,,,36457,4.0,4,,,,,,,,
,,,,,36461,4.0,4,,,,,,,,
,,,,,36465,4.0,4,,,,,,,,
,,,,,36476,11.0,11,,,,,,,,
,,,,,36479,3.0,3,,,,,,,,
,,,,,36482,3.0,3,,,,,,,,
,,,,,36491,9.0,9,,,,,,,,
,,,,,36497,6.0,6,,,,,,,,
,,,,,36500,3.0,3,,,,,,,,
,,,,,36510,10.0,10,,,,,,,,
,,,,,36520,10.0,10,,,,,,,,
,,,,,36523,3.0,3,,,,,,,,
,,,,,36529,6.0,6,,,,,,,,
,,,,,36535,6.0,6,,,,,,,,
,,,,,36539,4.0,4,,,,,,,,
,,,,,36545,6.0,6,,,,,,,,
,,,,,36551,6.0,6,,,,,,,,
,,,,,36558,7.0,7,,,,,,,,
,,,,,36563,5.0,5,,,,,,,,
,,,,,36566,3.0,3,,,,,,,,
,,,,,36584,18.0,18,,,,,,,,
,,,,,36587,3.0,3,,,,,,,,
,,,,,36595,8.0,8,,,,,,,,
,,,,,36602,7.0,7,,,,,,,,
,,,,,36611,9.0,9,,,,,,,,
,,,,,36621,10.0,10,,,,,,,,
,,,,,36630,9.0,9,,,,,,,,
,,,,,36634,4.0,4,,,,,,,,
,,,,,36642,8.0,8,,,,,,,,
,,,,,36645,3.0,3,,,,,,,,
,,,,,36651,6.0,6,,,,,,,,
,,,,,36663,12.0,12,,,,,,,,
,,,,,36668,5.0,5,,,,,,,,
,,,,,36672,4.0,4,,,,,,,,
,,,,,36675,3.0,3,,,,,,,,
,,,,,36679,4.0,4,,,,,,,,
,,,,,36685,6.0,6,,,,,,,,
,,,,,36688,3.0,3,,,,,,,,
,,,,,36692,4.0,4,,,,,,,,
,,,,,36699,7.0,7,,,,,,,,
,,,,,36704,5.0,5,,,,,,,,
,,,,,36714,10.0,10,,,,,,,,
,,,,,36718,4.0,4,,,,,,,,
,,,,,36730,12.0,12,,,,,,,,
,,,,,36737,7.0,7,,,,,,,,
,,,,,36742,5.0,5,,,,,,,,
,,,,,36748,6.0,6,,,,,,,,
,,,,,36753,5.0,5,,,,,,,,
,,,,,36767,14.0,14,,,,,,,,
,,,,,36772,5.0,5,,,,,,,,
,,,,,36777,5.0,5,,,,,,,,
,,,,,36781,4.0,4,,,,,,,,
,,,,,36790,9.0,9,,,,,,,,
,,,,,36793,3.0,3,,,,,,,,
,,,,,36799,6.0,6,,,,,,,,
,,,,,36804,5.0,5,,,,,,,,
,,,,,36810,6.0,6,,,,,,,,
,,,,,36815,5.0,5,,,,,,,,
,,,,,36821,6.0,6,,,,,,,,
,,,,,36831,10.0,10,,,,,,,,
,,,,,36835,4.0,4,,,,,,,,
,,,,,36844,9.0,9,,,,,,,,
,,,,,36849,5.0,5,,,,,,,,
,,,,,36852,3.0,3,,,,,,,,
,,,,,36856,4.0,4,,,,,,,,
,,,,,36860,4.0,4,,,,,,,,
,,,,,36864,4.0,4,,,,,,,,
,,,,,36871,7.0,7,,,,,,,,
,,,,,36875,4.0,4,,,,,,,,
,,,,,36883,8.0,8,,,,,,,,
,,,,,36886,3.0,3,,,,,,,,
,,,,,36889,3.0,3,,,,,,,,
,,,,,36892,3.0,3,,,,,,,,
,,,,,36896,4.0,4,,,,,,,,
,,,,,36904,8.0,8,,,,,,,,
,,,,,36909,5.0,5,,,,,,,,
,,,,,36912,3.0,3,,,,,,,,
,,,,,36922,10.0,10,,,,,,,,
,,,,,36925,3.0,3,,,,,,,,
,,,,,36932,7.0,7,,,,,,,,
,,,,,36937,5.0,5,,,,,,,,
,,,,,36942,5.0,5,,,,,,,,
,,,,,36947,5.0,5,,,,,,,,
,,,,,36953,6.0,6,,,,,,,,
,,,,,36956,3.0,3,,,,,,,,
,,,,,36986,30.0,30,,,,,,,,
,,,,,36992,6.0,6,,,,,,,,
,,,,,37000,,,-0.0685548484325409,0.6855484843254089,1.6414165496826172,4.609226703643799,4.457781791687012,0.0003,0.0003,0.1
,,,,,37003,11.0,11,,,,,,,,
,,,,,37012,9.0,9,,,,,,,,
,,,,,37019,7.0,7,,,,,,,,
,,,,,37023,4.0,4,,,,,,,,
,,,,,37031,8.0,8,,,,,,,,
,,,,,37035,4.0,4,,,,,,,,
,,,,,37050,15.0,15,,,,,,,,
,,,,,37061,11.0,11,,,,,,,,
,,,,,37065,4.0,4,,,,,,,,
,,,,,37068,3.0,3,,,,,,,,
,,,,,37073,5.0,5,,,,,,,,
,,,,,37078,5.0,5,,,,,,,,
,,,,,37087,9.0,9,,,,,,,,
,,,,,37090,3.0,3,,,,,,,,
,,,,,37098,8.0,8,,,,,,,,
,,,,,37107,9.0,9,,,,,,,,
,,,,,37112,5.0,5,,,,,,,,
,,,,,37118,6.0,6,,,,,,,,
,,,,,37127,9.0,9,,,,,,,,
,,,,,37139,12.0,12,,,,,,,,
,,,,,37145,6.0,6,,,,,,,,
,,,,,37150,5.0,5,,,,,,,,
,,,,,37154,4.0,4,,,,,,,,
,,,,,37157,3.0,3,,,,,,,,
,,,,,37164,7.0,7,,,,,,,,
,,,,,37167,3.0,3,,,,,,,,
,,,,,37175,8.0,8,,,,,,,,
,,,,,37179,4.0,4,,,,,,,,
,,,,,37183,4.0,4,,,,,,,,
,,,,,37188,5.0,5,,,,,,,,
,,,,,37192,4.0,4,,,,,,,,
,,,,,37195,3.0,3,,,,,,,,
,,,,,37198,3.0,3,,,,,,,,
,,,,,37201,3.0,3,,,,,,,,
,,,,,37212,11.0,11,,,,,,,,
,,,,,37219,7.0,7,,,,,,,,
,,,,,37222,3.0,3,,,,,,,,
,,,,,37225,3.0,3,,,,,,,,
,,,,,37231,6.0,6,,,,,,,,
,,,,,37239,8.0,8,,,,,,,,
,,,,,37244,5.0,5,,,,,,,,
,,,,,37252,8.0,8,,,,,,,,
,,,,,37261,9.0,9,,,,,,,,
,,,,,37264,3.0,3,,,,,,,,
,,,,,37268,4.0,4,,,,,,,,
,,,,,37273,5.0,5,,,,,,,,
,,,,,37277,4.0,4,,,,,,,,
,,,,,37286,9.0,9,,,,,,,,
,,,,,37294,8.0,8,,,,,,,,
,,,,,37300,6.0,6,,,,,,,,
,,,,,37309,9.0,9,,,,,,,,
,,,,,37322,13.0,13,,,,,,,,
,,,,,37329,7.0,7,,,,,,,,
,,,,,37334,5.0,5,,,,,,,,
,,,,,37340,6.0,6,,,,,,,,
,,,,,37344,4.0,4,,,,,,,,
,,,,,37350,6.0,6,,,,,,,,
,,,,,37353,3.0,3,,,,,,,,
,,,,,37358,5.0,5,,,,,,,,
,,,,,37361,3.0,3,,,,,,,,
,,,,,37364,3.0,3,,,,,,,,
,,,,,37367,3.0,3,,,,,,,,
,,,,,37370,3.0,3,,,,,,,,
,,,,,37374,4.0,4,,,,,,,,
,,,,,37382,8.0,8,,,,,,,,
,,,,,37385,3.0,3,,,,,,,,
,,,,,37391,6.0,6,,,,,,,,
,,,,,37402,11.0,11,,,,,,,,
,,,,,37412,10.0,10,,,,,,,,
,,,,,37416,4.0,4,,,,,,,,
,,,,,37421,5.0,5,,,,,,,,
,,,,,37426,5.0,5,,,,,,,,
,,,,,37429,3.0,3,,,,,,,,
,,,,,37437,8.0,8,,,,,,,,
,,,,,37440,3.0,3,,,,,,,,
,,,,,37444,4.0,4,,,,,,,,
,,,,,37447,3.0,3,,,,,,,,
,,,,,37452,5.0,5,,,,,,,,
,,,,,37456,4.0,4,,,,,,,,
,,,,,37460,4.0,4,,,,,,,,
,,,,,37465,5.0,5,,,,,,,,
,,,,,37469,4.0,4,,,,,,,,
,,,,,37472,3.0,3,,,,,,,,
,,,,,37476,4.0,4,,,,,,,,
,,,,,37480,4.0,4,,,,,,,,
,,,,,37483,3.0,3,,,,,,,,
,,,,,37486,3.0,3,,,,,,,,
,,,,,37489,3.0,3,,,,,,,,
,,,,,37493,4.0,4,,,,,,,,
,,,,,37497,4.0,4,,,,,,,,
,,,,,37504,7.0,7,,,,,,,,
,,,,,37519,15.0,15,,,,,,,,
,,,,,37525,6.0,6,,,,,,,,
,,,,,37529,4.0,4,,,,,,,,
,,,,,37533,4.0,4,,,,,,,,
,,,,,37536,3.0,3,,,,,,,,
,,,,,37540,4.0,4,,,,,,,,
,,,,,37545,5.0,5,,,,,,,,
,,,,,37560,15.0,15,,,,,,,,
,,,,,37563,3.0,3,,,,,,,,
,,,,,37566,3.0,3,,,,,,,,
,,,,,37573,7.0,7,,,,,,,,
,,,,,37576,3.0,3,,,,,,,,
,,,,,37581,5.0,5,,,,,,,,
,,,,,37584,3.0,3,,,,,,,,
,,,,,37587,3.0,3,,,,,,,,
,,,,,37593,6.0,6,,,,,,,,
,,,,,37597,4.0,4,,,,,,,,
,,,,,37602,5.0,5,,,,,,,,
,,,,,37607,5.0,5,,,,,,,,
,,,,,37610,3.0,3,,,,,,,,
,,,,,37623,13.0,13,,,,,,,,
,,,,,37635,12.0,12,,,,,,,,
,,,,,37642,7.0,7,,,,,,,,
,,,,,37647,5.0,5,,,,,,,,
,,,,,37651,4.0,4,,,,,,,,
,,,,,37666,15.0,15,,,,,,,,
,,,,,37672,6.0,6,,,,,,,,
,,,,,37675,3.0,3,,,,,,,,
,,,,,37679,4.0,4,,,,,,,,
,,,,,37683,4.0,4,,,,,,,,
,,,,,37687,4.0,4,,,,,,,,
,,,,,37690,3.0,3,,,,,,,,
,,,,,37701,11.0,11,,,,,,,,
,,,,,37704,3.0,3,,,,,,,,
,,,,,37717,13.0,13,,,,,,,,
,,,,,37721,4.0,4,,,,,,,,
,,,,,37732,11.0,11,,,,,,,,
,,,,,37735,3.0,3,,,,,,,,
,,,,,37742,7.0,7,,,,,,,,
,,,,,37747,5.0,5,,,,,,,,
,,,,,37750,3.0,3,,,,,,,,
,,,,,37759,9.0,9,,,,,,,,
,,,,,37763,4.0,4,,,,,,,,
,,,,,37767,4.0,4,,,,,,,,
,,,,,37781,14.0,14,,,,,,,,
,,,,,37785,4.0,4,,,,,,,,
,,,,,37788,3.0,3,,,,,,,,
,,,,,37798,10.0,10,,,,,,,,
,,,,,37812,14.0,14,,,,,,,,
,,,,,37821,9.0,9,,,,,,,,
,,,,,37827,6.0,6,,,,,,,,
,,,,,37832,5.0,5,,,,,,,,
,,,,,37836,4.0,4,,,,,,,,
,,,,,37850,14.0,14,,,,,,,,
,,,,,37856,6.0,6,,,,,,,,
,,,,,37860,4.0,4,,,,,,,,
,,,,,37867,7.0,7,,,,,,,,
,,,,,37873,6.0,6,,,,,,,,
,,,,,37883,10.0,10,,,,,,,,
,,,,,37888,5.0,5,,,,,,,,
,,,,,37894,6.0,6,,,,,,,,
,,,,,37905,11.0,11,,,,,,,,
,,,,,37917,12.0,12,,,,,,,,
,,,,,37923,6.0,6,,,,,,,,
,,,,,37929,6.0,6,,,,,,,,
,,,,,37934,5.0,5,,,,,,,,
,,,,,37937,3.0,3,,,,,,,,
,,,,,37948,11.0,11,,,,,,,,
,,,,,37952,4.0,4,,,,,,,,
,,,,,37955,3.0,3,,,,,,,,
,,,,,37962,7.0,7,,,,,,,,
,,,,,37965,3.0,3,,,,,,,,
,,,,,37969,4.0,4,,,,,,,,
,,,,,37972,3.0,3,,,,,,,,
,,,,,37975,3.0,3,,,,,,,,
,,,,,37978,3.0,3,,,,,,,,
,,,,,37985,7.0,7,,,,,,,,
,,,,,38000,,,-0.06843625754117966,0.684362530708313,1.6737309694290161,4.657896041870117,4.514711380004883,0.0003,0.0003,0.1
,,,,,38003,18.0,18,,,,,,,,
,,,,,38009,6.0,6,,,,,,,,
,,,,,38013,4.0,4,,,,,,,,
,,,,,38020,7.0,7,,,,,,,,
,,,,,38025,5.0,5,,,,,,,,
,,,,,38032,7.0,7,,,,,,,,
,,,,,38038,6.0,6,,,,,,,,
,,,,,38042,4.0,4,,,,,,,,
,,,,,38057,15.0,15,,,,,,,,
,,,,,38066,9.0,9,,,,,,,,
,,,,,38074,8.0,8,,,,,,,,
,,,,,38080,6.0,6,,,,,,,,
,,,,,38084,4.0,4,,,,,,,,
,,,,,38087,3.0,3,,,,,,,,
,,,,,38098,11.0,11,,,,,,,,
,,,,,38106,8.0,8,,,,,,,,
,,,,,38109,3.0,3,,,,,,,,
,,,,,38113,4.0,4,,,,,,,,
,,,,,38116,3.0,3,,,,,,,,
,,,,,38125,9.0,9,,,,,,,,
,,,,,38129,4.0,4,,,,,,,,
,,,,,38135,6.0,6,,,,,,,,
,,,,,38138,3.0,3,,,,,,,,
,,,,,38142,4.0,4,,,,,,,,
,,,,,38147,5.0,5,,,,,,,,
,,,,,38152,5.0,5,,,,,,,,
,,,,,38156,4.0,4,,,,,,,,
,,,,,38168,12.0,12,,,,,,,,
,,,,,38175,7.0,7,,,,,,,,
,,,,,38180,5.0,5,,,,,,,,
,,,,,38185,5.0,5,,,,,,,,
,,,,,38190,5.0,5,,,,,,,,
,,,,,38195,5.0,5,,,,,,,,
,,,,,38198,3.0,3,,,,,,,,
,,,,,38202,4.0,4,,,,,,,,
,,,,,38209,7.0,7,,,,,,,,
,,,,,38212,3.0,3,,,,,,,,
,,,,,38219,7.0,7,,,,,,,,
,,,,,38227,8.0,8,,,,,,,,
,,,,,38235,8.0,8,,,,,,,,
,,,,,38240,5.0,5,,,,,,,,
,,,,,38244,4.0,4,,,,,,,,
,,,,,38249,5.0,5,,,,,,,,
,,,,,38252,3.0,3,,,,,,,,
,,,,,38264,12.0,12,,,,,,,,
,,,,,38267,3.0,3,,,,,,,,
,,,,,38270,3.0,3,,,,,,,,
,,,,,38277,7.0,7,,,,,,,,
,,,,,38281,4.0,4,,,,,,,,
,,,,,38285,4.0,4,,,,,,,,
,,,,,38289,4.0,4,,,,,,,,
,,,,,38294,5.0,5,,,,,,,,
,,,,,38301,7.0,7,,,,,,,,
,,,,,38305,4.0,4,,,,,,,,
,,,,,38311,6.0,6,,,,,,,,
,,,,,38317,6.0,6,,,,,,,,
,,,,,38324,7.0,7,,,,,,,,
,,,,,38328,4.0,4,,,,,,,,
,,,,,38332,4.0,4,,,,,,,,
,,,,,38336,4.0,4,,,,,,,,
,,,,,38345,9.0,9,,,,,,,,
,,,,,38348,3.0,3,,,,,,,,
,,,,,38352,4.0,4,,,,,,,,
,,,,,38357,5.0,5,,,,,,,,
,,,,,38365,8.0,8,,,,,,,,
,,,,,38372,7.0,7,,,,,,,,
,,,,,38379,7.0,7,,,,,,,,
,,,,,38385,6.0,6,,,,,,,,
,,,,,38389,4.0,4,,,,,,,,
,,,,,38395,6.0,6,,,,,,,,
,,,,,38401,6.0,6,,,,,,,,
,,,,,38413,12.0,12,,,,,,,,
,,,,,38416,3.0,3,,,,,,,,
,,,,,38425,9.0,9,,,,,,,,
,,,,,38428,3.0,3,,,,,,,,
,,,,,38434,6.0,6,,,,,,,,
,,,,,38437,3.0,3,,,,,,,,
,,,,,38440,3.0,3,,,,,,,,
,,,,,38445,5.0,5,,,,,,,,
,,,,,38448,3.0,3,,,,,,,,
,,,,,38453,5.0,5,,,,,,,,
,,,,,38461,8.0,8,,,,,,,,
,,,,,38466,5.0,5,,,,,,,,
,,,,,38470,4.0,4,,,,,,,,
,,,,,38475,5.0,5,,,,,,,,
,,,,,38478,3.0,3,,,,,,,,
,,,,,38497,19.0,19,,,,,,,,
,,,,,38507,10.0,10,,,,,,,,
,,,,,38510,3.0,3,,,,,,,,
,,,,,38513,3.0,3,,,,,,,,
,,,,,38518,5.0,5,,,,,,,,
,,,,,38532,14.0,14,,,,,,,,
,,,,,38538,6.0,6,,,,,,,,
,,,,,38544,6.0,6,,,,,,,,
,,,,,38556,12.0,12,,,,,,,,
,,,,,38563,7.0,7,,,,,,,,
,,,,,38567,4.0,4,,,,,,,,
,,,,,38570,3.0,3,,,,,,,,
,,,,,38573,3.0,3,,,,,,,,
,,,,,38578,5.0,5,,,,,,,,
,,,,,38584,6.0,6,,,,,,,,
,,,,,38587,3.0,3,,,,,,,,
,,,,,38590,3.0,3,,,,,,,,
,,,,,38597,7.0,7,,,,,,,,
,,,,,38600,3.0,3,,,,,,,,
,,,,,38604,4.0,4,,,,,,,,
,,,,,38607,3.0,3,,,,,,,,
,,,,,38613,6.0,6,,,,,,,,
,,,,,38626,13.0,13,,,,,,,,
,,,,,38630,4.0,4,,,,,,,,
,,,,,38634,4.0,4,,,,,,,,
,,,,,38640,6.0,6,,,,,,,,
,,,,,38648,8.0,8,,,,,,,,
,,,,,38662,14.0,14,,,,,,,,
,,,,,38666,4.0,4,,,,,,,,
,,,,,38678,12.0,12,,,,,,,,
,,,,,38682,4.0,4,,,,,,,,
,,,,,38685,3.0,3,,,,,,,,
,,,,,38691,6.0,6,,,,,,,,
,,,,,38701,10.0,10,,,,,,,,
,,,,,38709,8.0,8,,,,,,,,
,,,,,38715,6.0,6,,,,,,,,
,,,,,38718,3.0,3,,,,,,,,
,,,,,38721,3.0,3,,,,,,,,
,,,,,38736,15.0,15,,,,,,,,
,,,,,38743,7.0,7,,,,,,,,
,,,,,38747,4.0,4,,,,,,,,
,,,,,38750,3.0,3,,,,,,,,
,,,,,38753,3.0,3,,,,,,,,
,,,,,38764,11.0,11,,,,,,,,
,,,,,38768,4.0,4,,,,,,,,
,,,,,38772,4.0,4,,,,,,,,
,,,,,38777,5.0,5,,,,,,,,
,,,,,38781,4.0,4,,,,,,,,
,,,,,38784,3.0,3,,,,,,,,
,,,,,38789,5.0,5,,,,,,,,
,,,,,38800,11.0,11,,,,,,,,
,,,,,38805,5.0,5,,,,,,,,
,,,,,38809,4.0,4,,,,,,,,
,,,,,38812,3.0,3,,,,,,,,
,,,,,38818,6.0,6,,,,,,,,
,,,,,38829,11.0,11,,,,,,,,
,,,,,38832,3.0,3,,,,,,,,
,,,,,38842,10.0,10,,,,,,,,
,,,,,38845,3.0,3,,,,,,,,
,,,,,38851,6.0,6,,,,,,,,
,,,,,38854,3.0,3,,,,,,,,
,,,,,38858,4.0,4,,,,,,,,
,,,,,38863,5.0,5,,,,,,,,
,,,,,38870,7.0,7,,,,,,,,
,,,,,38876,6.0,6,,,,,,,,
,,,,,38883,7.0,7,,,,,,,,
,,,,,38886,3.0,3,,,,,,,,
,,,,,38895,9.0,9,,,,,,,,
,,,,,38901,6.0,6,,,,,,,,
,,,,,38905,4.0,4,,,,,,,,
,,,,,38911,6.0,6,,,,,,,,
,,,,,38917,6.0,6,,,,,,,,
,,,,,38921,4.0,4,,,,,,,,
,,,,,38925,4.0,4,,,,,,,,
,,,,,38931,6.0,6,,,,,,,,
,,,,,38936,5.0,5,,,,,,,,
,,,,,38940,4.0,4,,,,,,,,
,,,,,38957,17.0,17,,,,,,,,
,,,,,38961,4.0,4,,,,,,,,
,,,,,38973,12.0,12,,,,,,,,
,,,,,38977,4.0,4,,,,,,,,
,,,,,38986,9.0,9,,,,,,,,
,,,,,38991,5.0,5,,,,,,,,
,,,,,38995,4.0,4,,,,,,,,
,,,,,39000,5.0,5,,,,,,,,
,,,,,39000,,,-0.0672106072306633,0.6721060872077942,1.5721030235290527,4.474539756774902,4.400945663452148,0.0003,0.0003,0.1
,,,,,39005,5.0,5,,,,,,,,
,,,,,39011,6.0,6,,,,,,,,
,,,,,39015,4.0,4,,,,,,,,
,,,,,39022,7.0,7,,,,,,,,
,,,,,39027,5.0,5,,,,,,,,
,,,,,39032,5.0,5,,,,,,,,
,,,,,39035,3.0,3,,,,,,,,
,,,,,39038,3.0,3,,,,,,,,
,,,,,39043,5.0,5,,,,,,,,
,,,,,39051,8.0,8,,,,,,,,
,,,,,39055,4.0,4,,,,,,,,
,,,,,39059,4.0,4,,,,,,,,
,,,,,39063,4.0,4,,,,,,,,
,,,,,39072,9.0,9,,,,,,,,
,,,,,39078,6.0,6,,,,,,,,
,,,,,39083,5.0,5,,,,,,,,
,,,,,39086,3.0,3,,,,,,,,
,,,,,39091,5.0,5,,,,,,,,
,,,,,39097,6.0,6,,,,,,,,
,,,,,39100,3.0,3,,,,,,,,
,,,,,39110,10.0,10,,,,,,,,
,,,,,39118,8.0,8,,,,,,,,
,,,,,39125,7.0,7,,,,,,,,
,,,,,39137,12.0,12,,,,,,,,
,,,,,39142,5.0,5,,,,,,,,
,,,,,39148,6.0,6,,,,,,,,
,,,,,39155,7.0,7,,,,,,,,
,,,,,39159,4.0,4,,,,,,,,
,,,,,39162,3.0,3,,,,,,,,
,,,,,39170,8.0,8,,,,,,,,
,,,,,39173,3.0,3,,,,,,,,
,,,,,39181,8.0,8,,,,,,,,
,,,,,39190,9.0,9,,,,,,,,
,,,,,39195,5.0,5,,,,,,,,
,,,,,39200,5.0,5,,,,,,,,
,,,,,39209,9.0,9,,,,,,,,
,,,,,39213,4.0,4,,,,,,,,
,,,,,39220,7.0,7,,,,,,,,
,,,,,39227,7.0,7,,,,,,,,
,,,,,39230,3.0,3,,,,,,,,
,,,,,39233,3.0,3,,,,,,,,
,,,,,39240,7.0,7,,,,,,,,
,,,,,39245,5.0,5,,,,,,,,
,,,,,39250,5.0,5,,,,,,,,
,,,,,39253,3.0,3,,,,,,,,
,,,,,39256,3.0,3,,,,,,,,
,,,,,39262,6.0,6,,,,,,,,
,,,,,39267,5.0,5,,,,,,,,
,,,,,39277,10.0,10,,,,,,,,
,,,,,39281,4.0,4,,,,,,,,
,,,,,39287,6.0,6,,,,,,,,
,,,,,39294,7.0,7,,,,,,,,
,,,,,39298,4.0,4,,,,,,,,
,,,,,39301,3.0,3,,,,,,,,
,,,,,39307,6.0,6,,,,,,,,
,,,,,39311,4.0,4,,,,,,,,
,,,,,39314,3.0,3,,,,,,,,
,,,,,39317,3.0,3,,,,,,,,
,,,,,39321,4.0,4,,,,,,,,
,,,,,39325,4.0,4,,,,,,,,
,,,,,39330,5.0,5,,,,,,,,
,,,,,39334,4.0,4,,,,,,,,
,,,,,39342,8.0,8,,,,,,,,
,,,,,39345,3.0,3,,,,,,,,
,,,,,39351,6.0,6,,,,,,,,
,,,,,39360,9.0,9,,,,,,,,
,,,,,39369,9.0,9,,,,,,,,
,,,,,39372,3.0,3,,,,,,,,
,,,,,39375,3.0,3,,,,,,,,
,,,,,39379,4.0,4,,,,,,,,
,,,,,39383,4.0,4,,,,,,,,
,,,,,39386,3.0,3,,,,,,,,
,,,,,39393,7.0,7,,,,,,,,
,,,,,39399,6.0,6,,,,,,,,
,,,,,39405,6.0,6,,,,,,,,
,,,,,39417,12.0,12,,,,,,,,
,,,,,39421,4.0,4,,,,,,,,
,,,,,39426,5.0,5,,,,,,,,
,,,,,39430,4.0,4,,,,,,,,
,,,,,39434,4.0,4,,,,,,,,
,,,,,39448,14.0,14,,,,,,,,
,,,,,39453,5.0,5,,,,,,,,
,,,,,39458,5.0,5,,,,,,,,
,,,,,39467,9.0,9,,,,,,,,
,,,,,39470,3.0,3,,,,,,,,
,,,,,39474,4.0,4,,,,,,,,
,,,,,39478,4.0,4,,,,,,,,
,,,,,39481,3.0,3,,,,,,,,
,,,,,39485,4.0,4,,,,,,,,
,,,,,39495,10.0,10,,,,,,,,
,,,,,39498,3.0,3,,,,,,,,
,,,,,39504,6.0,6,,,,,,,,
,,,,,39511,7.0,7,,,,,,,,
,,,,,39516,5.0,5,,,,,,,,
,,,,,39527,11.0,11,,,,,,,,
,,,,,39533,6.0,6,,,,,,,,
,,,,,39538,5.0,5,,,,,,,,
,,,,,39541,3.0,3,,,,,,,,
,,,,,39545,4.0,4,,,,,,,,
,,,,,39550,5.0,5,,,,,,,,
,,,,,39563,13.0,13,,,,,,,,
,,,,,39579,16.0,16,,,,,,,,
,,,,,39582,3.0,3,,,,,,,,
,,,,,39593,11.0,11,,,,,,,,
,,,,,39602,9.0,9,,,,,,,,
,,,,,39605,3.0,3,,,,,,,,
,,,,,39610,5.0,5,,,,,,,,
,,,,,39627,17.0,17,,,,,,,,
,,,,,39634,7.0,7,,,,,,,,
,,,,,39638,4.0,4,,,,,,,,
,,,,,39641,3.0,3,,,,,,,,
,,,,,39644,3.0,3,,,,,,,,
,,,,,39649,5.0,5,,,,,,,,
,,,,,39655,6.0,6,,,,,,,,
,,,,,39658,3.0,3,,,,,,,,
,,,,,39677,19.0,19,,,,,,,,
,,,,,39680,3.0,3,,,,,,,,
,,,,,39683,3.0,3,,,,,,,,
,,,,,39688,5.0,5,,,,,,,,
,,,,,39693,5.0,5,,,,,,,,
,,,,,39699,6.0,6,,,,,,,,
,,,,,39702,3.0,3,,,,,,,,
,,,,,39709,7.0,7,,,,,,,,
,,,,,39712,3.0,3,,,,,,,,
,,,,,39715,3.0,3,,,,,,,,
,,,,,39719,4.0,4,,,,,,,,
,,,,,39738,19.0,19,,,,,,,,
,,,,,39743,5.0,5,,,,,,,,
,,,,,39757,14.0,14,,,,,,,,
,,,,,39772,15.0,15,,,,,,,,
,,,,,39776,4.0,4,,,,,,,,
,,,,,39780,4.0,4,,,,,,,,
,,,,,39786,6.0,6,,,,,,,,
,,,,,39796,10.0,10,,,,,,,,
,,,,,39801,5.0,5,,,,,,,,
,,,,,39809,8.0,8,,,,,,,,
,,,,,39814,5.0,5,,,,,,,,
,,,,,39823,9.0,9,,,,,,,,
,,,,,39827,4.0,4,,,,,,,,
,,,,,39836,9.0,9,,,,,,,,
,,,,,39842,6.0,6,,,,,,,,
,,,,,39849,7.0,7,,,,,,,,
,,,,,39856,7.0,7,,,,,,,,
,,,,,39859,3.0,3,,,,,,,,
,,,,,39868,9.0,9,,,,,,,,
,,,,,39875,7.0,7,,,,,,,,
,,,,,39880,5.0,5,,,,,,,,
,,,,,39883,3.0,3,,,,,,,,
,,,,,39889,6.0,6,,,,,,,,
,,,,,39894,5.0,5,,,,,,,,
,,,,,39897,3.0,3,,,,,,,,
,,,,,39900,3.0,3,,,,,,,,
,,,,,39913,13.0,13,,,,,,,,
,,,,,39921,8.0,8,,,,,,,,
,,,,,39926,5.0,5,,,,,,,,
,,,,,39932,6.0,6,,,,,,,,
,,,,,39936,4.0,4,,,,,,,,
,,,,,39943,7.0,7,,,,,,,,
,,,,,39947,4.0,4,,,,,,,,
,,,,,39955,8.0,8,,,,,,,,
,,,,,39959,4.0,4,,,,,,,,
,,,,,39962,3.0,3,,,,,,,,
,,,,,39966,4.0,4,,,,,,,,
,,,,,39974,8.0,8,,,,,,,,
,,,,,39985,11.0,11,,,,,,,,
,,,,,39993,8.0,8,,,,,,,,
,,,,,39996,3.0,3,,,,,,,,
5.1,2.0223749,10.0,3.0,5.1,40000,,,-0.06691967695951462,0.6691967844963074,1.6270017623901367,4.425780773162842,4.453446388244629,0.0003,0.0003,0.1
,,,,,40002,6.0,6,,,,,,,,
,,,,,40005,3.0,3,,,,,,,,
,,,,,40008,3.0,3,,,,,,,,
,,,,,40012,4.0,4,,,,,,,,
,,,,,40015,3.0,3,,,,,,,,
,,,,,40018,3.0,3,,,,,,,,
,,,,,40021,3.0,3,,,,,,,,
,,,,,40025,4.0,4,,,,,,,,
,,,,,40029,4.0,4,,,,,,,,
,,,,,40032,3.0,3,,,,,,,,
,,,,,40037,5.0,5,,,,,,,,
,,,,,40041,4.0,4,,,,,,,,
,,,,,40044,3.0,3,,,,,,,,
,,,,,40047,3.0,3,,,,,,,,
,,,,,40056,9.0,9,,,,,,,,
,,,,,40059,3.0,3,,,,,,,,
,,,,,40066,7.0,7,,,,,,,,
,,,,,40077,11.0,11,,,,,,,,
,,,,,40083,6.0,6,,,,,,,,
,,,,,40089,6.0,6,,,,,,,,
,,,,,40095,6.0,6,,,,,,,,
,,,,,40099,4.0,4,,,,,,,,
,,,,,40109,10.0,10,,,,,,,,
,,,,,40119,10.0,10,,,,,,,,
,,,,,40123,4.0,4,,,,,,,,
,,,,,40127,4.0,4,,,,,,,,
,,,,,40130,3.0,3,,,,,,,,
,,,,,40137,7.0,7,,,,,,,,
,,,,,40142,5.0,5,,,,,,,,
,,,,,40146,4.0,4,,,,,,,,
,,,,,40149,3.0,3,,,,,,,,
,,,,,40152,3.0,3,,,,,,,,
,,,,,40159,7.0,7,,,,,,,,
,,,,,40165,6.0,6,,,,,,,,
,,,,,40171,6.0,6,,,,,,,,
,,,,,40175,4.0,4,,,,,,,,
,,,,,40181,6.0,6,,,,,,,,
,,,,,40188,7.0,7,,,,,,,,
,,,,,40194,6.0,6,,,,,,,,
,,,,,40200,6.0,6,,,,,,,,
,,,,,40204,4.0,4,,,,,,,,
,,,,,40207,3.0,3,,,,,,,,
,,,,,40214,7.0,7,,,,,,,,
,,,,,40220,6.0,6,,,,,,,,
,,,,,40224,4.0,4,,,,,,,,
,,,,,40228,4.0,4,,,,,,,,
,,,,,40233,5.0,5,,,,,,,,
,,,,,40239,6.0,6,,,,,,,,
,,,,,40242,3.0,3,,,,,,,,
,,,,,40247,5.0,5,,,,,,,,
,,,,,40250,3.0,3,,,,,,,,
,,,,,40258,8.0,8,,,,,,,,
,,,,,40263,5.0,5,,,,,,,,
,,,,,40272,9.0,9,,,,,,,,
,,,,,40287,15.0,15,,,,,,,,
,,,,,40291,4.0,4,,,,,,,,
,,,,,40296,5.0,5,,,,,,,,
,,,,,40303,7.0,7,,,,,,,,
,,,,,40310,7.0,7,,,,,,,,
,,,,,40318,8.0,8,,,,,,,,
,,,,,40325,7.0,7,,,,,,,,
,,,,,40328,3.0,3,,,,,,,,
,,,,,40331,3.0,3,,,,,,,,
,,,,,40338,7.0,7,,,,,,,,
,,,,,40351,13.0,13,,,,,,,,
,,,,,40355,4.0,4,,,,,,,,
,,,,,40365,10.0,10,,,,,,,,
,,,,,40371,6.0,6,,,,,,,,
,,,,,40375,4.0,4,,,,,,,,
,,,,,40381,6.0,6,,,,,,,,
,,,,,40388,7.0,7,,,,,,,,
,,,,,40392,4.0,4,,,,,,,,
,,,,,40397,5.0,5,,,,,,,,
,,,,,40401,4.0,4,,,,,,,,
,,,,,40409,8.0,8,,,,,,,,
,,,,,40412,3.0,3,,,,,,,,
,,,,,40415,3.0,3,,,,,,,,
,,,,,40424,9.0,9,,,,,,,,
,,,,,40430,6.0,6,,,,,,,,
,,,,,40434,4.0,4,,,,,,,,
,,,,,40439,5.0,5,,,,,,,,
,,,,,40442,3.0,3,,,,,,,,
,,,,,40447,5.0,5,,,,,,,,
,,,,,40450,3.0,3,,,,,,,,
,,,,,40455,5.0,5,,,,,,,,
,,,,,40458,3.0,3,,,,,,,,
,,,,,40462,4.0,4,,,,,,,,
,,,,,40473,11.0,11,,,,,,,,
,,,,,40476,3.0,3,,,,,,,,
,,,,,40481,5.0,5,,,,,,,,
,,,,,40490,9.0,9,,,,,,,,
,,,,,40493,3.0,3,,,,,,,,
,,,,,40497,4.0,4,,,,,,,,
,,,,,40501,4.0,4,,,,,,,,
,,,,,40509,8.0,8,,,,,,,,
,,,,,40520,11.0,11,,,,,,,,
,,,,,40526,6.0,6,,,,,,,,
,,,,,40534,8.0,8,,,,,,,,
,,,,,40538,4.0,4,,,,,,,,
,,,,,40542,4.0,4,,,,,,,,
,,,,,40547,5.0,5,,,,,,,,
,,,,,40551,4.0,4,,,,,,,,
,,,,,40555,4.0,4,,,,,,,,
,,,,,40559,4.0,4,,,,,,,,
,,,,,40562,3.0,3,,,,,,,,
,,,,,40565,3.0,3,,,,,,,,
,,,,,40572,7.0,7,,,,,,,,
,,,,,40576,4.0,4,,,,,,,,
,,,,,40580,4.0,4,,,,,,,,
,,,,,40589,9.0,9,,,,,,,,
,,,,,40596,7.0,7,,,,,,,,
,,,,,40602,6.0,6,,,,,,,,
,,,,,40610,8.0,8,,,,,,,,
,,,,,40621,11.0,11,,,,,,,,
,,,,,40628,7.0,7,,,,,,,,
,,,,,40635,7.0,7,,,,,,,,
,,,,,40638,3.0,3,,,,,,,,
,,,,,40645,7.0,7,,,,,,,,
,,,,,40651,6.0,6,,,,,,,,
,,,,,40655,4.0,4,,,,,,,,
,,,,,40663,8.0,8,,,,,,,,
,,,,,40669,6.0,6,,,,,,,,
,,,,,40675,6.0,6,,,,,,,,
,,,,,40681,6.0,6,,,,,,,,
,,,,,40687,6.0,6,,,,,,,,
,,,,,40698,11.0,11,,,,,,,,
,,,,,40705,7.0,7,,,,,,,,
,,,,,40723,18.0,18,,,,,,,,
,,,,,40732,9.0,9,,,,,,,,
,,,,,40739,7.0,7,,,,,,,,
,,,,,40742,3.0,3,,,,,,,,
,,,,,40749,7.0,7,,,,,,,,
,,,,,40752,3.0,3,,,,,,,,
,,,,,40757,5.0,5,,,,,,,,
,,,,,40761,4.0,4,,,,,,,,
,,,,,40766,5.0,5,,,,,,,,
,,,,,40773,7.0,7,,,,,,,,
,,,,,40779,6.0,6,,,,,,,,
,,,,,40785,6.0,6,,,,,,,,
,,,,,40794,9.0,9,,,,,,,,
,,,,,40800,6.0,6,,,,,,,,
,,,,,40806,6.0,6,,,,,,,,
,,,,,40810,4.0,4,,,,,,,,
,,,,,40813,3.0,3,,,,,,,,
,,,,,40816,3.0,3,,,,,,,,
,,,,,40819,3.0,3,,,,,,,,
,,,,,40840,21.0,21,,,,,,,,
,,,,,40846,6.0,6,,,,,,,,
,,,,,40851,5.0,5,,,,,,,,
,,,,,40857,6.0,6,,,,,,,,
,,,,,40862,5.0,5,,,,,,,,
,,,,,40866,4.0,4,,,,,,,,
,,,,,40878,12.0,12,,,,,,,,
,,,,,40882,4.0,4,,,,,,,,
,,,,,40888,6.0,6,,,,,,,,
,,,,,40891,3.0,3,,,,,,,,
,,,,,40894,3.0,3,,,,,,,,
,,,,,40897,3.0,3,,,,,,,,
,,,,,40900,3.0,3,,,,,,,,
,,,,,40913,13.0,13,,,,,,,,
,,,,,40918,5.0,5,,,,,,,,
,,,,,40925,7.0,7,,,,,,,,
,,,,,40934,9.0,9,,,,,,,,
,,,,,40937,3.0,3,,,,,,,,
,,,,,40942,5.0,5,,,,,,,,
,,,,,40945,3.0,3,,,,,,,,
,,,,,40948,3.0,3,,,,,,,,
,,,,,40967,19.0,19,,,,,,,,
,,,,,40971,4.0,4,,,,,,,,
,,,,,40975,4.0,4,,,,,,,,
,,,,,40983,8.0,8,,,,,,,,
,,,,,40986,3.0,3,,,,,,,,
,,,,,40989,3.0,3,,,,,,,,
,,,,,40992,3.0,3,,,,,,,,
,,,,,40997,5.0,5,,,,,,,,
,,,,,41000,,,-0.06991975754499435,0.69919753074646,1.9173840284347534,4.762949466705322,4.711104869842529,0.0003,0.0003,0.1
,,,,,41001,4.0,4,,,,,,,,
,,,,,41012,11.0,11,,,,,,,,
,,,,,41041,29.0,29,,,,,,,,
,,,,,41044,3.0,3,,,,,,,,
,,,,,41050,6.0,6,,,,,,,,
,,,,,41055,5.0,5,,,,,,,,
,,,,,41065,10.0,10,,,,,,,,
,,,,,41069,4.0,4,,,,,,,,
,,,,,41073,4.0,4,,,,,,,,
,,,,,41082,9.0,9,,,,,,,,
,,,,,41086,4.0,4,,,,,,,,
,,,,,41091,5.0,5,,,,,,,,
,,,,,41095,4.0,4,,,,,,,,
,,,,,41104,9.0,9,,,,,,,,
,,,,,41108,4.0,4,,,,,,,,
,,,,,41111,3.0,3,,,,,,,,
,,,,,41115,4.0,4,,,,,,,,
,,,,,41118,3.0,3,,,,,,,,
,,,,,41123,5.0,5,,,,,,,,
,,,,,41130,7.0,7,,,,,,,,
,,,,,41134,4.0,4,,,,,,,,
,,,,,41141,7.0,7,,,,,,,,
,,,,,41145,4.0,4,,,,,,,,
,,,,,41153,8.0,8,,,,,,,,
,,,,,41157,4.0,4,,,,,,,,
,,,,,41162,5.0,5,,,,,,,,
,,,,,41170,8.0,8,,,,,,,,
,,,,,41175,5.0,5,,,,,,,,
,,,,,41182,7.0,7,,,,,,,,
,,,,,41185,3.0,3,,,,,,,,
,,,,,41196,11.0,11,,,,,,,,
,,,,,41207,11.0,11,,,,,,,,
,,,,,41219,12.0,12,,,,,,,,
,,,,,41230,11.0,11,,,,,,,,
,,,,,41234,4.0,4,,,,,,,,
,,,,,41245,11.0,11,,,,,,,,
,,,,,41254,9.0,9,,,,,,,,
,,,,,41258,4.0,4,,,,,,,,
,,,,,41268,10.0,10,,,,,,,,
,,,,,41276,8.0,8,,,,,,,,
,,,,,41281,5.0,5,,,,,,,,
,,,,,41290,9.0,9,,,,,,,,
,,,,,41299,9.0,9,,,,,,,,
,,,,,41307,8.0,8,,,,,,,,
,,,,,41318,11.0,11,,,,,,,,
,,,,,41321,3.0,3,,,,,,,,
,,,,,41324,3.0,3,,,,,,,,
,,,,,41333,9.0,9,,,,,,,,
,,,,,41346,13.0,13,,,,,,,,
,,,,,41349,3.0,3,,,,,,,,
,,,,,41356,7.0,7,,,,,,,,
,,,,,41362,6.0,6,,,,,,,,
,,,,,41368,6.0,6,,,,,,,,
,,,,,41371,3.0,3,,,,,,,,
,,,,,41378,7.0,7,,,,,,,,
,,,,,41384,6.0,6,,,,,,,,
,,,,,41399,15.0,15,,,,,,,,
,,,,,41407,8.0,8,,,,,,,,
,,,,,41419,12.0,12,,,,,,,,
,,,,,41427,8.0,8,,,,,,,,
,,,,,41430,3.0,3,,,,,,,,
,,,,,41434,4.0,4,,,,,,,,
,,,,,41438,4.0,4,,,,,,,,
,,,,,41442,4.0,4,,,,,,,,
,,,,,41451,9.0,9,,,,,,,,
,,,,,41456,5.0,5,,,,,,,,
,,,,,41461,5.0,5,,,,,,,,
,,,,,41464,3.0,3,,,,,,,,
,,,,,41467,3.0,3,,,,,,,,
,,,,,41473,6.0,6,,,,,,,,
,,,,,41483,10.0,10,,,,,,,,
,,,,,41488,5.0,5,,,,,,,,
,,,,,41495,7.0,7,,,,,,,,
,,,,,41499,4.0,4,,,,,,,,
,,,,,41502,3.0,3,,,,,,,,
,,,,,41507,5.0,5,,,,,,,,
,,,,,41514,7.0,7,,,,,,,,
,,,,,41524,10.0,10,,,,,,,,
,,,,,41528,4.0,4,,,,,,,,
,,,,,41532,4.0,4,,,,,,,,
,,,,,41537,5.0,5,,,,,,,,
,,,,,41548,11.0,11,,,,,,,,
,,,,,41551,3.0,3,,,,,,,,
,,,,,41554,3.0,3,,,,,,,,
,,,,,41571,17.0,17,,,,,,,,
,,,,,41577,6.0,6,,,,,,,,
,,,,,41580,3.0,3,,,,,,,,
,,,,,41584,4.0,4,,,,,,,,
,,,,,41587,3.0,3,,,,,,,,
,,,,,41591,4.0,4,,,,,,,,
,,,,,41594,3.0,3,,,,,,,,
,,,,,41597,3.0,3,,,,,,,,
,,,,,41614,17.0,17,,,,,,,,
,,,,,41617,3.0,3,,,,,,,,
,,,,,41620,3.0,3,,,,,,,,
,,,,,41629,9.0,9,,,,,,,,
,,,,,41642,13.0,13,,,,,,,,
,,,,,41646,4.0,4,,,,,,,,
,,,,,41649,3.0,3,,,,,,,,
,,,,,41652,3.0,3,,,,,,,,
,,,,,41656,4.0,4,,,,,,,,
,,,,,41660,4.0,4,,,,,,,,
,,,,,41663,3.0,3,,,,,,,,
,,,,,41669,6.0,6,,,,,,,,
,,,,,41673,4.0,4,,,,,,,,
,,,,,41677,4.0,4,,,,,,,,
,,,,,41689,12.0,12,,,,,,,,
,,,,,41694,5.0,5,,,,,,,,
,,,,,41697,3.0,3,,,,,,,,
,,,,,41704,7.0,7,,,,,,,,
,,,,,41708,4.0,4,,,,,,,,
,,,,,41712,4.0,4,,,,,,,,
,,,,,41715,3.0,3,,,,,,,,
,,,,,41722,7.0,7,,,,,,,,
,,,,,41726,4.0,4,,,,,,,,
,,,,,41730,4.0,4,,,,,,,,
,,,,,41734,4.0,4,,,,,,,,
,,,,,41737,3.0,3,,,,,,,,
,,,,,41741,4.0,4,,,,,,,,
,,,,,41744,3.0,3,,,,,,,,
,,,,,41754,10.0,10,,,,,,,,
,,,,,41758,4.0,4,,,,,,,,
,,,,,41767,9.0,9,,,,,,,,
,,,,,41771,4.0,4,,,,,,,,
,,,,,41779,8.0,8,,,,,,,,
,,,,,41784,5.0,5,,,,,,,,
,,,,,41787,3.0,3,,,,,,,,
,,,,,41791,4.0,4,,,,,,,,
,,,,,41795,4.0,4,,,,,,,,
,,,,,41799,4.0,4,,,,,,,,
,,,,,41805,6.0,6,,,,,,,,
,,,,,41809,4.0,4,,,,,,,,
,,,,,41819,10.0,10,,,,,,,,
,,,,,41826,7.0,7,,,,,,,,
,,,,,41830,4.0,4,,,,,,,,
,,,,,41835,5.0,5,,,,,,,,
,,,,,41839,4.0,4,,,,,,,,
,,,,,41850,11.0,11,,,,,,,,
,,,,,41854,4.0,4,,,,,,,,
,,,,,41864,10.0,10,,,,,,,,
,,,,,41868,4.0,4,,,,,,,,
,,,,,41874,6.0,6,,,,,,,,
,,,,,41877,3.0,3,,,,,,,,
,,,,,41880,3.0,3,,,,,,,,
,,,,,41886,6.0,6,,,,,,,,
,,,,,41893,7.0,7,,,,,,,,
,,,,,41898,5.0,5,,,,,,,,
,,,,,41906,8.0,8,,,,,,,,
,,,,,41909,3.0,3,,,,,,,,
,,,,,41924,15.0,15,,,,,,,,
,,,,,41929,5.0,5,,,,,,,,
,,,,,41932,3.0,3,,,,,,,,
,,,,,41939,7.0,7,,,,,,,,
,,,,,41944,5.0,5,,,,,,,,
,,,,,41949,5.0,5,,,,,,,,
,,,,,41956,7.0,7,,,,,,,,
,,,,,41959,3.0,3,,,,,,,,
,,,,,41969,10.0,10,,,,,,,,
,,,,,41977,8.0,8,,,,,,,,
,,,,,41982,5.0,5,,,,,,,,
,,,,,41985,3.0,3,,,,,,,,
,,,,,41988,3.0,3,,,,,,,,
,,,,,41992,4.0,4,,,,,,,,
,,,,,41996,4.0,4,,,,,,,,
,,,,,42000,4.0,4,,,,,,,,
,,,,,42000,,,-0.06692452728748322,0.6692452430725098,1.9147948026657104,4.37452507019043,4.420126914978027,0.0003,0.0003,0.1
,,,,,42006,6.0,6,,,,,,,,
,,,,,42020,14.0,14,,,,,,,,
,,,,,42033,13.0,13,,,,,,,,
,,,,,42040,7.0,7,,,,,,,,
,,,,,42047,7.0,7,,,,,,,,
,,,,,42058,11.0,11,,,,,,,,
,,,,,42063,5.0,5,,,,,,,,
,,,,,42067,4.0,4,,,,,,,,
,,,,,42088,21.0,21,,,,,,,,
,,,,,42091,3.0,3,,,,,,,,
,,,,,42096,5.0,5,,,,,,,,
,,,,,42104,8.0,8,,,,,,,,
,,,,,42108,4.0,4,,,,,,,,
,,,,,42118,10.0,10,,,,,,,,
,,,,,42121,3.0,3,,,,,,,,
,,,,,42126,5.0,5,,,,,,,,
,,,,,42129,3.0,3,,,,,,,,
,,,,,42135,6.0,6,,,,,,,,
,,,,,42149,14.0,14,,,,,,,,
,,,,,42157,8.0,8,,,,,,,,
,,,,,42160,3.0,3,,,,,,,,
,,,,,42163,3.0,3,,,,,,,,
,,,,,42167,4.0,4,,,,,,,,
,,,,,42171,4.0,4,,,,,,,,
,,,,,42174,3.0,3,,,,,,,,
,,,,,42179,5.0,5,,,,,,,,
,,,,,42191,12.0,12,,,,,,,,
,,,,,42203,12.0,12,,,,,,,,
,,,,,42208,5.0,5,,,,,,,,
,,,,,42213,5.0,5,,,,,,,,
,,,,,42217,4.0,4,,,,,,,,
,,,,,42221,4.0,4,,,,,,,,
,,,,,42226,5.0,5,,,,,,,,
,,,,,42229,3.0,3,,,,,,,,
,,,,,42234,5.0,5,,,,,,,,
,,,,,42241,7.0,7,,,,,,,,
,,,,,42252,11.0,11,,,,,,,,
,,,,,42255,3.0,3,,,,,,,,
,,,,,42259,4.0,4,,,,,,,,
,,,,,42283,24.0,24,,,,,,,,
,,,,,42288,5.0,5,,,,,,,,
,,,,,42294,6.0,6,,,,,,,,
,,,,,42299,5.0,5,,,,,,,,
,,,,,42302,3.0,3,,,,,,,,
,,,,,42307,5.0,5,,,,,,,,
,,,,,42312,5.0,5,,,,,,,,
,,,,,42315,3.0,3,,,,,,,,
,,,,,42318,3.0,3,,,,,,,,
,,,,,42323,5.0,5,,,,,,,,
,,,,,42326,3.0,3,,,,,,,,
,,,,,42336,10.0,10,,,,,,,,
,,,,,42340,4.0,4,,,,,,,,
,,,,,42346,6.0,6,,,,,,,,
,,,,,42349,3.0,3,,,,,,,,
,,,,,42352,3.0,3,,,,,,,,
,,,,,42356,4.0,4,,,,,,,,
,,,,,42361,5.0,5,,,,,,,,
,,,,,42370,9.0,9,,,,,,,,
,,,,,42377,7.0,7,,,,,,,,
,,,,,42384,7.0,7,,,,,,,,
,,,,,42388,4.0,4,,,,,,,,
,,,,,42394,6.0,6,,,,,,,,
,,,,,42406,12.0,12,,,,,,,,
,,,,,42416,10.0,10,,,,,,,,
,,,,,42420,4.0,4,,,,,,,,
,,,,,42425,5.0,5,,,,,,,,
,,,,,42429,4.0,4,,,,,,,,
,,,,,42435,6.0,6,,,,,,,,
,,,,,42445,10.0,10,,,,,,,,
,,,,,42448,3.0,3,,,,,,,,
,,,,,42458,10.0,10,,,,,,,,
,,,,,42466,8.0,8,,,,,,,,
,,,,,42474,8.0,8,,,,,,,,
,,,,,42485,11.0,11,,,,,,,,
,,,,,42489,4.0,4,,,,,,,,
,,,,,42492,3.0,3,,,,,,,,
,,,,,42497,5.0,5,,,,,,,,
,,,,,42502,5.0,5,,,,,,,,
,,,,,42506,4.0,4,,,,,,,,
,,,,,42512,6.0,6,,,,,,,,
,,,,,42516,4.0,4,,,,,,,,
,,,,,42525,9.0,9,,,,,,,,
,,,,,42529,4.0,4,,,,,,,,
,,,,,42534,5.0,5,,,,,,,,
,,,,,42537,3.0,3,,,,,,,,
,,,,,42543,6.0,6,,,,,,,,
,,,,,42548,5.0,5,,,,,,,,
,,,,,42555,7.0,7,,,,,,,,
,,,,,42558,3.0,3,,,,,,,,
,,,,,42569,11.0,11,,,,,,,,
,,,,,42574,5.0,5,,,,,,,,
,,,,,42578,4.0,4,,,,,,,,
,,,,,42588,10.0,10,,,,,,,,
,,,,,42591,3.0,3,,,,,,,,
,,,,,42594,3.0,3,,,,,,,,
,,,,,42598,4.0,4,,,,,,,,
,,,,,42601,3.0,3,,,,,,,,
,,,,,42607,6.0,6,,,,,,,,
,,,,,42612,5.0,5,,,,,,,,
,,,,,42615,3.0,3,,,,,,,,
,,,,,42618,3.0,3,,,,,,,,
,,,,,42622,4.0,4,,,,,,,,
,,,,,42626,4.0,4,,,,,,,,
,,,,,42631,5.0,5,,,,,,,,
,,,,,42635,4.0,4,,,,,,,,
,,,,,42642,7.0,7,,,,,,,,
,,,,,42650,8.0,8,,,,,,,,
,,,,,42654,4.0,4,,,,,,,,
,,,,,42657,3.0,3,,,,,,,,
,,,,,42666,9.0,9,,,,,,,,
,,,,,42670,4.0,4,,,,,,,,
,,,,,42678,8.0,8,,,,,,,,
,,,,,42681,3.0,3,,,,,,,,
,,,,,42686,5.0,5,,,,,,,,
,,,,,42693,7.0,7,,,,,,,,
,,,,,42696,3.0,3,,,,,,,,
,,,,,42701,5.0,5,,,,,,,,
,,,,,42711,10.0,10,,,,,,,,
,,,,,42717,6.0,6,,,,,,,,
,,,,,42723,6.0,6,,,,,,,,
,,,,,42726,3.0,3,,,,,,,,
,,,,,42733,7.0,7,,,,,,,,
,,,,,42740,7.0,7,,,,,,,,
,,,,,42747,7.0,7,,,,,,,,
,,,,,42754,7.0,7,,,,,,,,
,,,,,42757,3.0,3,,,,,,,,
,,,,,42762,5.0,5,,,,,,,,
,,,,,42766,4.0,4,,,,,,,,
,,,,,42775,9.0,9,,,,,,,,
,,,,,42779,4.0,4,,,,,,,,
,,,,,42788,9.0,9,,,,,,,,
,,,,,42792,4.0,4,,,,,,,,
,,,,,42796,4.0,4,,,,,,,,
,,,,,42799,3.0,3,,,,,,,,
,,,,,42806,7.0,7,,,,,,,,
,,,,,42811,5.0,5,,,,,,,,
,,,,,42824,13.0,13,,,,,,,,
,,,,,42827,3.0,3,,,,,,,,
,,,,,42834,7.0,7,,,,,,,,
,,,,,42837,3.0,3,,,,,,,,
,,,,,42840,3.0,3,,,,,,,,
,,,,,42846,6.0,6,,,,,,,,
,,,,,42854,8.0,8,,,,,,,,
,,,,,42860,6.0,6,,,,,,,,
,,,,,42871,11.0,11,,,,,,,,
,,,,,42875,4.0,4,,,,,,,,
,,,,,42881,6.0,6,,,,,,,,
,,,,,42898,17.0,17,,,,,,,,
,,,,,42904,6.0,6,,,,,,,,
,,,,,42909,5.0,5,,,,,,,,
,,,,,42922,13.0,13,,,,,,,,
,,,,,42934,12.0,12,,,,,,,,
,,,,,42937,3.0,3,,,,,,,,
,,,,,42943,6.0,6,,,,,,,,
,,,,,42947,4.0,4,,,,,,,,
,,,,,42952,5.0,5,,,,,,,,
,,,,,42955,3.0,3,,,,,,,,
,,,,,42959,4.0,4,,,,,,,,
,,,,,42964,5.0,5,,,,,,,,
,,,,,42972,8.0,8,,,,,,,,
,,,,,42982,10.0,10,,,,,,,,
,,,,,42985,3.0,3,,,,,,,,
,,,,,42990,5.0,5,,,,,,,,
,,,,,42995,5.0,5,,,,,,,,
,,,,,43000,,,-0.06758634746074677,0.6758634448051453,1.938281774520874,4.757667064666748,4.696226119995117,0.0003,0.0003,0.1
,,,,,43001,6.0,6,,,,,,,,
,,,,,43005,4.0,4,,,,,,,,
,,,,,43008,3.0,3,,,,,,,,
,,,,,43012,4.0,4,,,,,,,,
,,,,,43019,7.0,7,,,,,,,,
,,,,,43024,5.0,5,,,,,,,,
,,,,,43033,9.0,9,,,,,,,,
,,,,,43036,3.0,3,,,,,,,,
,,,,,43041,5.0,5,,,,,,,,
,,,,,43044,3.0,3,,,,,,,,
,,,,,43055,11.0,11,,,,,,,,
,,,,,43060,5.0,5,,,,,,,,
,,,,,43065,5.0,5,,,,,,,,
,,,,,43070,5.0,5,,,,,,,,
,,,,,43077,7.0,7,,,,,,,,
,,,,,43088,11.0,11,,,,,,,,
,,,,,43095,7.0,7,,,,,,,,
,,,,,43102,7.0,7,,,,,,,,
,,,,,43114,12.0,12,,,,,,,,
,,,,,43122,8.0,8,,,,,,,,
,,,,,43127,5.0,5,,,,,,,,
,,,,,43153,26.0,26,,,,,,,,
,,,,,43161,8.0,8,,,,,,,,
,,,,,43167,6.0,6,,,,,,,,
,,,,,43173,6.0,6,,,,,,,,
,,,,,43176,3.0,3,,,,,,,,
,,,,,43181,5.0,5,,,,,,,,
,,,,,43190,9.0,9,,,,,,,,
,,,,,43193,3.0,3,,,,,,,,
,,,,,43211,18.0,18,,,,,,,,
,,,,,43216,5.0,5,,,,,,,,
,,,,,43219,3.0,3,,,,,,,,
,,,,,43224,5.0,5,,,,,,,,
,,,,,43227,3.0,3,,,,,,,,
,,,,,43236,9.0,9,,,,,,,,
,,,,,43239,3.0,3,,,,,,,,
,,,,,43244,5.0,5,,,,,,,,
,,,,,43248,4.0,4,,,,,,,,
,,,,,43251,3.0,3,,,,,,,,
,,,,,43255,4.0,4,,,,,,,,
,,,,,43275,20.0,20,,,,,,,,
,,,,,43291,16.0,16,,,,,,,,
,,,,,43296,5.0,5,,,,,,,,
,,,,,43304,8.0,8,,,,,,,,
,,,,,43310,6.0,6,,,,,,,,
,,,,,43313,3.0,3,,,,,,,,
,,,,,43316,3.0,3,,,,,,,,
,,,,,43320,4.0,4,,,,,,,,
,,,,,43323,3.0,3,,,,,,,,
,,,,,43327,4.0,4,,,,,,,,
,,,,,43330,3.0,3,,,,,,,,
,,,,,43333,3.0,3,,,,,,,,
,,,,,43339,6.0,6,,,,,,,,
,,,,,43343,4.0,4,,,,,,,,
,,,,,43346,3.0,3,,,,,,,,
,,,,,43349,3.0,3,,,,,,,,
,,,,,43356,7.0,7,,,,,,,,
,,,,,43364,8.0,8,,,,,,,,
,,,,,43373,9.0,9,,,,,,,,
,,,,,43376,3.0,3,,,,,,,,
,,,,,43380,4.0,4,,,,,,,,
,,,,,43386,6.0,6,,,,,,,,
,,,,,43389,3.0,3,,,,,,,,
,,,,,43394,5.0,5,,,,,,,,
,,,,,43400,6.0,6,,,,,,,,
,,,,,43405,5.0,5,,,,,,,,
,,,,,43421,16.0,16,,,,,,,,
,,,,,43426,5.0,5,,,,,,,,
,,,,,43445,19.0,19,,,,,,,,
,,,,,43450,5.0,5,,,,,,,,
,,,,,43464,14.0,14,,,,,,,,
,,,,,43467,3.0,3,,,,,,,,
,,,,,43470,3.0,3,,,,,,,,
,,,,,43474,4.0,4,,,,,,,,
,,,,,43478,4.0,4,,,,,,,,
,,,,,43483,5.0,5,,,,,,,,
,,,,,43488,5.0,5,,,,,,,,
,,,,,43491,3.0,3,,,,,,,,
,,,,,43503,12.0,12,,,,,,,,
,,,,,43514,11.0,11,,,,,,,,
,,,,,43518,4.0,4,,,,,,,,
,,,,,43523,5.0,5,,,,,,,,
,,,,,43527,4.0,4,,,,,,,,
,,,,,43531,4.0,4,,,,,,,,
,,,,,43544,13.0,13,,,,,,,,
,,,,,43548,4.0,4,,,,,,,,
,,,,,43553,5.0,5,,,,,,,,
,,,,,43559,6.0,6,,,,,,,,
,,,,,43565,6.0,6,,,,,,,,
,,,,,43569,4.0,4,,,,,,,,
,,,,,43574,5.0,5,,,,,,,,
,,,,,43577,3.0,3,,,,,,,,
,,,,,43580,3.0,3,,,,,,,,
,,,,,43596,16.0,16,,,,,,,,
,,,,,43604,8.0,8,,,,,,,,
,,,,,43614,10.0,10,,,,,,,,
,,,,,43619,5.0,5,,,,,,,,
,,,,,43628,9.0,9,,,,,,,,
,,,,,43632,4.0,4,,,,,,,,
,,,,,43641,9.0,9,,,,,,,,
,,,,,43645,4.0,4,,,,,,,,
,,,,,43649,4.0,4,,,,,,,,
,,,,,43652,3.0,3,,,,,,,,
,,,,,43658,6.0,6,,,,,,,,
,,,,,43664,6.0,6,,,,,,,,
,,,,,43667,3.0,3,,,,,,,,
,,,,,43681,14.0,14,,,,,,,,
,,,,,43688,7.0,7,,,,,,,,
,,,,,43695,7.0,7,,,,,,,,
,,,,,43699,4.0,4,,,,,,,,
,,,,,43703,4.0,4,,,,,,,,
,,,,,43708,5.0,5,,,,,,,,
,,,,,43715,7.0,7,,,,,,,,
,,,,,43725,10.0,10,,,,,,,,
,,,,,43728,3.0,3,,,,,,,,
,,,,,43731,3.0,3,,,,,,,,
,,,,,43734,3.0,3,,,,,,,,
,,,,,43744,10.0,10,,,,,,,,
,,,,,43748,4.0,4,,,,,,,,
,,,,,43757,9.0,9,,,,,,,,
,,,,,43760,3.0,3,,,,,,,,
,,,,,43766,6.0,6,,,,,,,,
,,,,,43769,3.0,3,,,,,,,,
,,,,,43780,11.0,11,,,,,,,,
,,,,,43785,5.0,5,,,,,,,,
,,,,,43791,6.0,6,,,,,,,,
,,,,,43794,3.0,3,,,,,,,,
,,,,,43808,14.0,14,,,,,,,,
,,,,,43819,11.0,11,,,,,,,,
,,,,,43826,7.0,7,,,,,,,,
,,,,,43829,3.0,3,,,,,,,,
,,,,,43832,3.0,3,,,,,,,,
,,,,,43836,4.0,4,,,,,,,,
,,,,,43840,4.0,4,,,,,,,,
,,,,,43843,3.0,3,,,,,,,,
,,,,,43846,3.0,3,,,,,,,,
,,,,,43849,3.0,3,,,,,,,,
,,,,,43853,4.0,4,,,,,,,,
,,,,,43857,4.0,4,,,,,,,,
,,,,,43861,4.0,4,,,,,,,,
,,,,,43867,6.0,6,,,,,,,,
,,,,,43872,5.0,5,,,,,,,,
,,,,,43882,10.0,10,,,,,,,,
,,,,,43888,6.0,6,,,,,,,,
,,,,,43894,6.0,6,,,,,,,,
,,,,,43902,8.0,8,,,,,,,,
,,,,,43908,6.0,6,,,,,,,,
,,,,,43915,7.0,7,,,,,,,,
,,,,,43920,5.0,5,,,,,,,,
,,,,,43929,9.0,9,,,,,,,,
,,,,,43934,5.0,5,,,,,,,,
,,,,,43948,14.0,14,,,,,,,,
,,,,,43952,4.0,4,,,,,,,,
,,,,,43960,8.0,8,,,,,,,,
,,,,,43964,4.0,4,,,,,,,,
,,,,,43967,3.0,3,,,,,,,,
,,,,,43972,5.0,5,,,,,,,,
,,,,,43977,5.0,5,,,,,,,,
,,,,,43982,5.0,5,,,,,,,,
,,,,,43988,6.0,6,,,,,,,,
,,,,,43992,4.0,4,,,,,,,,
,,,,,43996,4.0,4,,,,,,,,
,,,,,44000,,,-0.0686260461807251,0.686260461807251,2.1990835666656494,4.668819904327393,4.589115142822266,0.0003,0.0003,0.1
,,,,,44004,8.0,8,,,,,,,,
,,,,,44009,5.0,5,,,,,,,,
,,,,,44016,7.0,7,,,,,,,,
,,,,,44022,6.0,6,,,,,,,,
,,,,,44026,4.0,4,,,,,,,,
,,,,,44031,5.0,5,,,,,,,,
,,,,,44037,6.0,6,,,,,,,,
,,,,,44044,7.0,7,,,,,,,,
,,,,,44051,7.0,7,,,,,,,,
,,,,,44055,4.0,4,,,,,,,,
,,,,,44058,3.0,3,,,,,,,,
,,,,,44064,6.0,6,,,,,,,,
,,,,,44072,8.0,8,,,,,,,,
,,,,,44086,14.0,14,,,,,,,,
,,,,,44089,3.0,3,,,,,,,,
,,,,,44094,5.0,5,,,,,,,,
,,,,,44099,5.0,5,,,,,,,,
,,,,,44103,4.0,4,,,,,,,,
,,,,,44107,4.0,4,,,,,,,,
,,,,,44115,8.0,8,,,,,,,,
,,,,,44118,3.0,3,,,,,,,,
,,,,,44121,3.0,3,,,,,,,,
,,,,,44127,6.0,6,,,,,,,,
,,,,,44132,5.0,5,,,,,,,,
,,,,,44135,3.0,3,,,,,,,,
,,,,,44138,3.0,3,,,,,,,,
,,,,,44144,6.0,6,,,,,,,,
,,,,,44153,9.0,9,,,,,,,,
,,,,,44157,4.0,4,,,,,,,,
,,,,,44162,5.0,5,,,,,,,,
,,,,,44169,7.0,7,,,,,,,,
,,,,,44173,4.0,4,,,,,,,,
,,,,,44176,3.0,3,,,,,,,,
,,,,,44180,4.0,4,,,,,,,,
,,,,,44186,6.0,6,,,,,,,,
,,,,,44190,4.0,4,,,,,,,,
,,,,,44207,17.0,17,,,,,,,,
,,,,,44217,10.0,10,,,,,,,,
,,,,,44222,5.0,5,,,,,,,,
,,,,,44226,4.0,4,,,,,,,,
,,,,,44233,7.0,7,,,,,,,,
,,,,,44238,5.0,5,,,,,,,,
,,,,,44243,5.0,5,,,,,,,,
,,,,,44247,4.0,4,,,,,,,,
,,,,,44251,4.0,4,,,,,,,,
,,,,,44258,7.0,7,,,,,,,,
,,,,,44264,6.0,6,,,,,,,,
,,,,,44269,5.0,5,,,,,,,,
,,,,,44298,29.0,29,,,,,,,,
,,,,,44310,12.0,12,,,,,,,,
,,,,,44315,5.0,5,,,,,,,,
,,,,,44321,6.0,6,,,,,,,,
,,,,,44326,5.0,5,,,,,,,,
,,,,,44335,9.0,9,,,,,,,,
,,,,,44338,3.0,3,,,,,,,,
,,,,,44349,11.0,11,,,,,,,,
,,,,,44353,4.0,4,,,,,,,,
,,,,,44356,3.0,3,,,,,,,,
,,,,,44362,6.0,6,,,,,,,,
,,,,,44386,24.0,24,,,,,,,,
,,,,,44397,11.0,11,,,,,,,,
,,,,,44409,12.0,12,,,,,,,,
,,,,,44412,3.0,3,,,,,,,,
,,,,,44416,4.0,4,,,,,,,,
,,,,,44421,5.0,5,,,,,,,,
,,,,,44425,4.0,4,,,,,,,,
,,,,,44429,4.0,4,,,,,,,,
,,,,,44435,6.0,6,,,,,,,,
,,,,,44439,4.0,4,,,,,,,,
,,,,,44446,7.0,7,,,,,,,,
,,,,,44452,6.0,6,,,,,,,,
,,,,,44455,3.0,3,,,,,,,,
,,,,,44459,4.0,4,,,,,,,,
,,,,,44468,9.0,9,,,,,,,,
,,,,,44472,4.0,4,,,,,,,,
,,,,,44475,3.0,3,,,,,,,,
,,,,,44478,3.0,3,,,,,,,,
,,,,,44484,6.0,6,,,,,,,,
,,,,,44489,5.0,5,,,,,,,,
,,,,,44510,21.0,21,,,,,,,,
,,,,,44513,3.0,3,,,,,,,,
,,,,,44519,6.0,6,,,,,,,,
,,,,,44525,6.0,6,,,,,,,,
,,,,,44534,9.0,9,,,,,,,,
,,,,,44541,7.0,7,,,,,,,,
,,,,,44544,3.0,3,,,,,,,,
,,,,,44547,3.0,3,,,,,,,,
,,,,,44552,5.0,5,,,,,,,,
,,,,,44555,3.0,3,,,,,,,,
,,,,,44559,4.0,4,,,,,,,,
,,,,,44566,7.0,7,,,,,,,,
,,,,,44571,5.0,5,,,,,,,,
,,,,,44575,4.0,4,,,,,,,,
,,,,,44582,7.0,7,,,,,,,,
,,,,,44592,10.0,10,,,,,,,,
,,,,,44599,7.0,7,,,,,,,,
,,,,,44604,5.0,5,,,,,,,,
,,,,,44607,3.0,3,,,,,,,,
,,,,,44614,7.0,7,,,,,,,,
,,,,,44619,5.0,5,,,,,,,,
,,,,,44628,9.0,9,,,,,,,,
,,,,,44638,10.0,10,,,,,,,,
,,,,,44641,3.0,3,,,,,,,,
,,,,,44649,8.0,8,,,,,,,,
,,,,,44653,4.0,4,,,,,,,,
,,,,,44659,6.0,6,,,,,,,,
,,,,,44663,4.0,4,,,,,,,,
,,,,,44666,3.0,3,,,,,,,,
,,,,,44675,9.0,9,,,,,,,,
,,,,,44680,5.0,5,,,,,,,,
,,,,,44694,14.0,14,,,,,,,,
,,,,,44699,5.0,5,,,,,,,,
,,,,,44704,5.0,5,,,,,,,,
,,,,,44708,4.0,4,,,,,,,,
,,,,,44717,9.0,9,,,,,,,,
,,,,,44721,4.0,4,,,,,,,,
,,,,,44724,3.0,3,,,,,,,,
,,,,,44728,4.0,4,,,,,,,,
,,,,,44733,5.0,5,,,,,,,,
,,,,,44745,12.0,12,,,,,,,,
,,,,,44752,7.0,7,,,,,,,,
,,,,,44761,9.0,9,,,,,,,,
,,,,,44767,6.0,6,,,,,,,,
,,,,,44771,4.0,4,,,,,,,,
,,,,,44774,3.0,3,,,,,,,,
,,,,,44778,4.0,4,,,,,,,,
,,,,,44782,4.0,4,,,,,,,,
,,,,,44788,6.0,6,,,,,,,,
,,,,,44795,7.0,7,,,,,,,,
,,,,,44798,3.0,3,,,,,,,,
,,,,,44803,5.0,5,,,,,,,,
,,,,,44806,3.0,3,,,,,,,,
,,,,,44809,3.0,3,,,,,,,,
,,,,,44813,4.0,4,,,,,,,,
,,,,,44818,5.0,5,,,,,,,,
,,,,,44822,4.0,4,,,,,,,,
,,,,,44827,5.0,5,,,,,,,,
,,,,,44833,6.0,6,,,,,,,,
,,,,,44837,4.0,4,,,,,,,,
,,,,,44841,4.0,4,,,,,,,,
,,,,,44844,3.0,3,,,,,,,,
,,,,,44848,4.0,4,,,,,,,,
,,,,,44854,6.0,6,,,,,,,,
,,,,,44859,5.0,5,,,,,,,,
,,,,,44872,13.0,13,,,,,,,,
,,,,,44877,5.0,5,,,,,,,,
,,,,,44880,3.0,3,,,,,,,,
,,,,,44883,3.0,3,,,,,,,,
,,,,,44894,11.0,11,,,,,,,,
,,,,,44903,9.0,9,,,,,,,,
,,,,,44907,4.0,4,,,,,,,,
,,,,,44913,6.0,6,,,,,,,,
,,,,,44918,5.0,5,,,,,,,,
,,,,,44937,19.0,19,,,,,,,,
,,,,,44941,4.0,4,,,,,,,,
,,,,,44947,6.0,6,,,,,,,,
,,,,,44952,5.0,5,,,,,,,,
,,,,,44955,3.0,3,,,,,,,,
,,,,,44962,7.0,7,,,,,,,,
,,,,,44966,4.0,4,,,,,,,,
,,,,,44977,11.0,11,,,,,,,,
,,,,,44981,4.0,4,,,,,,,,
,,,,,44984,3.0,3,,,,,,,,
,,,,,44989,5.0,5,,,,,,,,
,,,,,44996,7.0,7,,,,,,,,
5.6,2.6907248,11.0,3.0,5.6,45000,,,-0.0693233534693718,0.6932335495948792,2.0608177185058594,4.772341728210449,5.1634626388549805,0.0003,0.0003,0.1
,,,,,45002,6.0,6,,,,,,,,
,,,,,45007,5.0,5,,,,,,,,
,,,,,45013,6.0,6,,,,,,,,
,,,,,45019,6.0,6,,,,,,,,
,,,,,45032,13.0,13,,,,,,,,
,,,,,45037,5.0,5,,,,,,,,
,,,,,45042,5.0,5,,,,,,,,
,,,,,45057,15.0,15,,,,,,,,
,,,,,45061,4.0,4,,,,,,,,
,,,,,45065,4.0,4,,,,,,,,
,,,,,45075,10.0,10,,,,,,,,
,,,,,45081,6.0,6,,,,,,,,
,,,,,45084,3.0,3,,,,,,,,
,,,,,45092,8.0,8,,,,,,,,
,,,,,45096,4.0,4,,,,,,,,
,,,,,45099,3.0,3,,,,,,,,
,,,,,45109,10.0,10,,,,,,,,
,,,,,45120,11.0,11,,,,,,,,
,,,,,45123,3.0,3,,,,,,,,
,,,,,45126,3.0,3,,,,,,,,
,,,,,45129,3.0,3,,,,,,,,
,,,,,45140,11.0,11,,,,,,,,
,,,,,45143,3.0,3,,,,,,,,
,,,,,45151,8.0,8,,,,,,,,
,,,,,45160,9.0,9,,,,,,,,
,,,,,45168,8.0,8,,,,,,,,
,,,,,45172,4.0,4,,,,,,,,
,,,,,45175,3.0,3,,,,,,,,
,,,,,45178,3.0,3,,,,,,,,
,,,,,45181,3.0,3,,,,,,,,
,,,,,45186,5.0,5,,,,,,,,
,,,,,45189,3.0,3,,,,,,,,
,,,,,45193,4.0,4,,,,,,,,
,,,,,45200,7.0,7,,,,,,,,
,,,,,45206,6.0,6,,,,,,,,
,,,,,45222,16.0,16,,,,,,,,
,,,,,45229,7.0,7,,,,,,,,
,,,,,45233,4.0,4,,,,,,,,
,,,,,45236,3.0,3,,,,,,,,
,,,,,45242,6.0,6,,,,,,,,
,,,,,45251,9.0,9,,,,,,,,
,,,,,45254,3.0,3,,,,,,,,
,,,,,45257,3.0,3,,,,,,,,
,,,,,45261,4.0,4,,,,,,,,
,,,,,45266,5.0,5,,,,,,,,
,,,,,45272,6.0,6,,,,,,,,
,,,,,45276,4.0,4,,,,,,,,
,,,,,45280,4.0,4,,,,,,,,
,,,,,45283,3.0,3,,,,,,,,
,,,,,45287,4.0,4,,,,,,,,
,,,,,45297,10.0,10,,,,,,,,
,,,,,45304,7.0,7,,,,,,,,
,,,,,45307,3.0,3,,,,,,,,
,,,,,45313,6.0,6,,,,,,,,
,,,,,45317,4.0,4,,,,,,,,
,,,,,45320,3.0,3,,,,,,,,
,,,,,45323,3.0,3,,,,,,,,
,,,,,45327,4.0,4,,,,,,,,
,,,,,45331,4.0,4,,,,,,,,
,,,,,45334,3.0,3,,,,,,,,
,,,,,45338,4.0,4,,,,,,,,
,,,,,45344,6.0,6,,,,,,,,
,,,,,45350,6.0,6,,,,,,,,
,,,,,45353,3.0,3,,,,,,,,
,,,,,45356,3.0,3,,,,,,,,
,,,,,45361,5.0,5,,,,,,,,
,,,,,45364,3.0,3,,,,,,,,
,,,,,45369,5.0,5,,,,,,,,
,,,,,45376,7.0,7,,,,,,,,
,,,,,45387,11.0,11,,,,,,,,
,,,,,45391,4.0,4,,,,,,,,
,,,,,45396,5.0,5,,,,,,,,
,,,,,45401,5.0,5,,,,,,,,
,,,,,45405,4.0,4,,,,,,,,
,,,,,45408,3.0,3,,,,,,,,
,,,,,45413,5.0,5,,,,,,,,
,,,,,45416,3.0,3,,,,,,,,
,,,,,45426,10.0,10,,,,,,,,
,,,,,45438,12.0,12,,,,,,,,
,,,,,45441,3.0,3,,,,,,,,
,,,,,45445,4.0,4,,,,,,,,
,,,,,45449,4.0,4,,,,,,,,
,,,,,45454,5.0,5,,,,,,,,
,,,,,45457,3.0,3,,,,,,,,
,,,,,45460,3.0,3,,,,,,,,
,,,,,45466,6.0,6,,,,,,,,
,,,,,45477,11.0,11,,,,,,,,
,,,,,45480,3.0,3,,,,,,,,
,,,,,45497,17.0,17,,,,,,,,
,,,,,45501,4.0,4,,,,,,,,
,,,,,45509,8.0,8,,,,,,,,
,,,,,45514,5.0,5,,,,,,,,
,,,,,45522,8.0,8,,,,,,,,
,,,,,45526,4.0,4,,,,,,,,
,,,,,45529,3.0,3,,,,,,,,
,,,,,45532,3.0,3,,,,,,,,
,,,,,45538,6.0,6,,,,,,,,
,,,,,45546,8.0,8,,,,,,,,
,,,,,45549,3.0,3,,,,,,,,
,,,,,45555,6.0,6,,,,,,,,
,,,,,45558,3.0,3,,,,,,,,
,,,,,45564,6.0,6,,,,,,,,
,,,,,45570,6.0,6,,,,,,,,
,,,,,45578,8.0,8,,,,,,,,
,,,,,45581,3.0,3,,,,,,,,
,,,,,45589,8.0,8,,,,,,,,
,,,,,45593,4.0,4,,,,,,,,
,,,,,45597,4.0,4,,,,,,,,
,,,,,45600,3.0,3,,,,,,,,
,,,,,45610,10.0,10,,,,,,,,
,,,,,45618,8.0,8,,,,,,,,
,,,,,45623,5.0,5,,,,,,,,
,,,,,45627,4.0,4,,,,,,,,
,,,,,45635,8.0,8,,,,,,,,
,,,,,45639,4.0,4,,,,,,,,
,,,,,45643,4.0,4,,,,,,,,
,,,,,45646,3.0,3,,,,,,,,
,,,,,45649,3.0,3,,,,,,,,
,,,,,45653,4.0,4,,,,,,,,
,,,,,45663,10.0,10,,,,,,,,
,,,,,45668,5.0,5,,,,,,,,
,,,,,45675,7.0,7,,,,,,,,
,,,,,45678,3.0,3,,,,,,,,
,,,,,45683,5.0,5,,,,,,,,
,,,,,45691,8.0,8,,,,,,,,
,,,,,45695,4.0,4,,,,,,,,
,,,,,45708,13.0,13,,,,,,,,
,,,,,45711,3.0,3,,,,,,,,
,,,,,45727,16.0,16,,,,,,,,
,,,,,45730,3.0,3,,,,,,,,
,,,,,45733,3.0,3,,,,,,,,
,,,,,45740,7.0,7,,,,,,,,
,,,,,45747,7.0,7,,,,,,,,
,,,,,45754,7.0,7,,,,,,,,
,,,,,45760,6.0,6,,,,,,,,
,,,,,45763,3.0,3,,,,,,,,
,,,,,45766,3.0,3,,,,,,,,
,,,,,45775,9.0,9,,,,,,,,
,,,,,45781,6.0,6,,,,,,,,
,,,,,45785,4.0,4,,,,,,,,
,,,,,45788,3.0,3,,,,,,,,
,,,,,45792,4.0,4,,,,,,,,
,,,,,45798,6.0,6,,,,,,,,
,,,,,45801,3.0,3,,,,,,,,
,,,,,45810,9.0,9,,,,,,,,
,,,,,45815,5.0,5,,,,,,,,
,,,,,45825,10.0,10,,,,,,,,
,,,,,45832,7.0,7,,,,,,,,
,,,,,45836,4.0,4,,,,,,,,
,,,,,45840,4.0,4,,,,,,,,
,,,,,45844,4.0,4,,,,,,,,
,,,,,45847,3.0,3,,,,,,,,
,,,,,45850,3.0,3,,,,,,,,
,,,,,45853,3.0,3,,,,,,,,
,,,,,45857,4.0,4,,,,,,,,
,,,,,45865,8.0,8,,,,,,,,
,,,,,45871,6.0,6,,,,,,,,
,,,,,45874,3.0,3,,,,,,,,
,,,,,45877,3.0,3,,,,,,,,
,,,,,45881,4.0,4,,,,,,,,
,,,,,45885,4.0,4,,,,,,,,
,,,,,45890,5.0,5,,,,,,,,
,,,,,45895,5.0,5,,,,,,,,
,,,,,45899,4.0,4,,,,,,,,
,,,,,45907,8.0,8,,,,,,,,
,,,,,45912,5.0,5,,,,,,,,
,,,,,45923,11.0,11,,,,,,,,
,,,,,45927,4.0,4,,,,,,,,
,,,,,45935,8.0,8,,,,,,,,
,,,,,45943,8.0,8,,,,,,,,
,,,,,45946,3.0,3,,,,,,,,
,,,,,45950,4.0,4,,,,,,,,
,,,,,45954,4.0,4,,,,,,,,
,,,,,45959,5.0,5,,,,,,,,
,,,,,45962,3.0,3,,,,,,,,
,,,,,45975,13.0,13,,,,,,,,
,,,,,45979,4.0,4,,,,,,,,
,,,,,45983,4.0,4,,,,,,,,
,,,,,45989,6.0,6,,,,,,,,
,,,,,45992,3.0,3,,,,,,,,
,,,,,45998,6.0,6,,,,,,,,
,,,,,46000,,,-0.06694366782903671,0.6694366931915283,1.8361918926239014,4.831003189086914,4.691921710968018,0.0003,0.0003,0.1
,,,,,46005,7.0,7,,,,,,,,
,,,,,46012,7.0,7,,,,,,,,
,,,,,46016,4.0,4,,,,,,,,
,,,,,46021,5.0,5,,,,,,,,
,,,,,46026,5.0,5,,,,,,,,
,,,,,46030,4.0,4,,,,,,,,
,,,,,46036,6.0,6,,,,,,,,
,,,,,46044,8.0,8,,,,,,,,
,,,,,46051,7.0,7,,,,,,,,
,,,,,46054,3.0,3,,,,,,,,
,,,,,46057,3.0,3,,,,,,,,
,,,,,46076,19.0,19,,,,,,,,
,,,,,46083,7.0,7,,,,,,,,
,,,,,46088,5.0,5,,,,,,,,
,,,,,46094,6.0,6,,,,,,,,
,,,,,46097,3.0,3,,,,,,,,
,,,,,46105,8.0,8,,,,,,,,
,,,,,46111,6.0,6,,,,,,,,
,,,,,46118,7.0,7,,,,,,,,
,,,,,46133,15.0,15,,,,,,,,
,,,,,46137,4.0,4,,,,,,,,
,,,,,46147,10.0,10,,,,,,,,
,,,,,46158,11.0,11,,,,,,,,
,,,,,46165,7.0,7,,,,,,,,
,,,,,46169,4.0,4,,,,,,,,
,,,,,46173,4.0,4,,,,,,,,
,,,,,46176,3.0,3,,,,,,,,
,,,,,46187,11.0,11,,,,,,,,
,,,,,46191,4.0,4,,,,,,,,
,,,,,46195,4.0,4,,,,,,,,
,,,,,46200,5.0,5,,,,,,,,
,,,,,46217,17.0,17,,,,,,,,
,,,,,46220,3.0,3,,,,,,,,
,,,,,46229,9.0,9,,,,,,,,
,,,,,46232,3.0,3,,,,,,,,
,,,,,46237,5.0,5,,,,,,,,
,,,,,46244,7.0,7,,,,,,,,
,,,,,46252,8.0,8,,,,,,,,
,,,,,46257,5.0,5,,,,,,,,
,,,,,46263,6.0,6,,,,,,,,
,,,,,46271,8.0,8,,,,,,,,
,,,,,46276,5.0,5,,,,,,,,
,,,,,46281,5.0,5,,,,,,,,
,,,,,46289,8.0,8,,,,,,,,
,,,,,46296,7.0,7,,,,,,,,
,,,,,46304,8.0,8,,,,,,,,
,,,,,46307,3.0,3,,,,,,,,
,,,,,46317,10.0,10,,,,,,,,
,,,,,46328,11.0,11,,,,,,,,
,,,,,46336,8.0,8,,,,,,,,
,,,,,46340,4.0,4,,,,,,,,
,,,,,46345,5.0,5,,,,,,,,
,,,,,46356,11.0,11,,,,,,,,
,,,,,46365,9.0,9,,,,,,,,
,,,,,46371,6.0,6,,,,,,,,
,,,,,46381,10.0,10,,,,,,,,
,,,,,46388,7.0,7,,,,,,,,
,,,,,46391,3.0,3,,,,,,,,
,,,,,46399,8.0,8,,,,,,,,
,,,,,46403,4.0,4,,,,,,,,
,,,,,46415,12.0,12,,,,,,,,
,,,,,46419,4.0,4,,,,,,,,
,,,,,46423,4.0,4,,,,,,,,
,,,,,46428,5.0,5,,,,,,,,
,,,,,46437,9.0,9,,,,,,,,
,,,,,46440,3.0,3,,,,,,,,
,,,,,46451,11.0,11,,,,,,,,
,,,,,46466,15.0,15,,,,,,,,
,,,,,46476,10.0,10,,,,,,,,
,,,,,46480,4.0,4,,,,,,,,
,,,,,46491,11.0,11,,,,,,,,
,,,,,46501,10.0,10,,,,,,,,
,,,,,46508,7.0,7,,,,,,,,
,,,,,46518,10.0,10,,,,,,,,
,,,,,46524,6.0,6,,,,,,,,
,,,,,46533,9.0,9,,,,,,,,
,,,,,46537,4.0,4,,,,,,,,
,,,,,46542,5.0,5,,,,,,,,
,,,,,46547,5.0,5,,,,,,,,
,,,,,46550,3.0,3,,,,,,,,
,,,,,46553,3.0,3,,,,,,,,
,,,,,46559,6.0,6,,,,,,,,
,,,,,46564,5.0,5,,,,,,,,
,,,,,46568,4.0,4,,,,,,,,
,,,,,46575,7.0,7,,,,,,,,
,,,,,46578,3.0,3,,,,,,,,
,,,,,46584,6.0,6,,,,,,,,
,,,,,46589,5.0,5,,,,,,,,
,,,,,46595,6.0,6,,,,,,,,
,,,,,46598,3.0,3,,,,,,,,
,,,,,46606,8.0,8,,,,,,,,
,,,,,46609,3.0,3,,,,,,,,
,,,,,46615,6.0,6,,,,,,,,
,,,,,46620,5.0,5,,,,,,,,
,,,,,46624,4.0,4,,,,,,,,
,,,,,46630,6.0,6,,,,,,,,
,,,,,46637,7.0,7,,,,,,,,
,,,,,46640,3.0,3,,,,,,,,
,,,,,46644,4.0,4,,,,,,,,
,,,,,46648,4.0,4,,,,,,,,
,,,,,46662,14.0,14,,,,,,,,
,,,,,46666,4.0,4,,,,,,,,
,,,,,46673,7.0,7,,,,,,,,
,,,,,46679,6.0,6,,,,,,,,
,,,,,46690,11.0,11,,,,,,,,
,,,,,46694,4.0,4,,,,,,,,
,,,,,46700,6.0,6,,,,,,,,
,,,,,46703,3.0,3,,,,,,,,
,,,,,46707,4.0,4,,,,,,,,
,,,,,46713,6.0,6,,,,,,,,
,,,,,46720,7.0,7,,,,,,,,
,,,,,46723,3.0,3,,,,,,,,
,,,,,46728,5.0,5,,,,,,,,
,,,,,46733,5.0,5,,,,,,,,
,,,,,46737,4.0,4,,,,,,,,
,,,,,46744,7.0,7,,,,,,,,
,,,,,46747,3.0,3,,,,,,,,
,,,,,46755,8.0,8,,,,,,,,
,,,,,46758,3.0,3,,,,,,,,
,,,,,46764,6.0,6,,,,,,,,
,,,,,46781,17.0,17,,,,,,,,
,,,,,46786,5.0,5,,,,,,,,
,,,,,46790,4.0,4,,,,,,,,
,,,,,46799,9.0,9,,,,,,,,
,,,,,46803,4.0,4,,,,,,,,
,,,,,46813,10.0,10,,,,,,,,
,,,,,46816,3.0,3,,,,,,,,
,,,,,46819,3.0,3,,,,,,,,
,,,,,46824,5.0,5,,,,,,,,
,,,,,46833,9.0,9,,,,,,,,
,,,,,46836,3.0,3,,,,,,,,
,,,,,46839,3.0,3,,,,,,,,
,,,,,46842,3.0,3,,,,,,,,
,,,,,46846,4.0,4,,,,,,,,
,,,,,46850,4.0,4,,,,,,,,
,,,,,46855,5.0,5,,,,,,,,
,,,,,46866,11.0,11,,,,,,,,
,,,,,46870,4.0,4,,,,,,,,
,,,,,46873,3.0,3,,,,,,,,
,,,,,46879,6.0,6,,,,,,,,
,,,,,46884,5.0,5,,,,,,,,
,,,,,46903,19.0,19,,,,,,,,
,,,,,46909,6.0,6,,,,,,,,
,,,,,46912,3.0,3,,,,,,,,
,,,,,46920,8.0,8,,,,,,,,
,,,,,46932,12.0,12,,,,,,,,
,,,,,46942,10.0,10,,,,,,,,
,,,,,46945,3.0,3,,,,,,,,
,,,,,46948,3.0,3,,,,,,,,
,,,,,46952,4.0,4,,,,,,,,
,,,,,46957,5.0,5,,,,,,,,
,,,,,46962,5.0,5,,,,,,,,
,,,,,46966,4.0,4,,,,,,,,
,,,,,46969,3.0,3,,,,,,,,
,,,,,46972,3.0,3,,,,,,,,
,,,,,46977,5.0,5,,,,,,,,
,,,,,46982,5.0,5,,,,,,,,
,,,,,46991,9.0,9,,,,,,,,
,,,,,46999,8.0,8,,,,,,,,
,,,,,47000,,,-0.06818617880344391,0.6818617582321167,2.0969271659851074,4.5076704025268555,4.57735013961792,0.0003,0.0003,0.1
,,,,,47003,4.0,4,,,,,,,,
,,,,,47010,7.0,7,,,,,,,,
,,,,,47014,4.0,4,,,,,,,,
,,,,,47018,4.0,4,,,,,,,,
,,,,,47022,4.0,4,,,,,,,,
,,,,,47025,3.0,3,,,,,,,,
,,,,,47028,3.0,3,,,,,,,,
,,,,,47031,3.0,3,,,,,,,,
,,,,,47036,5.0,5,,,,,,,,
,,,,,47041,5.0,5,,,,,,,,
,,,,,47044,3.0,3,,,,,,,,
,,,,,47049,5.0,5,,,,,,,,
,,,,,47052,3.0,3,,,,,,,,
,,,,,47057,5.0,5,,,,,,,,
,,,,,47060,3.0,3,,,,,,,,
,,,,,47083,23.0,23,,,,,,,,
,,,,,47090,7.0,7,,,,,,,,
,,,,,47093,3.0,3,,,,,,,,
,,,,,47097,4.0,4,,,,,,,,
,,,,,47101,4.0,4,,,,,,,,
,,,,,47104,3.0,3,,,,,,,,
,,,,,47116,12.0,12,,,,,,,,
,,,,,47119,3.0,3,,,,,,,,
,,,,,47126,7.0,7,,,,,,,,
,,,,,47139,13.0,13,,,,,,,,
,,,,,47143,4.0,4,,,,,,,,
,,,,,47152,9.0,9,,,,,,,,
,,,,,47155,3.0,3,,,,,,,,
,,,,,47158,3.0,3,,,,,,,,
,,,,,47170,12.0,12,,,,,,,,
,,,,,47174,4.0,4,,,,,,,,
,,,,,47178,4.0,4,,,,,,,,
,,,,,47188,10.0,10,,,,,,,,
,,,,,47196,8.0,8,,,,,,,,
,,,,,47200,4.0,4,,,,,,,,
,,,,,47206,6.0,6,,,,,,,,
,,,,,47211,5.0,5,,,,,,,,
,,,,,47216,5.0,5,,,,,,,,
,,,,,47227,11.0,11,,,,,,,,
,,,,,47231,4.0,4,,,,,,,,
,,,,,47235,4.0,4,,,,,,,,
,,,,,47239,4.0,4,,,,,,,,
,,,,,47245,6.0,6,,,,,,,,
,,,,,47257,12.0,12,,,,,,,,
,,,,,47261,4.0,4,,,,,,,,
,,,,,47265,4.0,4,,,,,,,,
,,,,,47274,9.0,9,,,,,,,,
,,,,,47277,3.0,3,,,,,,,,
,,,,,47283,6.0,6,,,,,,,,
,,,,,47288,5.0,5,,,,,,,,
,,,,,47296,8.0,8,,,,,,,,
,,,,,47307,11.0,11,,,,,,,,
,,,,,47311,4.0,4,,,,,,,,
,,,,,47314,3.0,3,,,,,,,,
,,,,,47317,3.0,3,,,,,,,,
,,,,,47320,3.0,3,,,,,,,,
,,,,,47330,10.0,10,,,,,,,,
,,,,,47336,6.0,6,,,,,,,,
,,,,,47339,3.0,3,,,,,,,,
,,,,,47343,4.0,4,,,,,,,,
,,,,,47346,3.0,3,,,,,,,,
,,,,,47358,12.0,12,,,,,,,,
,,,,,47361,3.0,3,,,,,,,,
,,,,,47366,5.0,5,,,,,,,,
,,,,,47371,5.0,5,,,,,,,,
,,,,,47375,4.0,4,,,,,,,,
,,,,,47378,3.0,3,,,,,,,,
,,,,,47382,4.0,4,,,,,,,,
,,,,,47386,4.0,4,,,,,,,,
,,,,,47395,9.0,9,,,,,,,,
,,,,,47402,7.0,7,,,,,,,,
,,,,,47418,16.0,16,,,,,,,,
,,,,,47423,5.0,5,,,,,,,,
,,,,,47428,5.0,5,,,,,,,,
,,,,,47445,17.0,17,,,,,,,,
,,,,,47448,3.0,3,,,,,,,,
,,,,,47456,8.0,8,,,,,,,,
,,,,,47460,4.0,4,,,,,,,,
,,,,,47467,7.0,7,,,,,,,,
,,,,,47478,11.0,11,,,,,,,,
,,,,,47491,13.0,13,,,,,,,,
,,,,,47497,6.0,6,,,,,,,,
,,,,,47504,7.0,7,,,,,,,,
,,,,,47511,7.0,7,,,,,,,,
,,,,,47518,7.0,7,,,,,,,,
,,,,,47540,22.0,22,,,,,,,,
,,,,,47543,3.0,3,,,,,,,,
,,,,,47548,5.0,5,,,,,,,,
,,,,,47552,4.0,4,,,,,,,,
,,,,,47557,5.0,5,,,,,,,,
,,,,,47562,5.0,5,,,,,,,,
,,,,,47566,4.0,4,,,,,,,,
,,,,,47570,4.0,4,,,,,,,,
,,,,,47574,4.0,4,,,,,,,,
,,,,,47578,4.0,4,,,,,,,,
,,,,,47581,3.0,3,,,,,,,,
,,,,,47584,3.0,3,,,,,,,,
,,,,,47589,5.0,5,,,,,,,,
,,,,,47593,4.0,4,,,,,,,,
,,,,,47598,5.0,5,,,,,,,,
,,,,,47602,4.0,4,,,,,,,,
,,,,,47615,13.0,13,,,,,,,,
,,,,,47619,4.0,4,,,,,,,,
,,,,,47624,5.0,5,,,,,,,,
,,,,,47632,8.0,8,,,,,,,,
,,,,,47635,3.0,3,,,,,,,,
,,,,,47638,3.0,3,,,,,,,,
,,,,,47644,6.0,6,,,,,,,,
,,,,,47650,6.0,6,,,,,,,,
,,,,,47655,5.0,5,,,,,,,,
,,,,,47660,5.0,5,,,,,,,,
,,,,,47668,8.0,8,,,,,,,,
,,,,,47672,4.0,4,,,,,,,,
,,,,,47683,11.0,11,,,,,,,,
,,,,,47686,3.0,3,,,,,,,,
,,,,,47689,3.0,3,,,,,,,,
,,,,,47696,7.0,7,,,,,,,,
,,,,,47700,4.0,4,,,,,,,,
,,,,,47710,10.0,10,,,,,,,,
,,,,,47720,10.0,10,,,,,,,,
,,,,,47725,5.0,5,,,,,,,,
,,,,,47728,3.0,3,,,,,,,,
,,,,,47731,3.0,3,,,,,,,,
,,,,,47735,4.0,4,,,,,,,,
,,,,,47744,9.0,9,,,,,,,,
,,,,,47750,6.0,6,,,,,,,,
,,,,,47756,6.0,6,,,,,,,,
,,,,,47759,3.0,3,,,,,,,,
,,,,,47768,9.0,9,,,,,,,,
,,,,,47774,6.0,6,,,,,,,,
,,,,,47781,7.0,7,,,,,,,,
,,,,,47784,3.0,3,,,,,,,,
,,,,,47788,4.0,4,,,,,,,,
,,,,,47799,11.0,11,,,,,,,,
,,,,,47803,4.0,4,,,,,,,,
,,,,,47807,4.0,4,,,,,,,,
,,,,,47812,5.0,5,,,,,,,,
,,,,,47817,5.0,5,,,,,,,,
,,,,,47821,4.0,4,,,,,,,,
,,,,,47836,15.0,15,,,,,,,,
,,,,,47839,3.0,3,,,,,,,,
,,,,,47842,3.0,3,,,,,,,,
,,,,,47848,6.0,6,,,,,,,,
,,,,,47858,10.0,10,,,,,,,,
,,,,,47866,8.0,8,,,,,,,,
,,,,,47880,14.0,14,,,,,,,,
,,,,,47883,3.0,3,,,,,,,,
,,,,,47889,6.0,6,,,,,,,,
,,,,,47893,4.0,4,,,,,,,,
,,,,,47896,3.0,3,,,,,,,,
,,,,,47900,4.0,4,,,,,,,,
,,,,,47904,4.0,4,,,,,,,,
,,,,,47909,5.0,5,,,,,,,,
,,,,,47915,6.0,6,,,,,,,,
,,,,,47919,4.0,4,,,,,,,,
,,,,,47924,5.0,5,,,,,,,,
,,,,,47927,3.0,3,,,,,,,,
,,,,,47933,6.0,6,,,,,,,,
,,,,,47938,5.0,5,,,,,,,,
,,,,,47942,4.0,4,,,,,,,,
,,,,,47945,3.0,3,,,,,,,,
,,,,,47949,4.0,4,,,,,,,,
,,,,,47954,5.0,5,,,,,,,,
,,,,,47957,3.0,3,,,,,,,,
,,,,,47963,6.0,6,,,,,,,,
,,,,,47969,6.0,6,,,,,,,,
,,,,,47978,9.0,9,,,,,,,,
,,,,,47986,8.0,8,,,,,,,,
,,,,,47990,4.0,4,,,,,,,,
,,,,,47999,9.0,9,,,,,,,,
,,,,,48000,,,-0.06927088648080826,0.6927088499069214,1.5362131595611572,4.5345635414123535,4.699591636657715,0.0003,0.0003,0.1
,,,,,48004,5.0,5,,,,,,,,
,,,,,48010,6.0,6,,,,,,,,
,,,,,48013,3.0,3,,,,,,,,
,,,,,48023,10.0,10,,,,,,,,
,,,,,48027,4.0,4,,,,,,,,
,,,,,48039,12.0,12,,,,,,,,
,,,,,48047,8.0,8,,,,,,,,
,,,,,48054,7.0,7,,,,,,,,
,,,,,48060,6.0,6,,,,,,,,
,,,,,48065,5.0,5,,,,,,,,
,,,,,48076,11.0,11,,,,,,,,
,,,,,48082,6.0,6,,,,,,,,
,,,,,48086,4.0,4,,,,,,,,
,,,,,48099,13.0,13,,,,,,,,
,,,,,48103,4.0,4,,,,,,,,
,,,,,48112,9.0,9,,,,,,,,
,,,,,48118,6.0,6,,,,,,,,
,,,,,48128,10.0,10,,,,,,,,
,,,,,48137,9.0,9,,,,,,,,
,,,,,48141,4.0,4,,,,,,,,
,,,,,48144,3.0,3,,,,,,,,
,,,,,48153,9.0,9,,,,,,,,
,,,,,48161,8.0,8,,,,,,,,
,,,,,48165,4.0,4,,,,,,,,
,,,,,48174,9.0,9,,,,,,,,
,,,,,48178,4.0,4,,,,,,,,
,,,,,48185,7.0,7,,,,,,,,
,,,,,48190,5.0,5,,,,,,,,
,,,,,48193,3.0,3,,,,,,,,
,,,,,48197,4.0,4,,,,,,,,
,,,,,48202,5.0,5,,,,,,,,
,,,,,48207,5.0,5,,,,,,,,
,,,,,48214,7.0,7,,,,,,,,
,,,,,48220,6.0,6,,,,,,,,
,,,,,48232,12.0,12,,,,,,,,
,,,,,48235,3.0,3,,,,,,,,
,,,,,48240,5.0,5,,,,,,,,
,,,,,48244,4.0,4,,,,,,,,
,,,,,48248,4.0,4,,,,,,,,
,,,,,48253,5.0,5,,,,,,,,
,,,,,48268,15.0,15,,,,,,,,
,,,,,48271,3.0,3,,,,,,,,
,,,,,48276,5.0,5,,,,,,,,
,,,,,48296,20.0,20,,,,,,,,
,,,,,48302,6.0,6,,,,,,,,
,,,,,48308,6.0,6,,,,,,,,
,,,,,48321,13.0,13,,,,,,,,
,,,,,48328,7.0,7,,,,,,,,
,,,,,48334,6.0,6,,,,,,,,
,,,,,48344,10.0,10,,,,,,,,
,,,,,48347,3.0,3,,,,,,,,
,,,,,48351,4.0,4,,,,,,,,
,,,,,48359,8.0,8,,,,,,,,
,,,,,48363,4.0,4,,,,,,,,
,,,,,48366,3.0,3,,,,,,,,
,,,,,48382,16.0,16,,,,,,,,
,,,,,48386,4.0,4,,,,,,,,
,,,,,48392,6.0,6,,,,,,,,
,,,,,48395,3.0,3,,,,,,,,
,,,,,48408,13.0,13,,,,,,,,
,,,,,48411,3.0,3,,,,,,,,
,,,,,48421,10.0,10,,,,,,,,
,,,,,48432,11.0,11,,,,,,,,
,,,,,48435,3.0,3,,,,,,,,
,,,,,48439,4.0,4,,,,,,,,
,,,,,48444,5.0,5,,,,,,,,
,,,,,48451,7.0,7,,,,,,,,
,,,,,48459,8.0,8,,,,,,,,
,,,,,48468,9.0,9,,,,,,,,
,,,,,48472,4.0,4,,,,,,,,
,,,,,48483,11.0,11,,,,,,,,
,,,,,48491,8.0,8,,,,,,,,
,,,,,48499,8.0,8,,,,,,,,
,,,,,48503,4.0,4,,,,,,,,
,,,,,48506,3.0,3,,,,,,,,
,,,,,48509,3.0,3,,,,,,,,
,,,,,48512,3.0,3,,,,,,,,
,,,,,48520,8.0,8,,,,,,,,
,,,,,48525,5.0,5,,,,,,,,
,,,,,48529,4.0,4,,,,,,,,
,,,,,48546,17.0,17,,,,,,,,
,,,,,48550,4.0,4,,,,,,,,
,,,,,48563,13.0,13,,,,,,,,
,,,,,48570,7.0,7,,,,,,,,
,,,,,48583,13.0,13,,,,,,,,
,,,,,48587,4.0,4,,,,,,,,
,,,,,48594,7.0,7,,,,,,,,
,,,,,48597,3.0,3,,,,,,,,
,,,,,48600,3.0,3,,,,,,,,
,,,,,48604,4.0,4,,,,,,,,
,,,,,48608,4.0,4,,,,,,,,
,,,,,48615,7.0,7,,,,,,,,
,,,,,48620,5.0,5,,,,,,,,
,,,,,48623,3.0,3,,,,,,,,
,,,,,48629,6.0,6,,,,,,,,
,,,,,48633,4.0,4,,,,,,,,
,,,,,48636,3.0,3,,,,,,,,
,,,,,48644,8.0,8,,,,,,,,
,,,,,48650,6.0,6,,,,,,,,
,,,,,48653,3.0,3,,,,,,,,
,,,,,48666,13.0,13,,,,,,,,
,,,,,48670,4.0,4,,,,,,,,
,,,,,48674,4.0,4,,,,,,,,
,,,,,48677,3.0,3,,,,,,,,
,,,,,48681,4.0,4,,,,,,,,
,,,,,48685,4.0,4,,,,,,,,
,,,,,48693,8.0,8,,,,,,,,
,,,,,48701,8.0,8,,,,,,,,
,,,,,48706,5.0,5,,,,,,,,
,,,,,48721,15.0,15,,,,,,,,
,,,,,48724,3.0,3,,,,,,,,
,,,,,48727,3.0,3,,,,,,,,
,,,,,48731,4.0,4,,,,,,,,
,,,,,48735,4.0,4,,,,,,,,
,,,,,48738,3.0,3,,,,,,,,
,,,,,48749,11.0,11,,,,,,,,
,,,,,48753,4.0,4,,,,,,,,
,,,,,48757,4.0,4,,,,,,,,
,,,,,48762,5.0,5,,,,,,,,
,,,,,48768,6.0,6,,,,,,,,
,,,,,48772,4.0,4,,,,,,,,
,,,,,48776,4.0,4,,,,,,,,
,,,,,48796,20.0,20,,,,,,,,
,,,,,48821,25.0,25,,,,,,,,
,,,,,48825,4.0,4,,,,,,,,
,,,,,48833,8.0,8,,,,,,,,
,,,,,48837,4.0,4,,,,,,,,
,,,,,48842,5.0,5,,,,,,,,
,,,,,48845,3.0,3,,,,,,,,
,,,,,48853,8.0,8,,,,,,,,
,,,,,48856,3.0,3,,,,,,,,
,,,,,48859,3.0,3,,,,,,,,
,,,,,48862,3.0,3,,,,,,,,
,,,,,48866,4.0,4,,,,,,,,
,,,,,48871,5.0,5,,,,,,,,
,,,,,48878,7.0,7,,,,,,,,
,,,,,48889,11.0,11,,,,,,,,
,,,,,48893,4.0,4,,,,,,,,
,,,,,48899,6.0,6,,,,,,,,
,,,,,48903,4.0,4,,,,,,,,
,,,,,48909,6.0,6,,,,,,,,
,,,,,48913,4.0,4,,,,,,,,
,,,,,48919,6.0,6,,,,,,,,
,,,,,48924,5.0,5,,,,,,,,
,,,,,48934,10.0,10,,,,,,,,
,,,,,48937,3.0,3,,,,,,,,
,,,,,48941,4.0,4,,,,,,,,
,,,,,48946,5.0,5,,,,,,,,
,,,,,48951,5.0,5,,,,,,,,
,,,,,48956,5.0,5,,,,,,,,
,,,,,48959,3.0,3,,,,,,,,
,,,,,48964,5.0,5,,,,,,,,
,,,,,48968,4.0,4,,,,,,,,
,,,,,48974,6.0,6,,,,,,,,
,,,,,48981,7.0,7,,,,,,,,
,,,,,48989,8.0,8,,,,,,,,
,,,,,48993,4.0,4,,,,,,,,
,,,,,48996,3.0,3,,,,,,,,
,,,,,49000,,,-0.06807618588209152,0.6807618141174316,1.9890830516815186,4.722931861877441,4.774208068847656,0.0003,0.0003,0.1
,,,,,49005,9.0,9,,,,,,,,
,,,,,49009,4.0,4,,,,,,,,
,,,,,49013,4.0,4,,,,,,,,
,,,,,49018,5.0,5,,,,,,,,
,,,,,49023,5.0,5,,,,,,,,
,,,,,49031,8.0,8,,,,,,,,
,,,,,49035,4.0,4,,,,,,,,
,,,,,49043,8.0,8,,,,,,,,
,,,,,49047,4.0,4,,,,,,,,
,,,,,49052,5.0,5,,,,,,,,
,,,,,49057,5.0,5,,,,,,,,
,,,,,49061,4.0,4,,,,,,,,
,,,,,49068,7.0,7,,,,,,,,
,,,,,49072,4.0,4,,,,,,,,
,,,,,49079,7.0,7,,,,,,,,
,,,,,49105,26.0,26,,,,,,,,
,,,,,49112,7.0,7,,,,,,,,
,,,,,49119,7.0,7,,,,,,,,
,,,,,49122,3.0,3,,,,,,,,
,,,,,49128,6.0,6,,,,,,,,
,,,,,49137,9.0,9,,,,,,,,
,,,,,49142,5.0,5,,,,,,,,
,,,,,49145,3.0,3,,,,,,,,
,,,,,49148,3.0,3,,,,,,,,
,,,,,49154,6.0,6,,,,,,,,
,,,,,49166,12.0,12,,,,,,,,
,,,,,49169,3.0,3,,,,,,,,
,,,,,49176,7.0,7,,,,,,,,
,,,,,49179,3.0,3,,,,,,,,
,,,,,49182,3.0,3,,,,,,,,
,,,,,49186,4.0,4,,,,,,,,
,,,,,49189,3.0,3,,,,,,,,
,,,,,49197,8.0,8,,,,,,,,
,,,,,49201,4.0,4,,,,,,,,
,,,,,49214,13.0,13,,,,,,,,
,,,,,49217,3.0,3,,,,,,,,
,,,,,49226,9.0,9,,,,,,,,
,,,,,49234,8.0,8,,,,,,,,
,,,,,49238,4.0,4,,,,,,,,
,,,,,49243,5.0,5,,,,,,,,
,,,,,49247,4.0,4,,,,,,,,
,,,,,49253,6.0,6,,,,,,,,
,,,,,49259,6.0,6,,,,,,,,
,,,,,49264,5.0,5,,,,,,,,
,,,,,49272,8.0,8,,,,,,,,
,,,,,49276,4.0,4,,,,,,,,
,,,,,49281,5.0,5,,,,,,,,
,,,,,49286,5.0,5,,,,,,,,
,,,,,49295,9.0,9,,,,,,,,
,,,,,49298,3.0,3,,,,,,,,
,,,,,49306,8.0,8,,,,,,,,
,,,,,49310,4.0,4,,,,,,,,
,,,,,49314,4.0,4,,,,,,,,
,,,,,49324,10.0,10,,,,,,,,
,,,,,49336,12.0,12,,,,,,,,
,,,,,49348,12.0,12,,,,,,,,
,,,,,49351,3.0,3,,,,,,,,
,,,,,49355,4.0,4,,,,,,,,
,,,,,49359,4.0,4,,,,,,,,
,,,,,49368,9.0,9,,,,,,,,
,,,,,49372,4.0,4,,,,,,,,
,,,,,49377,5.0,5,,,,,,,,
,,,,,49385,8.0,8,,,,,,,,
,,,,,49390,5.0,5,,,,,,,,
,,,,,49400,10.0,10,,,,,,,,
,,,,,49410,10.0,10,,,,,,,,
,,,,,49413,3.0,3,,,,,,,,
,,,,,49427,14.0,14,,,,,,,,
,,,,,49430,3.0,3,,,,,,,,
,,,,,49433,3.0,3,,,,,,,,
,,,,,49436,3.0,3,,,,,,,,
,,,,,49440,4.0,4,,,,,,,,
,,,,,49447,7.0,7,,,,,,,,
,,,,,49450,3.0,3,,,,,,,,
,,,,,49456,6.0,6,,,,,,,,
,,,,,49461,5.0,5,,,,,,,,
,,,,,49472,11.0,11,,,,,,,,
,,,,,49476,4.0,4,,,,,,,,
,,,,,49481,5.0,5,,,,,,,,
,,,,,49493,12.0,12,,,,,,,,
,,,,,49496,3.0,3,,,,,,,,
,,,,,49513,17.0,17,,,,,,,,
,,,,,49516,3.0,3,,,,,,,,
,,,,,49521,5.0,5,,,,,,,,
,,,,,49527,6.0,6,,,,,,,,
,,,,,49534,7.0,7,,,,,,,,
,,,,,49538,4.0,4,,,,,,,,
,,,,,49542,4.0,4,,,,,,,,
,,,,,49551,9.0,9,,,,,,,,
,,,,,49556,5.0,5,,,,,,,,
,,,,,49560,4.0,4,,,,,,,,
,,,,,49563,3.0,3,,,,,,,,
,,,,,49574,11.0,11,,,,,,,,
,,,,,49578,4.0,4,,,,,,,,
,,,,,49581,3.0,3,,,,,,,,
,,,,,49584,3.0,3,,,,,,,,
,,,,,49596,12.0,12,,,,,,,,
,,,,,49609,13.0,13,,,,,,,,
,,,,,49614,5.0,5,,,,,,,,
,,,,,49623,9.0,9,,,,,,,,
,,,,,49632,9.0,9,,,,,,,,
,,,,,49636,4.0,4,,,,,,,,
,,,,,49639,3.0,3,,,,,,,,
,,,,,49647,8.0,8,,,,,,,,
,,,,,49652,5.0,5,,,,,,,,
,,,,,49655,3.0,3,,,,,,,,
,,,,,49659,4.0,4,,,,,,,,
,,,,,49663,4.0,4,,,,,,,,
,,,,,49675,12.0,12,,,,,,,,
,,,,,49682,7.0,7,,,,,,,,
,,,,,49686,4.0,4,,,,,,,,
,,,,,49693,7.0,7,,,,,,,,
,,,,,49698,5.0,5,,,,,,,,
,,,,,49707,9.0,9,,,,,,,,
,,,,,49710,3.0,3,,,,,,,,
,,,,,49714,4.0,4,,,,,,,,
,,,,,49719,5.0,5,,,,,,,,
,,,,,49726,7.0,7,,,,,,,,
,,,,,49732,6.0,6,,,,,,,,
,,,,,49735,3.0,3,,,,,,,,
,,,,,49753,18.0,18,,,,,,,,
,,,,,49771,18.0,18,,,,,,,,
,,,,,49777,6.0,6,,,,,,,,
,,,,,49783,6.0,6,,,,,,,,
,,,,,49796,13.0,13,,,,,,,,
,,,,,49804,8.0,8,,,,,,,,
,,,,,49814,10.0,10,,,,,,,,
,,,,,49817,3.0,3,,,,,,,,
,,,,,49820,3.0,3,,,,,,,,
,,,,,49834,14.0,14,,,,,,,,
,,,,,49844,10.0,10,,,,,,,,
,,,,,49852,8.0,8,,,,,,,,
,,,,,49861,9.0,9,,,,,,,,
,,,,,49865,4.0,4,,,,,,,,
,,,,,49868,3.0,3,,,,,,,,
,,,,,49874,6.0,6,,,,,,,,
,,,,,49879,5.0,5,,,,,,,,
,,,,,49883,4.0,4,,,,,,,,
,,,,,49890,7.0,7,,,,,,,,
,,,,,49893,3.0,3,,,,,,,,
,,,,,49897,4.0,4,,,,,,,,
,,,,,49901,4.0,4,,,,,,,,
,,,,,49920,19.0,19,,,,,,,,
,,,,,49927,7.0,7,,,,,,,,
,,,,,49932,5.0,5,,,,,,,,
,,,,,49936,4.0,4,,,,,,,,
,,,,,49941,5.0,5,,,,,,,,
,,,,,49945,4.0,4,,,,,,,,
,,,,,49949,4.0,4,,,,,,,,
,,,,,49952,3.0,3,,,,,,,,
,,,,,49957,5.0,5,,,,,,,,
,,,,,49960,3.0,3,,,,,,,,
,,,,,49968,8.0,8,,,,,,,,
,,,,,49971,3.0,3,,,,,,,,
,,,,,49978,7.0,7,,,,,,,,
,,,,,49982,4.0,4,,,,,,,,
,,,,,49989,7.0,7,,,,,,,,
,,,,,49992,3.0,3,,,,,,,,
,,,,,49997,5.0,5,,,,,,,,
