Eval_AverageReturn,Eval_StdReturn,Eval_MaxReturn,Eval_MinReturn,Eval_AverageEpLen,step,Train_EpisodeReturn,Train_EpisodeLen,critic_loss,q_values,target_values,grad_norm,epsilon,lr
60.0,0.0,60.0,60.0,1930.0,0,,,,,,,,
,,,,,487,230.0,1970,,,,,,
,,,,,885,120.0,1602,,,,,,
,,,,,1414,300.0,2130,,,,,,
,,,,,1731,160.0,1282,,,,,,
,,,,,2212,260.0,1946,,,,,,
,,,,,2686,170.0,1906,,,,,,
,,,,,3163,170.0,1906,,,,,,
,,,,,3661,230.0,2010,,,,,,
,,,,,4052,190.0,1578,,,,,,
,,,,,4573,230.0,2114,,,,,,
,,,,,5134,460.0,2258,,,,,,
,,,,,5669,300.0,2154,,,,,,
,,,,,6117,210.0,1802,,,,,,
,,,,,6615,260.0,2010,,,,,,
,,,,,7067,250.0,1810,,,,,,
,,,,,7527,270.0,1842,,,,,,
,,,,,8039,260.0,2058,,,,,,
,,,,,8553,220.0,2066,,,,,,
,,,,,8976,220.0,1698,,,,,,
,,,,,9500,230.0,2114,,,,,,
,,,,,9946,230.0,1810,,,,,,
60.0,0.0,60.0,60.0,1930.0,10000,,,,,,,,
,,,,,10429,210.0,1938,,,,,,
,,,,,10832,170.0,1634,,,,,,
,,,,,11319,260.0,1970,,,,,,
,,,,,11879,340.0,2266,,,,,,
,,,,,12339,220.0,1858,,,,,,
,,,,,12864,270.0,2122,,,,,,
,,,,,13390,320.0,2114,,,,,,
,,,,,13900,220.0,2042,,,,,,
,,,,,14374,250.0,1906,,,,,,
,,,,,14896,340.0,2090,,,,,,
,,,,,15285,170.0,1562,,,,,,
,,,,,15721,160.0,1770,,,,,,
,,,,,16403,370.0,2746,,,,,,
,,,,,16820,180.0,1674,,,,,,
,,,,,17306,230.0,1962,,,,,,
,,,,,17796,280.0,1986,,,,,,
,,,,,18307,350.0,2042,,,,,,
,,,,,18711,150.0,1626,,,,,,
,,,,,19173,230.0,1850,,,,,,
,,,,,19752,370.0,2330,,,,,,
60.0,0.0,60.0,60.0,1930.0,20000,,,3.1494147777557373,-0.005522488616406918,0.35629960894584656,0.8790807723999023,1.0,0.0001
,,,,,20324,320.0,2306,,,,,,
,,,,,20781,270.0,1842,,,,,,
,,,,,21000,,,3.112549066543579,0.5532888174057007,0.3557235598564148,3.410825490951538,0.9979375,0.0001
,,,,,21427,380.0,2594,,,,,,
,,,,,21886,240.0,1834,,,,,,
,,,,,22000,,,11.560611724853516,0.4932018518447876,1.2933298349380493,9.00682258605957,0.995875,0.0001
,,,,,22493,330.0,2434,,,,,,
,,,,,22958,180.0,1890,,,,,,
,,,,,23000,,,5.473758220672607,1.160141110420227,1.3642627000808716,10.664886474609375,0.9938125,0.0001
,,,,,23692,960.0,2946,,,,,,
,,,,,24000,,,3.0331640243530273,0.8933334350585938,0.9637926816940308,5.916045188903809,0.99175,0.0001
,,,,,24152,210.0,1866,,,,,,
,,,,,24609,260.0,1850,,,,,,
,,,,,25000,,,0.23135337233543396,1.2661242485046387,0.9745649695396423,6.020803451538086,0.9896875,0.0001
,,,,,25011,230.0,1618,,,,,,
,,,,,25479,180.0,1874,,,,,,
,,,,,25873,280.0,1602,,,,,,
,,,,,26000,,,14.3500337600708,1.6110155582427979,2.7330005168914795,29.126190185546875,0.987625,0.0001
,,,,,26234,130.0,1474,,,,,,
,,,,,26961,1940.0,2922,,,,,,
,,,,,27000,,,8.220874786376953,1.7482287883758545,2.5603723526000977,28.060985565185547,0.9855625,0.0001
,,,,,27399,190.0,1778,,,,,,
,,,,,27884,220.0,1938,,,,,,
,,,,,28000,,,8.929569244384766,1.9369889497756958,2.5917420387268066,20.991037368774414,0.9835,0.0001
,,,,,28367,180.0,1938,,,,,,
,,,,,28894,280.0,2138,,,,,,
,,,,,29000,,,5.384119033813477,2.5210800170898438,2.937161684036255,21.228126525878906,0.9814375,0.0001
,,,,,29315,240.0,1698,,,,,,
,,,,,29819,280.0,2034,,,,,,
170.0,110.0,280.0,60.0,2147.6,30000,,,7.758750915527344,2.5355069637298584,3.235358238220215,38.191219329833984,0.979375,0.0001
,,,,,30271,250.0,1810,,,,,,
,,,,,30734,120.0,1874,,,,,,
,,,,,31000,,,3.5143659114837646,2.6175596714019775,2.6248631477355957,9.169771194458008,0.9773125,0.0001
,,,,,31562,560.0,3330,,,,,,
,,,,,32000,,,3.228111505508423,2.984318494796753,3.0651538372039795,13.615551948547363,0.97525,0.0001
,,,,,32054,330.0,1970,,,,,,
,,,,,32598,300.0,2178,,,,,,
,,,,,33000,,,0.5686367750167847,3.2075107097625732,2.9965577125549316,18.671926498413086,0.9731875,0.0001
,,,,,33074,320.0,1906,,,,,,
,,,,,33564,230.0,1978,,,,,,
,,,,,34000,,,4.95830774307251,2.454866886138916,3.007359504699707,40.624229431152344,0.971125,0.0001
,,,,,34080,280.0,2082,,,,,,
,,,,,34719,430.0,2554,,,,,,
,,,,,35000,,,4.004092216491699,4.427769660949707,4.0027756690979,36.6440544128418,0.9690625,0.0001
,,,,,35254,190.0,2146,,,,,,
,,,,,35785,320.0,2122,,,,,,
,,,,,36000,,,4.749432563781738,4.632238388061523,5.025138854980469,58.11667251586914,0.967,0.0001
,,,,,36327,210.0,2186,,,,,,
,,,,,36742,170.0,1658,,,,,,
,,,,,37000,,,1.408807396888733,4.598974227905273,3.6865391731262207,77.32308959960938,0.9649375,0.0001
,,,,,37192,210.0,1826,,,,,,
,,,,,37734,260.0,2194,,,,,,
,,,,,38000,,,6.990592002868652,5.147365570068359,5.366481781005859,69.08404541015625,0.962875,0.0001
,,,,,38250,230.0,2090,,,,,,
,,,,,38710,230.0,1850,,,,,,
,,,,,39000,,,3.8988184928894043,6.399378776550293,6.262019634246826,38.44470977783203,0.9608125,0.0001
,,,,,39225,300.0,2058,,,,,,
,,,,,39743,280.0,2098,,,,,,
455.0,193.04144,690.0,260.0,2258.0,40000,,,6.278151035308838,5.09415340423584,5.5276103019714355,77.68436431884766,0.95875,9.999989583333334e-05
,,,,,40224,250.0,1938,,,,,,
,,,,,40684,240.0,1842,,,,,,
,,,,,41000,,,11.692754745483398,5.145323753356934,6.438385963439941,156.7662811279297,0.9566875,9.989572916666667e-05
,,,,,41234,360.0,2202,,,,,,
,,,,,41739,310.0,2026,,,,,,
,,,,,42000,,,4.302974700927734,5.8319411277771,5.857297897338867,77.25826263427734,0.9546250000000001,9.97915625e-05
,,,,,42199,180.0,1866,,,,,,
,,,,,42715,260.0,2082,,,,,,
,,,,,43000,,,3.4439148902893066,6.082730293273926,6.115712642669678,60.09699249267578,0.9525625,9.968739583333334e-05
,,,,,43087,120.0,1490,,,,,,
,,,,,43559,250.0,1914,,,,,,
,,,,,44000,,,4.822654724121094,5.999886512756348,6.242586135864258,61.853858947753906,0.9505,9.958322916666667e-05
,,,,,44003,200.0,1794,,,,,,
,,,,,44462,220.0,1850,,,,,,
,,,,,44888,270.0,1714,,,,,,
,,,,,45000,,,3.221397876739502,6.1893439292907715,5.552461624145508,158.03915405273438,0.9484375,9.947906250000001e-05
,,,,,45219,130.0,1330,,,,,,
,,,,,45820,240.0,2410,,,,,,
,,,,,46000,,,5.8386640548706055,8.198230743408203,7.898813247680664,66.3857192993164,0.946375,9.937489583333334e-05
,,,,,46256,280.0,1770,,,,,,
,,,,,46767,320.0,2066,,,,,,
,,,,,47000,,,4.594080448150635,7.294457912445068,8.106634140014648,162.64227294921875,0.9443125,9.927072916666668e-05
,,,,,47292,300.0,2122,,,,,,
,,,,,47778,380.0,1946,,,,,,
,,,,,48000,,,7.780139446258545,7.428881645202637,8.492305755615234,240.42498779296875,0.94225,9.916656250000001e-05
,,,,,48273,330.0,1994,,,,,,
,,,,,48735,190.0,1850,,,,,,
,,,,,49000,,,6.5610222816467285,9.932533264160156,10.509358406066895,155.26220703125,0.9401875,9.906239583333335e-05
,,,,,49301,250.0,2290,,,,,,
,,,,,49848,260.0,2202,,,,,,
421.0,123.081276,610.0,290.0,1911.6,50000,,,3.299654960632324,8.928722381591797,8.622166633605957,87.40801239013672,0.938125,9.895822916666668e-05
,,,,,50398,290.0,2210,,,,,,
,,,,,50944,290.0,2202,,,,,,
,,,,,51000,,,7.233493804931641,10.178789138793945,8.441707611083984,416.0348205566406,0.9360625,9.88540625e-05
,,,,,51468,330.0,2106,,,,,,
,,,,,52000,,,3.653210163116455,9.461736679077148,8.511224746704102,238.8026580810547,0.9339999999999999,9.874989583333334e-05
,,,,,52018,330.0,2218,,,,,,
,,,,,52455,190.0,1762,,,,,,
,,,,,52875,250.0,1682,,,,,,
,,,,,53000,,,5.191383361816406,10.377881050109863,11.101537704467773,200.72927856445312,0.9319375,9.864572916666666e-05
,,,,,53384,250.0,2042,,,,,,
,,,,,53864,340.0,1930,,,,,,
,,,,,54000,,,6.898183822631836,10.172672271728516,10.06157112121582,113.3589096069336,0.929875,9.85415625e-05
,,,,,54332,190.0,1890,,,,,,
,,,,,54813,330.0,1930,,,,,,
,,,,,55000,,,3.780489444732666,12.305390357971191,12.986351013183594,146.59793090820312,0.9278125,9.843739583333333e-05
,,,,,55284,280.0,1914,,,,,,
,,,,,55730,220.0,1786,,,,,,
,,,,,56000,,,26.629526138305664,13.244889259338379,13.779729843139648,378.7102355957031,0.92575,9.833322916666668e-05
,,,,,56205,170.0,1906,,,,,,
,,,,,56603,260.0,1602,,,,,,
,,,,,56946,170.0,1378,,,,,,
,,,,,57000,,,6.579170227050781,14.30152702331543,13.835456848144531,134.96194458007812,0.9236875,9.82290625e-05
,,,,,57330,200.0,1538,,,,,,
,,,,,57779,250.0,1802,,,,,,
,,,,,58000,,,7.20015811920166,13.2166166305542,13.107345581054688,126.12958526611328,0.921625,9.812489583333335e-05
,,,,,58283,260.0,2034,,,,,,
,,,,,58816,250.0,2138,,,,,,
,,,,,59000,,,11.769068717956543,15.824790954589844,15.85583782196045,163.97142028808594,0.9195625000000001,9.802072916666668e-05
,,,,,59285,280.0,1898,,,,,,
,,,,,59780,290.0,2010,,,,,,
493.0,118.66339,650.0,310.0,2935.6,60000,,,5.0012054443359375,13.76834487915039,13.854915618896484,79.58353424072266,0.9175,9.79165625e-05
,,,,,60301,280.0,2106,,,,,,
,,,,,60758,270.0,1834,,,,,,
,,,,,61000,,,5.612114906311035,15.95362663269043,15.386076927185059,206.6569366455078,0.9154375,9.781239583333333e-05
,,,,,61232,210.0,1922,,,,,,
,,,,,61879,480.0,2610,,,,,,
,,,,,62000,,,5.411144256591797,15.487922668457031,14.662339210510254,235.7599334716797,0.913375,9.770822916666668e-05
,,,,,62391,380.0,2074,,,,,,
,,,,,62899,320.0,2034,,,,,,
,,,,,63000,,,5.434674263000488,13.85261344909668,14.759736061096191,241.21763610839844,0.9113125,9.76040625e-05
,,,,,63359,200.0,1842,,,,,,
,,,,,63902,220.0,2202,,,,,,
,,,,,64000,,,1.9470157623291016,16.420621871948242,15.905527114868164,156.8956756591797,0.90925,9.749989583333335e-05
,,,,,64401,240.0,2002,,,,,,
,,,,,64821,230.0,1706,,,,,,
,,,,,65000,,,46.348514556884766,15.517827033996582,15.82731819152832,1014.9816284179688,0.9071875,9.739572916666667e-05
,,,,,65307,240.0,1954,,,,,,
,,,,,65802,220.0,2002,,,,,,
,,,,,66000,,,7.8979811668396,15.775338172912598,16.728084564208984,210.7379608154297,0.905125,9.72915625e-05
,,,,,66302,210.0,2002,,,,,,
,,,,,66663,180.0,1442,,,,,,
,,,,,66994,220.0,1330,,,,,,
,,,,,67000,,,5.327836036682129,15.582748413085938,14.80129337310791,236.0474853515625,0.9030625,9.718739583333334e-05
,,,,,67450,250.0,1826,,,,,,
,,,,,67976,180.0,2114,,,,,,
,,,,,68000,,,6.78563117980957,15.236400604248047,13.681317329406738,363.94366455078125,0.901,9.708322916666667e-05
,,,,,68394,260.0,1698,,,,,,
,,,,,68940,270.0,2202,,,,,,
,,,,,69000,,,9.469953536987305,19.154945373535156,19.460060119628906,178.8754425048828,0.8989375,9.69790625e-05
,,,,,69455,230.0,2090,,,,,,
,,,,,69885,220.0,1722,,,,,,
372.0,157.53094,600.0,170.0,1843.6,70000,,,3.538806676864624,19.912723541259766,19.195858001708984,210.83460998535156,0.896875,9.687489583333333e-05
,,,,,70351,250.0,1874,,,,,,
,,,,,70853,210.0,2026,,,,,,
,,,,,71000,,,5.49509334564209,22.85732650756836,21.122716903686523,500.2511901855469,0.8948125,9.677072916666667e-05
,,,,,71362,350.0,2034,,,,,,
,,,,,71767,190.0,1642,,,,,,
,,,,,72000,,,5.390748977661133,20.295719146728516,18.944469451904297,312.8653259277344,0.89275,9.66665625e-05
,,,,,72336,270.0,2290,,,,,,
,,,,,72796,300.0,1858,,,,,,
,,,,,73000,,,22.75827407836914,22.55652618408203,22.12490463256836,324.0653991699219,0.8906875,9.656239583333334e-05
,,,,,73256,200.0,1866,,,,,,
,,,,,73700,310.0,1794,,,,,,
,,,,,74000,,,42.711936950683594,21.52518653869629,21.833633422851562,1139.5313720703125,0.888625,9.645822916666667e-05
,,,,,74255,240.0,2242,,,,,,
,,,,,74589,230.0,1354,,,,,,
,,,,,75000,,,21.93667984008789,20.057064056396484,21.05078887939453,210.05987548828125,0.8865625,9.635406250000001e-05
,,,,,75134,200.0,2186,,,,,,
,,,,,75605,210.0,1914,,,,,,
,,,,,76000,,,19.303619384765625,20.430526733398438,20.18511390686035,312.064697265625,0.8845,9.624989583333334e-05
,,,,,76056,230.0,1818,,,,,,
,,,,,76615,350.0,2242,,,,,,
,,,,,77000,,,5.149570465087891,20.888315200805664,19.40740966796875,414.5084533691406,0.8824375,9.614572916666667e-05
,,,,,77375,410.0,3050,,,,,,
,,,,,77830,200.0,1834,,,,,,
,,,,,78000,,,6.1948699951171875,25.39731216430664,25.21469497680664,203.9460906982422,0.880375,9.60415625e-05
,,,,,78326,270.0,1994,,,,,,
,,,,,78867,270.0,2170,,,,,,
,,,,,79000,,,4.918355941772461,21.266408920288086,21.145524978637695,127.50851440429688,0.8783125,9.593739583333334e-05
,,,,,79377,260.0,2058,,,,,,
,,,,,79847,190.0,1906,,,,,,
459.0,235.0936,890.0,240.0,2306.8,80000,,,3.380528450012207,19.686546325683594,19.079347610473633,193.26116943359375,0.87625,9.583322916666667e-05
,,,,,80260,180.0,1658,,,,,,
,,,,,80773,300.0,2066,,,,,,
,,,,,81000,,,8.387338638305664,25.96083641052246,24.722190856933594,541.93359375,0.8741875,9.57290625e-05
,,,,,81405,380.0,2538,,,,,,
,,,,,81959,340.0,2226,,,,,,
,,,,,82000,,,8.26467514038086,25.999210357666016,26.904834747314453,326.9029846191406,0.872125,9.562489583333334e-05
,,,,,82429,210.0,1890,,,,,,
,,,,,82916,270.0,1954,,,,,,
,,,,,83000,,,5.16191291809082,22.028892517089844,22.33415412902832,169.98114013671875,0.8700625,9.552072916666667e-05
,,,,,83445,250.0,2138,,,,,,
,,,,,83938,290.0,1994,,,,,,
,,,,,84000,,,2.545374870300293,26.520305633544922,26.0633544921875,163.6045379638672,0.868,9.541656250000001e-05
,,,,,84436,310.0,2018,,,,,,
,,,,,84825,110.0,1570,,,,,,
,,,,,85000,,,6.199502944946289,21.758426666259766,21.718406677246094,192.82461547851562,0.8659375,9.531239583333334e-05
,,,,,85289,200.0,1858,,,,,,
,,,,,85886,320.0,2402,,,,,,
,,,,,86000,,,3.1318459510803223,19.20722198486328,18.98944854736328,123.75901794433594,0.863875,9.520822916666667e-05
,,,,,86303,240.0,1674,,,,,,
,,,,,86870,390.0,2274,,,,,,
,,,,,87000,,,8.208091735839844,24.599891662597656,25.390419006347656,396.6855163574219,0.8618125,9.51040625e-05
,,,,,87368,270.0,2018,,,,,,
,,,,,87743,170.0,1514,,,,,,
,,,,,88000,,,1.662331461906433,22.554088592529297,22.302364349365234,97.69705963134766,0.85975,9.499989583333334e-05
,,,,,88188,310.0,1794,,,,,,
,,,,,88730,360.0,2186,,,,,,
,,,,,89000,,,6.948160171508789,25.2379093170166,24.91982650756836,145.27491760253906,0.8576875,9.489572916666667e-05
,,,,,89163,240.0,1738,,,,,,
,,,,,89688,350.0,2106,,,,,,
599.0,339.33612,1010.0,290.0,2539.6,90000,,,4.489519119262695,27.665176391601562,26.757526397705078,305.3508605957031,0.855625,9.479156250000001e-05
,,,,,90198,210.0,2042,,,,,,
,,,,,91000,,,1.6658647060394287,17.61076545715332,17.04843521118164,154.32911682128906,0.8535625,9.468739583333334e-05
,,,,,91153,490.0,3834,,,,,,
,,,,,91536,240.0,1538,,,,,,
,,,,,92000,,,2.812587261199951,26.81470489501953,26.502525329589844,155.6321258544922,0.8515,9.458322916666668e-05
,,,,,92043,300.0,2034,,,,,,
,,,,,92563,250.0,2082,,,,,,
,,,,,93000,,,10.639790534973145,27.879911422729492,27.56368637084961,210.48251342773438,0.8494375000000001,9.447906250000001e-05
,,,,,93082,230.0,2098,,,,,,
,,,,,93530,320.0,1794,,,,,,
,,,,,93905,190.0,1530,,,,,,
,,,,,94000,,,4.974545478820801,29.603384017944336,29.805727005004883,188.89230346679688,0.847375,9.437489583333334e-05
,,,,,94443,190.0,2154,,,,,,
,,,,,94846,260.0,1634,,,,,,
,,,,,95000,,,18.924104690551758,26.31739044189453,26.84864044189453,304.46697998046875,0.8453125,9.427072916666667e-05
,,,,,95241,230.0,1594,,,,,,
,,,,,95727,300.0,1946,,,,,,
,,,,,96000,,,6.843504428863525,21.43227767944336,20.68404769897461,255.42276000976562,0.84325,9.41665625e-05
,,,,,96143,210.0,1682,,,,,,
,,,,,96677,240.0,2154,,,,,,
,,,,,97000,,,4.455966949462891,24.981019973754883,23.652130126953125,378.1703796386719,0.8411875,9.406239583333334e-05
,,,,,97181,290.0,2026,,,,,,
,,,,,97661,290.0,1938,,,,,,
,,,,,98000,,,18.875394821166992,30.420135498046875,30.267410278320312,269.9953308105469,0.839125,9.395822916666667e-05
,,,,,98071,210.0,1650,,,,,,
,,,,,98556,300.0,1946,,,,,,
,,,,,99000,,,6.007355213165283,28.04776382446289,28.32553482055664,185.72669982910156,0.8370625,9.385406250000001e-05
,,,,,99135,350.0,2338,,,,,,
,,,,,99640,190.0,2042,,,,,,
180.0,57.965508,260.0,120.0,2095.6,100000,,,10.747608184814453,27.9903564453125,29.028993606567383,395.2804870605469,0.835,9.374989583333334e-05
,,,,,100088,280.0,1802,,,,,,
,,,,,100559,340.0,1898,,,,,,
,,,,,101000,,,3.351219415664673,29.084156036376953,29.246807098388672,205.44073486328125,0.8329375,9.364572916666668e-05
,,,,,101082,210.0,2106,,,,,,
,,,,,101465,230.0,1554,,,,,,
,,,,,101987,340.0,2090,,,,,,
,,,,,102000,,,10.57815170288086,30.10921287536621,31.22121810913086,382.9477233886719,0.830875,9.35415625e-05
,,,,,102380,280.0,1594,,,,,,
,,,,,102867,380.0,1970,,,,,,
,,,,,103000,,,23.77808952331543,25.022994995117188,26.579952239990234,371.22607421875,0.8288125,9.343739583333334e-05
,,,,,103504,380.0,2562,,,,,,
,,,,,103940,190.0,1762,,,,,,
,,,,,104000,,,3.3115437030792236,22.885719299316406,22.559059143066406,189.90919494628906,0.82675,9.333322916666666e-05
,,,,,104344,200.0,1634,,,,,,
,,,,,104732,240.0,1570,,,,,,
,,,,,105000,,,13.456775665283203,29.129230499267578,28.593334197998047,275.850341796875,0.8246875,9.32290625e-05
,,,,,105400,730.0,2674,,,,,,
,,,,,105924,330.0,2122,,,,,,
,,,,,106000,,,1.286771535873413,26.26885986328125,25.82337760925293,129.84425354003906,0.8226249999999999,9.312489583333333e-05
,,,,,106261,140.0,1354,,,,,,
,,,,,106899,430.0,2570,,,,,,
,,,,,107000,,,8.482351303100586,34.643619537353516,33.94194793701172,333.88201904296875,0.8205625,9.302072916666668e-05
,,,,,107251,210.0,1426,,,,,,
,,,,,107782,290.0,2130,,,,,,
,,,,,108000,,,4.119414806365967,27.053800582885742,26.810352325439453,175.25418090820312,0.8185,9.29165625e-05
,,,,,108292,300.0,2058,,,,,,
,,,,,108995,1150.0,2818,,,,,,
,,,,,109000,,,12.601167678833008,29.66394805908203,31.457962036132812,484.81512451171875,0.8164374999999999,9.281239583333335e-05
,,,,,109379,200.0,1538,,,,,,
,,,,,109908,360.0,2130,,,,,,
577.0,156.9108,690.0,340.0,1994.0,110000,,,17.197887420654297,25.423669815063477,26.38803482055664,462.525146484375,0.8143750000000001,9.270822916666668e-05
,,,,,110337,220.0,1722,,,,,,
,,,,,110832,320.0,1994,,,,,,
,,,,,111000,,,3.1870853900909424,27.022602081298828,26.913593292236328,116.78187561035156,0.8123125,9.26040625e-05
,,,,,111327,300.0,1986,,,,,,
,,,,,111698,200.0,1490,,,,,,
,,,,,112000,,,29.73165512084961,27.221128463745117,28.58734893798828,410.6531066894531,0.81025,9.249989583333333e-05
,,,,,112273,330.0,2306,,,,,,
,,,,,112759,330.0,1970,,,,,,
,,,,,113000,,,2.555100917816162,29.657638549804688,29.21524429321289,181.71612548828125,0.8081875000000001,9.239572916666666e-05
,,,,,113235,280.0,1906,,,,,,
,,,,,113725,350.0,1962,,,,,,
,,,,,114000,,,79.37513732910156,29.75577163696289,32.58336639404297,1058.0679931640625,0.806125,9.22915625e-05
,,,,,114147,240.0,1698,,,,,,
,,,,,114609,220.0,1850,,,,,,
,,,,,115000,,,5.435626983642578,28.430866241455078,27.272319793701172,317.138916015625,0.8040625,9.218739583333333e-05
,,,,,115141,310.0,2146,,,,,,
,,,,,115588,290.0,1802,,,,,,
,,,,,116000,,,7.706430435180664,33.43158721923828,33.118019104003906,250.68240356445312,0.802,9.208322916666667e-05
,,,,,116270,510.0,2746,,,,,,
,,,,,116625,170.0,1442,,,,,,
,,,,,117000,,,9.059184074401855,32.74468231201172,33.798927307128906,461.33404541015625,0.7999375,9.19790625e-05
,,,,,117039,230.0,1682,,,,,,
,,,,,117524,320.0,1954,,,,,,
,,,,,117868,120.0,1394,,,,,,
,,,,,118000,,,5.0154500007629395,35.24351119995117,35.804813385009766,235.57652282714844,0.797875,9.187489583333334e-05
,,,,,118309,230.0,1762,,,,,,
,,,,,118796,230.0,1970,,,,,,
,,,,,119000,,,51.18537521362305,31.661996841430664,32.57855987548828,419.69390869140625,0.7958125,9.177072916666667e-05
,,,,,119223,300.0,1706,,,,,,
,,,,,119645,200.0,1714,,,,,,
324.0,64.99231,420.0,260.0,1764.4,120000,,,7.938908576965332,27.276363372802734,27.001890182495117,159.72264099121094,0.79375,9.16665625e-05
,,,,,120407,850.0,3058,,,,,,
,,,,,120917,230.0,2066,,,,,,
,,,,,121000,,,6.220948696136475,30.048175811767578,30.10718536376953,233.5416717529297,0.7916875,9.156239583333333e-05
,,,,,121426,270.0,2050,,,,,,
,,,,,121926,290.0,2010,,,,,,
,,,,,122000,,,14.402770042419434,32.46664810180664,32.6932373046875,343.2739562988281,0.789625,9.145822916666667e-05
,,,,,122459,300.0,2162,,,,,,
,,,,,123000,,,7.7114667892456055,35.709373474121094,36.53307342529297,365.8363037109375,0.7875625,9.13540625e-05
,,,,,123103,330.0,2594,,,,,,
,,,,,123544,200.0,1786,,,,,,
,,,,,124000,,,216.19189453125,31.107830047607422,35.27210998535156,1137.7139892578125,0.7855,9.124989583333334e-05
,,,,,124011,280.0,1874,,,,,,
,,,,,124484,280.0,1906,,,,,,
,,,,,124994,230.0,2050,,,,,,
,,,,,125000,,,3.2419278621673584,33.299774169921875,34.193092346191406,310.29876708984375,0.7834375,9.114572916666667e-05
,,,,,125504,350.0,2050,,,,,,
,,,,,125967,220.0,1874,,,,,,
,,,,,126000,,,10.171073913574219,34.97662353515625,34.31346893310547,317.0901794433594,0.781375,9.10415625e-05
,,,,,126417,310.0,1802,,,,,,
,,,,,126932,340.0,2066,,,,,,
,,,,,127000,,,5.115658283233643,29.011289596557617,30.020381927490234,323.84857177734375,0.7793125,9.093739583333334e-05
,,,,,127363,210.0,1738,,,,,,
,,,,,127868,220.0,2042,,,,,,
,,,,,128000,,,7.954404830932617,38.6973876953125,37.59381866455078,346.8913879394531,0.77725,9.083322916666667e-05
,,,,,128295,160.0,1722,,,,,,
,,,,,128668,220.0,1506,,,,,,
,,,,,129000,,,146.27496337890625,36.88247299194336,38.76987075805664,743.2208251953125,0.7751875,9.072906250000001e-05
,,,,,129407,660.0,2962,,,,,,
,,,,,129902,260.0,2002,,,,,,
440.0,68.99275,570.0,340.0,2431.6,130000,,,3.6176013946533203,28.976200103759766,28.652101516723633,149.1423797607422,0.7731250000000001,9.062489583333333e-05
,,,,,130252,150.0,1426,,,,,,
,,,,,130704,280.0,1810,,,,,,
,,,,,131000,,,5.567601203918457,38.09650421142578,37.57868957519531,259.48577880859375,0.7710625,9.052072916666667e-05
,,,,,131465,610.0,3058,,,,,,
,,,,,131965,320.0,2002,,,,,,
,,,,,132000,,,5.782076835632324,35.48163604736328,34.265663146972656,420.8465576171875,0.769,9.04165625e-05
,,,,,132647,530.0,2738,,,,,,
,,,,,133000,,,4.152867317199707,33.69625473022461,32.284088134765625,405.8063659667969,0.7669375,9.031239583333334e-05
,,,,,133093,240.0,1802,,,,,,
,,,,,133580,370.0,1970,,,,,,
,,,,,134000,,,4.571565628051758,37.121368408203125,36.815696716308594,153.35104370117188,0.764875,9.020822916666667e-05
,,,,,134072,310.0,1986,,,,,,
,,,,,134612,310.0,2186,,,,,,
,,,,,135000,,,11.352319717407227,42.02187728881836,41.551300048828125,299.8470764160156,0.7628125,9.010406250000001e-05
,,,,,135242,390.0,2538,,,,,,
,,,,,135796,510.0,2234,,,,,,
,,,,,136000,,,3.6969268321990967,29.00388526916504,28.313674926757812,275.3235778808594,0.76075,8.999989583333334e-05
,,,,,136306,310.0,2042,,,,,,
,,,,,136747,260.0,1762,,,,,,
,,,,,137000,,,86.78762817382812,37.15998840332031,38.50347900390625,523.0081176757812,0.7586875,8.989572916666668e-05
,,,,,137244,280.0,2002,,,,,,
,,,,,138000,,,2.954098701477051,36.79353332519531,36.77924346923828,151.33917236328125,0.756625,8.979156250000001e-05
,,,,,138004,640.0,3042,,,,,,
,,,,,138525,340.0,2106,,,,,,
,,,,,138882,130.0,1450,,,,,,
,,,,,139000,,,12.939586639404297,33.28857421875,32.62580490112305,342.99688720703125,0.7545625,8.968739583333334e-05
,,,,,139365,280.0,1954,,,,,,
,,,,,139840,200.0,1914,,,,,,
878.0,174.97429,1030.0,640.0,2949.2,140000,,,10.663026809692383,38.4017333984375,38.206443786621094,314.5296630859375,0.7525,8.958322916666667e-05
,,,,,140314,210.0,1922,,,,,,
,,,,,140865,330.0,2202,,,,,,
,,,,,141000,,,15.253462791442871,39.259620666503906,39.52763366699219,389.3750305175781,0.7504375,8.94790625e-05
,,,,,141414,470.0,2218,,,,,,
,,,,,141950,460.0,2162,,,,,,
,,,,,142000,,,3.3320679664611816,38.77635192871094,39.06493377685547,172.91497802734375,0.748375,8.937489583333334e-05
,,,,,142415,320.0,1866,,,,,,
,,,,,142839,270.0,1706,,,,,,
,,,,,143000,,,9.591109275817871,38.888938903808594,39.71504211425781,324.2026672363281,0.7463125,8.927072916666667e-05
,,,,,143296,210.0,1850,,,,,,
,,,,,143949,470.0,2618,,,,,,
,,,,,144000,,,4.9423065185546875,34.45343017578125,34.01152420043945,199.8209228515625,0.74425,8.916656250000001e-05
,,,,,144445,310.0,2010,,,,,,
,,,,,144973,250.0,2130,,,,,,
,,,,,145000,,,4.620359897613525,41.3079948425293,42.338165283203125,316.3243713378906,0.7421875,8.906239583333334e-05
,,,,,145423,300.0,1818,,,,,,
,,,,,146000,,,7.053977012634277,34.265869140625,34.744789123535156,234.84219360351562,0.7401249999999999,8.895822916666668e-05
,,,,,146086,730.0,2658,,,,,,
,,,,,146525,230.0,1778,,,,,,
,,,,,146946,220.0,1682,,,,,,
,,,,,147000,,,4.134960174560547,45.0013313293457,44.01539611816406,322.8305969238281,0.7380625000000001,8.885406250000001e-05
,,,,,147401,270.0,1834,,,,,,
,,,,,147871,440.0,1882,,,,,,
,,,,,148000,,,5.749026775360107,40.795677185058594,40.250614166259766,265.9259948730469,0.736,8.874989583333334e-05
,,,,,148312,340.0,1786,,,,,,
,,,,,148780,220.0,1890,,,,,,
,,,,,149000,,,6.162969589233398,41.221500396728516,41.54659652709961,212.10202026367188,0.7339375,8.864572916666666e-05
,,,,,149309,310.0,2114,,,,,,
,,,,,149725,300.0,1666,,,,,,
402.0,55.09991,450.0,320.0,2390.0,150000,,,4.170627593994141,36.75782775878906,36.75932312011719,173.53469848632812,0.731875,8.854156250000001e-05
,,,,,150196,330.0,1890,,,,,,
,,,,,150660,350.0,1858,,,,,,
,,,,,151000,,,8.968189239501953,40.50275421142578,41.20436096191406,280.7318115234375,0.7298125,8.843739583333334e-05
,,,,,151070,270.0,1666,,,,,,
,,,,,151451,210.0,1538,,,,,,
,,,,,151877,260.0,1706,,,,,,
,,,,,152000,,,2.8688831329345703,41.16594696044922,41.26502227783203,138.0885772705078,0.72775,8.833322916666668e-05
,,,,,152388,300.0,2058,,,,,,
,,,,,152938,610.0,2202,,,,,,
,,,,,153000,,,5.871990203857422,43.71250915527344,44.528785705566406,274.3108215332031,0.7256875,8.82290625e-05
,,,,,153354,330.0,1666,,,,,,
,,,,,153944,450.0,2386,,,,,,
,,,,,154000,,,3.394643545150757,34.362998962402344,33.66674041748047,220.61947631835938,0.723625,8.812489583333335e-05
,,,,,154413,350.0,1906,,,,,,
,,,,,154953,300.0,2162,,,,,,
,,,,,155000,,,6.080758094787598,39.63100051879883,39.75660705566406,192.59169006347656,0.7215625,8.802072916666668e-05
,,,,,155481,260.0,2114,,,,,,
,,,,,155978,370.0,1986,,,,,,
,,,,,156000,,,5.313702583312988,47.02096176147461,46.907745361328125,204.4751739501953,0.7195,8.79165625e-05
,,,,,156389,320.0,1650,,,,,,
,,,,,157000,,,10.376218795776367,40.87509536743164,42.047000885009766,458.2532043457031,0.7174375,8.781239583333333e-05
,,,,,157096,550.0,2850,,,,,,
,,,,,157572,300.0,1914,,,,,,
,,,,,158000,,,6.230378150939941,42.80973434448242,41.2423095703125,493.4768981933594,0.7153750000000001,8.770822916666666e-05
,,,,,158519,1260.0,3794,,,,,,
,,,,,158985,320.0,1890,,,,,,
,,,,,159000,,,6.50465202331543,37.902645111083984,37.18165969848633,279.601806640625,0.7133125,8.76040625e-05
,,,,,159459,400.0,1906,,,,,,
,,,,,159819,230.0,1458,,,,,,
415.0,101.71037,530.0,290.0,2374.0,160000,,,5.840083122253418,40.27742004394531,39.37078857421875,328.0644836425781,0.7112499999999999,8.749989583333333e-05
,,,,,160313,380.0,1986,,,,,,
,,,,,160876,360.0,2258,,,,,,
,,,,,161000,,,6.056110382080078,51.32200241088867,51.85115432739258,297.6954040527344,0.7091875,8.739572916666668e-05
,,,,,161424,230.0,2218,,,,,,
,,,,,161967,400.0,2178,,,,,,
,,,,,162000,,,85.20877838134766,41.066383361816406,43.744014739990234,773.3809814453125,0.707125,8.72915625e-05
,,,,,162391,210.0,1714,,,,,,
,,,,,162951,360.0,2258,,,,,,
,,,,,163000,,,32.39886474609375,37.34503936767578,38.13194274902344,361.64739990234375,0.7050624999999999,8.718739583333335e-05
,,,,,163528,310.0,2330,,,,,,
,,,,,164000,,,9.101366996765137,39.47309112548828,38.33989334106445,333.10052490234375,0.7030000000000001,8.708322916666667e-05
,,,,,164064,640.0,2154,,,,,,
,,,,,164710,440.0,2610,,,,,,
,,,,,165000,,,5.184822082519531,42.8858642578125,42.10955047607422,287.7978820800781,0.7009375,8.69790625e-05
,,,,,165381,700.0,2706,,,,,,
,,,,,166000,,,19.615400314331055,39.29184341430664,39.1161003112793,348.213623046875,0.698875,8.687489583333333e-05
,,,,,166283,1180.0,3634,,,,,,
,,,,,166756,310.0,1914,,,,,,
,,,,,167000,,,11.726661682128906,45.087711334228516,46.17326354980469,441.68701171875,0.6968125000000001,8.677072916666666e-05
,,,,,167227,440.0,1890,,,,,,
,,,,,167688,210.0,1858,,,,,,
,,,,,168000,,,8.777992248535156,44.49803924560547,44.01298141479492,262.76751708984375,0.69475,8.66665625e-05
,,,,,168090,200.0,1618,,,,,,
,,,,,168563,360.0,1898,,,,,,
,,,,,169000,,,5.79368782043457,41.568817138671875,42.07269287109375,222.40899658203125,0.6926875,8.656239583333334e-05
,,,,,169076,270.0,2074,,,,,,
,,,,,169527,330.0,1818,,,,,,
,,,,,169999,360.0,1898,,,,,,
448.0,198.13127,690.0,260.0,2110.8,170000,,,7.683980941772461,44.82831954956055,44.991275787353516,252.5204315185547,0.690625,8.645822916666667e-05
,,,,,170618,500.0,2490,,,,,,
,,,,,171000,,,10.78353500366211,48.68363952636719,48.89967727661133,593.3411865234375,0.6885625,8.63540625e-05
,,,,,171080,330.0,1858,,,,,,
,,,,,171502,210.0,1698,,,,,,
,,,,,172000,,,7.443212032318115,42.83223342895508,42.30535888671875,333.611572265625,0.6865,8.624989583333334e-05
,,,,,172022,310.0,2098,,,,,,
,,,,,172402,310.0,1538,,,,,,
,,,,,173000,,,4.044372081756592,51.76597595214844,51.691017150878906,168.6081085205078,0.6844375,8.614572916666667e-05
,,,,,173046,650.0,2602,,,,,,
,,,,,173533,330.0,1970,,,,,,
,,,,,174000,,,9.822546005249023,40.517822265625,40.91964340209961,273.47515869140625,0.682375,8.60415625e-05
,,,,,174617,2260.0,4338,,,,,,
,,,,,175000,,,5.292715072631836,49.057411193847656,48.71012878417969,340.2280578613281,0.6803125,8.593739583333333e-05
,,,,,175081,300.0,1882,,,,,,
,,,,,175587,290.0,2026,,,,,,
,,,,,176000,,,4.349474906921387,46.52885437011719,46.54154968261719,172.12327575683594,0.67825,8.583322916666667e-05
,,,,,176311,650.0,2914,,,,,,
,,,,,176751,290.0,1786,,,,,,
,,,,,177000,,,8.537580490112305,44.50763702392578,45.00999450683594,321.7436218261719,0.6761874999999999,8.57290625e-05
,,,,,177190,250.0,1770,,,,,,
,,,,,177693,300.0,2018,,,,,,
,,,,,178000,,,6.1153564453125,46.79979705810547,46.48435974121094,222.6306610107422,0.6741250000000001,8.562489583333334e-05
,,,,,178266,520.0,2298,,,,,,
,,,,,179000,,,8.13304328918457,47.1370849609375,47.38965606689453,218.1818084716797,0.6720625,8.552072916666667e-05
,,,,,179077,710.0,3266,,,,,,
,,,,,179555,340.0,1914,,,,,,
724.0,193.03885,900.0,350.0,2955.6,180000,,,7.497951507568359,44.24472427368164,43.04090881347656,458.58251953125,0.67,8.541656250000001e-05
,,,,,180009,270.0,1826,,,,,,
,,,,,180701,420.0,2794,,,,,,
,,,,,181000,,,11.718999862670898,49.94713592529297,48.61473083496094,374.4747619628906,0.6679375000000001,8.531239583333334e-05
,,,,,181234,440.0,2138,,,,,,
,,,,,181835,710.0,2418,,,,,,
,,,,,182000,,,7.638097286224365,47.25726318359375,46.78520202636719,290.58154296875,0.665875,8.520822916666667e-05
,,,,,182241,270.0,1642,,,,,,
,,,,,182766,420.0,2122,,,,,,
,,,,,183000,,,7.504437446594238,48.90032196044922,49.49639892578125,279.13555908203125,0.6638124999999999,8.51040625e-05
,,,,,183453,1860.0,2762,,,,,,
,,,,,183948,320.0,1986,,,,,,
,,,,,184000,,,5.009119987487793,49.64700698852539,50.70146942138672,355.8933410644531,0.6617500000000001,8.499989583333334e-05
,,,,,184709,750.0,3066,,,,,,
,,,,,185000,,,51.39055252075195,37.57048034667969,38.83013153076172,468.2446594238281,0.6596875,8.489572916666667e-05
,,,,,185245,390.0,2162,,,,,,
,,,,,185649,300.0,1618,,,,,,
,,,,,186000,,,15.097451210021973,51.10040283203125,52.203033447265625,538.5974731445312,0.657625,8.47915625e-05
,,,,,186041,320.0,1594,,,,,,
,,,,,186404,240.0,1458,,,,,,
,,,,,186958,390.0,2218,,,,,,
,,,,,187000,,,8.283832550048828,44.71235656738281,44.967166900634766,272.3628234863281,0.6555625,8.468739583333334e-05
,,,,,187660,400.0,2810,,,,,,
,,,,,188000,,,8.857454299926758,43.319190979003906,42.54153823852539,402.1851501464844,0.6535,8.458322916666668e-05
,,,,,188350,430.0,2770,,,,,,
,,,,,189000,,,6.663331508636475,48.79716491699219,49.018531799316406,290.5766906738281,0.6514375,8.447906250000001e-05
,,,,,189050,820.0,2818,,,,,,
,,,,,189560,340.0,2042,,,,,,
641.0,33.896904,680.0,560.0,2714.8,190000,,,3.542625665664673,46.08443832397461,46.391510009765625,187.94015502929688,0.649375,8.437489583333334e-05
,,,,,190212,710.0,2610,,,,,,
,,,,,190647,310.0,1754,,,,,,
,,,,,190972,180.0,1306,,,,,,
,,,,,191000,,,4.474769592285156,44.330928802490234,44.017879486083984,183.7592010498047,0.6473125,8.427072916666667e-05
,,,,,191512,500.0,2170,,,,,,
,,,,,191970,340.0,1842,,,,,,
,,,,,192000,,,3.742551326751709,45.787986755371094,45.802833557128906,172.27932739257812,0.64525,8.41665625e-05
,,,,,192385,300.0,1682,,,,,,
,,,,,192737,230.0,1434,,,,,,
,,,,,193000,,,5.44758415222168,52.51560592651367,51.647735595703125,300.161376953125,0.6431875,8.406239583333334e-05
,,,,,193125,210.0,1562,,,,,,
,,,,,193658,350.0,2138,,,,,,
,,,,,194000,,,9.54964828491211,48.56481170654297,47.03022766113281,531.4666137695312,0.641125,8.395822916666667e-05
,,,,,194151,320.0,1994,,,,,,
,,,,,194873,530.0,2898,,,,,,
,,,,,195000,,,6.81610107421875,49.97705078125,49.70458984375,315.99005126953125,0.6390625000000001,8.385406250000001e-05
,,,,,195429,670.0,2242,,,,,,
,,,,,196000,,,4.407844543457031,45.42381286621094,45.898258209228516,234.4819793701172,0.637,8.374989583333334e-05
,,,,,196056,760.0,2514,,,,,,
,,,,,196554,410.0,2010,,,,,,
,,,,,197000,,,5.192660331726074,46.93108367919922,46.32090759277344,222.9728240966797,0.6349374999999999,8.364572916666667e-05
,,,,,197093,320.0,2162,,,,,,
,,,,,197583,310.0,1978,,,,,,
,,,,,198000,,,6.153372287750244,43.94883346557617,42.89143371582031,342.938720703125,0.632875,8.354156250000001e-05
,,,,,198109,390.0,2114,,,,,,
,,,,,198810,350.0,2818,,,,,,
,,,,,199000,,,209.07583618164062,49.97770309448242,51.771583557128906,1490.969970703125,0.6308125,8.343739583333335e-05
,,,,,199445,640.0,2562,,,,,,
525.0,128.31601,730.0,380.0,2086.0,200000,,,88.44739532470703,49.41511535644531,51.53116989135742,771.401611328125,0.62875,8.333322916666666e-05
,,,,,200101,380.0,2642,,,,,,
,,,,,200521,360.0,1698,,,,,,
,,,,,201000,,,6.212736129760742,51.98933029174805,51.8182373046875,243.4397430419922,0.6266875000000001,8.322906249999999e-05
,,,,,201094,610.0,2306,,,,,,
,,,,,201714,510.0,2498,,,,,,
,,,,,202000,,,6.30357551574707,53.30592346191406,53.682861328125,280.83966064453125,0.624625,8.312489583333334e-05
,,,,,202165,240.0,1818,,,,,,
,,,,,202722,400.0,2258,,,,,,
,,,,,203000,,,4.360261917114258,54.067901611328125,53.52479553222656,213.9521026611328,0.6225625,8.302072916666668e-05
,,,,,203439,1010.0,2890,,,,,,
,,,,,203862,250.0,1706,,,,,,
,,,,,204000,,,15.660751342773438,54.15818405151367,53.354122161865234,415.17132568359375,0.6205,8.29165625e-05
,,,,,204768,740.0,3634,,,,,,
,,,,,205000,,,22.552486419677734,56.13560485839844,56.16071701049805,347.9266052246094,0.6184375,8.281239583333333e-05
,,,,,205296,510.0,2138,,,,,,
,,,,,205970,1110.0,2698,,,,,,
,,,,,206000,,,4.683135509490967,49.384525299072266,49.06892395019531,299.4037780761719,0.616375,8.270822916666668e-05
,,,,,206570,1070.0,2402,,,,,,
,,,,,207000,,,7.003521919250488,63.3594970703125,62.78699493408203,368.1216125488281,0.6143125,8.26040625e-05
,,,,,207154,330.0,2346,,,,,,
,,,,,207642,360.0,1978,,,,,,
,,,,,208000,,,9.856643676757812,46.555274963378906,46.85308837890625,302.4585876464844,0.61225,8.249989583333335e-05
,,,,,208114,260.0,1898,,,,,,
,,,,,208811,920.0,2794,,,,,,
,,,,,209000,,,6.1050591468811035,47.7599983215332,48.044769287109375,295.9141540527344,0.6101875,8.239572916666666e-05
,,,,,209530,1850.0,2890,,,,,,
741.0,339.51288,1250.0,420.0,2099.6,210000,,,10.181676864624023,52.50676727294922,51.88172149658203,380.8816223144531,0.608125,8.22915625e-05
,,,,,210017,320.0,1970,,,,,,
,,,,,210817,710.0,3210,,,,,,
,,,,,211000,,,10.194266319274902,52.62896728515625,53.17354202270508,493.275390625,0.6060625,8.218739583333333e-05
,,,,,211649,600.0,3354,,,,,,
,,,,,212000,,,13.441750526428223,55.26728439331055,55.76385498046875,536.0081787109375,0.604,8.208322916666666e-05
,,,,,212048,290.0,1594,,,,,,
,,,,,212543,390.0,1994,,,,,,
,,,,,213000,,,28.210922241210938,48.498878479003906,48.4359016418457,450.767578125,0.6019375,8.19790625e-05
,,,,,213240,580.0,2794,,,,,,
,,,,,213836,420.0,2402,,,,,,
,,,,,214000,,,10.22116756439209,51.488773345947266,49.80648422241211,681.3456420898438,0.5998749999999999,8.187489583333335e-05
,,,,,214458,1030.0,2506,,,,,,
,,,,,214985,330.0,2130,,,,,,
,,,,,215000,,,8.993014335632324,56.004722595214844,54.834503173828125,440.0376892089844,0.5978125000000001,8.177072916666667e-05
,,,,,215694,960.0,2850,,,,,,
,,,,,216000,,,3.4148507118225098,52.795265197753906,53.318416595458984,225.20249938964844,0.59575,8.16665625e-05
,,,,,216163,310.0,1890,,,,,,
,,,,,217000,,,10.182701110839844,53.04149627685547,53.11695098876953,358.4269104003906,0.5936875,8.156239583333334e-05
,,,,,217187,1170.0,4122,,,,,,
,,,,,217943,1080.0,3050,,,,,,
,,,,,218000,,,5.534529209136963,49.68209457397461,49.0079231262207,284.9676513671875,0.5916250000000001,8.145822916666667e-05
,,,,,218349,320.0,1650,,,,,,
,,,,,218998,1120.0,2618,,,,,,
,,,,,219000,,,35.11675262451172,57.58192825317383,55.60348892211914,864.715576171875,0.5895625,8.13540625e-05
,,,,,219443,340.0,1786,,,,,,
,,,,,219956,280.0,2058,,,,,,
2170.0,1318.9087,3480.0,490.0,2744.4,220000,,,4.453880310058594,63.026580810546875,62.96910858154297,236.81704711914062,0.5874999999999999,8.124989583333333e-05
,,,,,220519,450.0,2274,,,,,,
,,,,,220941,340.0,1698,,,,,,
,,,,,221000,,,8.203880310058594,52.042781829833984,50.38114547729492,725.9213256835938,0.5854375,8.114572916666667e-05
,,,,,221344,440.0,1626,,,,,,
,,,,,221896,350.0,2226,,,,,,
,,,,,222000,,,13.634744644165039,55.9215087890625,55.79800796508789,457.9440612792969,0.583375,8.10415625e-05
,,,,,222466,560.0,2290,,,,,,
,,,,,222978,420.0,2074,,,,,,
,,,,,223000,,,8.157630920410156,54.556739807128906,55.05493927001953,351.0555419921875,0.5813125,8.093739583333334e-05
,,,,,223458,360.0,1938,,,,,,
,,,,,224000,,,10.344046592712402,59.17787551879883,60.04674530029297,364.6113586425781,0.57925,8.083322916666667e-05
,,,,,224120,740.0,2666,,,,,,
,,,,,224635,340.0,2074,,,,,,
,,,,,225000,,,39.17478561401367,59.439537048339844,61.51482391357422,780.1222534179688,0.5771875,8.072906250000001e-05
,,,,,225147,430.0,2058,,,,,,
,,,,,225642,370.0,1978,,,,,,
,,,,,226000,,,49.47151184082031,56.71714401245117,56.75916290283203,853.8980712890625,0.5751250000000001,8.062489583333334e-05
,,,,,226223,1180.0,2338,,,,,,
,,,,,226656,410.0,1754,,,,,,
,,,,,227000,,,10.108353614807129,58.3470458984375,57.89269256591797,332.17669677734375,0.5730625,8.052072916666667e-05
,,,,,227280,350.0,2514,,,,,,
,,,,,227857,340.0,2338,,,,,,
,,,,,228000,,,6.012918949127197,59.44476318359375,59.001708984375,352.31634521484375,0.571,8.04165625e-05
,,,,,228907,1670.0,4226,,,,,,
,,,,,229000,,,89.9000473022461,54.606388092041016,56.74863052368164,1559.3807373046875,0.5689375,8.031239583333334e-05
,,,,,229478,460.0,2298,,,,,,
,,,,,229860,260.0,1538,,,,,,
473.0,133.12024,610.0,340.0,2180.4,230000,,,7.592279434204102,53.49488067626953,53.68999099731445,270.9220886230469,0.566875,8.020822916666667e-05
,,,,,230519,390.0,2642,,,,,,
,,,,,231000,,,8.411285400390625,57.81620788574219,57.76592254638672,352.22857666015625,0.5648124999999999,8.01040625e-05
,,,,,231258,880.0,2970,,,,,,
,,,,,231668,400.0,1666,,,,,,
,,,,,232000,,,14.475515365600586,57.59966278076172,56.908138275146484,514.1956787109375,0.5627500000000001,7.999989583333334e-05
,,,,,232163,280.0,1994,,,,,,
,,,,,232994,1150.0,3346,,,,,,
,,,,,233000,,,13.490494728088379,55.99757766723633,53.942195892333984,786.266357421875,0.5606875,7.989572916666668e-05
,,,,,233370,180.0,1530,,,,,,
,,,,,234000,,,10.217527389526367,53.296058654785156,54.4930419921875,573.696044921875,0.5586249999999999,7.979156250000001e-05
,,,,,234088,580.0,2890,,,,,,
,,,,,234639,390.0,2210,,,,,,
,,,,,235000,,,8.73679256439209,54.739261627197266,55.74126052856445,559.231201171875,0.5565625,7.968739583333334e-05
,,,,,235188,460.0,2226,,,,,,
,,,,,235837,600.0,2594,,,,,,
,,,,,236000,,,28.056236267089844,58.832496643066406,58.9296760559082,356.96685791015625,0.5545,7.958322916666667e-05
,,,,,236508,830.0,2706,,,,,,
,,,,,237000,,,4.720731735229492,55.39851379394531,55.335548400878906,213.41062927246094,0.5524375,7.94790625e-05
,,,,,237018,410.0,2066,,,,,,
,,,,,237756,830.0,2970,,,,,,
,,,,,238000,,,53.198707580566406,56.786888122558594,57.7628059387207,639.3594970703125,0.5503750000000001,7.937489583333334e-05
,,,,,238387,1120.0,2546,,,,,,
,,,,,238838,320.0,1818,,,,,,
,,,,,239000,,,8.483244895935059,60.171241760253906,59.90837860107422,310.3960876464844,0.5483125,7.927072916666667e-05
,,,,,239378,400.0,2170,,,,,,
,,,,,239711,260.0,1338,,,,,,
919.0,173.69226,1260.0,800.0,3036.4,240000,,,8.203696250915527,60.69427490234375,60.27031707763672,312.4505615234375,0.54625,7.916656250000001e-05
,,,,,240477,870.0,3074,,,,,,
,,,,,241000,,,11.010171890258789,70.2559585571289,68.76313018798828,650.59814453125,0.5441875,7.906239583333334e-05
,,,,,241271,710.0,3194,,,,,,
,,,,,241749,280.0,1914,,,,,,
,,,,,242000,,,6.098474502563477,56.162200927734375,55.624664306640625,289.3989562988281,0.542125,7.895822916666667e-05
,,,,,242384,470.0,2546,,,,,,
,,,,,242815,280.0,1738,,,,,,
,,,,,243000,,,33.380523681640625,63.54329299926758,64.63362121582031,497.1010437011719,0.5400625,7.885406250000001e-05
,,,,,243602,620.0,3170,,,,,,
,,,,,244000,,,242.74026489257812,60.85272216796875,63.66011428833008,1085.496826171875,0.538,7.874989583333334e-05
,,,,,244727,1330.0,4506,,,,,,
,,,,,245000,,,299.59698486328125,54.11181640625,55.605003356933594,1202.583984375,0.5359375,7.864572916666667e-05
,,,,,245298,390.0,2290,,,,,,
,,,,,246000,,,253.20703125,56.75133514404297,59.699241638183594,1266.6737060546875,0.533875,7.85415625e-05
,,,,,246252,760.0,3842,,,,,,
,,,,,246956,560.0,2818,,,,,,
,,,,,247000,,,14.716194152832031,65.09577941894531,66.12188720703125,635.6339721679688,0.5318125,7.843739583333334e-05
,,,,,247429,380.0,1890,,,,,,
,,,,,248000,,,15.614633560180664,66.6268310546875,66.34423828125,416.9914245605469,0.5297499999999999,7.833322916666668e-05
,,,,,248186,630.0,3042,,,,,,
,,,,,248654,320.0,1898,,,,,,
,,,,,249000,,,11.01536750793457,71.85301208496094,69.8362808227539,779.503173828125,0.5276875,7.822906250000001e-05
,,,,,249330,750.0,2706,,,,,,
,,,,,249879,280.0,2202,,,,,,
1014.0,143.95833,1160.0,840.0,3142.0,250000,,,11.082082748413086,59.0149040222168,58.5967903137207,421.213134765625,0.525625,7.812489583333334e-05
,,,,,250620,660.0,2962,,,,,,
,,,,,251000,,,4.128897666931152,63.73039627075195,63.226680755615234,242.99903869628906,0.5235624999999999,7.802072916666668e-05
,,,,,251286,520.0,2666,,,,,,
,,,,,251774,280.0,1978,,,,,,
,,,,,252000,,,10.075722694396973,63.396732330322266,64.12247467041016,356.89569091796875,0.5215000000000001,7.79165625e-05
,,,,,252493,340.0,2882,,,,,,
,,,,,253000,,,6.893571376800537,59.65406799316406,59.19833755493164,294.7502136230469,0.5194375,7.781239583333333e-05
,,,,,253166,680.0,2714,,,,,,
,,,,,254000,,,8.455493927001953,61.2642822265625,60.4527702331543,321.78961181640625,0.517375,7.770822916666666e-05
,,,,,254019,1000.0,3426,,,,,,
,,,,,254515,370.0,2010,,,,,,
,,,,,255000,,,8.575272560119629,72.47122192382812,72.34962463378906,372.1341247558594,0.5153125000000001,7.76040625e-05
,,,,,255017,410.0,2026,,,,,,
,,,,,255723,520.0,2826,,,,,,
,,,,,256000,,,21.270084381103516,56.44470977783203,57.34024429321289,693.01318359375,0.51325,7.749989583333333e-05
,,,,,256269,430.0,2210,,,,,,
,,,,,256747,380.0,1938,,,,,,
,,,,,257000,,,7.800986289978027,56.40507125854492,55.24568176269531,395.40814208984375,0.5111874999999999,7.739572916666666e-05
,,,,,257614,1080.0,3474,,,,,,
,,,,,258000,,,31.322677612304688,62.75996398925781,62.71002960205078,449.80059814453125,0.509125,7.72915625e-05
,,,,,258374,710.0,3042,,,,,,
,,,,,259000,,,12.197638511657715,61.54785919189453,59.96058654785156,751.6443481445312,0.5070625,7.718739583333335e-05
,,,,,259048,620.0,2706,,,,,,
,,,,,259541,390.0,1994,,,,,,
729.0,273.29288,1270.0,560.0,2953.2,260000,,,1236.203125,56.8665885925293,62.352333068847656,4464.1865234375,0.505,7.708322916666668e-05
,,,,,260255,620.0,2858,,,,,,
,,,,,261000,,,9.922792434692383,63.81422805786133,63.71100997924805,309.2437438964844,0.5029375,7.69790625e-05
,,,,,261043,950.0,3170,,,,,,
,,,,,261618,700.0,2322,,,,,,
,,,,,262000,,,26.161712646484375,64.36955261230469,65.45320129394531,463.9339294433594,0.500875,7.687489583333333e-05
,,,,,262639,1430.0,4090,,,,,,
,,,,,263000,,,5.452178001403809,58.24322509765625,57.49668502807617,341.127197265625,0.4988125,7.677072916666667e-05
,,,,,263343,900.0,2842,,,,,,
,,,,,264000,,,16.886632919311523,66.82818603515625,67.58369445800781,532.2382202148438,0.49675,7.66665625e-05
,,,,,264320,2210.0,3930,,,,,,
,,,,,264750,320.0,1722,,,,,,
,,,,,265000,,,10.53536319732666,58.6470832824707,59.921653747558594,578.276123046875,0.49468750000000006,7.656239583333333e-05
,,,,,265304,500.0,2218,,,,,,
,,,,,266000,,,12.46687126159668,60.09366989135742,61.1201057434082,663.8436889648438,0.4926250000000001,7.645822916666667e-05
,,,,,266182,960.0,3538,,,,,,
,,,,,266768,770.0,2370,,,,,,
,,,,,267000,,,19.06342315673828,68.3572998046875,69.16413116455078,615.6610107421875,0.4905625,7.63540625e-05
,,,,,267540,640.0,3114,,,,,,
,,,,,268000,,,11.466133117675781,60.586326599121094,59.73392868041992,512.08203125,0.48849999999999993,7.624989583333334e-05
,,,,,268333,1110.0,3186,,,,,,
,,,,,268805,390.0,1906,,,,,,
,,,,,269000,,,90.99142456054688,67.66353607177734,69.93170166015625,976.335205078125,0.48643749999999997,7.614572916666667e-05
,,,,,269277,370.0,1914,,,,,,
498.0,59.632206,540.0,380.0,2673.2,270000,,,18.62905502319336,68.36902618408203,66.99809265136719,707.8839721679688,0.484375,7.60415625e-05
,,,,,270002,810.0,2914,,,,,,
,,,,,270692,650.0,2770,,,,,,
,,,,,271000,,,23.475730895996094,68.20751190185547,67.10246276855469,718.976318359375,0.4823124999999999,7.593739583333333e-05
,,,,,271215,430.0,2098,,,,,,
,,,,,271972,810.0,3034,,,,,,
,,,,,272000,,,9.081594467163086,72.32217407226562,71.13179016113281,500.6098937988281,0.48024999999999995,7.583322916666666e-05
,,,,,272441,340.0,1882,,,,,,
,,,,,272926,320.0,1938,,,,,,
,,,,,273000,,,22.309906005859375,68.66084289550781,69.4215087890625,815.885498046875,0.4781875,7.57290625e-05
,,,,,273891,980.0,3866,,,,,,
,,,,,274000,,,62.723819732666016,68.62351989746094,69.86810302734375,563.8432006835938,0.476125,7.562489583333334e-05
,,,,,274792,1410.0,3626,,,,,,
,,,,,275000,,,52.94834899902344,65.37564086914062,67.35263061523438,716.3301391601562,0.47406250000000005,7.552072916666667e-05
,,,,,275372,320.0,2322,,,,,,
,,,,,275816,330.0,1794,,,,,,
,,,,,276000,,,12.351805686950684,67.14614868164062,66.45816802978516,392.75848388671875,0.472,7.54165625e-05
,,,,,276560,1360.0,2994,,,,,,
,,,,,277000,,,23.208999633789062,67.255859375,67.52352905273438,446.7056579589844,0.4699375,7.531239583333334e-05
,,,,,277414,1420.0,3434,,,,,,
,,,,,278000,,,8.281140327453613,63.86815643310547,64.19248962402344,428.8875427246094,0.46787500000000004,7.520822916666668e-05
,,,,,278159,700.0,2978,,,,,,
,,,,,278933,1360.0,3114,,,,,,
,,,,,279000,,,6.725313663482666,66.28411865234375,66.63909912109375,377.558349609375,0.4658125000000001,7.51040625e-05
,,,,,279343,200.0,1650,,,,,,
618.0,299.09195,1050.0,370.0,3262.8,280000,,,9.831582069396973,71.81184387207031,71.99775695800781,423.6364440917969,0.46375,7.499989583333333e-05
,,,,,280115,800.0,3090,,,,,,
,,,,,280602,310.0,1978,,,,,,
,,,,,281000,,,19.09648895263672,72.34188079833984,71.9677963256836,486.04132080078125,0.46168750000000003,7.489572916666667e-05
,,,,,281050,300.0,1818,,,,,,
,,,,,281689,680.0,2578,,,,,,
,,,,,282000,,,24.207487106323242,70.86758422851562,70.83514404296875,563.550048828125,0.45962500000000006,7.47915625e-05
,,,,,282389,870.0,2810,,,,,,
,,,,,283000,,,10.960999488830566,69.24510192871094,68.99225616455078,427.4930419921875,0.4575625,7.468739583333333e-05
,,,,,283478,1240.0,4378,,,,,,
,,,,,284000,,,15.820304870605469,67.39173889160156,68.36384582519531,739.1210327148438,0.4555,7.458322916666667e-05
,,,,,284035,590.0,2250,,,,,,
,,,,,284712,1080.0,2730,,,,,,
,,,,,285000,,,9.611038208007812,70.23320770263672,69.61247253417969,294.0598449707031,0.45343749999999994,7.447906250000001e-05
,,,,,286000,,,6.810286998748779,69.3132095336914,68.62879943847656,338.2255859375,0.45137499999999997,7.437489583333334e-05
,,,,,286072,1620.0,5450,,,,,,
,,,,,286617,400.0,2202,,,,,,
,,,,,287000,,,10.370384216308594,73.750244140625,72.83010864257812,557.241455078125,0.4493125,7.427072916666667e-05
,,,,,287213,450.0,2402,,,,,,
,,,,,288000,,,10.369524002075195,63.672760009765625,63.01634979248047,361.015869140625,0.44725000000000004,7.41665625e-05
,,,,,288160,1460.0,3802,,,,,,
,,,,,288990,570.0,3346,,,,,,
,,,,,289000,,,9.871967315673828,73.24266815185547,72.79220581054688,427.2940673828125,0.44518749999999996,7.406239583333334e-05
,,,,,289633,590.0,2586,,,,,,
775.0,239.96875,1490.0,660.0,2657.2,290000,,,379.37481689453125,66.11456298828125,69.69964599609375,1806.9002685546875,0.443125,7.395822916666667e-05
,,,,,290153,420.0,2098,,,,,,
,,,,,290758,610.0,2442,,,,,,
,,,,,291000,,,15.01042366027832,69.18618774414062,68.492431640625,490.4067077636719,0.4410625,7.38540625e-05
,,,,,291203,290.0,1794,,,,,,
,,,,,291909,800.0,2850,,,,,,
,,,,,292000,,,8.532352447509766,67.91169738769531,67.0828628540039,385.6854553222656,0.43900000000000006,7.374989583333334e-05
,,,,,292401,260.0,1970,,,,,,
,,,,,293000,,,7.95616340637207,62.8702392578125,62.71757507324219,224.041259765625,0.4369375,7.364572916666668e-05
,,,,,293121,1060.0,2898,,,,,,
,,,,,293695,310.0,2322,,,,,,
,,,,,294000,,,19.659942626953125,68.30242919921875,67.50289916992188,647.2472534179688,0.434875,7.354156250000001e-05
,,,,,294246,310.0,2210,,,,,,
,,,,,294968,610.0,2898,,,,,,
,,,,,295000,,,13.552164077758789,76.92214965820312,77.66333770751953,488.2073974609375,0.43281250000000004,7.343739583333334e-05
,,,,,295686,680.0,2874,,,,,,
,,,,,296000,,,16.294809341430664,73.78726196289062,73.25859832763672,868.1438598632812,0.4307500000000001,7.333322916666668e-05
,,,,,296016,310.0,1346,,,,,,
,,,,,296764,790.0,2994,,,,,,
,,,,,297000,,,15.32464599609375,72.68621826171875,72.65099334716797,438.43865966796875,0.4286875000000001,7.322906250000001e-05
,,,,,298000,,,350.407470703125,68.9770278930664,72.4384765625,1428.7222900390625,0.4266249999999999,7.312489583333332e-05
,,,,,298018,1220.0,5018,,,,,,
,,,,,298840,940.0,3298,,,,,,
,,,,,299000,,,10.191305160522461,69.18826293945312,69.0643539428711,338.19207763671875,0.42456249999999995,7.302072916666666e-05
,,,,,299469,630.0,2530,,,,,,
1480.0,444.65717,2010.0,940.0,3315.6,300000,,,380.369384765625,69.08821105957031,72.26708984375,1439.01806640625,0.4225,7.29165625e-05
,,,,,300058,590.0,2378,,,,,,
,,,,,300696,610.0,2570,,,,,,
,,,,,301000,,,13.68581485748291,75.19446563720703,74.83059692382812,540.543212890625,0.4204375,7.281239583333334e-05
,,,,,301303,710.0,2434,,,,,,
,,,,,301821,330.0,2074,,,,,,
,,,,,302000,,,7.992722511291504,77.56913757324219,75.88150024414062,650.6044921875,0.41837499999999994,7.270822916666666e-05
,,,,,302706,990.0,3554,,,,,,
,,,,,303000,,,111.23139953613281,71.49436950683594,72.67407989501953,954.4658203125,0.4163125,7.26040625e-05
,,,,,303850,1960.0,4586,,,,,,
,,,,,304000,,,13.172679901123047,65.36017608642578,65.433837890625,390.7083435058594,0.41425,7.249989583333335e-05
,,,,,304562,930.0,2874,,,,,,
,,,,,305000,,,9.02884292602539,71.18685150146484,70.77330017089844,328.6123046875,0.41218750000000004,7.239572916666668e-05
,,,,,305205,910.0,2594,,,,,,
,,,,,305605,290.0,1610,,,,,,
,,,,,306000,,,5.7692365646362305,74.07183837890625,73.78404235839844,322.90911865234375,0.41012499999999996,7.22915625e-05
,,,,,306227,700.0,2514,,,,,,
,,,,,306965,910.0,2978,,,,,,
,,,,,307000,,,50.80187225341797,79.66677856445312,80.09648895263672,646.4312133789062,0.4080625,7.218739583333333e-05
,,,,,307496,540.0,2146,,,,,,
,,,,,308000,,,6.709051132202148,64.63593292236328,64.47297668457031,289.5108337402344,0.406,7.208322916666668e-05
,,,,,308162,640.0,2666,,,,,,
,,,,,308597,320.0,1762,,,,,,
,,,,,309000,,,12.68974494934082,70.16767883300781,69.54499816894531,421.549560546875,0.40393750000000006,7.19790625e-05
,,,,,309276,700.0,2738,,,,,,
,,,,,309731,380.0,1834,,,,,,
594.0,83.330666,770.0,490.0,2589.2,310000,,,4.348769187927246,66.92732238769531,66.02755737304688,321.9832763671875,0.4018750000000001,7.187489583333333e-05
,,,,,310230,410.0,2018,,,,,,
,,,,,310831,470.0,2418,,,,,,
,,,,,311000,,,10.520929336547852,66.63241577148438,64.63542175292969,694.734619140625,0.3998125,7.177072916666667e-05
,,,,,311325,350.0,1994,,,,,,
,,,,,312000,,,11.066232681274414,74.99014282226562,74.27507019042969,464.9617614746094,0.39775000000000005,7.16665625e-05
,,,,,312248,730.0,3698,,,,,,
,,,,,313000,,,10.001016616821289,70.81010437011719,71.5577392578125,457.0148620605469,0.39568749999999997,7.156239583333333e-05
,,,,,313094,730.0,3394,,,,,,
,,,,,313675,550.0,2330,,,,,,
,,,,,314000,,,7.746450424194336,72.70635223388672,72.96336364746094,288.1482238769531,0.393625,7.145822916666667e-05
,,,,,314347,800.0,2690,,,,,,
,,,,,315000,,,14.154233932495117,81.9257583618164,78.9830093383789,1096.5947265625,0.3915624999999999,7.13540625e-05
,,,,,315165,2140.0,3290,,,,,,
,,,,,315929,780.0,3074,,,,,,
,,,,,316000,,,122.2813949584961,69.91236114501953,71.37762451171875,1207.454833984375,0.38949999999999996,7.124989583333333e-05
,,,,,316308,320.0,1546,,,,,,
,,,,,316754,360.0,1786,,,,,,
,,,,,317000,,,157.0982666015625,69.77940368652344,72.70623779296875,1256.5479736328125,0.3874375,7.114572916666666e-05
,,,,,317364,580.0,2458,,,,,,
,,,,,317997,510.0,2538,,,,,,
,,,,,318000,,,8.519905090332031,73.87786102294922,72.71580505371094,507.38336181640625,0.385375,7.10415625e-05
,,,,,318497,340.0,2002,,,,,,
,,,,,319000,,,7.816125869750977,70.99476623535156,70.5529556274414,348.1363830566406,0.38331249999999994,7.093739583333334e-05
,,,,,319289,680.0,3178,,,,,,
726.0,33.226494,760.0,640.0,3180.4,320000,,,18.898380279541016,76.96812438964844,76.3509521484375,602.9310302734375,0.38125,7.083322916666667e-05
,,,,,320090,770.0,3218,,,,,,
,,,,,320674,630.0,2362,,,,,,
,,,,,321000,,,11.519214630126953,66.26829528808594,64.72089385986328,647.4746704101562,0.3791875,7.07290625e-05
,,,,,321721,1410.0,4210,,,,,,
,,,,,322000,,,15.272720336914062,74.80406188964844,75.36459350585938,430.0746765136719,0.37712500000000004,7.062489583333334e-05
,,,,,322360,720.0,2570,,,,,,
,,,,,323000,,,9.713664054870605,66.84146118164062,65.88822937011719,436.70562744140625,0.3750625000000001,7.052072916666667e-05
,,,,,323005,700.0,2594,,,,,,
,,,,,323903,2440.0,3602,,,,,,
,,,,,324000,,,9.611724853515625,75.73532104492188,76.25588989257812,371.554931640625,0.373,7.04165625e-05
,,,,,324598,520.0,2786,,,,,,
,,,,,325000,,,25.528533935546875,75.04725646972656,75.28416442871094,710.1627197265625,0.37093750000000003,7.031239583333333e-05
,,,,,325400,1090.0,3218,,,,,,
,,,,,326000,,,6.690450191497803,69.0595703125,69.43403625488281,544.1321411132812,0.36887500000000006,7.020822916666667e-05
,,,,,326028,930.0,2538,,,,,,
,,,,,326969,960.0,3786,,,,,,
,,,,,327000,,,12.18869686126709,69.80390167236328,67.63058471679688,759.579345703125,0.3668125000000001,7.01040625e-05
,,,,,327925,4070.0,3834,,,,,,
,,,,,328000,,,42.39897155761719,69.78939819335938,70.21731567382812,681.6995849609375,0.3647499999999999,6.999989583333333e-05
,,,,,328898,1100.0,3898,,,,,,
,,,,,329000,,,18.44208526611328,80.1966781616211,79.85750579833984,560.7572631835938,0.36268749999999994,6.989572916666667e-05
,,,,,329353,350.0,1818,,,,,,
,,,,,329949,660.0,2394,,,,,,
464.0,12.0,500.0,460.0,2304.4,330000,,,13.561100006103516,66.44815063476562,66.28404235839844,591.1320190429688,0.360625,6.979156250000001e-05
,,,,,330678,990.0,2946,,,,,,
,,,,,331000,,,18.70950698852539,69.52841186523438,69.07232666015625,585.5933227539062,0.3585625,6.968739583333334e-05
,,,,,331129,440.0,1826,,,,,,
,,,,,331785,1040.0,2650,,,,,,
,,,,,332000,,,30.01401138305664,78.33190155029297,78.61239624023438,485.2779846191406,0.35650000000000004,6.958322916666667e-05
,,,,,332692,1590.0,3650,,,,,,
,,,,,333000,,,12.670103073120117,74.06002807617188,72.81355285644531,692.162353515625,0.35443749999999996,6.94790625e-05
,,,,,333449,750.0,3034,,,,,,
,,,,,334000,,,170.3652801513672,79.26512145996094,82.0149917602539,1402.692138671875,0.352375,6.937489583333334e-05
,,,,,334481,1110.0,4154,,,,,,
,,,,,335000,,,16.61743927001953,81.6917724609375,82.79964447021484,685.6043701171875,0.3503125,6.927072916666667e-05
,,,,,335064,690.0,2354,,,,,,
,,,,,336000,,,258.66790771484375,79.37635040283203,81.73503112792969,1341.252685546875,0.34825000000000006,6.91665625e-05
,,,,,336319,1140.0,5050,,,,,,
,,,,,337000,,,493.47491455078125,66.81937408447266,71.42221069335938,2337.8310546875,0.3461875,6.906239583333334e-05
,,,,,337411,1230.0,4370,,,,,,
,,,,,338000,,,9.89847469329834,76.13933563232422,76.17738342285156,431.69049072265625,0.344125,6.895822916666668e-05
,,,,,338108,860.0,2810,,,,,,
,,,,,339000,,,34.430503845214844,78.15110778808594,76.83781433105469,1099.52294921875,0.34206250000000005,6.885406250000001e-05
,,,,,339169,1280.0,4258,,,,,,
486.0,58.685604,560.0,420.0,2417.2,340000,,,8.029252052307129,77.549560546875,77.660888671875,486.91668701171875,0.3400000000000001,6.874989583333334e-05
,,,,,340013,1140.0,3386,,,,,,
,,,,,340785,690.0,3098,,,,,,
,,,,,341000,,,88.9035415649414,76.24818420410156,76.75428771972656,1026.680419921875,0.3379375,6.864572916666667e-05
,,,,,341231,440.0,1794,,,,,,
,,,,,342000,,,13.1805419921875,75.633056640625,74.4843978881836,693.5571899414062,0.33587500000000003,6.85415625e-05
,,,,,342287,1380.0,4234,,,,,,
,,,,,343000,,,5.739484786987305,76.20490264892578,76.11913299560547,303.5262145996094,0.33381249999999996,6.843739583333332e-05
,,,,,343011,1310.0,2898,,,,,,
,,,,,343549,410.0,2170,,,,,,
,,,,,344000,,,172.179931640625,99.02849578857422,101.74208068847656,1317.2176513671875,0.33175,6.833322916666667e-05
,,,,,344233,870.0,2738,,,,,,
,,,,,344832,580.0,2418,,,,,,
,,,,,345000,,,9.610454559326172,79.86541748046875,80.76615905761719,571.9320068359375,0.3296875,6.822906250000001e-05
,,,,,345664,760.0,3346,,,,,,
,,,,,346000,,,21.3380126953125,93.68489074707031,95.0977783203125,888.5421142578125,0.32762499999999994,6.812489583333334e-05
,,,,,346251,510.0,2354,,,,,,
,,,,,346841,1010.0,2378,,,,,,
,,,,,347000,,,162.18162536621094,90.8795166015625,93.84600830078125,1439.585205078125,0.3255625,6.802072916666666e-05
,,,,,347485,580.0,2586,,,,,,
,,,,,348000,,,18.578123092651367,80.21318054199219,79.4864501953125,717.2649536132812,0.3235,6.791656250000001e-05
,,,,,348304,1200.0,3282,,,,,,
,,,,,348859,750.0,2242,,,,,,
,,,,,349000,,,10.022758483886719,76.00122833251953,75.66304779052734,762.0484619140625,0.32143750000000004,6.781239583333334e-05
,,,,,349338,420.0,1930,,,,,,
604.0,312.38437,1150.0,350.0,2663.6,350000,,,198.36610412597656,88.6932373046875,91.39765930175781,1345.5400390625,0.31937499999999996,6.770822916666666e-05
,,,,,350148,1180.0,3266,,,,,,
,,,,,350763,1230.0,2466,,,,,,
,,,,,351000,,,15.316595077514648,76.04536437988281,76.23445129394531,567.4398193359375,0.3173125,6.760406249999999e-05
,,,,,351280,510.0,2066,,,,,,
,,,,,352000,,,57.44576644897461,84.64312744140625,86.83415222167969,1014.7521362304688,0.31525000000000003,6.749989583333333e-05
,,,,,352142,1390.0,3467,,,,,,
,,,,,353000,,,73.58822631835938,79.20150756835938,80.59703063964844,1015.7893676757812,0.31318750000000006,6.739572916666668e-05
,,,,,353078,600.0,3762,,,,,,
,,,,,353804,470.0,2930,,,,,,
,,,,,354000,,,23.209232330322266,74.74786376953125,74.89511108398438,552.5398559570312,0.311125,6.72915625e-05
,,,,,354723,740.0,3690,,,,,,
,,,,,355000,,,12.393199920654297,69.71595764160156,68.83839416503906,613.7793579101562,0.3090625,6.718739583333333e-05
,,,,,355230,290.0,2042,,,,,,
,,,,,356000,,,10.978485107421875,77.57070922851562,77.55135345458984,568.4099731445312,0.30700000000000005,6.708322916666668e-05
,,,,,356110,1020.0,3538,,,,,,
,,,,,357000,,,8.367440223693848,80.61102294921875,80.01294708251953,400.4297790527344,0.3049375000000001,6.69790625e-05
,,,,,357121,1050.0,4066,,,,,,
,,,,,357690,490.0,2282,,,,,,
,,,,,358000,,,17.845842361450195,84.11126708984375,82.86854553222656,643.5602416992188,0.302875,6.687489583333333e-05
,,,,,358454,1310.0,3066,,,,,,
,,,,,358939,460.0,1954,,,,,,
,,,,,359000,,,16.068416595458984,78.43470764160156,78.95854949951172,476.3749694824219,0.3008124999999999,6.677072916666666e-05
,,,,,359416,390.0,1930,,,,,,
960.0,315.78473,1320.0,570.0,2984.4,360000,,,9.365352630615234,79.7236557006836,80.39585876464844,483.2528076171875,0.29874999999999996,6.66665625e-05
,,,,,360110,860.0,2778,,,,,,
,,,,,360621,400.0,2066,,,,,,
,,,,,361000,,,10.23294448852539,76.2542495727539,75.38664245605469,496.64276123046875,0.2966875,6.656239583333333e-05
,,,,,361468,1280.0,3410,,,,,,
,,,,,362000,,,16.54425811767578,77.49896240234375,78.58589935302734,963.4689331054688,0.294625,6.645822916666666e-05
,,,,,362036,760.0,2298,,,,,,
,,,,,362565,480.0,2138,,,,,,
,,,,,363000,,,13.101797103881836,74.09243774414062,73.28627014160156,594.5762939453125,0.29256249999999995,6.63540625e-05
,,,,,363375,690.0,3258,,,,,,
,,,,,364000,,,19.661972045898438,79.43086242675781,79.36871337890625,518.8363647460938,0.2905,6.624989583333335e-05
,,,,,364162,970.0,3170,,,,,,
,,,,,364661,390.0,2026,,,,,,
,,,,,365000,,,8.71691608428955,83.1800765991211,83.82003784179688,517.6773071289062,0.2884375,6.614572916666667e-05
,,,,,365292,550.0,2546,,,,,,
,,,,,365810,450.0,2082,,,,,,
,,,,,366000,,,16.12689208984375,81.32653045654297,81.82981872558594,782.5093383789062,0.28637500000000005,6.60415625e-05
,,,,,366471,1260.0,2658,,,,,,
,,,,,367000,,,627.3656616210938,78.25041198730469,82.86534118652344,2111.4150390625,0.28431249999999997,6.593739583333333e-05
,,,,,367136,810.0,2666,,,,,,
,,,,,367569,380.0,1738,,,,,,
,,,,,368000,,,10.548381805419922,83.26775360107422,82.52327728271484,444.5725402832031,0.28225,6.583322916666667e-05
,,,,,368428,800.0,3442,,,,,,
,,,,,368916,520.0,1954,,,,,,
,,,,,369000,,,36.57305908203125,80.27366638183594,80.90872955322266,547.754150390625,0.28018750000000003,6.57290625e-05
,,,,,369610,740.0,2786,,,,,,
953.0,530.86816,1760.0,510.0,3171.6,370000,,,19.621383666992188,87.29638671875,86.28034973144531,774.3004760742188,0.27812500000000007,6.562489583333333e-05
,,,,,370151,460.0,2178,,,,,,
,,,,,370983,1140.0,3330,,,,,,
,,,,,371000,,,12.607064247131348,79.59566497802734,78.96601104736328,454.700927734375,0.2760625000000001,6.552072916666667e-05
,,,,,371908,980.0,3722,,,,,,
,,,,,372000,,,17.697702407836914,82.46945190429688,84.47870635986328,1313.4583740234375,0.274,6.54165625e-05
,,,,,372385,350.0,1930,,,,,,
,,,,,373000,,,6.356951713562012,89.5633544921875,88.64097595214844,337.0125427246094,0.27193749999999994,6.531239583333333e-05
,,,,,373032,1250.0,2610,,,,,,
,,,,,373895,860.0,3458,,,,,,
,,,,,374000,,,11.63975715637207,78.74580383300781,78.409912109375,440.5093994140625,0.269875,6.520822916666667e-05
,,,,,374471,920.0,2330,,,,,,
,,,,,375000,,,7.462230205535889,79.83138275146484,79.5666732788086,291.44482421875,0.2678125,6.510406250000001e-05
,,,,,375439,940.0,3882,,,,,,
,,,,,375908,500.0,1906,,,,,,
,,,,,376000,,,8.80217170715332,78.10887908935547,78.01824951171875,376.1319580078125,0.26574999999999993,6.499989583333334e-05
,,,,,376558,1230.0,2610,,,,,,
,,,,,377000,,,9.174714088439941,80.94500732421875,79.2786865234375,684.0974731445312,0.26368749999999996,6.489572916666666e-05
,,,,,377127,520.0,2282,,,,,,
,,,,,377982,1330.0,3426,,,,,,
,,,,,378000,,,13.613775253295898,90.47438049316406,91.34042358398438,609.0069580078125,0.261625,6.47915625e-05
,,,,,378517,480.0,2154,,,,,,
,,,,,379000,,,21.523252487182617,84.89122772216797,84.13394165039062,1066.6246337890625,0.25956250000000003,6.468739583333334e-05
,,,,,379514,1120.0,4002,,,,,,
827.0,350.62943,1350.0,460.0,2344.4,380000,,,12.43564510345459,80.16754150390625,79.8598861694336,464.6773986816406,0.25750000000000006,6.458322916666667e-05
,,,,,380195,1030.0,2754,,,,,,
,,,,,380875,800.0,2746,,,,,,
,,,,,381000,,,6.405472755432129,86.48493957519531,86.466064453125,273.9218444824219,0.2554375,6.44790625e-05
,,,,,381263,340.0,1562,,,,,,
,,,,,382000,,,19.575380325317383,80.66068267822266,80.74140930175781,652.2403564453125,0.253375,6.437489583333334e-05
,,,,,382199,1240.0,3770,,,,,,
,,,,,382731,580.0,2130,,,,,,
,,,,,383000,,,14.463035583496094,85.80233001708984,86.77328491210938,541.4138793945312,0.25131250000000005,6.427072916666668e-05
,,,,,383119,350.0,1570,,,,,,
,,,,,383705,430.0,2354,,,,,,
,,,,,384000,,,9.565345764160156,78.26797485351562,78.04296875,285.9795227050781,0.24925000000000008,6.416656250000001e-05
,,,,,384266,360.0,2250,,,,,,
,,,,,385000,,,7.110540390014648,88.22514343261719,88.17964172363281,357.4393615722656,0.2471875,6.406239583333334e-05
,,,,,385329,1210.0,4258,,,,,,
,,,,,386000,,,12.702703475952148,80.75163269042969,79.89583587646484,504.0363464355469,0.24512500000000004,6.395822916666667e-05
,,,,,386281,1310.0,3834,,,,,,
,,,,,387000,,,18.724544525146484,88.65080261230469,89.38629150390625,758.8212890625,0.24306250000000007,6.38540625e-05
,,,,,387104,1030.0,3314,,,,,,
,,,,,387966,1280.0,3458,,,,,,
,,,,,388000,,,5.774546146392822,75.68975830078125,75.57791137695312,244.87246704101562,0.241,6.374989583333332e-05
,,,,,389000,,,13.379907608032227,71.38729095458984,71.00471496582031,485.2626647949219,0.2389374999999999,6.364572916666667e-05
,,,,,389054,1270.0,4378,,,,,,
,,,,,389605,410.0,2202,,,,,,
659.0,314.52982,1110.0,360.0,2508.4,390000,,,1273.2237548828125,76.49553680419922,83.88029479980469,3740.243896484375,0.23687499999999995,6.354156250000001e-05
,,,,,390363,1010.0,3050,,,,,,
,,,,,390871,330.0,2034,,,,,,
,,,,,391000,,,5.4790568351745605,76.60350799560547,76.0823745727539,311.24169921875,0.23481249999999998,6.343739583333334e-05
,,,,,391583,710.0,2858,,,,,,
,,,,,392000,,,28.26188850402832,87.68446350097656,87.87232971191406,786.7635498046875,0.23275,6.333322916666667e-05
,,,,,392055,430.0,1906,,,,,,
,,,,,392505,370.0,1802,,,,,,
,,,,,393000,,,8.20757007598877,84.01996612548828,84.33831024169922,341.40673828125,0.23068750000000005,6.322906250000001e-05
,,,,,393142,670.0,2570,,,,,,
,,,,,393873,910.0,2938,,,,,,
,,,,,394000,,,12.302499771118164,90.57418060302734,91.36439514160156,584.0242919921875,0.22862499999999997,6.312489583333334e-05
,,,,,394600,980.0,2930,,,,,,
,,,,,395000,,,17.638809204101562,89.97686767578125,87.89248657226562,849.5833740234375,0.2265625,6.302072916666667e-05
,,,,,395432,1810.0,3354,,,,,,
,,,,,396000,,,7.694424629211426,82.25328063964844,83.15663146972656,500.28472900390625,0.22450000000000003,6.29165625e-05
,,,,,396094,710.0,2666,,,,,,
,,,,,396519,350.0,1714,,,,,,
,,,,,396942,370.0,1722,,,,,,
,,,,,397000,,,9.586942672729492,85.62813568115234,84.84464263916016,401.6902160644531,0.22243750000000007,6.281239583333334e-05
,,,,,397409,440.0,1882,,,,,,
,,,,,397899,850.0,1978,,,,,,
,,,,,398000,,,11.393388748168945,78.8890380859375,79.50263977050781,425.26959228515625,0.220375,6.270822916666668e-05
,,,,,398540,870.0,2570,,,,,,
,,,,,399000,,,31.080772399902344,73.12764739990234,72.60174560546875,808.1449584960938,0.21831250000000002,6.26040625e-05
,,,,,399236,900.0,2794,,,,,,
,,,,,399891,570.0,2642,,,,,,
665.0,156.02884,850.0,490.0,2490.0,400000,,,12.265010833740234,77.40489196777344,76.98802185058594,357.1400451660156,0.21625000000000005,6.249989583333334e-05
,,,,,400459,500.0,2274,,,,,,
,,,,,401000,,,4.162447929382324,86.59729766845703,87.224853515625,263.7961120605469,0.2141875000000001,6.239572916666668e-05
,,,,,401102,1480.0,2586,,,,,,
,,,,,401894,1350.0,3178,,,,,,
,,,,,402000,,,18.2983455657959,79.24241638183594,78.60011291503906,526.2708129882812,0.212125,6.22915625e-05
,,,,,402736,1320.0,3378,,,,,,
,,,,,403000,,,7.425998210906982,72.62588500976562,72.9183120727539,309.50933837890625,0.21006249999999993,6.218739583333333e-05
,,,,,403310,650.0,2314,,,,,,
,,,,,404000,,,9.179658889770508,85.83100128173828,85.37490844726562,395.9731140136719,0.20799999999999996,6.208322916666666e-05
,,,,,404437,2820.0,4522,,,,,,
,,,,,404969,300.0,2130,,,,,,
,,,,,405000,,,8.648377418518066,86.32025146484375,84.98721313476562,790.6015625,0.2059375,6.19790625e-05
,,,,,405681,800.0,2850,,,,,,
,,,,,406000,,,15.620729446411133,85.81298065185547,86.50299835205078,550.1803588867188,0.20387500000000003,6.187489583333333e-05
,,,,,406451,880.0,3082,,,,,,
,,,,,407000,,,2.8692753314971924,77.49174499511719,77.447509765625,193.96434020996094,0.20181249999999995,6.177072916666666e-05
,,,,,407107,720.0,2642,,,,,,
,,,,,407998,2250.0,3586,,,,,,
,,,,,408000,,,13.282011032104492,75.27934265136719,74.67427825927734,581.8369750976562,0.19974999999999998,6.16665625e-05
,,,,,408631,570.0,2554,,,,,,
,,,,,409000,,,554.4849243164062,86.98564147949219,89.88365173339844,2148.287109375,0.19768750000000002,6.156239583333335e-05
,,,,,409186,620.0,2242,,,,,,
621.0,147.61098,840.0,510.0,3122.0,410000,,,24.388031005859375,86.6270751953125,85.99002075195312,1245.121337890625,0.19562500000000005,6.145822916666667e-05
,,,,,410167,1540.0,3938,,,,,,
,,,,,410658,460.0,1978,,,,,,
,,,,,411000,,,1180.95703125,85.65960693359375,90.97428894042969,5644.88818359375,0.19356249999999997,6.13540625e-05
,,,,,411464,1700.0,3242,,,,,,
,,,,,412000,,,9.16786003112793,88.4320068359375,88.43887329101562,504.68939208984375,0.1915,6.124989583333333e-05
,,,,,412378,1480.0,3666,,,,,,
,,,,,413000,,,10.16042709350586,85.71244812011719,85.34162139892578,338.3719177246094,0.18943750000000004,6.114572916666667e-05
,,,,,413176,1020.0,3210,,,,,,
,,,,,413990,800.0,3258,,,,,,
,,,,,414000,,,6.540356159210205,85.88162231445312,85.73944091796875,427.8141784667969,0.18737500000000007,6.10415625e-05
,,,,,414606,430.0,2474,,,,,,
,,,,,415000,,,12.877862930297852,84.66285705566406,86.16646575927734,844.7010498046875,0.1853125,6.093739583333333e-05
,,,,,415512,1450.0,3650,,,,,,
,,,,,416000,,,16.87799835205078,85.02703857421875,83.17753601074219,761.3458251953125,0.18325000000000002,6.083322916666667e-05
,,,,,416144,1890.0,2554,,,,,,
,,,,,416770,750.0,2506,,,,,,
,,,,,417000,,,6.890339374542236,84.19515991210938,83.78790283203125,259.98736572265625,0.18118750000000006,6.07290625e-05
,,,,,417324,600.0,2218,,,,,,
,,,,,418000,,,9.35127067565918,76.5860824584961,77.5968017578125,629.8729248046875,0.17912499999999998,6.062489583333333e-05
,,,,,418148,1090.0,3306,,,,,,
,,,,,418719,900.0,2306,,,,,,
,,,,,419000,,,13.104019165039062,82.61750030517578,82.38215637207031,506.5860290527344,0.1770625,6.0520729166666666e-05
,,,,,419615,880.0,3602,,,,,,
822.0,186.0,1060.0,610.0,2508.4,420000,,,148.42100524902344,95.91859436035156,100.31340026855469,1710.02490234375,0.17499999999999993,6.041656250000001e-05
,,,,,420433,1160.0,3290,,,,,,
,,,,,421000,,,7.3121232986450195,84.94027709960938,84.73252868652344,517.08544921875,0.17293749999999997,6.0312395833333336e-05
,,,,,421095,970.0,2666,,,,,,
,,,,,421985,1300.0,3562,,,,,,
,,,,,422000,,,9.994256019592285,87.01405334472656,86.78861999511719,382.01953125,0.170875,6.0208229166666665e-05
,,,,,423000,,,10.777246475219727,85.25126647949219,86.04539489746094,408.0684509277344,0.16881250000000003,6.01040625e-05
,,,,,423252,1010.0,5082,,,,,,
,,,,,423989,1030.0,2962,,,,,,
,,,,,424000,,,6.948720932006836,85.87405395507812,85.0777587890625,387.8202209472656,0.16674999999999995,5.999989583333334e-05
,,,,,424878,890.0,3554,,,,,,
,,,,,425000,,,21.437726974487305,100.47135925292969,99.95140075683594,808.2798461914062,0.1646875,5.989572916666667e-05
,,,,,425874,1160.0,4010,,,,,,
,,,,,426000,,,8.085644721984863,86.82612609863281,86.43795776367188,361.5832824707031,0.16262500000000002,5.97915625e-05
,,,,,426665,590.0,3162,,,,,,
,,,,,427000,,,13.22119140625,83.26643371582031,83.09896087646484,455.7532043457031,0.16056250000000005,5.9687395833333335e-05
,,,,,427405,1790.0,2978,,,,,,
,,,,,428000,,,67.61477661132812,84.81696319580078,86.30636596679688,915.0272827148438,0.15849999999999997,5.958322916666668e-05
,,,,,428035,1060.0,2546,,,,,,
,,,,,428943,1430.0,3642,,,,,,
,,,,,429000,,,7.584826469421387,86.61412048339844,87.44752502441406,431.59442138671875,0.1564375,5.9479062500000005e-05
,,,,,429491,570.0,2218,,,,,,
,,,,,429909,340.0,1682,,,,,,
858.0,237.89914,1190.0,530.0,2797.2,430000,,,41.45827865600586,84.9241714477539,84.29531860351562,800.9927368164062,0.15437500000000004,5.9374895833333334e-05
,,,,,430520,750.0,2466,,,,,,
,,,,,431000,,,9.996232032775879,81.30989837646484,80.76402282714844,354.4727478027344,0.15231250000000007,5.927072916666667e-05
,,,,,431084,430.0,2258,,,,,,
,,,,,431701,1420.0,2474,,,,,,
,,,,,432000,,,10.39749526977539,88.10673522949219,88.34349822998047,410.21875,0.1502500000000001,5.91665625e-05
,,,,,432239,490.0,2162,,,,,,
,,,,,432780,480.0,2186,,,,,,
,,,,,433000,,,7.359764099121094,79.16341400146484,79.20941162109375,260.15496826171875,0.14818749999999992,5.9062395833333326e-05
,,,,,433575,1270.0,3202,,,,,,
,,,,,434000,,,19.502479553222656,87.90687561035156,89.13848114013672,694.8372802734375,0.14612499999999995,5.895822916666667e-05
,,,,,434402,1110.0,3330,,,,,,
,,,,,434895,620.0,1978,,,,,,
,,,,,435000,,,16.498863220214844,93.79414367675781,95.11386108398438,777.5821533203125,0.14406249999999998,5.8854062500000004e-05
,,,,,435393,500.0,2010,,,,,,
,,,,,436000,,,8.233587265014648,91.59440612792969,92.54608154296875,457.58154296875,0.14200000000000002,5.874989583333333e-05
,,,,,436154,1050.0,3058,,,,,,
,,,,,436692,620.0,2154,,,,,,
,,,,,437000,,,17.226478576660156,88.64463806152344,87.88167572021484,919.87646484375,0.13993749999999994,5.864572916666666e-05
,,,,,437451,840.0,3034,,,,,,
,,,,,437972,470.0,2106,,,,,,
,,,,,438000,,,7.931264877319336,88.93316650390625,88.46905517578125,418.29974365234375,0.13787499999999997,5.85415625e-05
,,,,,438527,560.0,2218,,,,,,
,,,,,439000,,,9.002603530883789,91.67904663085938,91.34213256835938,358.9744567871094,0.1358125,5.8437395833333345e-05
,,,,,439130,1430.0,2426,,,,,,
,,,,,439593,460.0,1858,,,,,,
1211.0,908.4652,2360.0,420.0,2262.8,440000,,,6.634666919708252,86.05064392089844,86.1837387084961,305.0880126953125,0.13375000000000004,5.833322916666667e-05
,,,,,440212,900.0,2490,,,,,,
,,,,,440718,640.0,2042,,,,,,
,,,,,441000,,,19.966609954833984,91.9710464477539,91.73674774169922,571.2863159179688,0.13168750000000007,5.8229062499999995e-05
,,,,,441665,1190.0,3810,,,,,,
,,,,,442000,,,9.449028015136719,93.60857391357422,93.65389251708984,581.16259765625,0.129625,5.812489583333334e-05
,,,,,442231,720.0,2274,,,,,,
,,,,,442835,590.0,2426,,,,,,
,,,,,443000,,,7.173688888549805,91.09199523925781,90.03646850585938,467.4594421386719,0.12756250000000002,5.802072916666668e-05
,,,,,443353,600.0,2074,,,,,,
,,,,,443953,900.0,2418,,,,,,
,,,,,444000,,,9.545955657958984,76.34385681152344,75.777099609375,814.947265625,0.12550000000000006,5.79165625e-05
,,,,,444698,1040.0,2994,,,,,,
,,,,,445000,,,6.816164493560791,84.43785095214844,83.765380859375,353.50677490234375,0.12343750000000009,5.781239583333333e-05
,,,,,445292,820.0,2402,,,,,,
,,,,,446000,,,21.802303314208984,86.22190856933594,87.48448181152344,620.40087890625,0.12137500000000001,5.770822916666667e-05
,,,,,446017,1250.0,2914,,,,,,
,,,,,446388,380.0,1498,,,,,,
,,,,,447000,,,550.6150512695312,82.7351303100586,86.00930786132812,2257.4287109375,0.11931250000000004,5.76040625e-05
,,,,,447275,1470.0,3554,,,,,,
,,,,,447954,840.0,2746,,,,,,
,,,,,448000,,,27.79933738708496,83.1318359375,82.41679382324219,914.1687622070312,0.11724999999999997,5.749989583333333e-05
,,,,,448531,830.0,2322,,,,,,
,,,,,448921,440.0,1562,,,,,,
,,,,,449000,,,29.16958999633789,85.0212173461914,84.13670349121094,926.5798950195312,0.1151875,5.7395729166666664e-05
,,,,,449565,780.0,2578,,,,,,
1474.0,328.48746,1970.0,1210.0,3401.2,450000,,,532.5228271484375,89.65904235839844,94.37532043457031,2107.0947265625,0.11312499999999992,5.7291562500000006e-05
,,,,,450011,530.0,1810,,,,,,
,,,,,450572,680.0,2266,,,,,,
,,,,,451000,,,63.923030853271484,79.14337158203125,78.7635498046875,1141.0457763671875,0.11106249999999995,5.7187395833333335e-05
,,,,,451231,1130.0,2658,,,,,,
,,,,,451916,1100.0,2746,,,,,,
,,,,,452000,,,5.696802139282227,90.32930755615234,90.91858673095703,431.3652038574219,0.10899999999999999,5.7083229166666663e-05
,,,,,452564,1200.0,2610,,,,,,
,,,,,453000,,,6.598765850067139,96.65809631347656,97.09882354736328,390.7041015625,0.10693750000000002,5.6979062500000006e-05
,,,,,453227,970.0,2658,,,,,,
,,,,,453832,900.0,2442,,,,,,
,,,,,454000,,,12.697122573852539,93.13798522949219,93.77293395996094,563.70849609375,0.10487500000000005,5.687489583333334e-05
,,,,,454221,400.0,1570,,,,,,
,,,,,454817,1030.0,2402,,,,,,
,,,,,455000,,,15.654626846313477,89.11937713623047,88.46102142333984,606.8672485351562,0.10281249999999997,5.677072916666667e-05
,,,,,455515,710.0,2818,,,,,,
,,,,,456000,,,12.404146194458008,87.26266479492188,87.30650329589844,454.10455322265625,0.10075,5.66665625e-05
,,,,,456059,420.0,2178,,,,,,
,,,,,456718,770.0,2650,,,,,,
,,,,,457000,,,10.879920959472656,81.93830871582031,81.49465942382812,566.239501953125,0.09868750000000004,5.656239583333334e-05
,,,,,457484,1140.0,3066,,,,,,
,,,,,458000,,,13.788536071777344,97.31129455566406,95.97525024414062,807.9967651367188,0.09662500000000007,5.6458229166666675e-05
,,,,,458446,1260.0,3874,,,,,,
,,,,,459000,,,10.967484474182129,86.87081909179688,87.47958374023438,501.30712890625,0.0945625,5.6354062500000004e-05
,,,,,459107,1100.0,2642,,,,,,
,,,,,459941,810.0,3346,,,,,,
865.0,527.16693,1470.0,250.0,2005.2,460000,,,55.34718322753906,98.37481689453125,100.25355529785156,1349.997314453125,0.09250000000000003,5.624989583333333e-05
,,,,,460774,1300.0,3346,,,,,,
,,,,,461000,,,17.621374130249023,92.40922546386719,92.2898178100586,525.382568359375,0.09043750000000006,5.6145729166666675e-05
,,,,,461449,780.0,2722,,,,,,
,,,,,462000,,,508.70068359375,88.32177734375,91.73320007324219,2151.23779296875,0.08837500000000009,5.60415625e-05
,,,,,462412,1200.0,3874,,,,,,
,,,,,463000,,,62.35353088378906,87.59579467773438,87.59005737304688,1286.6531982421875,0.0863124999999999,5.5937395833333325e-05
,,,,,463193,1440.0,3146,,,,,,
,,,,,463717,580.0,2122,,,,,,
,,,,,464000,,,72.67076110839844,94.48837280273438,96.03885650634766,1018.4808959960938,0.08424999999999994,5.583322916666667e-05
,,,,,464106,440.0,1578,,,,,,
,,,,,464744,750.0,2562,,,,,,
,,,,,465000,,,7.815073013305664,90.03607940673828,90.10868072509766,313.5718994140625,0.08218749999999997,5.572906250000001e-05
,,,,,465358,950.0,2474,,,,,,
,,,,,466000,,,15.465961456298828,94.46286010742188,94.34383392333984,549.31689453125,0.080125,5.562489583333334e-05
,,,,,466024,980.0,2674,,,,,,
,,,,,466714,1360.0,2786,,,,,,
,,,,,467000,,,10.138014793395996,84.55209350585938,84.06185913085938,440.5987243652344,0.07806250000000003,5.5520729166666666e-05
,,,,,467509,1240.0,3202,,,,,,
,,,,,468000,,,11.252758026123047,91.83999633789062,91.59474182128906,355.96710205078125,0.07599999999999996,5.54165625e-05
,,,,,468475,1300.0,3866,,,,,,
,,,,,468923,440.0,1810,,,,,,
,,,,,469000,,,13.308418273925781,90.49128723144531,88.81993103027344,816.9837036132812,0.07393749999999999,5.5312395833333344e-05
,,,,,469587,1110.0,2674,,,,,,
772.0,109.43491,890.0,620.0,2630.8,470000,,,20.206035614013672,90.294189453125,88.78187561035156,718.6238403320312,0.07187500000000002,5.520822916666667e-05
,,,,,470118,640.0,2138,,,,,,
,,,,,470876,2280.0,3050,,,,,,
,,,,,471000,,,232.2225799560547,102.48939514160156,106.32942199707031,1896.431640625,0.06981250000000006,5.51040625e-05
,,,,,471663,1290.0,3170,,,,,,
,,,,,472000,,,16.603782653808594,93.80831909179688,94.55966186523438,564.141845703125,0.06774999999999998,5.4999895833333336e-05
,,,,,472655,1440.0,3994,,,,,,
,,,,,473000,,,7.486621379852295,98.74974822998047,98.80245971679688,408.7485046386719,0.06568750000000001,5.489572916666668e-05
,,,,,473207,910.0,2234,,,,,,
,,,,,473965,670.0,3050,,,,,,
,,,,,474000,,,8.468077659606934,89.36228942871094,89.5296630859375,403.44610595703125,0.06362500000000004,5.4791562500000007e-05
,,,,,474892,990.0,3730,,,,,,
,,,,,475000,,,11.057558059692383,101.84829711914062,101.23722839355469,515.8729248046875,0.061562500000000075,5.4687395833333335e-05
,,,,,475690,1140.0,3202,,,,,,
,,,,,476000,,,11.173429489135742,100.12480163574219,99.829345703125,425.04833984375,0.0595,5.458322916666667e-05
,,,,,476561,1000.0,3482,,,,,,
,,,,,477000,,,20.282852172851562,83.67913055419922,84.38265991210938,773.8296508789062,0.05743750000000003,5.44790625e-05
,,,,,477391,1370.0,3346,,,,,,
,,,,,477986,750.0,2386,,,,,,
,,,,,478000,,,10.287362098693848,97.8177261352539,99.00004577636719,563.16552734375,0.05537499999999995,5.437489583333333e-05
,,,,,478797,1360.0,3250,,,,,,
,,,,,479000,,,17.59160804748535,91.77822875976562,90.2625732421875,706.819091796875,0.053312499999999985,5.427072916666667e-05
,,,,,479479,1020.0,2730,,,,,,
559.0,196.69519,840.0,380.0,2186.0,480000,,,12.769189834594727,95.49227142333984,96.04338073730469,450.4385070800781,0.05125000000000002,5.4166562500000005e-05
,,,,,480188,990.0,2842,,,,,,
,,,,,481000,,,80.86830139160156,99.78099060058594,101.27101135253906,964.75244140625,0.04918749999999994,5.4062395833333333e-05
,,,,,481002,1390.0,3258,,,,,,
,,,,,481597,820.0,2386,,,,,,
,,,,,482000,,,17.6141300201416,90.57516479492188,89.7483901977539,707.95703125,0.04712499999999997,5.395822916666666e-05
,,,,,482269,720.0,2706,,,,,,
,,,,,482851,1020.0,2338,,,,,,
,,,,,483000,,,535.4200439453125,95.19609832763672,99.01314544677734,2255.998779296875,0.045062500000000005,5.3854062500000004e-05
,,,,,483285,480.0,1762,,,,,,
,,,,,483735,500.0,1802,,,,,,
,,,,,484000,,,13.188514709472656,98.75284576416016,100.21630096435547,714.1605224609375,0.04300000000000004,5.374989583333334e-05
,,,,,484219,600.0,1946,,,,,,
,,,,,485000,,,10.956645011901855,92.61660766601562,92.3128890991211,1380.3680419921875,0.04093749999999996,5.364572916666667e-05
,,,,,485161,1260.0,3794,,,,,,
,,,,,485862,910.0,2818,,,,,,
,,,,,486000,,,538.92431640625,98.54873657226562,102.73074340820312,2669.942626953125,0.03887499999999999,5.3541562499999996e-05
,,,,,486538,1350.0,2714,,,,,,
,,,,,487000,,,12.16158676147461,89.11817932128906,89.46205139160156,580.967529296875,0.036812500000000026,5.343739583333334e-05
,,,,,487381,1270.0,3378,,,,,,
,,,,,487936,460.0,2218,,,,,,
,,,,,488000,,,28.517717361450195,74.19049835205078,74.98271942138672,598.192138671875,0.03475000000000006,5.3333229166666674e-05
,,,,,489000,,,9.653979301452637,93.2275390625,92.99505615234375,557.9141235351562,0.03268750000000009,5.32290625e-05
,,,,,489003,1730.0,4274,,,,,,
,,,,,489655,1250.0,2618,,,,,,
727.0,269.3715,1230.0,420.0,2557.2,490000,,,14.806615829467773,92.07708740234375,90.72032165527344,673.5505981445312,0.030625000000000013,5.312489583333333e-05
,,,,,490179,700.0,2122,,,,,,
,,,,,490795,740.0,2490,,,,,,
,,,,,491000,,,27.43865966796875,96.81549072265625,97.82652282714844,843.7367553710938,0.028562500000000046,5.302072916666667e-05
,,,,,491534,760.0,2954,,,,,,
,,,,,492000,,,12.927068710327148,89.61453247070312,88.53997039794922,786.1634521484375,0.02650000000000008,5.29165625e-05
,,,,,492090,710.0,2242,,,,,,
,,,,,492844,1100.0,3026,,,,,,
,,,,,493000,,,4756.15576171875,80.17662048339844,92.47980499267578,11722.00390625,0.0244375,5.281239583333333e-05
,,,,,493593,1200.0,2994,,,,,,
,,,,,494000,,,8.938812255859375,85.2824935913086,85.78271484375,425.5375671386719,0.022374999999999923,5.2708229166666665e-05
,,,,,494353,860.0,3050,,,,,,
,,,,,495000,,,26.93805694580078,104.00616455078125,104.72500610351562,791.5738525390625,0.020312499999999956,5.260406250000001e-05
,,,,,495027,860.0,2698,,,,,,
,,,,,495510,530.0,1954,,,,,,
,,,,,496000,,,16.959856033325195,98.26971435546875,96.51500701904297,750.31591796875,0.01824999999999999,5.2499895833333336e-05
,,,,,496386,1270.0,3514,,,,,,
,,,,,497000,,,13.898950576782227,101.41871643066406,99.6222915649414,986.5074462890625,0.01618750000000002,5.2395729166666665e-05
,,,,,497147,940.0,3066,,,,,,
,,,,,497726,750.0,2330,,,,,,
,,,,,498000,,,9.885302543640137,98.96954345703125,99.34881591796875,434.5416564941406,0.014124999999999943,5.22915625e-05
,,,,,498867,1530.0,4570,,,,,,
,,,,,499000,,,9.394775390625,104.18650817871094,104.29071044921875,385.79962158203125,0.012062499999999976,5.218739583333334e-05
,,,,,499801,1030.0,3738,,,,,,
1226.0,111.463,1320.0,930.0,2762.8,500000,,,6.073050022125244,82.78296661376953,82.739501953125,312.9739990234375,0.01,5.208322916666667e-05
,,,,,500481,900.0,2722,,,,,,
,,,,,500934,510.0,1818,,,,,,
,,,,,501000,,,41.109275817871094,93.60466003417969,95.76964569091797,1034.9371337890625,0.01,5.19790625e-05
,,,,,501675,990.0,2978,,,,,,
,,,,,502000,,,1231.8984375,87.19579315185547,93.35038757324219,4378.078125,0.01,5.1874895833333334e-05
,,,,,502233,590.0,2258,,,,,,
,,,,,502997,1020.0,3058,,,,,,
,,,,,503000,,,1287.94677734375,101.95714569091797,108.8244400024414,4594.32666015625,0.01,5.1770729166666677e-05
,,,,,503541,640.0,2202,,,,,,
,,,,,504000,,,12.372180938720703,91.35564422607422,92.00764465332031,451.8038024902344,0.01,5.1666562500000005e-05
,,,,,504330,1540.0,3162,,,,,,
,,,,,505000,,,5.541187763214111,98.1171646118164,97.77543640136719,515.1200561523438,0.01,5.1562395833333334e-05
,,,,,505184,2280.0,3426,,,,,,
,,,,,505972,910.0,3154,,,,,,
,,,,,506000,,,8.820112228393555,102.797119140625,102.67601013183594,371.7606201171875,0.01,5.145822916666667e-05
,,,,,506442,600.0,1882,,,,,,
,,,,,506954,670.0,2066,,,,,,
,,,,,507000,,,30.922637939453125,84.5973892211914,83.53382110595703,1216.180908203125,0.01,5.13540625e-05
,,,,,507713,1160.0,3058,,,,,,
,,,,,508000,,,82.44962310791016,84.54335021972656,85.59268188476562,1134.513916015625,0.01,5.1249895833333326e-05
,,,,,508567,1350.0,3434,,,,,,
,,,,,509000,,,11.740224838256836,87.6884765625,87.53913879394531,474.68157958984375,0.01,5.114572916666667e-05
,,,,,509423,1290.0,3426,,,,,,
817.0,182.8688,950.0,470.0,2971.6,510000,,,15.44272518157959,93.91009521484375,93.89227294921875,432.807373046875,0.01,5.1041562500000003e-05
,,,,,510041,1000.0,2490,,,,,,
,,,,,510863,1130.0,3314,,,,,,
,,,,,511000,,,8.443666458129883,84.12857055664062,84.15423583984375,357.45489501953125,0.01,5.093739583333333e-05
,,,,,511508,1080.0,2594,,,,,,
,,,,,511930,460.0,1698,,,,,,
,,,,,512000,,,14.898774147033691,89.50119018554688,88.59832763671875,491.5273742675781,0.01,5.083322916666666e-05
,,,,,512692,1080.0,3074,,,,,,
,,,,,513000,,,12.93912124633789,91.42412567138672,91.14472961425781,713.3107299804688,0.01,5.07290625e-05
,,,,,513451,1300.0,3050,,,,,,
,,,,,513863,420.0,1666,,,,,,
,,,,,514000,,,68.74411010742188,88.73208618164062,86.38065338134766,2835.000732421875,0.01,5.062489583333334e-05
,,,,,514367,510.0,2042,,,,,,
,,,,,515000,,,15.185887336730957,99.66560363769531,99.19149780273438,589.82080078125,0.01,5.0520729166666667e-05
,,,,,515090,1700.0,2914,,,,,,
,,,,,515579,680.0,1978,,,,,,
,,,,,516000,,,6.056657791137695,82.36835479736328,82.60484313964844,383.8148498535156,0.01,5.0416562499999995e-05
,,,,,516508,1660.0,3722,,,,,,
,,,,,517000,,,29.993854522705078,86.32630920410156,87.87010955810547,944.411376953125,0.01,5.031239583333334e-05
,,,,,517246,1820.0,2970,,,,,,
,,,,,517761,960.0,2074,,,,,,
,,,,,518000,,,12.642704963684082,95.65911865234375,93.89249420166016,755.3367919921875,0.01,5.020822916666668e-05
,,,,,518173,490.0,1658,,,,,,
,,,,,518951,1460.0,3130,,,,,,
,,,,,519000,,,7.121021270751953,106.47869110107422,104.98828125,638.4111328125,0.01,5.01040625e-05
,,,,,519624,890.0,2706,,,,,,
1019.0,280.23026,1380.0,620.0,2423.6,520000,,,10.937737464904785,96.06278991699219,95.94422912597656,500.8130798339844,0.01,5e-05
,,,,,520313,990.0,2762,,,,,,
,,,,,520817,630.0,2018,,,,,,
,,,,,521000,,,11.94666862487793,85.4607162475586,85.18643188476562,639.33203125,0.01,5e-05
,,,,,521143,330.0,1314,,,,,,
,,,,,522000,,,59.37103271484375,96.8496322631836,97.71803283691406,1055.344482421875,0.01,5e-05
,,,,,522031,1130.0,3570,,,,,,
,,,,,522581,600.0,2218,,,,,,
,,,,,523000,,,7.3820719718933105,100.36653900146484,99.92379760742188,311.31591796875,0.01,5e-05
,,,,,523224,750.0,2594,,,,,,
,,,,,524000,,,7.047829627990723,93.41708374023438,92.79502868652344,383.5348205566406,0.01,5e-05
,,,,,524099,1520.0,3522,,,,,,
,,,,,524757,880.0,2658,,,,,,
,,,,,525000,,,11.418340682983398,101.59088134765625,101.80601501464844,387.8231201171875,0.01,5e-05
,,,,,525856,1730.0,4402,,,,,,
,,,,,526000,,,18.33004379272461,91.54354095458984,92.65849304199219,757.3252563476562,0.01,5e-05
,,,,,526660,1820.0,3234,,,,,,
,,,,,527000,,,16.628536224365234,90.37044525146484,91.52633666992188,713.127685546875,0.01,5e-05
,,,,,527240,990.0,2346,,,,,,
,,,,,528000,,,10.002613067626953,77.88198852539062,77.07188415527344,527.2279052734375,0.01,5e-05
,,,,,528394,2130.0,4634,,,,,,
,,,,,529000,,,38.46821212768555,94.40232849121094,94.934814453125,1010.9065551757812,0.01,5e-05
,,,,,529313,1540.0,3690,,,,,,
,,,,,529892,560.0,2322,,,,,,
1162.0,178.59451,1510.0,1030.0,3037.2,530000,,,7.138855457305908,93.51903533935547,93.84410095214844,324.6446228027344,0.01,5e-05
,,,,,530492,950.0,2410,,,,,,
,,,,,531000,,,22.22907257080078,91.14734649658203,92.17951965332031,675.8572387695312,0.01,5e-05
,,,,,531463,2060.0,3914,,,,,,
,,,,,532000,,,64.3008041381836,102.39280700683594,103.60215759277344,1105.9527587890625,0.01,5e-05
,,,,,532047,950.0,2362,,,,,,
,,,,,532486,570.0,1786,,,,,,
,,,,,532806,350.0,1298,,,,,,
,,,,,533000,,,9.124100685119629,100.59454345703125,101.78125762939453,633.3038940429688,0.01,5e-05
,,,,,533143,390.0,1362,,,,,,
,,,,,533707,1030.0,2282,,,,,,
,,,,,534000,,,9.673534393310547,85.10328674316406,84.87677001953125,618.4732055664062,0.01,5e-05
,,,,,534538,1160.0,3330,,,,,,
,,,,,534944,720.0,1634,,,,,,
,,,,,535000,,,9.501790046691895,103.40113830566406,101.49824523925781,858.3695068359375,0.01,5e-05
,,,,,535520,870.0,2322,,,,,,
,,,,,536000,,,1340.30224609375,99.04853820800781,107.06552124023438,4480.24072265625,0.01,5e-05
,,,,,536073,790.0,2234,,,,,,
,,,,,536877,1890.0,3218,,,,,,
,,,,,537000,,,13.230501174926758,100.60910034179688,100.3050537109375,537.27197265625,0.01,5e-05
,,,,,537471,670.0,2378,,,,,,
,,,,,538000,,,11.265040397644043,99.61378479003906,99.91129302978516,422.9263916015625,0.01,5e-05
,,,,,538251,1070.0,3138,,,,,,
,,,,,538655,460.0,1626,,,,,,
,,,,,539000,,,9.55025577545166,97.20799255371094,96.4219741821289,497.6356201171875,0.01,5e-05
,,,,,539324,870.0,2698,,,,,,
,,,,,539938,1110.0,2474,,,,,,
663.0,394.9696,1310.0,350.0,2218.8,540000,,,8.924330711364746,100.3408203125,100.48875427246094,460.11260986328125,0.01,5e-05
,,,,,540428,620.0,1978,,,,,,
,,,,,541000,,,21.893409729003906,102.73822784423828,101.20310974121094,760.9425659179688,0.01,5e-05
,,,,,541728,1870.0,5210,,,,,,
,,,,,542000,,,9.94131088256836,99.60305786132812,101.32392883300781,884.2218627929688,0.01,5e-05
,,,,,542511,880.0,3138,,,,,,
,,,,,543000,,,1135.245361328125,102.75234985351562,109.48079681396484,5909.29931640625,0.01,5e-05
,,,,,543459,1830.0,3802,,,,,,
,,,,,544000,,,14.674653053283691,100.07405853271484,99.92070770263672,570.6898193359375,0.01,5e-05
,,,,,544122,890.0,2666,,,,,,
,,,,,544584,600.0,1874,,,,,,
,,,,,545000,,,15.822990417480469,112.71752166748047,113.77693176269531,710.1238403320312,0.01,5e-05
,,,,,545231,580.0,2602,,,,,,
,,,,,545860,1230.0,2522,,,,,,
,,,,,546000,,,15.766593933105469,95.96630859375,97.34415435791016,764.456787109375,0.01,5e-05
,,,,,546436,760.0,2322,,,,,,
,,,,,547000,,,21.041330337524414,91.49300384521484,91.36373901367188,859.6735229492188,0.01,5e-05
,,,,,547279,2610.0,3394,,,,,,
,,,,,548000,,,10.578596115112305,97.95611572265625,98.78350830078125,583.4741821289062,0.01,5e-05
,,,,,548132,810.0,3410,,,,,,
,,,,,548885,940.0,3018,,,,,,
,,,,,549000,,,129.25369262695312,114.79773712158203,115.303955078125,1318.6104736328125,0.01,5e-05
,,,,,549508,1230.0,2506,,,,,,
1740.0,557.853,2300.0,910.0,2656.4,550000,,,11.18153190612793,85.91967010498047,84.61553955078125,714.5460815429688,0.01,5e-05
,,,,,550136,1010.0,2514,,,,,,
,,,,,550763,2180.0,2538,,,,,,
,,,,,551000,,,11.078388214111328,86.16069030761719,85.42266845703125,559.1300659179688,0.01,5e-05
,,,,,551611,1230.0,3394,,,,,,
,,,,,552000,,,91.02440643310547,100.10844421386719,98.2273941040039,4093.664794921875,0.01,5e-05
,,,,,552372,2140.0,3058,,,,,,
,,,,,553000,,,20.796184539794922,112.26152038574219,111.5191650390625,724.0079345703125,0.01,5e-05
,,,,,553200,1900.0,3330,,,,,,
,,,,,553940,1090.0,2970,,,,,,
,,,,,554000,,,11.639892578125,102.48634338378906,104.12712097167969,769.1203002929688,0.01,5e-05
,,,,,554816,1080.0,3506,,,,,,
,,,,,555000,,,6.570146560668945,79.43406677246094,79.3663101196289,421.40325927734375,0.01,5e-05
,,,,,555721,2010.0,3634,,,,,,
,,,,,556000,,,16.466930389404297,94.21847534179688,92.9655532836914,700.1089477539062,0.01,5e-05
,,,,,556740,1990.0,4082,,,,,,
,,,,,557000,,,157.23287963867188,105.38751220703125,107.85737609863281,1578.2015380859375,0.01,5e-05
,,,,,557549,2520.0,3242,,,,,,
,,,,,558000,,,15.636468887329102,91.634033203125,91.51991271972656,585.7745361328125,0.01,5e-05
,,,,,558452,1800.0,3610,,,,,,
,,,,,559000,,,569.67822265625,83.23561096191406,87.21745300292969,2547.929931640625,0.01,5e-05
,,,,,559031,920.0,2338,,,,,,
,,,,,559624,980.0,2386,,,,,,
1604.0,268.2238,1870.0,1140.0,3446.0,560000,,,625.3490600585938,95.66165161132812,99.5219955444336,2533.892822265625,0.01,5e-05
,,,,,560630,1780.0,4034,,,,,,
,,,,,561000,,,1111.0386962890625,87.43014526367188,93.14654541015625,4956.43310546875,0.01,5e-05
,,,,,561274,1020.0,2578,,,,,,
,,,,,562000,,,22.506916046142578,108.15924835205078,108.24724578857422,624.6905517578125,0.01,5e-05
,,,,,562089,1360.0,3282,,,,,,
,,,,,562670,700.0,2346,,,,,,
,,,,,563000,,,14.035701751708984,92.45243835449219,93.06654357910156,452.0496520996094,0.01,5e-05
,,,,,563381,1430.0,2850,,,,,,
,,,,,564000,,,17.897228240966797,95.56399536132812,96.19963836669922,625.8896484375,0.01,5e-05
,,,,,564078,1250.0,2802,,,,,,
,,,,,564718,1070.0,2578,,,,,,
,,,,,565000,,,6.473357200622559,90.39256286621094,90.63240051269531,393.7347412109375,0.01,5e-05
,,,,,565330,960.0,2450,,,,,,
,,,,,565949,2160.0,2506,,,,,,
,,,,,566000,,,15.110642433166504,82.60134887695312,82.25212097167969,804.8340454101562,0.01,5e-05
,,,,,566880,1900.0,3722,,,,,,
,,,,,567000,,,17.69538116455078,98.9661865234375,97.62449645996094,766.1946411132812,0.01,5e-05
,,,,,567721,1630.0,3378,,,,,,
,,,,,568000,,,25.979368209838867,93.51667785644531,93.62862396240234,691.2733764648438,0.01,5e-05
,,,,,568633,1500.0,3674,,,,,,
,,,,,569000,,,13.58882999420166,100.68094635009766,99.67770385742188,482.8245849609375,0.01,5e-05
,,,,,569228,1060.0,2386,,,,,,
1171.0,31.764761,1210.0,1140.0,3370.0,570000,,,590.9031372070312,103.38320922851562,108.01831817626953,2613.49853515625,0.01,5e-05
,,,,,570052,1300.0,3306,,,,,,
,,,,,570683,790.0,2546,,,,,,
,,,,,571000,,,70.36258697509766,110.07447814941406,110.14096069335938,1043.10009765625,0.01,5e-05
,,,,,571408,1030.0,2914,,,,,,
,,,,,571942,930.0,2146,,,,,,
,,,,,572000,,,11.968145370483398,111.88423156738281,111.0319595336914,575.1179809570312,0.01,5e-05
,,,,,572944,1400.0,4026,,,,,,
,,,,,573000,,,18.067108154296875,101.04795837402344,101.54509735107422,573.5836791992188,0.01,5e-05
,,,,,573600,950.0,2642,,,,,,
,,,,,574000,,,12.097260475158691,109.75454711914062,110.54690551757812,704.4714965820312,0.01,5e-05
,,,,,574273,880.0,2706,,,,,,
,,,,,575000,,,17.314714431762695,98.23140716552734,99.75155639648438,813.7815551757812,0.01,5e-05
,,,,,575045,1450.0,3106,,,,,,
,,,,,575951,1350.0,3650,,,,,,
,,,,,576000,,,22.685359954833984,105.2661361694336,102.76988220214844,1947.502197265625,0.01,5e-05
,,,,,576934,1440.0,3938,,,,,,
,,,,,577000,,,17.01986312866211,100.71636962890625,101.59907531738281,1153.10205078125,0.01,5e-05
,,,,,577887,2040.0,3834,,,,,,
,,,,,578000,,,13.822362899780273,96.75267028808594,96.54159545898438,394.91534423828125,0.01,5e-05
,,,,,578764,1520.0,3530,,,,,,
,,,,,579000,,,27.147735595703125,86.64937591552734,86.96949768066406,628.20751953125,0.01,5e-05
,,,,,579664,1630.0,3626,,,,,,
1341.0,239.14221,1560.0,990.0,3104.4,580000,,,15.275471687316895,87.72402954101562,88.41500854492188,711.5057373046875,0.01,5e-05
,,,,,580480,1820.0,3274,,,,,,
,,,,,581000,,,8.98117446899414,106.21995544433594,104.77672576904297,724.0999755859375,0.01,5e-05
,,,,,581242,980.0,3058,,,,,,
,,,,,581819,2240.0,2322,,,,,,
,,,,,582000,,,22.435531616210938,95.85372161865234,96.84813690185547,865.1206665039062,0.01,5e-05
,,,,,582828,1600.0,4058,,,,,,
,,,,,583000,,,18.760528564453125,115.90565490722656,115.79414367675781,514.9558715820312,0.01,5e-05
,,,,,583622,970.0,3194,,,,,,
,,,,,584000,,,16.744373321533203,97.95002746582031,98.33494567871094,594.0811157226562,0.01,5e-05
,,,,,584180,1450.0,2258,,,,,,
,,,,,584858,1460.0,2722,,,,,,
,,,,,585000,,,14.345756530761719,93.26806640625,94.01483917236328,790.5704956054688,0.01,5e-05
,,,,,585725,2050.0,3498,,,,,,
,,,,,586000,,,20.28763198852539,85.61492919921875,84.45774841308594,724.8350830078125,0.01,5e-05
,,,,,586452,1370.0,2914,,,,,,
,,,,,587000,,,16.14034080505371,100.90859985351562,100.25299072265625,576.58203125,0.01,5e-05
,,,,,587113,980.0,2650,,,,,,
,,,,,587699,910.0,2354,,,,,,
,,,,,588000,,,7.20621395111084,94.18708038330078,93.63909912109375,410.8800048828125,0.01,5e-05
,,,,,588367,1160.0,2690,,,,,,
,,,,,589000,,,16.072345733642578,107.59387969970703,107.42017364501953,741.926513671875,0.01,5e-05
,,,,,589300,1210.0,3754,,,,,,
1358.0,292.02054,1650.0,1060.0,2842.8,590000,,,14.226797103881836,103.12346649169922,104.19203186035156,601.9185791015625,0.01,5e-05
,,,,,590357,1410.0,4242,,,,,,
,,,,,591000,,,10.298744201660156,88.55316162109375,87.65414428710938,999.5059814453125,0.01,5e-05
,,,,,591225,2920.0,3490,,,,,,
,,,,,591796,790.0,2282,,,,,,
,,,,,592000,,,19.056716918945312,100.63247680664062,99.46907043457031,1038.05126953125,0.01,5e-05
,,,,,592329,800.0,2146,,,,,,
,,,,,593000,,,33.77005386352539,101.65467834472656,100.23764038085938,996.8184814453125,0.01,5e-05
,,,,,593052,1160.0,2898,,,,,,
,,,,,593976,2260.0,3714,,,,,,
,,,,,594000,,,16.896991729736328,108.90919494628906,109.42002868652344,740.6309204101562,0.01,5e-05
,,,,,594641,950.0,2666,,,,,,
,,,,,595000,,,21.210975646972656,96.6843032836914,98.89559936523438,1505.0860595703125,0.01,5e-05
,,,,,595468,1490.0,3330,,,,,,
,,,,,596000,,,12.21377182006836,84.2274398803711,82.77749633789062,713.4910278320312,0.01,5e-05
,,,,,596206,1220.0,2970,,,,,,
,,,,,597000,,,17.39805793762207,91.81625366210938,89.882568359375,839.7178955078125,0.01,5e-05
,,,,,597173,1700.0,3890,,,,,,
,,,,,597644,660.0,1898,,,,,,
,,,,,598000,,,20.845109939575195,103.553466796875,102.36773681640625,851.8018188476562,0.01,5e-05
,,,,,598253,1050.0,2458,,,,,,
,,,,,598796,640.0,2170,,,,,,
,,,,,599000,,,12.806842803955078,107.72117614746094,107.1373291015625,631.6653442382812,0.01,5e-05
,,,,,599542,1550.0,2986,,,,,,
1028.0,83.6421,1230.0,890.0,2455.6,600000,,,1567.824462890625,93.57504272460938,103.08924102783203,4762.1064453125,0.01,5e-05
,,,,,600296,1380.0,3026,,,,,,
,,,,,601000,,,14.645185470581055,86.63673400878906,86.00704956054688,807.9922485351562,0.01,5e-05
,,,,,601127,2460.0,3346,,,,,,
,,,,,601645,2100.0,2074,,,,,,
,,,,,602000,,,11.335943222045898,92.00263977050781,92.39291381835938,573.443115234375,0.01,5e-05
,,,,,602640,2600.0,4002,,,,,,
,,,,,603000,,,16.532310485839844,90.77533721923828,89.91322326660156,615.2224731445312,0.01,5e-05
,,,,,603251,810.0,2458,,,,,,
,,,,,604000,,,11.282842636108398,106.18281555175781,105.95616912841797,628.2628784179688,0.01,5e-05
,,,,,604345,1870.0,4386,,,,,,
,,,,,604911,890.0,2290,,,,,,
,,,,,605000,,,5.756501197814941,99.94003295898438,100.34056091308594,353.7354736328125,0.01,5e-05
,,,,,606000,,,25.5340518951416,105.43827819824219,105.1051254272461,667.92919921875,0.01,5e-05
,,,,,606219,1530.0,5242,,,,,,
,,,,,606838,980.0,2498,,,,,,
,,,,,607000,,,11.76617431640625,100.48597717285156,99.25117492675781,675.9175415039062,0.01,5e-05
,,,,,607706,1960.0,3474,,,,,,
,,,,,608000,,,6.875418663024902,114.06851196289062,114.07380676269531,441.602783203125,0.01,5e-05
,,,,,608287,960.0,2346,,,,,,
,,,,,608913,930.0,2522,,,,,,
,,,,,609000,,,55.233360290527344,117.1814193725586,116.31658172607422,2118.151123046875,0.01,5e-05
,,,,,609718,1270.0,3242,,,,,,
1030.0,248.23376,1690.0,830.0,2677.2,610000,,,61.4940299987793,101.03732299804688,100.55775451660156,1014.875,0.01,5e-05
,,,,,610376,940.0,2642,,,,,,
,,,,,610871,750.0,1978,,,,,,
,,,,,611000,,,78.92510986328125,100.6416244506836,102.92814636230469,1852.6552734375,0.01,5e-05
,,,,,611467,760.0,2386,,,,,,
,,,,,612000,,,20.400348663330078,107.91056823730469,109.46662902832031,1056.005615234375,0.01,5e-05
,,,,,612308,670.0,3386,,,,,,
,,,,,613000,,,912.334228515625,108.66421508789062,113.30388641357422,4108.81640625,0.01,5e-05
,,,,,613098,1120.0,3178,,,,,,
,,,,,613703,620.0,2434,,,,,,
,,,,,614000,,,23.449996948242188,110.11140441894531,109.1188735961914,886.7445678710938,0.01,5e-05
,,,,,614403,1740.0,2802,,,,,,
,,,,,614928,580.0,2106,,,,,,
,,,,,615000,,,15.17332649230957,123.73745727539062,123.83648681640625,658.8601684570312,0.01,5e-05
,,,,,615690,1280.0,3058,,,,,,
,,,,,616000,,,11.401060104370117,101.13648986816406,100.54186248779297,876.3079833984375,0.01,5e-05
,,,,,616254,560.0,2274,,,,,,
,,,,,616961,740.0,2842,,,,,,
,,,,,617000,,,17.275333404541016,112.74971008300781,109.8634033203125,1447.1883544921875,0.01,5e-05
,,,,,617467,900.0,2042,,,,,,
,,,,,618000,,,9.766382217407227,119.13097381591797,119.49335479736328,384.2157897949219,0.01,5e-05
,,,,,618349,1670.0,3530,,,,,,
,,,,,618969,830.0,2482,,,,,,
,,,,,619000,,,33.10980987548828,108.77838134765625,110.01234436035156,970.0861206054688,0.01,5e-05
,,,,,619579,710.0,2466,,,,,,
1377.0,434.69644,1900.0,840.0,2724.4,620000,,,13.78436279296875,101.24243927001953,101.79997253417969,755.18896484375,0.01,5e-05
,,,,,620047,900.0,1898,,,,,,
,,,,,620785,750.0,2954,,,,,,
,,,,,621000,,,20.827009201049805,103.42758178710938,101.68606567382812,941.4087524414062,0.01,5e-05
,,,,,621577,1810.0,3194,,,,,,
,,,,,622000,,,16.292810440063477,122.83294677734375,123.29876708984375,747.35107421875,0.01,5e-05
,,,,,622409,1280.0,3338,,,,,,
,,,,,623000,,,1122.8033447265625,102.4109115600586,108.53762817382812,4556.087890625,0.01,5e-05
,,,,,623192,2060.0,3138,,,,,,
,,,,,623966,1570.0,3106,,,,,,
,,,,,624000,,,18.230379104614258,112.2060546875,113.68839263916016,967.5906372070312,0.01,5e-05
,,,,,624769,740.0,3234,,,,,,
,,,,,625000,,,19.338420867919922,106.35792541503906,106.84274291992188,582.5,0.01,5e-05
,,,,,625659,2530.0,3578,,,,,,
,,,,,626000,,,68.98502349853516,101.99282836914062,102.77608489990234,1044.3978271484375,0.01,5e-05
,,,,,626236,1120.0,2330,,,,,,
,,,,,626841,800.0,2426,,,,,,
,,,,,627000,,,10.391792297363281,98.228515625,97.17533111572266,584.9431762695312,0.01,5e-05
,,,,,627652,1230.0,3258,,,,,,
,,,,,628000,,,45.27446365356445,92.88020324707031,92.45567321777344,1265.4652099609375,0.01,5e-05
,,,,,628672,1490.0,4098,,,,,,
,,,,,629000,,,24.459312438964844,94.92279052734375,94.32693481445312,706.157470703125,0.01,5e-05
,,,,,629332,1470.0,2658,,,,,,
1398.0,174.40184,1660.0,1180.0,3104.4,630000,,,13.50537395477295,94.62606811523438,92.27679443359375,1061.55615234375,0.01,5e-05
,,,,,630318,1200.0,3954,,,,,,
,,,,,631000,,,302.0379638671875,110.07225036621094,111.96935272216797,2055.290283203125,0.01,5e-05
,,,,,631152,1090.0,3346,,,,,,
,,,,,631982,1360.0,3322,,,,,,
,,,,,632000,,,14.28150749206543,100.67163848876953,100.650146484375,563.507568359375,0.01,5e-05
,,,,,632487,720.0,2034,,,,,,
,,,,,633000,,,7.531472206115723,108.16385650634766,109.38253021240234,681.6806030273438,0.01,5e-05
,,,,,633353,2620.0,3474,,,,,,
,,,,,633993,720.0,2578,,,,,,
,,,,,634000,,,79.22183227539062,111.68571472167969,112.86878967285156,1018.9471435546875,0.01,5e-05
,,,,,634838,1470.0,3402,,,,,,
,,,,,635000,,,14.947380065917969,98.05722045898438,99.08680725097656,695.975341796875,0.01,5e-05
,,,,,635651,1800.0,3258,,,,,,
,,,,,636000,,,12.703760147094727,115.53059387207031,116.03490447998047,751.103515625,0.01,5e-05
,,,,,636465,1100.0,3258,,,,,,
,,,,,637000,,,23.371423721313477,98.75321960449219,98.22482299804688,1024.994873046875,0.01,5e-05
,,,,,637096,1020.0,2538,,,,,,
,,,,,637988,1650.0,3586,,,,,,
,,,,,638000,,,13.652714729309082,112.34639739990234,111.39846801757812,601.7373046875,0.01,5e-05
,,,,,638580,690.0,2394,,,,,,
,,,,,639000,,,18.33529281616211,105.02021026611328,105.66736602783203,736.9067993164062,0.01,5e-05
,,,,,639660,1610.0,4330,,,,,,
1481.0,779.2875,2260.0,670.0,2696.4,640000,,,18.319686889648438,102.86927032470703,101.24114990234375,830.5286254882812,0.01,5e-05
,,,,,640249,760.0,2362,,,,,,
,,,,,641000,,,13.255311965942383,95.70421600341797,96.03160095214844,543.7329711914062,0.01,5e-05
,,,,,641007,1430.0,3042,,,,,,
,,,,,641757,1000.0,3002,,,,,,
,,,,,642000,,,719.6827392578125,109.3927001953125,114.31027221679688,4962.568359375,0.01,5e-05
,,,,,642369,820.0,2466,,,,,,
,,,,,643000,,,77.25104522705078,98.57516479492188,100.86386108398438,1310.1373291015625,0.01,5e-05
,,,,,643085,840.0,2890,,,,,,
,,,,,643580,420.0,1994,,,,,,
,,,,,644000,,,23.91969871520996,116.6791000366211,115.366455078125,883.0510864257812,0.01,5e-05
,,,,,644796,1830.0,4882,,,,,,
,,,,,645000,,,14.274311065673828,113.45083618164062,112.45393371582031,761.8721313476562,0.01,5e-05
,,,,,645525,820.0,2914,,,,,,
,,,,,646000,,,8.481280326843262,106.62008666992188,108.15390014648438,780.8150024414062,0.01,5e-05
,,,,,646343,1610.0,3290,,,,,,
,,,,,646974,1390.0,2554,,,,,,
,,,,,647000,,,702.1785278320312,94.26890563964844,100.78367614746094,4678.49560546875,0.01,5e-05
,,,,,647678,800.0,2834,,,,,,
,,,,,648000,,,30.507965087890625,103.89439392089844,101.8980712890625,1349.2039794921875,0.01,5e-05
,,,,,648298,1420.0,2490,,,,,,
,,,,,648952,760.0,2642,,,,,,
,,,,,649000,,,7.770777702331543,107.43131256103516,107.02728271484375,437.2554016113281,0.01,5e-05
,,,,,649792,880.0,3362,,,,,,
1478.0,136.36716,1700.0,1310.0,2598.8,650000,,,12.064483642578125,106.4704360961914,105.40261840820312,655.06689453125,0.01,5e-05
,,,,,650363,690.0,2298,,,,,,
,,,,,650935,750.0,2290,,,,,,
,,,,,651000,,,20.99580955505371,91.43124389648438,90.8094482421875,710.630859375,0.01,5e-05
,,,,,651547,1050.0,2458,,,,,,
,,,,,652000,,,8.185815811157227,116.61866760253906,117.29944610595703,519.1348266601562,0.01,5e-05
,,,,,652173,780.0,2522,,,,,,
,,,,,652781,1150.0,2458,,,,,,
,,,,,653000,,,732.8616943359375,109.00749206542969,112.73870849609375,2979.478759765625,0.01,5e-05
,,,,,653436,610.0,2642,,,,,,
,,,,,654000,,,10.562826156616211,94.51596069335938,94.37203216552734,465.5097351074219,0.01,5e-05
,,,,,654048,930.0,2458,,,,,,
,,,,,654938,1580.0,3562,,,,,,
,,,,,655000,,,774.1244506835938,77.91502380371094,81.47432708740234,3250.526611328125,0.01,5e-05
,,,,,655726,1160.0,3178,,,,,,
,,,,,656000,,,78.79637908935547,100.37761688232422,101.53390502929688,1371.6405029296875,0.01,5e-05
,,,,,656303,730.0,2330,,,,,,
,,,,,657000,,,14.923041343688965,111.45377349853516,111.56548309326172,753.41552734375,0.01,5e-05
,,,,,657082,2450.0,3138,,,,,,
,,,,,657804,1380.0,2898,,,,,,
,,,,,658000,,,639.7669677734375,117.12213897705078,121.46247863769531,4261.83447265625,0.01,5e-05
,,,,,658578,1450.0,3114,,,,,,
,,,,,659000,,,14.718395233154297,110.75657653808594,108.7828369140625,933.0989990234375,0.01,5e-05
,,,,,659150,970.0,2314,,,,,,
,,,,,659828,1090.0,2714,,,,,,
1408.0,109.98182,1540.0,1300.0,2973.2,660000,,,14.186534881591797,111.92754364013672,112.95783996582031,719.6105346679688,0.01,5e-05
,,,,,660439,770.0,2466,,,,,,
,,,,,661000,,,15.01641845703125,95.99819946289062,94.40029907226562,954.2608032226562,0.01,5e-05
,,,,,661312,1870.0,3490,,,,,,
,,,,,661931,820.0,2490,,,,,,
,,,,,662000,,,30.961149215698242,116.67932891845703,117.005615234375,965.3935546875,0.01,5e-05
,,,,,662651,1230.0,2906,,,,,,
,,,,,663000,,,730.8818359375,96.40489959716797,99.48566436767578,2979.392822265625,0.01,5e-05
,,,,,663943,1390.0,5170,,,,,,
,,,,,664000,,,15.055383682250977,107.28831481933594,108.17015075683594,741.6015625,0.01,5e-05
,,,,,664527,930.0,2362,,,,,,
,,,,,665000,,,16.855464935302734,121.86676025390625,121.50159454345703,632.7022705078125,0.01,5e-05
,,,,,665287,2540.0,3042,,,,,,
,,,,,665910,930.0,2522,,,,,,
,,,,,666000,,,26.965890884399414,112.4257583618164,112.00389099121094,856.7194213867188,0.01,5e-05
,,,,,666550,1090.0,2578,,,,,,
,,,,,667000,,,21.82128143310547,99.67741394042969,100.35981750488281,570.725830078125,0.01,5e-05
,,,,,667416,960.0,3466,,,,,,
,,,,,668000,,,17.51560401916504,100.35563659667969,99.36282348632812,825.733642578125,0.01,5e-05
,,,,,668226,1260.0,3250,,,,,,
,,,,,669000,,,13.869771957397461,105.81320190429688,105.74534606933594,520.4723510742188,0.01,5e-05
,,,,,669054,1330.0,3322,,,,,,
,,,,,669694,890.0,2578,,,,,,
1307.0,351.59778,1780.0,1010.0,3274.0,670000,,,34.42613983154297,101.01231384277344,99.39774322509766,1678.7994384765625,0.01,5e-05
,,,,,670417,1350.0,2898,,,,,,
,,,,,671000,,,27.224111557006836,107.4811782836914,105.41731262207031,1000.8400268554688,0.01,5e-05
,,,,,671059,1050.0,2594,,,,,,
,,,,,671870,1110.0,3242,,,,,,
,,,,,672000,,,1105.515625,116.90992736816406,121.43431091308594,4462.17626953125,0.01,5e-05
,,,,,672757,2560.0,3554,,,,,,
,,,,,673000,,,16.498849868774414,127.46910095214844,127.21028900146484,999.9207763671875,0.01,5e-05
,,,,,673418,1440.0,2674,,,,,,
,,,,,674000,,,23.67570686340332,115.65352630615234,116.83928680419922,699.3055419921875,0.01,5e-05
,,,,,674099,950.0,2730,,,,,,
,,,,,674566,660.0,1874,,,,,,
,,,,,675000,,,22.402957916259766,118.4505615234375,118.67874145507812,1305.93310546875,0.01,5e-05
,,,,,675157,980.0,2386,,,,,,
,,,,,675795,990.0,2578,,,,,,
,,,,,676000,,,16.040790557861328,111.60845947265625,111.75921630859375,728.17529296875,0.01,5e-05
,,,,,676410,830.0,2474,,,,,,
,,,,,677000,,,7.413694858551025,115.77523803710938,115.62014770507812,506.9194030761719,0.01,5e-05
,,,,,677201,1570.0,3194,,,,,,
,,,,,677755,650.0,2218,,,,,,
,,,,,678000,,,20.063207626342773,111.59133911132812,112.18376159667969,796.9609375,0.01,5e-05
,,,,,678397,1430.0,2578,,,,,,
,,,,,679000,,,27.617809295654297,104.7010498046875,105.74400329589844,1133.678955078125,0.01,5e-05
,,,,,679370,2170.0,3906,,,,,,
,,,,,680000,1060.0,2546,,,,,,
1174.0,308.87537,1620.0,890.0,2327.6,680000,,,16.277706146240234,94.83595275878906,95.2476806640625,686.3257446289062,0.01,5e-05
,,,,,680646,1290.0,2594,,,,,,
,,,,,681000,,,19.265682220458984,113.67631530761719,112.4654769897461,692.8040161132812,0.01,5e-05
,,,,,681172,790.0,2122,,,,,,
,,,,,681754,1000.0,2338,,,,,,
,,,,,682000,,,27.615631103515625,113.45088195800781,114.39659118652344,1531.0272216796875,0.01,5e-05
,,,,,682619,2360.0,3490,,,,,,
,,,,,683000,,,14.475194931030273,123.046875,121.68399047851562,809.437744140625,0.01,5e-05
,,,,,683283,1360.0,2682,,,,,,
,,,,,683829,980.0,2194,,,,,,
,,,,,684000,,,26.212045669555664,97.54744720458984,95.17671203613281,1361.3265380859375,0.01,5e-05
,,,,,684447,1070.0,2474,,,,,,
,,,,,684948,860.0,2010,,,,,,
,,,,,685000,,,16.514184951782227,134.42904663085938,132.26339721679688,1193.8018798828125,0.01,5e-05
,,,,,685478,860.0,2130,,,,,,
,,,,,686000,,,10.72226333618164,124.39813232421875,123.64903259277344,570.1159057617188,0.01,5e-05
,,,,,686325,1400.0,3394,,,,,,
,,,,,687000,,,17.558303833007812,106.95187377929688,109.29640197753906,1166.30029296875,0.01,5e-05
,,,,,687320,2020.0,3986,,,,,,
,,,,,687758,1180.0,1770,,,,,,
,,,,,688000,,,21.49399185180664,119.54747009277344,118.47190856933594,870.7490234375,0.01,5e-05
,,,,,688525,2150.0,3066,,,,,,
,,,,,689000,,,20.328617095947266,101.75267028808594,100.24287414550781,890.1365356445312,0.01,5e-05
,,,,,689236,1100.0,2866,,,,,,
,,,,,689929,1930.0,2778,,,,,,
2041.0,1587.6237,4410.0,560.0,2946.8,690000,,,13.82588005065918,120.7056655883789,120.60850524902344,510.1596984863281,0.01,5e-05
,,,,,690609,2510.0,2730,,,,,,
,,,,,691000,,,33.035743713378906,110.66281127929688,111.21807098388672,987.4680786132812,0.01,5e-05
,,,,,691211,1460.0,2410,,,,,,
,,,,,691879,1040.0,2674,,,,,,
,,,,,692000,,,21.97286605834961,98.19815063476562,98.22918701171875,614.6444091796875,0.01,5e-05
,,,,,692647,1670.0,3098,,,,,,
,,,,,693000,,,23.528932571411133,106.91632080078125,106.82249450683594,802.997802734375,0.01,5e-05
,,,,,693170,1260.0,2098,,,,,,
,,,,,693742,1040.0,2314,,,,,,
,,,,,694000,,,15.956236839294434,103.5948715209961,103.41482543945312,820.8593139648438,0.01,5e-05
,,,,,694265,1260.0,2114,,,,,,
,,,,,694959,3930.0,2786,,,,,,
,,,,,695000,,,25.45372772216797,112.78047180175781,114.59129333496094,1008.9183349609375,0.01,5e-05
,,,,,695680,900.0,2898,,,,,,
,,,,,696000,,,23.750967025756836,126.19532775878906,125.21841430664062,930.7781982421875,0.01,5e-05
,,,,,696478,1500.0,3210,,,,,,
,,,,,697000,,,23.867948532104492,108.37068176269531,109.90434265136719,1348.314453125,0.01,5e-05
,,,,,697355,1230.0,3522,,,,,,
,,,,,698000,,,19.26992416381836,113.076171875,113.60511779785156,686.3846435546875,0.01,5e-05
,,,,,698030,1800.0,2706,,,,,,
,,,,,698697,1340.0,2666,,,,,,
,,,,,699000,,,1307.625732421875,126.64835357666016,133.79837036132812,5891.740234375,0.01,5e-05
,,,,,699282,920.0,2362,,,,,,
,,,,,699844,1010.0,2250,,,,,,
795.0,128.62737,980.0,690.0,2174.8,700000,,,21.182985305786133,104.28189849853516,104.39143371582031,717.0979614257812,0.01,5e-05
,,,,,700576,1810.0,2954,,,,,,
,,,,,701000,,,20.004831314086914,107.00991821289062,105.2627182006836,1659.3621826171875,0.01,5e-05
,,,,,701197,970.0,2498,,,,,,
,,,,,702000,,,199.5625762939453,119.7203369140625,122.61748504638672,1929.4716796875,0.01,5e-05
,,,,,702388,2550.0,4786,,,,,,
,,,,,702962,1390.0,2298,,,,,,
,,,,,703000,,,1167.1790771484375,101.03352355957031,110.01858520507812,6985.41259765625,0.01,5e-05
,,,,,703565,950.0,2418,,,,,,
,,,,,704000,,,10.165586471557617,115.049560546875,114.57003021240234,477.1640930175781,0.01,5e-05
,,,,,704490,2630.0,3706,,,,,,
,,,,,705000,,,17.43289566040039,101.43091583251953,102.08006286621094,1960.92431640625,0.01,5e-05
,,,,,705059,1260.0,2298,,,,,,
,,,,,705576,730.0,2082,,,,,,
,,,,,706000,,,74.88530731201172,119.8224868774414,119.80551147460938,1281.7235107421875,0.01,5e-05
,,,,,706540,1720.0,3866,,,,,,
,,,,,707000,,,24.59720802307129,118.56249237060547,118.46640014648438,825.855224609375,0.01,5e-05
,,,,,707488,1320.0,3810,,,,,,
,,,,,708000,,,17.31174659729004,113.65151977539062,115.12751770019531,826.8864135742188,0.01,5e-05
,,,,,708245,1110.0,3034,,,,,,
,,,,,709000,,,11.348634719848633,109.08978271484375,108.23713684082031,517.9771118164062,0.01,5e-05
,,,,,709137,1180.0,3586,,,,,,
,,,,,709896,1800.0,3058,,,,,,
1646.0,84.64042,1760.0,1550.0,3610.0,710000,,,15.408926963806152,106.71336364746094,107.859375,790.90283203125,0.01,5e-05
,,,,,710607,1460.0,2866,,,,,,
,,,,,711000,,,760.2574462890625,105.81956481933594,109.75926208496094,5262.84912109375,0.01,5e-05
,,,,,711173,760.0,2274,,,,,,
,,,,,711697,1330.0,2106,,,,,,
,,,,,712000,,,914.79736328125,106.5986328125,110.74551391601562,3637.32177734375,0.01,5e-05
,,,,,712558,1330.0,3450,,,,,,
,,,,,713000,,,6.3834404945373535,117.4149398803711,116.95774841308594,424.3427734375,0.01,5e-05
,,,,,713382,1550.0,3314,,,,,,
,,,,,714000,,,15.642868995666504,110.43058013916016,109.70269775390625,820.5862426757812,0.01,5e-05
,,,,,714239,1650.0,3426,,,,,,
,,,,,715000,,,17.089046478271484,126.24622344970703,125.55364227294922,846.0213012695312,0.01,5e-05
,,,,,715035,1000.0,3186,,,,,,
,,,,,716000,,,19.962867736816406,129.08810424804688,130.0852813720703,1930.1260986328125,0.01,5e-05
,,,,,716113,1320.0,4338,,,,,,
,,,,,716518,750.0,1618,,,,,,
,,,,,717000,,,831.6036376953125,105.58100891113281,111.16677856445312,7490.1982421875,0.01,5e-05
,,,,,717572,1950.0,4226,,,,,,
,,,,,718000,,,10.660381317138672,115.59432983398438,115.30122375488281,486.00445556640625,0.01,5e-05
,,,,,718074,900.0,2026,,,,,,
,,,,,719000,,,14.266261100769043,106.16700744628906,106.520263671875,784.6448364257812,0.01,5e-05
,,,,,719013,2560.0,3754,,,,,,
,,,,,719576,850.0,2274,,,,,,
1327.0,19.0,1380.0,1310.0,2968.4,720000,,,14.69328498840332,113.81835174560547,114.15744018554688,631.6658935546875,0.01,5e-05
,,,,,720488,1960.0,3674,,,,,,
,,,,,721000,,,22.843704223632812,126.59381103515625,127.12257385253906,808.0421752929688,0.01,5e-05
,,,,,721201,1630.0,2882,,,,,,
,,,,,721976,1320.0,3106,,,,,,
,,,,,722000,,,20.025833129882812,108.14987182617188,107.93780517578125,772.6436157226562,0.01,5e-05
,,,,,722720,1240.0,3002,,,,,,
,,,,,723000,,,64.68815612792969,110.55923461914062,112.21025085449219,1210.136474609375,0.01,5e-05
,,,,,723442,1290.0,2898,,,,,,
,,,,,724000,,,11.290146827697754,115.86337280273438,115.23593139648438,603.4884033203125,0.01,5e-05
,,,,,724187,1450.0,2994,,,,,,
,,,,,724903,1450.0,2866,,,,,,
,,,,,725000,,,25.859582901000977,106.86691284179688,107.9375991821289,917.1957397460938,0.01,5e-05
,,,,,725857,2430.0,3826,,,,,,
,,,,,726000,,,19.266651153564453,109.22599792480469,110.35969543457031,1016.3313598632812,0.01,5e-05
,,,,,726752,1220.0,3586,,,,,,
,,,,,727000,,,21.389850616455078,114.375244140625,114.65205383300781,937.3018188476562,0.01,5e-05
,,,,,727549,2550.0,3210,,,,,,
,,,,,728000,,,1338.0072021484375,118.03853607177734,122.9823989868164,6944.3544921875,0.01,5e-05
,,,,,728453,1420.0,3634,,,,,,
,,,,,729000,,,12.97968864440918,124.7797622680664,123.7520751953125,822.8944091796875,0.01,5e-05
,,,,,729017,1010.0,2258,,,,,,
,,,,,729699,1410.0,2746,,,,,,
1429.0,292.93173,1650.0,930.0,3407.6,730000,,,24.7163143157959,119.75536346435547,120.90673828125,1154.6302490234375,0.01,5e-05
,,,,,730612,1860.0,3650,,,,,,
,,,,,731000,,,1128.7696533203125,117.69910430908203,121.78207397460938,5275.57763671875,0.01,5e-05
,,,,,731202,840.0,2386,,,,,,
,,,,,731740,1240.0,2154,,,,,,
,,,,,732000,,,16.152252197265625,130.9045867919922,131.08349609375,822.1654052734375,0.01,5e-05
,,,,,732512,2690.0,3090,,,,,,
,,,,,733000,,,17.242904663085938,98.54780578613281,97.5107192993164,917.2832641601562,0.01,5e-05
,,,,,733238,1470.0,2922,,,,,,
,,,,,733799,1340.0,2258,,,,,,
,,,,,734000,,,36.41645050048828,108.32005310058594,108.80025482177734,967.350341796875,0.01,5e-05
,,,,,734612,2260.0,3282,,,,,,
,,,,,735000,,,29.11410140991211,106.05035400390625,104.25216674804688,1197.865234375,0.01,5e-05
,,,,,735362,1080.0,3018,,,,,,
,,,,,735932,1210.0,2306,,,,,,
,,,,,736000,,,22.836973190307617,101.85626220703125,101.44124603271484,814.7993774414062,0.01,5e-05
,,,,,736814,2280.0,3546,,,,,,
,,,,,737000,,,18.192699432373047,126.1015625,126.8697280883789,714.1897583007812,0.01,5e-05
,,,,,737398,1250.0,2338,,,,,,
,,,,,738000,,,18.797975540161133,118.72319030761719,119.1564712524414,723.2291870117188,0.01,5e-05
,,,,,738019,870.0,2482,,,,,,
,,,,,738619,1050.0,2426,,,,,,
,,,,,739000,,,17.569379806518555,115.44999694824219,115.27965545654297,567.5513305664062,0.01,5e-05
,,,,,739273,1080.0,2618,,,,,,
1335.0,292.41238,1660.0,610.0,3203.6,740000,,,16.876575469970703,105.62144470214844,104.994140625,951.43603515625,0.01,5e-05
,,,,,740027,970.0,3042,,,,,,
,,,,,740823,1330.0,3202,,,,,,
,,,,,741000,,,19.484310150146484,116.59471893310547,114.15027618408203,1373.009521484375,0.01,5e-05
,,,,,741483,1010.0,2650,,,,,,
,,,,,742000,,,27.244829177856445,130.70278930664062,130.35739135742188,975.2780151367188,0.01,5e-05
,,,,,742124,1360.0,2570,,,,,,
,,,,,742802,2270.0,2722,,,,,,
,,,,,743000,,,15.791048049926758,111.5556640625,112.93382263183594,871.411376953125,0.01,5e-05
,,,,,743373,900.0,2290,,,,,,
,,,,,744000,,,25.930526733398438,111.77689361572266,112.59000396728516,1236.49267578125,0.01,5e-05
,,,,,744092,1100.0,2890,,,,,,
,,,,,744832,1600.0,2978,,,,,,
,,,,,745000,,,35.042388916015625,109.67436981201172,111.39946746826172,1380.4140625,0.01,5e-05
,,,,,745405,1330.0,2298,,,,,,
,,,,,746000,,,350.159423828125,127.28826904296875,129.97259521484375,2259.8271484375,0.01,5e-05
,,,,,746200,1100.0,3186,,,,,,
,,,,,746992,1320.0,3194,,,,,,
,,,,,747000,,,9.616729736328125,119.1903305053711,118.48814392089844,645.6668090820312,0.01,5e-05
,,,,,747801,1940.0,3242,,,,,,
,,,,,748000,,,13.077242851257324,109.84905242919922,110.64376831054688,795.8193359375,0.01,5e-05
,,,,,748366,1270.0,2274,,,,,,
,,,,,749000,,,113.7440185546875,100.34629821777344,101.22291564941406,1246.07666015625,0.01,5e-05
,,,,,749078,1450.0,2874,,,,,,
1153.0,173.03468,1310.0,870.0,2945.2,750000,,,20.723581314086914,117.50927734375,117.02215576171875,698.235595703125,0.01,5e-05
,,,,,750166,2660.0,4378,,,,,,
,,,,,750821,1380.0,2626,,,,,,
,,,,,751000,,,19.132238388061523,104.35806274414062,103.98860168457031,923.2379760742188,0.01,5e-05
,,,,,751529,1390.0,2850,,,,,,
,,,,,752000,,,13.811135292053223,106.43473815917969,106.01559448242188,562.031005859375,0.01,5e-05
,,,,,752457,1410.0,3722,,,,,,
,,,,,752984,1320.0,2114,,,,,,
,,,,,753000,,,20.641170501708984,117.3087158203125,119.14259338378906,1221.1973876953125,0.01,5e-05
,,,,,753570,1060.0,2354,,,,,,
,,,,,754000,,,16.708311080932617,111.44471740722656,110.39647674560547,737.0709228515625,0.01,5e-05
,,,,,754147,1330.0,2306,,,,,,
,,,,,754895,1110.0,2994,,,,,,
,,,,,755000,,,21.396682739257812,124.75025939941406,122.78128051757812,1358.995361328125,0.01,5e-05
,,,,,755710,1100.0,3282,,,,,,
,,,,,756000,,,13.801337242126465,125.62123107910156,126.09786987304688,699.0816650390625,0.01,5e-05
,,,,,756214,1300.0,2026,,,,,,
,,,,,756879,1110.0,2674,,,,,,
,,,,,757000,,,23.4063720703125,115.70460510253906,115.44558715820312,810.3425903320312,0.01,5e-05
,,,,,757821,3420.0,3794,,,,,,
,,,,,758000,,,15.138666152954102,104.61907958984375,103.87423706054688,702.1354370117188,0.01,5e-05
,,,,,758502,1210.0,2730,,,,,,
,,,,,759000,,,12.63692855834961,114.15562438964844,114.7790756225586,660.47802734375,0.01,5e-05
,,,,,759293,1140.0,3170,,,,,,
1172.0,317.38934,1540.0,740.0,2818.0,760000,,,19.205490112304688,120.0780258178711,119.96469116210938,985.1779174804688,0.01,5e-05
,,,,,760065,1070.0,3114,,,,,,
,,,,,760754,900.0,2754,,,,,,
,,,,,761000,,,10.270479202270508,111.19481658935547,110.92570495605469,632.537109375,0.01,5e-05
,,,,,761423,1320.0,2698,,,,,,
,,,,,761979,2180.0,2226,,,,,,
,,,,,762000,,,24.79144287109375,122.70074462890625,125.47261047363281,1874.0679931640625,0.01,5e-05
,,,,,762754,1290.0,3114,,,,,,
,,,,,763000,,,21.15874671936035,97.14300537109375,95.6359634399414,854.5723266601562,0.01,5e-05
,,,,,763475,1040.0,2906,,,,,,
,,,,,764000,,,17.09880828857422,116.33383178710938,115.57548522949219,688.3561401367188,0.01,5e-05
,,,,,764022,1340.0,2194,,,,,,
,,,,,765000,,,12.25603199005127,119.01289367675781,118.79109191894531,719.365966796875,0.01,5e-05
,,,,,765091,1470.0,4274,,,,,,
,,,,,766000,,,11.64551830291748,112.83915710449219,113.2148208618164,635.8545532226562,0.01,5e-05
,,,,,766010,2570.0,3682,,,,,,
,,,,,766607,1080.0,2410,,,,,,
,,,,,767000,,,24.67010498046875,137.72222900390625,138.2151641845703,801.6771850585938,0.01,5e-05
,,,,,767339,1150.0,2930,,,,,,
,,,,,768000,,,18.270265579223633,112.11512756347656,111.34603118896484,829.2317504882812,0.01,5e-05
,,,,,768069,1950.0,2938,,,,,,
,,,,,768602,860.0,2138,,,,,,
,,,,,769000,,,54.21701431274414,108.75608825683594,107.92037963867188,1070.7469482421875,0.01,5e-05
,,,,,769960,1420.0,5434,,,,,,
1455.0,224.06473,1780.0,1110.0,2861.2,770000,,,12.555647850036621,124.47119903564453,125.48728942871094,783.7906494140625,0.01,5e-05
,,,,,770375,730.0,1682,,,,,,
,,,,,771000,,,26.1888427734375,120.56460571289062,120.85102844238281,807.6246337890625,0.01,5e-05
,,,,,771134,1400.0,3042,,,,,,
,,,,,771946,1390.0,3274,,,,,,
,,,,,772000,,,19.011178970336914,91.13838195800781,88.88257598876953,1175.322265625,0.01,5e-05
,,,,,772716,2450.0,3090,,,,,,
,,,,,773000,,,17.699417114257812,117.75692749023438,118.28053283691406,916.0479736328125,0.01,5e-05
,,,,,773620,2550.0,3618,,,,,,
,,,,,774000,,,12.228493690490723,106.58901977539062,106.3695068359375,546.9409790039062,0.01,5e-05
,,,,,774420,1210.0,3202,,,,,,
,,,,,775000,,,10.376035690307617,116.53038024902344,114.48416137695312,1105.6260986328125,0.01,5e-05
,,,,,775243,1620.0,3298,,,,,,
,,,,,776000,,,51.5375862121582,109.43828582763672,111.25123596191406,1014.0621337890625,0.01,5e-05
,,,,,776155,2050.0,3674,,,,,,
,,,,,777000,,,13.63819408416748,99.67475891113281,97.743408203125,941.5796508789062,0.01,5e-05
,,,,,777003,1400.0,3394,,,,,,
,,,,,777501,890.0,2002,,,,,,
,,,,,778000,,,1218.5328369140625,114.76570129394531,120.51309204101562,5545.61474609375,0.01,5e-05
,,,,,778230,1230.0,2938,,,,,,
,,,,,778960,1350.0,2946,,,,,,
,,,,,779000,,,11.89610481262207,110.27696228027344,109.11103057861328,626.4942626953125,0.01,5e-05
,,,,,779730,1750.0,3106,,,,,,
2872.0,1162.4784,4590.0,1730.0,3378.0,780000,,,11.414464950561523,119.71681213378906,119.85183715820312,577.3624267578125,0.01,5e-05
,,,,,780332,1000.0,2410,,,,,,
,,,,,780871,1370.0,2178,,,,,,
,,,,,781000,,,20.201374053955078,135.27993774414062,136.84974670410156,1158.74853515625,0.01,5e-05
,,,,,781393,1200.0,2090,,,,,,
,,,,,782000,,,29.609161376953125,141.1424560546875,138.4167938232422,1535.71142578125,0.01,5e-05
,,,,,782299,1920.0,3642,,,,,,
,,,,,782853,1260.0,2242,,,,,,
,,,,,783000,,,22.514936447143555,124.47897338867188,122.38541412353516,1290.15478515625,0.01,5e-05
,,,,,783776,1490.0,3714,,,,,,
,,,,,784000,,,15.172603607177734,109.3360595703125,109.37495422363281,866.229736328125,0.01,5e-05
,,,,,784413,1450.0,2562,,,,,,
,,,,,785000,,,30.929611206054688,112.00750732421875,109.85440826416016,2065.93994140625,0.01,5e-05
,,,,,785060,1380.0,2610,,,,,,
,,,,,785686,1390.0,2506,,,,,,
,,,,,786000,,,14.510433197021484,113.69412231445312,115.04150390625,821.6357421875,0.01,5e-05
,,,,,786335,1660.0,2610,,,,,,
,,,,,786912,1040.0,2330,,,,,,
,,,,,787000,,,15.920340538024902,120.14080810546875,120.15704345703125,909.3873901367188,0.01,5e-05
,,,,,787367,1220.0,1842,,,,,,
,,,,,788000,,,16.83952522277832,118.46786499023438,117.82420349121094,817.3140258789062,0.01,5e-05
,,,,,788273,1010.0,3634,,,,,,
,,,,,788928,1020.0,2642,,,,,,
,,,,,789000,,,9.77292537689209,139.0968780517578,139.2054443359375,388.2941589355469,0.01,5e-05
,,,,,789463,1300.0,2154,,,,,,
2055.0,1055.3507,3560.0,930.0,3531.6,790000,,,24.021068572998047,126.0216064453125,125.93929290771484,1141.50244140625,0.01,5e-05
,,,,,790279,1680.0,3290,,,,,,
,,,,,790822,1270.0,2202,,,,,,
,,,,,791000,,,20.346466064453125,118.04652404785156,117.1243896484375,774.594970703125,0.01,5e-05
,,,,,791954,2140.0,4530,,,,,,
,,,,,792000,,,20.425893783569336,96.06988525390625,95.5346908569336,1200.518310546875,0.01,5e-05
,,,,,792542,770.0,2378,,,,,,
,,,,,793000,,,31.435035705566406,125.3385009765625,126.13496398925781,913.2544555664062,0.01,5e-05
,,,,,793370,1080.0,3322,,,,,,
,,,,,793942,1430.0,2306,,,,,,
,,,,,794000,,,60.81977844238281,118.22705078125,117.28445434570312,1103.5908203125,0.01,5e-05
,,,,,794501,1470.0,2258,,,,,,
,,,,,795000,,,28.396373748779297,116.38665771484375,115.74954223632812,1097.336181640625,0.01,5e-05
,,,,,795343,1430.0,3378,,,,,,
,,,,,796000,,,11.378981590270996,130.5948486328125,130.60189819335938,495.881591796875,0.01,5e-05
,,,,,796169,1510.0,3330,,,,,,
,,,,,796730,1040.0,2258,,,,,,
,,,,,797000,,,12.537731170654297,130.87220764160156,132.69915771484375,1236.583984375,0.01,5e-05
,,,,,797453,1550.0,2914,,,,,,
,,,,,798000,,,12.886260032653809,115.07198333740234,113.54889678955078,824.7650756835938,0.01,5e-05
,,,,,798212,970.0,3050,,,,,,
,,,,,798843,1540.0,2530,,,,,,
,,,,,799000,,,100.49880981445312,140.60769653320312,137.9582977294922,4212.47265625,0.01,5e-05
,,,,,799408,850.0,2282,,,,,,
1806.0,553.0859,2910.0,1490.0,3396.4,800000,,,16.34389877319336,128.820068359375,128.904541015625,774.8110961914062,0.01,5e-05
,,,,,800255,1170.0,3402,,,,,,
,,,,,800659,780.0,1618,,,,,,
,,,,,801000,,,20.947114944458008,111.0577163696289,112.05375671386719,630.58203125,0.01,5e-05
,,,,,801389,1340.0,2922,,,,,,
,,,,,802000,,,15.573402404785156,119.6505126953125,119.11776733398438,737.0965576171875,0.01,5e-05
,,,,,802238,2660.0,3418,,,,,,
,,,,,802831,830.0,2378,,,,,,
,,,,,803000,,,19.054611206054688,119.48878479003906,119.48597717285156,657.880126953125,0.01,5e-05
,,,,,803654,1140.0,3298,,,,,,
,,,,,804000,,,10.120964050292969,125.58320617675781,126.40485382080078,837.2954711914062,0.01,5e-05
,,,,,804482,1400.0,3322,,,,,,
,,,,,805000,,,17.37314224243164,105.60639953613281,106.97109985351562,1178.080322265625,0.01,5e-05
,,,,,805322,2660.0,3362,,,,,,
,,,,,806000,,,262.3394470214844,134.34373474121094,137.12954711914062,2262.697998046875,0.01,5e-05
,,,,,806013,1110.0,2770,,,,,,
,,,,,806783,2260.0,3082,,,,,,
,,,,,807000,,,9.230798721313477,113.40192413330078,112.92007446289062,495.85833740234375,0.01,5e-05
,,,,,807422,1280.0,2578,,,,,,
,,,,,808000,,,22.34503173828125,92.61544799804688,92.19325256347656,983.884521484375,0.01,5e-05
,,,,,808250,1170.0,3338,,,,,,
,,,,,808999,1720.0,3010,,,,,,
,,,,,809000,,,14.497867584228516,131.1499481201172,130.67227172851562,818.7899169921875,0.01,5e-05
,,,,,809610,1390.0,2466,,,,,,
1394.0,162.36995,1640.0,1260.0,2426.0,810000,,,23.697303771972656,116.78709411621094,117.62284851074219,941.8981323242188,0.01,5e-05
,,,,,810217,1090.0,2434,,,,,,
,,,,,810932,1140.0,2866,,,,,,
,,,,,811000,,,18.81716537475586,131.06968688964844,131.5325927734375,674.6586303710938,0.01,5e-05
,,,,,811860,1700.0,3722,,,,,,
,,,,,812000,,,113.2094955444336,137.19924926757812,139.8763885498047,1457.3966064453125,0.01,5e-05
,,,,,812471,1090.0,2466,,,,,,
,,,,,813000,,,26.601945877075195,123.36772155761719,120.94950866699219,1526.52734375,0.01,5e-05
,,,,,813033,1070.0,2266,,,,,,
,,,,,813508,900.0,1930,,,,,,
,,,,,814000,,,1245.7509765625,101.85926055908203,107.70719909667969,4593.580078125,0.01,5e-05
,,,,,814043,920.0,2146,,,,,,
,,,,,814839,1100.0,3186,,,,,,
,,,,,815000,,,42.53005599975586,121.33273315429688,122.405029296875,1689.029296875,0.01,5e-05
,,,,,815350,920.0,2066,,,,,,
,,,,,815966,1370.0,2466,,,,,,
,,,,,816000,,,20.449771881103516,141.251708984375,138.16500854492188,1598.448486328125,0.01,5e-05
,,,,,816570,1360.0,2442,,,,,,
,,,,,817000,,,21.72085189819336,109.72850036621094,109.59599304199219,897.3060302734375,0.01,5e-05
,,,,,817485,1220.0,3674,,,,,,
,,,,,818000,,,18.9743595123291,121.65531921386719,121.61083221435547,797.154541015625,0.01,5e-05
,,,,,818417,1350.0,3754,,,,,,
,,,,,819000,,,19.107444763183594,118.30387115478516,119.24018096923828,1668.0567626953125,0.01,5e-05
,,,,,819053,950.0,2570,,,,,,
,,,,,819692,1160.0,2570,,,,,,
1344.0,293.09384,1600.0,780.0,2503.6,820000,,,15.257800102233887,135.58200073242188,135.6187744140625,598.8583984375,0.01,5e-05
,,,,,820137,790.0,1802,,,,,,
,,,,,820721,920.0,2338,,,,,,
,,,,,821000,,,14.436429977416992,131.7008819580078,130.99505615234375,927.00244140625,0.01,5e-05
,,,,,821265,950.0,2178,,,,,,
,,,,,821852,1410.0,2370,,,,,,
,,,,,822000,,,49.5279541015625,126.43904113769531,127.85313415527344,923.4691772460938,0.01,5e-05
,,,,,822492,1110.0,2562,,,,,,
,,,,,823000,,,1221.108642578125,118.84064483642578,126.03620147705078,6782.99951171875,0.01,5e-05
,,,,,823101,740.0,2450,,,,,,
,,,,,824000,,,20.24283218383789,134.39186096191406,136.49896240234375,1468.5701904296875,0.01,5e-05
,,,,,824086,1540.0,3946,,,,,,
,,,,,824641,1300.0,2242,,,,,,
,,,,,825000,,,27.870227813720703,153.9003143310547,154.55422973632812,991.77197265625,0.01,5e-05
,,,,,825384,1060.0,2986,,,,,,
,,,,,825952,880.0,2274,,,,,,
,,,,,826000,,,2484.161376953125,124.59510803222656,136.37033081054688,10424.1435546875,0.01,5e-05
,,,,,826630,1320.0,2738,,,,,,
,,,,,827000,,,28.638065338134766,138.99270629882812,139.7531280517578,1393.91064453125,0.01,5e-05
,,,,,827233,1010.0,2426,,,,,,
,,,,,828000,,,20.193693161010742,137.4934539794922,136.12118530273438,2027.353515625,0.01,5e-05
,,,,,828007,1010.0,3098,,,,,,
,,,,,828597,1520.0,2370,,,,,,
,,,,,829000,,,59.46021270751953,138.48416137695312,139.47097778320312,1637.2724609375,0.01,5e-05
,,,,,829179,1420.0,2354,,,,,,
,,,,,829823,2180.0,2578,,,,,,
1251.0,327.6721,2180.0,1080.0,2518.0,830000,,,88.98975372314453,125.8506851196289,129.02755737304688,1755.579345703125,0.01,5e-05
,,,,,830317,920.0,1994,,,,,,
,,,,,831000,,,168.9893798828125,128.09136962890625,130.6363525390625,1851.42822265625,0.01,5e-05
,,,,,831084,1190.0,3082,,,,,,
,,,,,831709,980.0,2514,,,,,,
,,,,,832000,,,25.55108642578125,125.65650177001953,125.76907348632812,907.6521606445312,0.01,5e-05
,,,,,832317,1540.0,2458,,,,,,
,,,,,832986,1340.0,2682,,,,,,
,,,,,833000,,,15.892589569091797,118.11692810058594,115.69684600830078,1449.5396728515625,0.01,5e-05
,,,,,833593,1110.0,2450,,,,,,
,,,,,834000,,,27.335216522216797,116.49363708496094,115.65495300292969,898.1041259765625,0.01,5e-05
,,,,,834260,1140.0,2674,,,,,,
,,,,,835000,,,34.132545471191406,125.9288330078125,128.07278442382812,1234.1021728515625,0.01,5e-05
,,,,,835345,2030.0,4354,,,,,,
,,,,,836000,,,15.67556381225586,122.48831176757812,122.37008666992188,803.2700805664062,0.01,5e-05
,,,,,836256,2350.0,3666,,,,,,
,,,,,836913,1480.0,2642,,,,,,
,,,,,837000,,,10.273214340209961,141.79092407226562,140.82711791992188,789.4815673828125,0.01,5e-05
,,,,,837629,1380.0,2866,,,,,,
,,,,,838000,,,10.824031829833984,130.81024169921875,129.86306762695312,614.5159912109375,0.01,5e-05
,,,,,838257,830.0,2522,,,,,,
,,,,,838887,1170.0,2530,,,,,,
,,,,,839000,,,4413.25390625,117.55657958984375,128.94598388671875,11320.8798828125,0.01,5e-05
,,,,,839771,2290.0,3562,,,,,,
1355.0,240.46829,1580.0,1070.0,2820.4,840000,,,11.703306198120117,110.07362365722656,111.2335205078125,742.69482421875,0.01,5e-05
,,,,,840568,1340.0,3186,,,,,,
,,,,,841000,,,21.43633270263672,147.87213134765625,148.26162719726562,861.90869140625,0.01,5e-05
,,,,,841294,1900.0,2906,,,,,,
,,,,,841951,1510.0,2642,,,,,,
,,,,,842000,,,14.509600639343262,129.57684326171875,129.34738159179688,820.4725952148438,0.01,5e-05
,,,,,842508,1010.0,2242,,,,,,
,,,,,843000,,,39.80662536621094,111.78827667236328,111.18507385253906,1024.417236328125,0.01,5e-05
,,,,,843178,1110.0,2690,,,,,,
,,,,,843970,1710.0,3178,,,,,,
,,,,,844000,,,1173.385009765625,114.68930053710938,121.58373260498047,5466.8984375,0.01,5e-05
,,,,,844745,1620.0,3114,,,,,,
,,,,,845000,,,14.456706047058105,119.48743438720703,117.06954193115234,1329.557861328125,0.01,5e-05
,,,,,845338,760.0,2386,,,,,,
,,,,,846000,,,11.445253372192383,135.84783935546875,134.45057678222656,927.960205078125,0.01,5e-05
,,,,,846347,1330.0,4042,,,,,,
,,,,,847000,,,12.559090614318848,133.84774780273438,133.78656005859375,561.7210083007812,0.01,5e-05
,,,,,847190,1690.0,3386,,,,,,
,,,,,847854,1100.0,2658,,,,,,
,,,,,848000,,,14.698238372802734,133.7883758544922,134.14700317382812,663.1483154296875,0.01,5e-05
,,,,,848589,1590.0,2962,,,,,,
,,,,,849000,,,1397.4063720703125,121.32217407226562,127.55931091308594,4978.02685546875,0.01,5e-05
,,,,,849508,2910.0,3682,,,,,,
1576.0,281.8936,2040.0,1350.0,2813.2,850000,,,22.848125457763672,132.97457885742188,134.02175903320312,1009.674072265625,0.01,5e-05
,,,,,850398,2950.0,3562,,,,,,
,,,,,851000,,,1507.03515625,124.24596405029297,129.9217987060547,6702.5107421875,0.01,5e-05
,,,,,851054,1370.0,2626,,,,,,
,,,,,851959,2300.0,3634,,,,,,
,,,,,852000,,,22.718053817749023,133.5350799560547,134.25552368164062,1105.1595458984375,0.01,5e-05
,,,,,852591,1210.0,2554,,,,,,
,,,,,853000,,,11.560181617736816,118.31434631347656,116.84651947021484,999.9886474609375,0.01,5e-05
,,,,,853333,2200.0,2978,,,,,,
,,,,,853955,1330.0,2506,,,,,,
,,,,,854000,,,16.845081329345703,114.07368469238281,114.31944274902344,844.6483154296875,0.01,5e-05
,,,,,854888,1720.0,3738,,,,,,
,,,,,855000,,,15.532546997070312,140.6232147216797,140.431396484375,718.85693359375,0.01,5e-05
,,,,,855699,1970.0,3258,,,,,,
,,,,,856000,,,1184.3187255859375,146.50753784179688,150.76609802246094,5457.79443359375,0.01,5e-05
,,,,,856529,1460.0,3338,,,,,,
,,,,,857000,,,24.935903549194336,134.1887664794922,135.20111083984375,1181.8408203125,0.01,5e-05
,,,,,857188,1100.0,2634,,,,,,
,,,,,858000,,,14.393638610839844,130.12745666503906,130.09288024902344,787.9535522460938,0.01,5e-05
,,,,,858273,1130.0,4370,,,,,,
,,,,,858922,1370.0,2618,,,,,,
,,,,,859000,,,55.569427490234375,117.27652740478516,118.15998840332031,961.8245849609375,0.01,5e-05
,,,,,859524,680.0,2418,,,,,,
1870.0,675.72186,2690.0,1240.0,2658.0,860000,,,17.952655792236328,126.20426940917969,126.78369140625,1433.564208984375,0.01,5e-05
,,,,,860450,1920.0,3722,,,,,,
,,,,,861000,,,13.559528350830078,131.65440368652344,132.56570434570312,763.7968139648438,0.01,5e-05
,,,,,861201,1140.0,3018,,,,,,
,,,,,861731,1380.0,2146,,,,,,
,,,,,862000,,,37.998863220214844,117.11634063720703,116.75176239013672,959.9745483398438,0.01,5e-05
,,,,,862354,1300.0,2498,,,,,,
,,,,,863000,,,15.125283241271973,146.385986328125,146.99766540527344,769.4296264648438,0.01,5e-05
,,,,,863110,1810.0,3026,,,,,,
,,,,,863656,1290.0,2210,,,,,,
,,,,,864000,,,27.835865020751953,119.46268463134766,117.32249450683594,1205.6536865234375,0.01,5e-05
,,,,,864624,1580.0,3874,,,,,,
,,,,,865000,,,20.46685791015625,130.42347717285156,131.95323181152344,1076.1900634765625,0.01,5e-05
,,,,,865731,2150.0,4450,,,,,,
,,,,,866000,,,22.14335060119629,110.47665405273438,109.03865051269531,1913.8145751953125,0.01,5e-05
,,,,,866597,1880.0,3474,,,,,,
,,,,,867000,,,9.54481315612793,134.07228088378906,135.1833038330078,772.767578125,0.01,5e-05
,,,,,867431,1210.0,3362,,,,,,
,,,,,868000,,,14.629931449890137,127.80067443847656,125.80348205566406,934.9779052734375,0.01,5e-05
,,,,,868008,1080.0,2330,,,,,,
,,,,,868840,2300.0,3330,,,,,,
,,,,,869000,,,26.313236236572266,140.7044219970703,141.103515625,938.3436279296875,0.01,5e-05
,,,,,869677,980.0,3354,,,,,,
1378.0,71.94442,1500.0,1280.0,2522.0,870000,,,19.258092880249023,108.43710327148438,109.29571533203125,845.919189453125,0.01,5e-05
,,,,,870128,790.0,1826,,,,,,
,,,,,870714,2100.0,2370,,,,,,
,,,,,871000,,,20.94068145751953,129.08224487304688,128.94534301757812,961.0706787109375,0.01,5e-05
,,,,,871637,1940.0,3698,,,,,,
,,,,,872000,,,27.371065139770508,130.4590301513672,132.096435546875,1338.7763671875,0.01,5e-05
,,,,,872234,800.0,2402,,,,,,
,,,,,872949,1200.0,2874,,,,,,
,,,,,873000,,,18.686777114868164,118.70154571533203,119.08351135253906,897.0559692382812,0.01,5e-05
,,,,,873700,1540.0,3010,,,,,,
,,,,,874000,,,28.081064224243164,130.82510375976562,131.63662719726562,1027.642333984375,0.01,5e-05
,,,,,874262,1390.0,2266,,,,,,
,,,,,875000,,,20.66419219970703,148.9693603515625,146.8162384033203,1494.649658203125,0.01,5e-05
,,,,,875231,1250.0,3898,,,,,,
,,,,,876000,,,16.081531524658203,116.87271118164062,115.42533111572266,854.7896728515625,0.01,5e-05
,,,,,876428,3360.0,4794,,,,,,
,,,,,876957,1290.0,2138,,,,,,
,,,,,877000,,,9.836461067199707,123.45094299316406,124.84661102294922,986.978515625,0.01,5e-05
,,,,,877546,1590.0,2362,,,,,,
,,,,,878000,,,23.889989852905273,144.43756103515625,145.89788818359375,1162.2093505859375,0.01,5e-05
,,,,,878513,1580.0,3874,,,,,,
,,,,,879000,,,17.109954833984375,112.41277313232422,112.96326446533203,1699.73779296875,0.01,5e-05
,,,,,879080,1420.0,2266,,,,,,
,,,,,879696,1000.0,2466,,,,,,
1447.0,71.8401,1540.0,1340.0,3122.0,880000,,,247.5343475341797,133.76840209960938,135.340087890625,2220.005859375,0.01,5e-05
,,,,,880382,1100.0,2754,,,,,,
,,,,,881000,,,1553.7890625,121.78248596191406,129.61080932617188,6123.38818359375,0.01,5e-05
,,,,,881035,1460.0,2626,,,,,,
,,,,,881720,1780.0,2754,,,,,,
,,,,,882000,,,11.711883544921875,125.38011169433594,124.31473541259766,941.522216796875,0.01,5e-05
,,,,,882644,2510.0,3698,,,,,,
,,,,,883000,,,8.631904602050781,124.18423461914062,124.39298248291016,459.0057067871094,0.01,5e-05
,,,,,883868,3260.0,4914,,,,,,
,,,,,884000,,,8.86359977722168,113.12528228759766,112.18939971923828,567.3236083984375,0.01,5e-05
,,,,,884737,1610.0,3490,,,,,,
,,,,,885000,,,14.815275192260742,134.50714111328125,132.914306640625,993.9442749023438,0.01,5e-05
,,,,,885556,2480.0,3306,,,,,,
,,,,,886000,,,32.20904541015625,121.288818359375,120.16445922851562,1405.993408203125,0.01,5e-05
,,,,,886334,1360.0,3122,,,,,,
,,,,,886951,1480.0,2482,,,,,,
,,,,,887000,,,14.338602066040039,129.4339599609375,130.30203247070312,820.9453125,0.01,5e-05
,,,,,887494,1000.0,2170,,,,,,
,,,,,888000,,,1376.49853515625,133.19198608398438,136.95816040039062,4393.974609375,0.01,5e-05
,,,,,888596,1470.0,4410,,,,,,
,,,,,889000,,,31.462860107421875,105.35153198242188,105.28075408935547,1347.8211669921875,0.01,5e-05
,,,,,889228,1410.0,2538,,,,,,
,,,,,889900,950.0,2706,,,,,,
1480.0,67.08204,1530.0,1290.0,2693.2,890000,,,24.256916046142578,142.47018432617188,143.15921020507812,1048.89453125,0.01,5e-05
,,,,,890491,1270.0,2378,,,,,,
,,,,,891000,,,18.249252319335938,125.326416015625,123.41178894042969,1539.5382080078125,0.01,5e-05
,,,,,891161,1310.0,2698,,,,,,
,,,,,891735,960.0,2322,,,,,,
,,,,,892000,,,8.627239227294922,149.7802276611328,148.705810546875,662.8541870117188,0.01,5e-05
,,,,,892418,1130.0,2738,,,,,,
,,,,,893000,,,23.304412841796875,142.53802490234375,144.46920776367188,1362.7369384765625,0.01,5e-05
,,,,,893063,1550.0,2594,,,,,,
,,,,,894000,,,15.466760635375977,123.00117492675781,121.16506958007812,1511.40673828125,0.01,5e-05
,,,,,894036,1580.0,3906,,,,,,
,,,,,894736,2110.0,2818,,,,,,
,,,,,895000,,,1475.126220703125,129.97694396972656,136.2194366455078,5354.6943359375,0.01,5e-05
,,,,,895516,1140.0,3146,,,,,,
,,,,,896000,,,32.48355484008789,140.7027130126953,142.44625854492188,1627.8262939453125,0.01,5e-05
,,,,,896082,1390.0,2282,,,,,,
,,,,,896742,1410.0,2658,,,,,,
,,,,,897000,,,378.5628967285156,158.94479370117188,161.30010986328125,3713.01171875,0.01,5e-05
,,,,,897459,1540.0,2890,,,,,,
,,,,,898000,,,57.92163848876953,136.73362731933594,138.0772247314453,1003.6058959960938,0.01,5e-05
,,,,,898077,1800.0,2498,,,,,,
,,,,,899000,,,17.924392700195312,137.15750122070312,137.19674682617188,803.2761840820312,0.01,5e-05
,,,,,899150,1310.0,4314,,,,,,
,,,,,899959,1850.0,3258,,,,,,
1437.0,57.105167,1480.0,1350.0,2826.8,900000,,,27.367212295532227,120.96189880371094,121.63970947265625,1524.3717041015625,0.01,5e-05
,,,,,900683,1620.0,2914,,,,,,
,,,,,901000,,,97.33152770996094,140.53616333007812,140.152587890625,1749.9884033203125,0.01,5e-05
,,,,,901757,1980.0,4314,,,,,,
,,,,,902000,,,13.411848068237305,145.04074096679688,145.29225158691406,827.0022583007812,0.01,5e-05
,,,,,902421,1550.0,2674,,,,,,
,,,,,903000,,,45.17680358886719,127.2546157836914,127.2760009765625,981.3602905273438,0.01,5e-05
,,,,,903139,1380.0,2882,,,,,,
,,,,,903900,1750.0,3058,,,,,,
,,,,,904000,,,32.11095428466797,135.33334350585938,135.47618103027344,1253.6395263671875,0.01,5e-05
,,,,,904699,2250.0,3202,,,,,,
,,,,,905000,,,24.187393188476562,111.59603118896484,109.54035186767578,1147.2274169921875,0.01,5e-05
,,,,,905311,1290.0,2458,,,,,,
,,,,,906000,,,14.28175163269043,116.67680358886719,116.99713134765625,730.80078125,0.01,5e-05
,,,,,906219,2350.0,3634,,,,,,
,,,,,906911,2210.0,2794,,,,,,
,,,,,907000,,,14.734167098999023,143.34088134765625,142.6162872314453,798.9088134765625,0.01,5e-05
,,,,,907455,1370.0,2202,,,,,,
,,,,,908000,,,37.42168426513672,116.51885223388672,118.44680786132812,1455.409423828125,0.01,5e-05
,,,,,908126,1100.0,2706,,,,,,
,,,,,909000,,,18.54712677001953,149.71852111816406,147.77268981933594,1207.0006103515625,0.01,5e-05
,,,,,909094,1650.0,3874,,,,,,
,,,,,909644,1270.0,2210,,,,,,
1583.0,304.73102,1880.0,1210.0,3364.4,910000,,,11.888969421386719,139.3177947998047,139.70130920410156,636.7845458984375,0.01,5e-05
,,,,,910594,1580.0,3810,,,,,,
,,,,,911000,,,13.733262062072754,125.39523315429688,125.81643676757812,645.0604248046875,0.01,5e-05
,,,,,911101,1360.0,2042,,,,,,
,,,,,911651,1290.0,2226,,,,,,
,,,,,912000,,,18.664705276489258,139.00027465820312,139.44110107421875,788.6193237304688,0.01,5e-05
,,,,,912378,1690.0,2930,,,,,,
,,,,,912935,1050.0,2258,,,,,,
,,,,,913000,,,4549.05029296875,121.8799819946289,132.58526611328125,12341.2958984375,0.01,5e-05
,,,,,913674,2240.0,2978,,,,,,
,,,,,914000,,,15.021767616271973,131.35304260253906,130.8468475341797,737.0049438476562,0.01,5e-05
,,,,,914217,960.0,2194,,,,,,
,,,,,914957,1370.0,2978,,,,,,
,,,,,915000,,,17.31183624267578,116.12873840332031,115.85243225097656,681.7870483398438,0.01,5e-05
,,,,,915575,1050.0,2474,,,,,,
,,,,,916000,,,13.270875930786133,133.0677490234375,132.0593719482422,839.1943359375,0.01,5e-05
,,,,,916199,1330.0,2498,,,,,,
,,,,,916693,920.0,1978,,,,,,
,,,,,917000,,,10.22210693359375,131.08460998535156,131.10568237304688,650.1243896484375,0.01,5e-05
,,,,,917856,2400.0,4674,,,,,,
,,,,,918000,,,30.455081939697266,140.25155639648438,138.7222900390625,1194.3067626953125,0.01,5e-05
,,,,,918620,1140.0,3058,,,,,,
,,,,,919000,,,17.14175796508789,144.64578247070312,146.6041259765625,1233.243896484375,0.01,5e-05
,,,,,919449,2680.0,3330,,,,,,
1870.0,315.2142,2290.0,1420.0,2818.0,920000,,,23.192760467529297,109.06351470947266,108.16883850097656,810.0922241210938,0.01,5e-05
,,,,,920374,1770.0,3722,,,,,,
,,,,,921000,,,1511.6224365234375,132.97218322753906,140.54635620117188,9486.1220703125,0.01,5e-05
,,,,,921200,1590.0,3322,,,,,,
,,,,,921866,1850.0,2682,,,,,,
,,,,,922000,,,30.30614471435547,126.99542236328125,126.64740753173828,1622.6966552734375,0.01,5e-05
,,,,,922466,1210.0,2426,,,,,,
,,,,,923000,,,18.811382293701172,141.2360382080078,141.603515625,1147.96630859375,0.01,5e-05
,,,,,923180,1570.0,2874,,,,,,
,,,,,923956,2640.0,3130,,,,,,
,,,,,924000,,,20.950435638427734,140.66525268554688,140.07711791992188,909.4854736328125,0.01,5e-05
,,,,,924581,1480.0,2514,,,,,,
,,,,,925000,,,41.430240631103516,141.09396362304688,141.11532592773438,873.2552490234375,0.01,5e-05
,,,,,925143,1280.0,2266,,,,,,
,,,,,925782,900.0,2570,,,,,,
,,,,,926000,,,77.58009338378906,122.77751159667969,120.42372131347656,3400.757568359375,0.01,5e-05
,,,,,926431,2270.0,2626,,,,,,
,,,,,927000,,,23.41584014892578,148.94049072265625,146.58102416992188,1445.7386474609375,0.01,5e-05
,,,,,927242,1350.0,3266,,,,,,
,,,,,927997,2320.0,3026,,,,,,
,,,,,928000,,,10.38422966003418,123.22567749023438,124.16056823730469,745.3202514648438,0.01,5e-05
,,,,,928719,1650.0,2914,,,,,,
,,,,,929000,,,10.89102840423584,135.94744873046875,136.36843872070312,746.0498657226562,0.01,5e-05
,,,,,929644,2540.0,3714,,,,,,
1196.0,376.88724,1920.0,900.0,2878.8,930000,,,1494.700439453125,117.35096740722656,125.56480407714844,7224.18310546875,0.01,5e-05
,,,,,930278,1240.0,2562,,,,,,
,,,,,930974,1830.0,2794,,,,,,
,,,,,931000,,,20.685420989990234,133.85931396484375,134.22555541992188,938.3213500976562,0.01,5e-05
,,,,,931618,1020.0,2586,,,,,,
,,,,,932000,,,11.969254493713379,144.7615509033203,144.4344482421875,506.4793701171875,0.01,5e-05
,,,,,932416,2280.0,3194,,,,,,
,,,,,933000,,,8.970605850219727,121.98025512695312,121.3879165649414,614.9451293945312,0.01,5e-05
,,,,,933262,1630.0,3410,,,,,,
,,,,,933860,1060.0,2410,,,,,,
,,,,,934000,,,35.92890548706055,130.625732421875,129.16421508789062,1538.420166015625,0.01,5e-05
,,,,,934447,950.0,2370,,,,,,
,,,,,935000,,,15.203808784484863,127.37411499023438,126.55693054199219,839.4139404296875,0.01,5e-05
,,,,,935126,1450.0,2714,,,,,,
,,,,,936000,,,42.24269104003906,142.31594848632812,141.7921905517578,1715.0401611328125,0.01,5e-05
,,,,,936018,1310.0,3570,,,,,,
,,,,,936801,1560.0,3154,,,,,,
,,,,,937000,,,1091.780029296875,130.64222717285156,137.0570526123047,4347.52490234375,0.01,5e-05
,,,,,937571,1910.0,3106,,,,,,
,,,,,938000,,,18.082561492919922,133.94046020507812,132.73399353027344,874.4056396484375,0.01,5e-05
,,,,,938435,1340.0,3458,,,,,,
,,,,,939000,,,17.258258819580078,128.1744384765625,126.49751281738281,1121.2769775390625,0.01,5e-05
,,,,,939021,1160.0,2346,,,,,,
,,,,,939809,2160.0,3154,,,,,,
1761.0,223.80573,1970.0,1450.0,3814.8,940000,,,16.709049224853516,123.93018341064453,122.04911804199219,1287.3162841796875,0.01,5e-05
,,,,,940351,930.0,2178,,,,,,
,,,,,940980,1300.0,2546,,,,,,
,,,,,941000,,,27.928386688232422,117.21080017089844,117.83779907226562,980.9737548828125,0.01,5e-05
,,,,,941911,2740.0,3746,,,,,,
,,,,,942000,,,16.503284454345703,135.8567352294922,134.05361938476562,1011.2635498046875,0.01,5e-05
,,,,,942582,1040.0,2698,,,,,,
,,,,,943000,,,14.086126327514648,124.96949768066406,123.48694610595703,884.2655029296875,0.01,5e-05
,,,,,943115,980.0,2146,,,,,,
,,,,,943670,1060.0,2234,,,,,,
,,,,,944000,,,92.1391372680664,121.52198791503906,123.8314208984375,2071.3466796875,0.01,5e-05
,,,,,944289,910.0,2498,,,,,,
,,,,,944890,1040.0,2418,,,,,,
,,,,,945000,,,14.46888542175293,116.76522827148438,117.94076538085938,938.9491577148438,0.01,5e-05
,,,,,945975,2810.0,4354,,,,,,
,,,,,946000,,,269.75775146484375,117.03498840332031,119.32164001464844,2361.89501953125,0.01,5e-05
,,,,,946714,1320.0,2970,,,,,,
,,,,,947000,,,7.921847820281982,123.38230895996094,123.199462890625,721.6371459960938,0.01,5e-05
,,,,,947467,1590.0,3026,,,,,,
,,,,,948000,,,40.602020263671875,106.426025390625,106.17759704589844,1248.8896484375,0.01,5e-05
,,,,,948013,2120.0,2186,,,,,,
,,,,,948787,990.0,3098,,,,,,
,,,,,949000,,,16.317691802978516,139.03125,138.22555541992188,786.2222290039062,0.01,5e-05
,,,,,949384,1050.0,2402,,,,,,
1969.0,570.58655,2490.0,940.0,3463.6,950000,,,16.361934661865234,138.72296142578125,138.9499053955078,713.6775512695312,0.01,5e-05
,,,,,950084,1280.0,2826,,,,,,
,,,,,950921,860.0,3378,,,,,,
,,,,,951000,,,47.90332794189453,140.83053588867188,142.0565948486328,1616.80029296875,0.01,5e-05
,,,,,951598,1300.0,2714,,,,,,
,,,,,952000,,,13.942815780639648,129.98065185546875,129.4821014404297,729.1492919921875,0.01,5e-05
,,,,,952736,2530.0,4562,,,,,,
,,,,,953000,,,35.66703414916992,140.81735229492188,138.2156982421875,1563.7677001953125,0.01,5e-05
,,,,,953382,1120.0,2586,,,,,,
,,,,,954000,,,13.570934295654297,136.83114624023438,136.80072021484375,586.8391723632812,0.01,5e-05
,,,,,954266,2020.0,3562,,,,,,
,,,,,954780,560.0,2082,,,,,,
,,,,,955000,,,17.656089782714844,123.08854675292969,124.35039520263672,1060.9537353515625,0.01,5e-05
,,,,,955505,960.0,2922,,,,,,
,,,,,956000,,,17.38770294189453,113.35147857666016,111.93751525878906,940.3236083984375,0.01,5e-05
,,,,,956245,1760.0,2970,,,,,,
,,,,,956876,1030.0,2546,,,,,,
,,,,,957000,,,18.70237922668457,136.41159057617188,134.52056884765625,1799.35791015625,0.01,5e-05
,,,,,957730,990.0,3426,,,,,,
,,,,,958000,,,13.086129188537598,148.0392303466797,147.5777130126953,558.7779541015625,0.01,5e-05
,,,,,958376,1430.0,2594,,,,,,
,,,,,959000,,,4421.39404296875,127.16578674316406,138.58233642578125,12603.0673828125,0.01,5e-05
,,,,,959332,1220.0,3842,,,,,,
1468.0,654.55023,2710.0,910.0,3076.4,960000,,,13.307493209838867,139.16259765625,140.43295288085938,815.3818969726562,0.01,5e-05
,,,,,960191,1640.0,3442,,,,,,
,,,,,960765,820.0,2298,,,,,,
,,,,,961000,,,13.476771354675293,144.45907592773438,145.30828857421875,1201.80908203125,0.01,5e-05
,,,,,961591,1210.0,3322,,,,,,
,,,,,962000,,,12.635093688964844,136.1913604736328,136.61392211914062,581.7949829101562,0.01,5e-05
,,,,,962426,1560.0,3362,,,,,,
,,,,,963000,,,19.018878936767578,119.54247283935547,119.94808197021484,842.2468872070312,0.01,5e-05
,,,,,963276,1740.0,3410,,,,,,
,,,,,964000,,,13.336371421813965,120.40609741210938,119.0470199584961,631.0036010742188,0.01,5e-05
,,,,,964125,3360.0,3410,,,,,,
,,,,,964877,2370.0,3018,,,,,,
,,,,,965000,,,10.277499198913574,134.51771545410156,135.514404296875,605.9031372070312,0.01,5e-05
,,,,,965644,1350.0,3082,,,,,,
,,,,,966000,,,26.61333656311035,120.21083068847656,118.8603515625,988.0386352539062,0.01,5e-05
,,,,,966154,1310.0,2066,,,,,,
,,,,,966884,1460.0,2938,,,,,,
,,,,,967000,,,15.521830558776855,123.48695373535156,124.03279876708984,569.3466186523438,0.01,5e-05
,,,,,967618,1210.0,2962,,,,,,
,,,,,968000,,,12.012194633483887,118.34761047363281,118.62901306152344,798.4952392578125,0.01,5e-05
,,,,,968156,1340.0,2178,,,,,,
,,,,,968790,1410.0,2554,,,,,,
,,,,,969000,,,20.411544799804688,124.72537231445312,125.9486312866211,1159.2606201171875,0.01,5e-05
,,,,,969476,2340.0,2746,,,,,,
1750.0,428.55573,2250.0,1250.0,3219.6,970000,,,10.245824813842773,113.70326232910156,114.8678970336914,781.57080078125,0.01,5e-05
,,,,,970064,1340.0,2362,,,,,,
,,,,,970864,930.0,3210,,,,,,
,,,,,971000,,,19.861923217773438,120.39540100097656,118.0700912475586,1381.007568359375,0.01,5e-05
,,,,,971914,1210.0,4218,,,,,,
,,,,,972000,,,14.965373992919922,139.39227294921875,141.0376434326172,1010.4905395507812,0.01,5e-05
,,,,,972524,1280.0,2450,,,,,,
,,,,,973000,,,47.1297492980957,131.23983764648438,129.8166961669922,1968.7047119140625,0.01,5e-05
,,,,,973057,950.0,2138,,,,,,
,,,,,973661,1100.0,2434,,,,,,
,,,,,974000,,,62.4158821105957,106.36786651611328,106.02959442138672,3797.472412109375,0.01,5e-05
,,,,,974543,1520.0,3538,,,,,,
,,,,,975000,,,24.025815963745117,125.87586975097656,124.47203063964844,1047.368896484375,0.01,5e-05
,,,,,975406,1300.0,3458,,,,,,
,,,,,976000,,,19.739269256591797,98.53376770019531,99.93281555175781,1010.9185791015625,0.01,5e-05
,,,,,976344,990.0,3762,,,,,,
,,,,,977000,,,1085.0625,145.5940399169922,147.87677001953125,6356.05810546875,0.01,5e-05
,,,,,977102,1140.0,3050,,,,,,
,,,,,977730,840.0,2522,,,,,,
,,,,,978000,,,26.474273681640625,150.958251953125,147.82626342773438,1547.64208984375,0.01,5e-05
,,,,,978227,700.0,1986,,,,,,
,,,,,979000,,,250.44004821777344,134.22689819335938,138.1259307861328,2986.387451171875,0.01,5e-05
,,,,,979057,1140.0,3346,,,,,,
,,,,,979716,1000.0,2666,,,,,,
1518.0,553.9097,2040.0,860.0,3621.2,980000,,,9.637506484985352,123.23649597167969,123.41352844238281,503.6906433105469,0.01,5e-05
,,,,,980705,1610.0,3962,,,,,,
,,,,,981000,,,23.600326538085938,131.67514038085938,131.82720947265625,1292.073974609375,0.01,5e-05
,,,,,981347,850.0,2578,,,,,,
,,,,,981865,890.0,2082,,,,,,
,,,,,982000,,,18.04996109008789,143.4263153076172,143.89517211914062,665.0831298828125,0.01,5e-05
,,,,,982662,1210.0,3194,,,,,,
,,,,,983000,,,14.909477233886719,126.7790298461914,126.69104766845703,589.95751953125,0.01,5e-05
,,,,,983250,1090.0,2362,,,,,,
,,,,,984000,,,37.98503875732422,123.89896392822266,125.48900604248047,1050.9317626953125,0.01,5e-05
,,,,,984065,1170.0,3274,,,,,,
,,,,,984823,1020.0,3058,,,,,,
,,,,,985000,,,6.407668113708496,132.01828002929688,131.13333129882812,437.3235778808594,0.01,5e-05
,,,,,985573,980.0,3018,,,,,,
,,,,,986000,,,24.4361629486084,150.59291076660156,152.84649658203125,1525.307373046875,0.01,5e-05
,,,,,986142,840.0,2298,,,,,,
,,,,,987000,,,32.99824905395508,114.7659912109375,113.39310455322266,996.6478881835938,0.01,5e-05
,,,,,987182,1700.0,4170,,,,,,
,,,,,987782,940.0,2402,,,,,,
,,,,,988000,,,15.371071815490723,122.38243103027344,123.97708892822266,1129.7696533203125,0.01,5e-05
,,,,,988302,1340.0,2098,,,,,,
,,,,,988958,1060.0,2626,,,,,,
,,,,,989000,,,74.85575103759766,136.1300811767578,133.9273681640625,2109.53955078125,0.01,5e-05
,,,,,989778,2860.0,3282,,,,,,
1103.0,280.28735,1480.0,800.0,2574.0,990000,,,22.261615753173828,98.15470123291016,97.55899047851562,1604.1568603515625,0.01,5e-05
,,,,,990361,710.0,2346,,,,,,
,,,,,991000,,,21.6478271484375,139.5625762939453,138.91867065429688,928.1323852539062,0.01,5e-05
,,,,,991109,2780.0,3002,,,,,,
,,,,,992000,,,29.239097595214844,121.5343017578125,119.71360778808594,1505.9349365234375,0.01,5e-05
,,,,,992180,1700.0,4306,,,,,,
,,,,,993000,,,207.08985900878906,130.13938903808594,132.7615203857422,2095.501708984375,0.01,5e-05
,,,,,993028,2160.0,3410,,,,,,
,,,,,993760,1490.0,2938,,,,,,
,,,,,994000,,,20.222755432128906,122.1645736694336,120.8181381225586,978.8587646484375,0.01,5e-05
,,,,,994655,2250.0,3578,,,,,,
,,,,,995000,,,11.162286758422852,160.367431640625,159.22921752929688,711.16015625,0.01,5e-05
,,,,,995237,1360.0,2338,,,,,,
,,,,,996000,,,19.74863052368164,126.53324127197266,125.35033416748047,2155.873291015625,0.01,5e-05
,,,,,996124,1760.0,3570,,,,,,
,,,,,996852,1920.0,2938,,,,,,
,,,,,997000,,,18.49517822265625,117.76677703857422,118.32180786132812,1169.6817626953125,0.01,5e-05
,,,,,997770,1380.0,3698,,,,,,
,,,,,998000,,,70.24009704589844,127.63706970214844,125.73177337646484,2437.991943359375,0.01,5e-05
,,,,,998407,1320.0,2554,,,,,,
,,,,,999000,,,8.624932289123535,131.08543395996094,130.21563720703125,780.5859375,0.01,5e-05
,,,,,999419,1530.0,4066,,,,,,
