Eval_AverageReturn,Eval_StdReturn,Eval_MaxReturn,Eval_MinReturn,Eval_AverageEpLen,step,Train_EpisodeReturn,Train_EpisodeLen,critic_loss,q_values,target_values,grad_norm,epsilon,lr
-767.42737,418.75717,-445.4557,-1749.7538,102.3,0,,,,,,,,
,,,,,69,-246.74232,70,,,,,,
,,,,,201,-54.096504,132,,,,,,
,,,,,284,-84.89345,83,,,,,,
,,,,,351,-157.77338,67,,,,,,
,,,,,412,-97.007706,61,,,,,,
,,,,,525,-212.57881,113,,,,,,
,,,,,607,-118.65689,82,,,,,,
,,,,,673,-178.41843,66,,,,,,
,,,,,738,-72.77815,65,,,,,,
,,,,,796,-84.3243,58,,,,,,
,,,,,927,-207.4855,131,,,,,,
,,,,,1043,-100.38965,116,,,,,,
,,,,,1122,-139.8075,79,,,,,,
,,,,,1212,-116.731285,90,,,,,,
,,,,,1276,-107.67114,64,,,,,,
,,,,,1345,-33.747726,69,,,,,,
,,,,,1469,-429.88382,124,,,,,,
,,,,,1526,-73.69216,57,,,,,,
,,,,,1642,-148.89345,116,,,,,,
,,,,,1712,-238.75154,70,,,,,,
,,,,,1783,-94.52878,71,,,,,,
,,,,,1877,-105.4729,94,,,,,,
,,,,,1982,-465.74542,105,,,,,,
,,,,,2053,-118.29019,71,,,,,,
,,,,,2154,-364.02197,101,,,,,,
,,,,,2214,-77.9921,60,,,,,,
,,,,,2291,-78.29079,77,,,,,,
,,,,,2357,-72.71323,66,,,,,,
,,,,,2459,-282.96906,102,,,,,,
,,,,,2582,-200.57776,123,,,,,,
,,,,,2704,-45.835243,122,,,,,,
,,,,,2774,-193.90936,70,,,,,,
,,,,,2864,-276.16544,90,,,,,,
,,,,,2929,-119.58092,65,,,,,,
,,,,,3023,-136.72104,94,,,,,,
,,,,,3092,-93.353,69,,,,,,
,,,,,3156,-12.916893,64,,,,,,
,,,,,3242,-205.29755,86,,,,,,
,,,,,3371,-26.315552,129,,,,,,
,,,,,3469,-108.63683,98,,,,,,
,,,,,3555,-157.59236,86,,,,,,
,,,,,3691,-61.45045,136,,,,,,
,,,,,3821,-241.79565,130,,,,,,
,,,,,3892,-69.8843,71,,,,,,
,,,,,4045,-165.9268,153,,,,,,
,,,,,4110,-107.52304,65,,,,,,
,,,,,4196,-89.68172,86,,,,,,
,,,,,4267,-55.787155,71,,,,,,
,,,,,4334,-81.2486,67,,,,,,
,,,,,4421,-262.05634,87,,,,,,
,,,,,4546,-264.52496,125,,,,,,
,,,,,4623,-76.63377,77,,,,,,
,,,,,4714,-114.5972,91,,,,,,
,,,,,4778,-85.728165,64,,,,,,
,,,,,4842,-56.698524,64,,,,,,
,,,,,4961,-182.43646,119,,,,,,
,,,,,5032,-40.535027,71,,,,,,
,,,,,5120,-224.37752,88,,,,,,
,,,,,5238,-118.410065,118,,,,,,
,,,,,5345,-134.40384,107,,,,,,
,,,,,5412,-88.12438,67,,,,,,
,,,,,5507,-461.97012,95,,,,,,
,,,,,5613,-246.7224,106,,,,,,
,,,,,5701,-154.8103,88,,,,,,
,,,,,5786,-141.25626,85,,,,,,
,,,,,5866,-101.89673,80,,,,,,
,,,,,5969,-121.50424,103,,,,,,
,,,,,6079,-77.29086,110,,,,,,
,,,,,6191,-122.36749,112,,,,,,
,,,,,6254,-83.301155,63,,,,,,
,,,,,6383,-2.400795,129,,,,,,
,,,,,6459,-116.40272,76,,,,,,
,,,,,6543,-123.91662,84,,,,,,
,,,,,6631,-263.32254,88,,,,,,
,,,,,6737,-123.12313,106,,,,,,
,,,,,6833,-94.57837,96,,,,,,
,,,,,6902,-80.23617,69,,,,,,
,,,,,7017,-160.23071,115,,,,,,
,,,,,7098,-100.8303,81,,,,,,
,,,,,7220,-177.64786,122,,,,,,
,,,,,7325,-284.67944,105,,,,,,
,,,,,7433,-350.72708,108,,,,,,
,,,,,7566,-102.264366,133,,,,,,
,,,,,7660,-423.5747,94,,,,,,
,,,,,7747,-79.62602,87,,,,,,
,,,,,7830,-82.326645,83,,,,,,
,,,,,7915,-235.49348,85,,,,,,
,,,,,8025,-127.16344,110,,,,,,
,,,,,8153,-133.61145,128,,,,,,
,,,,,8239,-316.84906,86,,,,,,
,,,,,8338,-416.49045,99,,,,,,
,,,,,8442,-106.22511,104,,,,,,
,,,,,8537,-275.02753,95,,,,,,
,,,,,8658,-200.80127,121,,,,,,
,,,,,8746,-218.50531,88,,,,,,
,,,,,8856,-303.65662,110,,,,,,
,,,,,8971,-210.34174,115,,,,,,
,,,,,9086,-211.29834,115,,,,,,
,,,,,9179,-303.75305,93,,,,,,
,,,,,9280,-386.4293,101,,,,,,
,,,,,9384,-250.37396,104,,,,,,
,,,,,9478,-215.99542,94,,,,,,
,,,,,9605,-198.40219,127,,,,,,
,,,,,9699,-312.6849,94,,,,,,
,,,,,9797,-438.97656,98,,,,,,
,,,,,9864,-244.85513,67,,,,,,
,,,,,9980,-254.72484,116,,,,,,
-687.4203,215.18948,-494.47906,-1191.9163,93.4,10000,,,,,,,,
,,,,,10061,-77.65179,81,,,,,,
,,,,,10140,-145.30396,79,,,,,,
,,,,,10204,-264.15277,64,,,,,,
,,,,,10287,-349.45227,83,,,,,,
,,,,,10386,-343.54462,99,,,,,,
,,,,,10473,-215.99707,87,,,,,,
,,,,,10585,-305.06403,112,,,,,,
,,,,,10689,-231.60776,104,,,,,,
,,,,,10797,-398.75253,108,,,,,,
,,,,,10886,-123.90331,89,,,,,,
,,,,,10963,-56.727367,77,,,,,,
,,,,,11055,-361.80563,92,,,,,,
,,,,,11122,-146.48576,67,,,,,,
,,,,,11181,-58.372787,59,,,,,,
,,,,,11294,-329.3646,113,,,,,,
,,,,,11390,-148.77203,96,,,,,,
,,,,,11449,-157.48074,59,,,,,,
,,,,,11521,-75.17205,72,,,,,,
,,,,,11604,-109.83917,83,,,,,,
,,,,,11713,-85.54569,109,,,,,,
,,,,,11789,-104.61916,76,,,,,,
,,,,,11872,-221.58115,83,,,,,,
,,,,,11955,-92.562355,83,,,,,,
,,,,,12027,-94.74965,72,,,,,,
,,,,,12116,-116.36341,89,,,,,,
,,,,,12261,-217.86523,145,,,,,,
,,,,,12382,-82.561966,121,,,,,,
,,,,,12514,-124.75101,132,,,,,,
,,,,,12608,-310.07904,94,,,,,,
,,,,,12698,-157.04208,90,,,,,,
,,,,,12828,-75.40349,130,,,,,,
,,,,,12921,-169.01562,93,,,,,,
,,,,,13007,-148.71419,86,,,,,,
,,,,,13109,-76.64478,102,,,,,,
,,,,,13200,-311.3053,91,,,,,,
,,,,,13272,-84.86174,72,,,,,,
,,,,,13381,-278.76974,109,,,,,,
,,,,,13454,-303.27765,73,,,,,,
,,,,,13562,-151.30125,108,,,,,,
,,,,,13652,-300.97684,90,,,,,,
,,,,,13735,-289.5728,83,,,,,,
,,,,,13832,-104.04905,97,,,,,,
,,,,,13963,-301.42422,131,,,,,,
,,,,,14041,-67.701324,78,,,,,,
,,,,,14115,-324.461,74,,,,,,
,,,,,14228,-367.21222,113,,,,,,
,,,,,14352,-368.96704,124,,,,,,
,,,,,14412,-188.4384,60,,,,,,
,,,,,14511,-513.2512,99,,,,,,
,,,,,14587,-84.20843,76,,,,,,
,,,,,14687,-158.23125,100,,,,,,
,,,,,14762,-232.24466,75,,,,,,
,,,,,14938,-260.18036,176,,,,,,
,,,,,15026,-115.5915,88,,,,,,
,,,,,15118,-283.1767,92,,,,,,
,,,,,15199,-352.0565,81,,,,,,
,,,,,15294,-471.3706,95,,,,,,
,,,,,15443,-243.54625,149,,,,,,
,,,,,15538,-305.20758,95,,,,,,
,,,,,15643,-223.39253,105,,,,,,
,,,,,15747,-82.63311,104,,,,,,
,,,,,15837,-448.83688,90,,,,,,
,,,,,15940,-389.78696,103,,,,,,
,,,,,16071,-280.97388,131,,,,,,
,,,,,16169,-108.74748,98,,,,,,
,,,,,16243,-215.45267,74,,,,,,
,,,,,16365,-253.63397,122,,,,,,
,,,,,16464,-82.18329,99,,,,,,
,,,,,16570,-269.8412,106,,,,,,
,,,,,16640,-166.84488,70,,,,,,
,,,,,16763,-475.66232,123,,,,,,
,,,,,16864,-163.8852,101,,,,,,
,,,,,16961,-324.83594,97,,,,,,
,,,,,17092,-496.32153,131,,,,,,
,,,,,17195,-338.94165,103,,,,,,
,,,,,17283,-106.54139,88,,,,,,
,,,,,17397,-236.64041,114,,,,,,
,,,,,17467,-334.42706,70,,,,,,
,,,,,17612,-122.12384,145,,,,,,
,,,,,17739,-110.15689,127,,,,,,
,,,,,17852,-112.46402,113,,,,,,
,,,,,17961,-229.56895,109,,,,,,
,,,,,18100,-132.40637,139,,,,,,
,,,,,18192,-109.92294,92,,,,,,
,,,,,18284,-429.2684,92,,,,,,
,,,,,18402,-131.51317,118,,,,,,
,,,,,18527,-303.43604,125,,,,,,
,,,,,18616,-356.05652,89,,,,,,
,,,,,18721,-538.16016,105,,,,,,
,,,,,18837,-210.1259,116,,,,,,
,,,,,18926,-261.5428,89,,,,,,
,,,,,19036,-139.10147,110,,,,,,
,,,,,19166,-125.39345,130,,,,,,
,,,,,19254,-124.44452,88,,,,,,
,,,,,19372,-126.64008,118,,,,,,
,,,,,19442,-54.69165,70,,,,,,
,,,,,19530,-506.8116,88,,,,,,
,,,,,19600,-199.47295,70,,,,,,
,,,,,19707,-243.84412,107,,,,,,
,,,,,19804,-419.31326,97,,,,,,
,,,,,19869,-142.37427,65,,,,,,
-746.4103,109.98248,-514.23285,-849.157,127.9,20000,,,14.889801979064941,-0.043606050312519073,-1.5299365520477295,8.731343269348145,0.88,0.001
,,,,,20009,-347.8061,140,,,,,,
,,,,,20089,-177.61191,80,,,,,,
,,,,,20181,-277.94836,92,,,,,,
,,,,,20291,-116.82936,110,,,,,,
,,,,,20408,-95.6391,117,,,,,,
,,,,,20551,-237.11703,143,,,,,,
,,,,,20657,-104.915726,106,,,,,,
,,,,,20769,-242.69307,112,,,,,,
,,,,,20873,-223.11957,104,,,,,,
,,,,,20988,-321.91595,115,,,,,,
,,,,,21000,,,3.5098910331726074,-1.9698642492294312,-1.4735937118530273,11.080182075500488,0.874,0.001
,,,,,21087,-71.5359,99,,,,,,
,,,,,21161,-113.42701,74,,,,,,
,,,,,21297,-381.92722,136,,,,,,
,,,,,21369,-56.72325,72,,,,,,
,,,,,21467,-172.56381,98,,,,,,
,,,,,21587,-433.21506,120,,,,,,
,,,,,21669,-155.2544,82,,,,,,
,,,,,21838,19.942177,169,,,,,,
,,,,,21941,-299.1972,103,,,,,,
,,,,,22000,,,73.4404296875,-3.728665351867676,-3.713677406311035,48.99269485473633,0.868,0.001
,,,,,22024,-143.98453,83,,,,,,
,,,,,22143,-36.32579,119,,,,,,
,,,,,22221,-41.34512,78,,,,,,
,,,,,22316,-111.29562,95,,,,,,
,,,,,22390,-218.40427,74,,,,,,
,,,,,22523,-35.58139,133,,,,,,
,,,,,22610,-25.50692,87,,,,,,
,,,,,22745,17.61451,135,,,,,,
,,,,,22858,-146.53604,113,,,,,,
,,,,,22982,-146.86607,124,,,,,,
,,,,,23000,,,31.674802780151367,-2.822758913040161,-2.486769437789917,43.70337677001953,0.862,0.001
,,,,,23086,-275.39056,104,,,,,,
,,,,,23197,-140.51791,111,,,,,,
,,,,,23318,-156.53894,121,,,,,,
,,,,,23427,-262.153,109,,,,,,
,,,,,23499,-46.91361,72,,,,,,
,,,,,23611,-105.60476,112,,,,,,
,,,,,23720,-135.14336,109,,,,,,
,,,,,23866,-121.21417,146,,,,,,
,,,,,23937,-85.95846,71,,,,,,
,,,,,24000,,,6.807610511779785,-2.542431354522705,-2.6439549922943115,43.71208572387695,0.856,0.001
,,,,,24040,-102.834885,103,,,,,,
,,,,,24138,-38.296597,98,,,,,,
,,,,,24242,-287.24594,104,,,,,,
,,,,,24328,-87.96059,86,,,,,,
,,,,,24456,-178.76175,128,,,,,,
,,,,,24538,-78.968994,82,,,,,,
,,,,,24669,-181.96024,131,,,,,,
,,,,,24750,-79.90634,81,,,,,,
,,,,,24897,-386.63947,147,,,,,,
,,,,,25000,,,46.42313766479492,-2.669433116912842,-3.3409383296966553,93.87178039550781,0.85,0.001
,,,,,25018,-149.792,121,,,,,,
,,,,,25131,-77.98871,113,,,,,,
,,,,,25199,-206.99493,68,,,,,,
,,,,,25314,-163.69383,115,,,,,,
,,,,,25386,-153.3486,72,,,,,,
,,,,,25462,-57.9417,76,,,,,,
,,,,,25585,-196.91827,123,,,,,,
,,,,,25659,-72.73829,74,,,,,,
,,,,,25754,-230.90154,95,,,,,,
,,,,,25819,-91.5916,65,,,,,,
,,,,,25933,-314.76892,114,,,,,,
,,,,,26000,,,5.678038597106934,-1.81217622756958,-1.6496162414550781,45.732337951660156,0.844,0.001
,,,,,26062,-71.78018,129,,,,,,
,,,,,26188,-88.71151,126,,,,,,
,,,,,26267,-113.67592,79,,,,,,
,,,,,26383,-133.01022,116,,,,,,
,,,,,26470,-130.48622,87,,,,,,
,,,,,26542,-67.017685,72,,,,,,
,,,,,26625,-95.954834,83,,,,,,
,,,,,26723,-146.75598,98,,,,,,
,,,,,26791,-57.767982,68,,,,,,
,,,,,26921,-129.45612,130,,,,,,
,,,,,27000,,,3.9268360137939453,-2.2287919521331787,-1.9538822174072266,30.341045379638672,0.838,0.001
,,,,,27031,-66.53197,110,,,,,,
,,,,,27116,-26.611351,85,,,,,,
,,,,,27191,-65.69678,75,,,,,,
,,,,,27322,-83.95087,131,,,,,,
,,,,,27421,-137.24489,99,,,,,,
,,,,,27543,-177.49188,122,,,,,,
,,,,,27624,-117.910934,81,,,,,,
,,,,,27721,-150.75125,97,,,,,,
,,,,,27789,-129.04956,68,,,,,,
,,,,,27879,-73.52686,90,,,,,,
,,,,,27970,-64.631485,91,,,,,,
,,,,,28000,,,3.7436487674713135,-1.6545192003250122,-1.4997572898864746,28.700519561767578,0.832,0.001
,,,,,28080,-223.45107,110,,,,,,
,,,,,28158,16.88263,78,,,,,,
,,,,,28273,-81.6033,115,,,,,,
,,,,,28339,-90.29206,66,,,,,,
,,,,,28427,-110.05286,88,,,,,,
,,,,,28501,-79.64278,74,,,,,,
,,,,,28589,-141.2587,88,,,,,,
,,,,,28662,-93.99944,73,,,,,,
,,,,,28782,-279.57507,120,,,,,,
,,,,,28903,-123.73728,121,,,,,,
,,,,,28998,-83.59979,95,,,,,,
,,,,,29000,,,1.1484668254852295,-2.177607774734497,-2.2334375381469727,18.055389404296875,0.8260000000000001,0.001
,,,,,29099,-143.35303,101,,,,,,
,,,,,29196,-128.15216,97,,,,,,
,,,,,29261,-92.53264,65,,,,,,
,,,,,29367,-202.63313,106,,,,,,
,,,,,29473,-94.98464,106,,,,,,
,,,,,29573,-83.17289,100,,,,,,
,,,,,29663,-133.8972,90,,,,,,
,,,,,29786,-197.27,123,,,,,,
,,,,,29850,-61.754944,64,,,,,,
,,,,,29919,-76.00054,69,,,,,,
-63.017662,59.4598,36.53485,-171.9949,836.3,30000,,,20.530244827270508,-1.2496566772460938,-1.5122406482696533,57.69059753417969,0.82,0.001
,,,,,30012,-119.18007,93,,,,,,
,,,,,30088,-130.20776,76,,,,,,
,,,,,30159,-51.411785,71,,,,,,
,,,,,30228,-95.05112,69,,,,,,
,,,,,30294,-74.10113,66,,,,,,
,,,,,30431,-121.35033,137,,,,,,
,,,,,30551,-177.56053,120,,,,,,
,,,,,30655,-75.030876,104,,,,,,
,,,,,30732,-77.083496,77,,,,,,
,,,,,30835,-235.24355,103,,,,,,
,,,,,30927,-88.90501,92,,,,,,
,,,,,31000,,,11.287959098815918,1.9623570442199707,2.5095272064208984,45.6337776184082,0.8140000000000001,0.001
,,,,,31036,-103.33297,109,,,,,,
,,,,,31144,-153.38226,108,,,,,,
,,,,,31265,-148.8273,121,,,,,,
,,,,,31352,-117.59143,87,,,,,,
,,,,,31462,-66.12671,110,,,,,,
,,,,,31556,-118.69491,94,,,,,,
,,,,,31662,-84.83759,106,,,,,,
,,,,,31795,-103.995255,133,,,,,,
,,,,,31902,-53.616856,107,,,,,,
,,,,,32000,,,7.5613508224487305,-5.772883415222168,-5.027521133422852,143.5767364501953,0.808,0.001
,,,,,32025,-43.751358,123,,,,,,
,,,,,32105,-81.4963,80,,,,,,
,,,,,32221,-94.17876,116,,,,,,
,,,,,32321,-122.311195,100,,,,,,
,,,,,32407,-119.56496,86,,,,,,
,,,,,32524,-96.39934,117,,,,,,
,,,,,32610,-79.54797,86,,,,,,
,,,,,32683,-94.443016,73,,,,,,
,,,,,32752,-69.23906,69,,,,,,
,,,,,32840,-120.81172,88,,,,,,
,,,,,32904,-41.4557,64,,,,,,
,,,,,33000,,,8.51307487487793,-8.09653091430664,-8.661195755004883,96.6825180053711,0.802,0.001
,,,,,33016,-69.30539,112,,,,,,
,,,,,33121,-64.84942,105,,,,,,
,,,,,33205,-60.87019,84,,,,,,
,,,,,33311,-122.4113,106,,,,,,
,,,,,33385,-2.585106,74,,,,,,
,,,,,33455,-110.28465,70,,,,,,
,,,,,33562,-186.26672,107,,,,,,
,,,,,33679,-139.48975,117,,,,,,
,,,,,33754,-56.040512,75,,,,,,
,,,,,33856,-161.1991,102,,,,,,
,,,,,33916,-67.637436,60,,,,,,
,,,,,34000,,,1.1939940452575684,0.34180521965026855,0.35241401195526123,18.860612869262695,0.796,0.001
,,,,,34023,-118.72117,107,,,,,,
,,,,,34138,-114.172325,115,,,,,,
,,,,,34237,-87.40234,99,,,,,,
,,,,,34332,-104.649055,95,,,,,,
,,,,,34426,-6.810356,94,,,,,,
,,,,,34523,-127.729225,97,,,,,,
,,,,,34604,-98.77298,81,,,,,,
,,,,,34689,-46.54177,85,,,,,,
,,,,,34797,-28.077255,108,,,,,,
,,,,,34934,-5.931679,137,,,,,,
,,,,,35000,,,2.1255085468292236,-5.026156425476074,-5.277988433837891,25.660234451293945,0.79,0.001
,,,,,35026,-18.17704,92,,,,,,
,,,,,35105,-100.83801,79,,,,,,
,,,,,35183,-101.30464,78,,,,,,
,,,,,35264,-117.950165,81,,,,,,
,,,,,35334,-72.569244,70,,,,,,
,,,,,35469,-106.69733,135,,,,,,
,,,,,35593,-121.41141,124,,,,,,
,,,,,35715,-270.08716,122,,,,,,
,,,,,35783,-105.82211,68,,,,,,
,,,,,35930,-45.54703,147,,,,,,
,,,,,36000,,,25.706857681274414,-3.0629329681396484,-2.861668825149536,58.76893997192383,0.784,0.001
,,,,,36060,-63.359413,130,,,,,,
,,,,,36194,-41.67886,134,,,,,,
,,,,,36274,-73.49198,80,,,,,,
,,,,,36389,-107.04324,115,,,,,,
,,,,,36458,-80.60741,69,,,,,,
,,,,,36577,-122.68595,119,,,,,,
,,,,,36677,-89.839676,100,,,,,,
,,,,,36743,-76.65042,66,,,,,,
,,,,,36878,-205.3686,135,,,,,,
,,,,,36968,-93.45891,90,,,,,,
,,,,,37000,,,3.488839626312256,-1.1052937507629395,-0.7990601062774658,39.61363220214844,0.778,0.001
,,,,,37062,-92.36815,94,,,,,,
,,,,,37170,-84.08524,108,,,,,,
,,,,,37291,-46.82291,121,,,,,,
,,,,,37417,-94.051994,126,,,,,,
,,,,,37544,-31.87265,127,,,,,,
,,,,,37625,-59.701744,81,,,,,,
,,,,,37791,-81.95131,166,,,,,,
,,,,,37853,-56.52655,62,,,,,,
,,,,,37923,-71.67152,70,,,,,,
,,,,,38000,,,11.714768409729004,-1.0591142177581787,-2.6640539169311523,94.89253997802734,0.772,0.001
,,,,,38051,-123.50555,128,,,,,,
,,,,,38171,-63.851124,120,,,,,,
,,,,,38330,-65.321655,159,,,,,,
,,,,,38403,-131.74878,73,,,,,,
,,,,,38543,-83.39144,140,,,,,,
,,,,,38654,-73.53807,111,,,,,,
,,,,,38725,-61.271652,71,,,,,,
,,,,,38812,-57.103542,87,,,,,,
,,,,,38956,-25.631607,144,,,,,,
,,,,,39000,,,56.37603759765625,5.821684837341309,5.941786766052246,118.07239532470703,0.766,0.001
,,,,,39076,-65.57251,120,,,,,,
,,,,,39150,-38.01822,74,,,,,,
,,,,,39254,-101.95425,104,,,,,,
,,,,,39333,-42.769787,79,,,,,,
,,,,,39393,-46.83109,60,,,,,,
,,,,,39474,-54.191513,81,,,,,,
,,,,,39582,-60.146065,108,,,,,,
,,,,,39699,-58.724483,117,,,,,,
,,,,,39809,-86.24043,110,,,,,,
,,,,,39935,-301.85748,126,,,,,,
16.58583,133.92778,200.86032,-152.31961,523.9,40000,,,7.5208587646484375,1.349825143814087,1.506702184677124,64.15348815917969,0.76,0.001
,,,,,40055,-84.44202,120,,,,,,
,,,,,40156,-97.69897,101,,,,,,
,,,,,40228,-72.35283,72,,,,,,
,,,,,40340,-68.5233,112,,,,,,
,,,,,40448,-82.06553,108,,,,,,
,,,,,40532,-101.0963,84,,,,,,
,,,,,40639,-89.29384,107,,,,,,
,,,,,40757,-38.144043,118,,,,,,
,,,,,40829,-48.13852,72,,,,,,
,,,,,40902,-60.310432,73,,,,,,
,,,,,40994,-103.27669,92,,,,,,
,,,,,41000,,,4.148897647857666,8.635778427124023,8.458378791809082,27.887876510620117,0.754,0.001
,,,,,41123,-82.25051,129,,,,,,
,,,,,41222,-32.578117,99,,,,,,
,,,,,41336,-145.7709,114,,,,,,
,,,,,41446,-88.8254,110,,,,,,
,,,,,41516,-52.75528,70,,,,,,
,,,,,41595,-42.44279,79,,,,,,
,,,,,41754,-74.022446,159,,,,,,
,,,,,41816,-106.25858,62,,,,,,
,,,,,41892,-7.653038,76,,,,,,
,,,,,42000,,,2.43432879447937,8.470367431640625,8.401631355285645,43.27804946899414,0.748,0.001
,,,,,42022,-58.184135,130,,,,,,
,,,,,42141,-31.501366,119,,,,,,
,,,,,42258,-74.60379,117,,,,,,
,,,,,42399,-61.499683,141,,,,,,
,,,,,42458,-59.1929,59,,,,,,
,,,,,42606,-88.85477,148,,,,,,
,,,,,42752,-118.54191,146,,,,,,
,,,,,42820,-26.544304,68,,,,,,
,,,,,42918,-84.23089,98,,,,,,
,,,,,43000,,,3.3157382011413574,10.024845123291016,10.546799659729004,36.9761848449707,0.742,0.001
,,,,,43005,-95.65047,87,,,,,,
,,,,,43128,-63.1676,123,,,,,,
,,,,,43214,-96.96102,86,,,,,,
,,,,,43344,-60.93174,130,,,,,,
,,,,,43459,-80.65889,115,,,,,,
,,,,,43533,-50.630886,74,,,,,,
,,,,,43613,-91.989136,80,,,,,,
,,,,,43714,-63.699215,101,,,,,,
,,,,,43794,-77.30118,80,,,,,,
,,,,,43887,-97.46816,93,,,,,,
,,,,,43977,-99.357346,90,,,,,,
,,,,,44000,,,26.278146743774414,13.864629745483398,14.775416374206543,112.58631134033203,0.736,0.001
,,,,,44070,-106.20272,93,,,,,,
,,,,,44142,-73.95229,72,,,,,,
,,,,,44249,-34.92679,107,,,,,,
,,,,,44371,-95.029175,122,,,,,,
,,,,,44447,-90.53274,76,,,,,,
,,,,,44549,-65.72885,102,,,,,,
,,,,,44649,-55.53319,100,,,,,,
,,,,,44758,-79.043564,109,,,,,,
,,,,,44878,-64.09454,120,,,,,,
,,,,,45000,,,6.657901763916016,3.4875473976135254,3.321152448654175,49.66452407836914,0.73,0.001
,,,,,45034,-80.790955,156,,,,,,
,,,,,45164,-60.011055,130,,,,,,
,,,,,45244,-45.81157,80,,,,,,
,,,,,45348,0.53440857,104,,,,,,
,,,,,45474,-81.692085,126,,,,,,
,,,,,45575,-121.01112,101,,,,,,
,,,,,45690,-69.704605,115,,,,,,
,,,,,45818,-47.965538,128,,,,,,
,,,,,45972,-55.726025,154,,,,,,
,,,,,46000,,,6.619431495666504,4.116555213928223,4.002624988555908,51.698097229003906,0.724,0.001
,,,,,46054,-22.778198,82,,,,,,
,,,,,46136,-82.20439,82,,,,,,
,,,,,46249,-105.599144,113,,,,,,
,,,,,46397,-107.545586,148,,,,,,
,,,,,46482,-53.348515,85,,,,,,
,,,,,46608,-82.76919,126,,,,,,
,,,,,46761,-58.157097,153,,,,,,
,,,,,46834,-64.24396,73,,,,,,
,,,,,46914,-15.859024,80,,,,,,
,,,,,47000,,,13.672317504882812,9.840961456298828,9.835854530334473,87.5428237915039,0.718,0.001
,,,,,47023,-69.137474,109,,,,,,
,,,,,47091,-47.616608,68,,,,,,
,,,,,47169,-92.041664,78,,,,,,
,,,,,47322,-59.455734,153,,,,,,
,,,,,47401,-71.19213,79,,,,,,
,,,,,47460,-42.516697,59,,,,,,
,,,,,47543,-41.964417,83,,,,,,
,,,,,47633,-84.21319,90,,,,,,
,,,,,47708,-79.289566,75,,,,,,
,,,,,47858,-43.42051,150,,,,,,
,,,,,47968,-89.25148,110,,,,,,
,,,,,48000,,,5.536438465118408,8.287247657775879,8.543373107910156,32.56205368041992,0.712,0.001
,,,,,48055,-78.42326,87,,,,,,
,,,,,48141,-32.58097,86,,,,,,
,,,,,48247,-58.891563,106,,,,,,
,,,,,48376,-60.89252,129,,,,,,
,,,,,48462,-67.66849,86,,,,,,
,,,,,48533,-54.5459,71,,,,,,
,,,,,48638,-71.80258,105,,,,,,
,,,,,48736,-99.03223,98,,,,,,
,,,,,48837,-82.92617,101,,,,,,
,,,,,48962,-80.42882,125,,,,,,
,,,,,49000,,,33.663795471191406,9.236099243164062,8.052108764648438,140.1615753173828,0.706,0.001
,,,,,49118,-177.45096,156,,,,,,
,,,,,49251,-83.867775,133,,,,,,
,,,,,49353,-43.535355,102,,,,,,
,,,,,49422,-27.891014,69,,,,,,
,,,,,49501,-19.398232,79,,,,,,
,,,,,49579,-92.51744,78,,,,,,
,,,,,49681,-72.22713,102,,,,,,
,,,,,49764,-86.46046,83,,,,,,
,,,,,49846,-102.41731,82,,,,,,
,,,,,49938,-57.802567,92,,,,,,
-202.41887,72.48026,-8.840164,-302.5459,436.1,50000,,,26.116619110107422,9.50360107421875,8.764608383178711,131.6599578857422,0.7,0.001
,,,,,50028,-24.44693,90,,,,,,
,,,,,50134,-94.75436,106,,,,,,
,,,,,50254,-51.299774,120,,,,,,
,,,,,50384,-95.010605,130,,,,,,
,,,,,50499,-81.44707,115,,,,,,
,,,,,50580,-112.06807,81,,,,,,
,,,,,50684,-49.803253,104,,,,,,
,,,,,50774,-35.604095,90,,,,,,
,,,,,50895,-74.54256,121,,,,,,
,,,,,51000,-84.92492,105,,,,,,
,,,,,51000,,,11.028979301452637,11.919784545898438,11.066597938537598,112.56922149658203,0.694,0.001
,,,,,51088,-63.516262,88,,,,,,
,,,,,51162,-72.19093,74,,,,,,
,,,,,51256,-74.43375,94,,,,,,
,,,,,51343,-67.02623,87,,,,,,
,,,,,51426,-135.50136,83,,,,,,
,,,,,51523,-75.86061,97,,,,,,
,,,,,51615,-102.13257,92,,,,,,
,,,,,51705,-40.884514,90,,,,,,
,,,,,51815,-45.32062,110,,,,,,
,,,,,51892,8.003731,77,,,,,,
,,,,,51986,-84.003136,94,,,,,,
,,,,,52000,,,46.029518127441406,3.8398306369781494,4.308426856994629,129.9123077392578,0.688,0.001
,,,,,52104,-63.305412,118,,,,,,
,,,,,52219,-130.31322,115,,,,,,
,,,,,52331,-51.4671,112,,,,,,
,,,,,52409,-121.77295,78,,,,,,
,,,,,52490,-68.1236,81,,,,,,
,,,,,52584,-74.40198,94,,,,,,
,,,,,52666,-75.07263,82,,,,,,
,,,,,52754,-74.23029,88,,,,,,
,,,,,52854,-68.31707,100,,,,,,
,,,,,52936,-14.573044,82,,,,,,
,,,,,53000,,,12.95332145690918,8.412849426269531,9.053108215332031,80.94766998291016,0.6819999999999999,0.001
,,,,,53042,-65.350235,106,,,,,,
,,,,,53139,-81.32837,97,,,,,,
,,,,,53224,-126.81114,85,,,,,,
,,,,,53341,-83.55557,117,,,,,,
,,,,,53446,-74.02609,105,,,,,,
,,,,,53520,-68.17212,74,,,,,,
,,,,,53610,-113.955315,90,,,,,,
,,,,,53708,-92.918434,98,,,,,,
,,,,,53824,-89.261,116,,,,,,
,,,,,53944,-103.48998,120,,,,,,
,,,,,54000,,,3.2502541542053223,8.266744613647461,8.920150756835938,62.294517517089844,0.6759999999999999,0.001
,,,,,54013,-58.9967,69,,,,,,
,,,,,54097,-50.789368,84,,,,,,
,,,,,54197,-90.084045,100,,,,,,
,,,,,54277,-69.609856,80,,,,,,
,,,,,54379,-73.044785,102,,,,,,
,,,,,54495,-37.34594,116,,,,,,
,,,,,54578,-83.07311,83,,,,,,
,,,,,54694,-69.24028,116,,,,,,
,,,,,54770,-64.63968,76,,,,,,
,,,,,54848,-206.19235,78,,,,,,
,,,,,54951,-100.564125,103,,,,,,
,,,,,55000,,,3.7405776977539062,24.341819763183594,23.57448959350586,101.52594757080078,0.67,0.001
,,,,,55041,16.082458,90,,,,,,
,,,,,55173,-77.62749,132,,,,,,
,,,,,55318,-51.87319,145,,,,,,
,,,,,55395,-103.18947,77,,,,,,
,,,,,55492,-63.455574,97,,,,,,
,,,,,55566,-23.529968,74,,,,,,
,,,,,55687,-39.78779,121,,,,,,
,,,,,55777,-78.23671,90,,,,,,
,,,,,55845,-90.75484,68,,,,,,
,,,,,55946,-78.8455,101,,,,,,
,,,,,56000,,,5.463945388793945,5.2100934982299805,5.0356340408325195,37.45973587036133,0.6639999999999999,0.001
,,,,,56055,-97.04682,109,,,,,,
,,,,,56189,-38.750607,134,,,,,,
,,,,,56273,-100.31766,84,,,,,,
,,,,,56342,-53.475666,69,,,,,,
,,,,,56499,-13.586304,157,,,,,,
,,,,,56607,-66.89772,108,,,,,,
,,,,,56689,-108.07759,82,,,,,,
,,,,,56788,-94.5801,99,,,,,,
,,,,,56887,-54.21791,99,,,,,,
,,,,,57000,,,7.679137706756592,9.126835823059082,9.386320114135742,58.12833786010742,0.6579999999999999,0.001
,,,,,57010,-122.99242,123,,,,,,
,,,,,57082,-58.322086,72,,,,,,
,,,,,57171,-53.437794,89,,,,,,
,,,,,57296,-87.78599,125,,,,,,
,,,,,57388,-46.365807,92,,,,,,
,,,,,57493,-95.04164,105,,,,,,
,,,,,57623,-2.6987457,130,,,,,,
,,,,,57731,-77.91291,108,,,,,,
,,,,,57850,-75.16617,119,,,,,,
,,,,,57926,-72.52322,76,,,,,,
,,,,,58000,,,3.1903433799743652,19.689250946044922,19.140779495239258,68.84416198730469,0.652,0.001
,,,,,58008,-294.0086,82,,,,,,
,,,,,58095,-92.35316,87,,,,,,
,,,,,58203,-26.91912,108,,,,,,
,,,,,58282,-30.416939,79,,,,,,
,,,,,58361,-108.69001,79,,,,,,
,,,,,58440,-52.63806,79,,,,,,
,,,,,58522,-1.8075409,82,,,,,,
,,,,,58627,-50.81407,105,,,,,,
,,,,,58697,-102.81171,70,,,,,,
,,,,,58763,-45.361267,66,,,,,,
,,,,,58871,-69.97133,108,,,,,,
,,,,,58965,-35.00531,94,,,,,,
,,,,,59000,,,35.52627182006836,13.781698226928711,12.932927131652832,200.80335998535156,0.646,0.001
,,,,,59061,-121.30847,96,,,,,,
,,,,,59159,-49.215977,98,,,,,,
,,,,,59284,-78.79563,125,,,,,,
,,,,,59395,-86.57428,111,,,,,,
,,,,,59482,-48.43503,87,,,,,,
,,,,,59573,-58.211563,91,,,,,,
,,,,,59701,-90.75963,128,,,,,,
,,,,,59774,-68.75273,73,,,,,,
,,,,,59839,-33.87298,65,,,,,,
,,,,,59916,-70.86686,77,,,,,,
,,,,,59986,-34.67527,70,,,,,,
-165.71703,84.78121,-3.780098,-276.203,236.1,60000,,,6.301311016082764,16.326580047607422,16.603328704833984,38.8362922668457,0.6399999999999999,0.001
,,,,,60088,-76.83372,102,,,,,,
,,,,,60178,-34.99121,90,,,,,,
,,,,,60248,-58.13939,70,,,,,,
,,,,,60326,-94.49648,78,,,,,,
,,,,,60399,-78.60503,73,,,,,,
,,,,,60474,-45.81293,75,,,,,,
,,,,,60546,-94.372025,72,,,,,,
,,,,,60639,-81.00819,93,,,,,,
,,,,,60734,-47.634808,95,,,,,,
,,,,,60804,-97.320435,70,,,,,,
,,,,,60874,-63.769535,70,,,,,,
,,,,,60934,-47.000458,60,,,,,,
,,,,,61000,,,36.22534942626953,19.883991241455078,20.37019920349121,104.81254577636719,0.634,0.001
,,,,,61021,-59.147324,87,,,,,,
,,,,,61087,-87.47647,66,,,,,,
,,,,,61191,-48.284134,104,,,,,,
,,,,,61288,-79.098656,97,,,,,,
,,,,,61376,-63.181988,88,,,,,,
,,,,,61447,-38.932747,71,,,,,,
,,,,,61554,-111.45552,107,,,,,,
,,,,,61667,-77.39668,113,,,,,,
,,,,,61765,-51.009266,98,,,,,,
,,,,,61830,-72.3417,65,,,,,,
,,,,,61918,-79.12068,88,,,,,,
,,,,,62000,,,4.4767866134643555,19.162809371948242,19.73027801513672,62.33220291137695,0.628,0.001
,,,,,62038,-56.624794,120,,,,,,
,,,,,62148,-45.48008,110,,,,,,
,,,,,62252,-75.36175,104,,,,,,
,,,,,62343,17.405045,91,,,,,,
,,,,,62420,-52.151978,77,,,,,,
,,,,,62518,-62.45112,98,,,,,,
,,,,,62629,-35.813522,111,,,,,,
,,,,,62738,-88.50953,109,,,,,,
,,,,,62877,-103.18356,139,,,,,,
,,,,,63000,,,3.0562636852264404,10.469072341918945,10.176464080810547,32.66407012939453,0.622,0.001
,,,,,63006,-120.2008,129,,,,,,
,,,,,63094,-114.08446,88,,,,,,
,,,,,63203,-118.43155,109,,,,,,
,,,,,63283,-99.441284,80,,,,,,
,,,,,63391,-57.3341,108,,,,,,
,,,,,63470,-40.930172,79,,,,,,
,,,,,63555,-31.255241,85,,,,,,
,,,,,63652,-83.51336,97,,,,,,
,,,,,63756,-98.52281,104,,,,,,
,,,,,63848,-87.323685,92,,,,,,
,,,,,63915,-38.363068,67,,,,,,
,,,,,64000,,,8.393280982971191,14.58411979675293,13.726092338562012,88.73536682128906,0.616,0.001
,,,,,64012,-59.875748,97,,,,,,
,,,,,64105,-81.555756,93,,,,,,
,,,,,64196,-80.36815,91,,,,,,
,,,,,64264,-69.14906,68,,,,,,
,,,,,64341,-31.370338,77,,,,,,
,,,,,64421,-38.289104,80,,,,,,
,,,,,64531,-13.705963,110,,,,,,
,,,,,64597,-33.37728,66,,,,,,
,,,,,64736,-277.27698,139,,,,,,
,,,,,64846,24.29541,110,,,,,,
,,,,,64922,-67.01402,76,,,,,,
,,,,,65000,,,4.109261512756348,21.197280883789062,21.2528076171875,42.908390045166016,0.61,0.001
,,,,,65020,-63.21141,98,,,,,,
,,,,,65092,-42.55933,72,,,,,,
,,,,,65189,18.539543,97,,,,,,
,,,,,65267,-47.45116,78,,,,,,
,,,,,65388,-58.99171,121,,,,,,
,,,,,65460,-22.049301,72,,,,,,
,,,,,65561,-87.88682,101,,,,,,
,,,,,65644,-127.42782,83,,,,,,
,,,,,65763,-97.55649,119,,,,,,
,,,,,65869,-99.43519,106,,,,,,
,,,,,65974,-37.59079,105,,,,,,
,,,,,66000,,,4.427473068237305,19.91119384765625,19.976736068725586,39.54863739013672,0.604,0.001
,,,,,66099,-51.78884,125,,,,,,
,,,,,66223,-35.49536,124,,,,,,
,,,,,66290,-47.91899,67,,,,,,
,,,,,66366,-26.110321,76,,,,,,
,,,,,66482,-32.163918,116,,,,,,
,,,,,66551,-9.768097,69,,,,,,
,,,,,66641,-50.672527,90,,,,,,
,,,,,66783,14.743233,142,,,,,,
,,,,,66849,-24.912216,66,,,,,,
,,,,,66920,-81.76607,71,,,,,,
,,,,,67000,,,28.65436553955078,9.421817779541016,8.730098724365234,85.78087615966797,0.598,0.001
,,,,,67009,-75.28431,89,,,,,,
,,,,,67138,-73.08518,129,,,,,,
,,,,,67252,-10.477608,114,,,,,,
,,,,,67360,-24.996414,108,,,,,,
,,,,,67440,-59.781258,80,,,,,,
,,,,,67543,-48.904236,103,,,,,,
,,,,,67656,-45.83965,113,,,,,,
,,,,,67725,-96.64596,69,,,,,,
,,,,,67796,-41.456886,71,,,,,,
,,,,,67884,-26.105537,88,,,,,,
,,,,,67952,-54.638016,68,,,,,,
,,,,,68000,,,2.9705207347869873,14.851338386535645,15.20403003692627,32.35670471191406,0.5920000000000001,0.001
,,,,,68071,-84.09586,119,,,,,,
,,,,,68165,-76.27318,94,,,,,,
,,,,,68269,-62.973305,104,,,,,,
,,,,,68357,-57.266937,88,,,,,,
,,,,,68451,-30.114548,94,,,,,,
,,,,,68549,-79.15202,98,,,,,,
,,,,,68662,-44.132946,113,,,,,,
,,,,,68735,-52.60026,73,,,,,,
,,,,,68837,-173.43166,102,,,,,,
,,,,,68917,-57.21441,80,,,,,,
,,,,,69000,,,4.413365364074707,9.460674285888672,9.913990020751953,46.53163146972656,0.586,0.001
,,,,,69917,94.55485,1000,,,,,,
-273.24396,48.27356,-190.48146,-335.79797,367.0,70000,,,3.901017427444458,10.343697547912598,10.027847290039062,30.652889251708984,0.58,0.001
,,,,,70016,-66.166214,99,,,,,,
,,,,,70097,-33.000404,81,,,,,,
,,,,,70197,-41.685158,100,,,,,,
,,,,,70317,0.09952545,120,,,,,,
,,,,,70407,-20.85511,90,,,,,,
,,,,,70493,-67.0387,86,,,,,,
,,,,,70623,-21.46473,130,,,,,,
,,,,,70700,-43.377827,77,,,,,,
,,,,,70783,-30.437538,83,,,,,,
,,,,,70882,-46.826553,99,,,,,,
,,,,,70944,-41.824078,62,,,,,,
,,,,,71000,,,29.748849868774414,16.617691040039062,17.346237182617188,76.67184448242188,0.5740000000000001,0.001
,,,,,71028,-93.27472,84,,,,,,
,,,,,71102,-35.806557,74,,,,,,
,,,,,71176,-8.882484,74,,,,,,
,,,,,71271,-84.55498,95,,,,,,
,,,,,71389,-33.434998,118,,,,,,
,,,,,71506,-34.183,117,,,,,,
,,,,,71601,-53.24686,95,,,,,,
,,,,,71684,-55.0446,83,,,,,,
,,,,,71749,-71.26172,65,,,,,,
,,,,,71839,-82.64275,90,,,,,,
,,,,,71947,-34.370667,108,,,,,,
,,,,,72000,,,7.832577705383301,15.22559928894043,15.026717185974121,35.29476547241211,0.5680000000000001,0.001
,,,,,72070,-74.67055,123,,,,,,
,,,,,72183,-56.40406,113,,,,,,
,,,,,72266,-181.92844,83,,,,,,
,,,,,72359,5.0698776,93,,,,,,
,,,,,72446,-55.579437,87,,,,,,
,,,,,72552,-43.172894,106,,,,,,
,,,,,72637,-63.258698,85,,,,,,
,,,,,72733,-61.440033,96,,,,,,
,,,,,72847,-69.2361,114,,,,,,
,,,,,72957,-93.4572,110,,,,,,
,,,,,73000,,,27.5401554107666,15.261526107788086,15.779175758361816,145.19656372070312,0.5619999999999999,0.001
,,,,,73048,-14.4190445,91,,,,,,
,,,,,73176,-115.916855,128,,,,,,
,,,,,73259,-60.237083,83,,,,,,
,,,,,73380,-27.857727,121,,,,,,
,,,,,73461,-73.26898,81,,,,,,
,,,,,73529,-50.193253,68,,,,,,
,,,,,73656,-68.39772,127,,,,,,
,,,,,73728,-88.5609,72,,,,,,
,,,,,73831,-70.42,103,,,,,,
,,,,,73912,-40.19732,81,,,,,,
,,,,,73999,-66.545975,87,,,,,,
,,,,,74000,,,32.99379348754883,12.751575469970703,12.004138946533203,138.21144104003906,0.556,0.001
,,,,,74110,-35.55478,111,,,,,,
,,,,,74213,-36.268547,103,,,,,,
,,,,,74312,-53.622604,99,,,,,,
,,,,,74430,-40.400826,118,,,,,,
,,,,,74506,-38.62889,76,,,,,,
,,,,,74608,-56.99388,102,,,,,,
,,,,,74683,-83.292786,75,,,,,,
,,,,,74786,-85.65163,103,,,,,,
,,,,,74895,-54.961002,109,,,,,,
,,,,,74990,-77.50007,95,,,,,,
,,,,,75000,,,14.786407470703125,16.57084083557129,17.045394897460938,70.35978698730469,0.55,0.001
,,,,,75360,-46.45804,370,,,,,,
,,,,,75429,-65.9212,69,,,,,,
,,,,,75531,-75.60878,102,,,,,,
,,,,,75626,-50.34158,95,,,,,,
,,,,,75744,-29.118195,118,,,,,,
,,,,,75827,-16.676956,83,,,,,,
,,,,,75939,-16.027908,112,,,,,,
,,,,,76000,,,3.9806814193725586,21.691553115844727,21.557361602783203,31.051000595092773,0.5439999999999999,0.001
,,,,,76029,-32.6269,90,,,,,,
,,,,,76398,-188.1531,369,,,,,,
,,,,,76480,-25.948952,82,,,,,,
,,,,,76584,-67.34801,104,,,,,,
,,,,,76718,-64.11674,134,,,,,,
,,,,,76815,-32.95912,97,,,,,,
,,,,,76932,-57.732933,117,,,,,,
,,,,,77000,,,10.104021072387695,20.58327865600586,19.61016845703125,106.33477020263672,0.538,0.001
,,,,,77064,-243.87834,132,,,,,,
,,,,,77164,-32.326828,100,,,,,,
,,,,,77288,-72.63819,124,,,,,,
,,,,,77389,-13.864403,101,,,,,,
,,,,,77491,-91.90024,102,,,,,,
,,,,,77624,23.468155,133,,,,,,
,,,,,77735,-90.87282,111,,,,,,
,,,,,77850,-11.204819,115,,,,,,
,,,,,77937,-58.9943,87,,,,,,
,,,,,78000,,,10.564833641052246,18.219852447509766,18.39389419555664,51.973716735839844,0.532,0.001
,,,,,78053,-52.990326,116,,,,,,
,,,,,78167,-2.9927216,114,,,,,,
,,,,,78242,-18.842377,75,,,,,,
,,,,,78331,-70.01454,89,,,,,,
,,,,,78432,-71.380516,101,,,,,,
,,,,,78548,-67.23053,116,,,,,,
,,,,,78635,21.94777,87,,,,,,
,,,,,78746,-70.13278,111,,,,,,
,,,,,78880,-9.6278305,134,,,,,,
,,,,,78985,-72.55731,105,,,,,,
,,,,,79000,,,3.839898109436035,29.781179428100586,30.39810562133789,76.22695922851562,0.526,0.001
,,,,,79092,-74.46206,107,,,,,,
,,,,,79223,8.106949,131,,,,,,
,,,,,79321,-83.20709,98,,,,,,
,,,,,79401,-49.827263,80,,,,,,
,,,,,79468,-52.69969,67,,,,,,
,,,,,79590,-106.797585,122,,,,,,
,,,,,79680,12.483559,90,,,,,,
,,,,,79772,-6.3578796,92,,,,,,
,,,,,79904,-19.444786,132,,,,,,
-5.7945433,264.39688,244.72026,-493.90326,428.4,80000,,,4.087431907653809,23.376792907714844,23.88121795654297,66.4737548828125,0.52,0.001
,,,,,80007,-39.91483,103,,,,,,
,,,,,80153,-33.61416,146,,,,,,
,,,,,80262,-55.358627,109,,,,,,
,,,,,80380,-71.15854,118,,,,,,
,,,,,80502,-83.15828,122,,,,,,
,,,,,80602,-54.84312,100,,,,,,
,,,,,80673,-47.277126,71,,,,,,
,,,,,80801,-17.542404,128,,,,,,
,,,,,81000,,,16.584732055664062,14.62347412109375,13.82931137084961,81.2204818725586,0.514,0.001
,,,,,81801,141.46935,1000,,,,,,
,,,,,81899,-24.14515,98,,,,,,
,,,,,82000,,,3.443596124649048,31.861949920654297,31.780635833740234,31.39044761657715,0.508,0.001
,,,,,82014,-76.25368,115,,,,,,
,,,,,82103,-102.6464,89,,,,,,
,,,,,82213,-132.57753,110,,,,,,
,,,,,82338,-82.41234,125,,,,,,
,,,,,82436,-41.405888,98,,,,,,
,,,,,82541,-25.841995,105,,,,,,
,,,,,82631,-60.762966,90,,,,,,
,,,,,82754,-19.695145,123,,,,,,
,,,,,82851,-73.79353,97,,,,,,
,,,,,82975,-43.615414,124,,,,,,
,,,,,83000,,,64.4898452758789,21.481491088867188,23.61996078491211,234.3048095703125,0.502,0.001
,,,,,83083,-15.499405,108,,,,,,
,,,,,83154,-58.28935,71,,,,,,
,,,,,83273,-22.268333,119,,,,,,
,,,,,83379,-100.00103,106,,,,,,
,,,,,83493,-10.639885,114,,,,,,
,,,,,83586,-55.21023,93,,,,,,
,,,,,83709,30.860535,123,,,,,,
,,,,,83839,-37.134106,130,,,,,,
,,,,,83987,-248.35947,148,,,,,,
,,,,,84000,,,7.192051410675049,18.33650779724121,18.38705825805664,44.202884674072266,0.4959999999999999,0.001
,,,,,84076,-13.118904,89,,,,,,
,,,,,84202,39.06099,126,,,,,,
,,,,,84343,2.299202,141,,,,,,
,,,,,84468,62.318787,125,,,,,,
,,,,,84571,-39.13715,103,,,,,,
,,,,,84646,-26.0326,75,,,,,,
,,,,,84762,-53.701523,116,,,,,,
,,,,,84888,-15.060379,126,,,,,,
,,,,,84969,-98.5703,81,,,,,,
,,,,,85000,,,5.19522762298584,28.882400512695312,28.434219360351562,53.21810531616211,0.49,0.001
,,,,,85051,-56.99439,82,,,,,,
,,,,,85169,-171.82516,118,,,,,,
,,,,,85282,-51.52324,113,,,,,,
,,,,,85403,-37.70365,121,,,,,,
,,,,,85473,-37.03881,70,,,,,,
,,,,,85578,-49.387604,105,,,,,,
,,,,,85664,11.703964,86,,,,,,
,,,,,85759,-23.036835,95,,,,,,
,,,,,85892,-217.93243,133,,,,,,
,,,,,86000,,,6.88979434967041,33.37931823730469,33.76282501220703,57.52537536621094,0.484,0.001
,,,,,86020,-26.254189,128,,,,,,
,,,,,86106,-42.632324,86,,,,,,
,,,,,86204,-38.190166,98,,,,,,
,,,,,87000,,,5.149335861206055,33.919830322265625,33.751277923583984,48.91223907470703,0.478,0.001
,,,,,87204,70.158325,1000,,,,,,
,,,,,87346,-125.2201,142,,,,,,
,,,,,87436,-48.548218,90,,,,,,
,,,,,87960,-139.13847,524,,,,,,
,,,,,88000,,,15.022359848022461,26.792110443115234,26.71275520324707,82.0672836303711,0.472,0.001
,,,,,88075,46.454285,115,,,,,,
,,,,,88183,-82.850365,108,,,,,,
,,,,,88298,-19.865463,115,,,,,,
,,,,,88388,-109.677826,90,,,,,,
,,,,,88525,-22.462746,137,,,,,,
,,,,,88608,5.400345,83,,,,,,
,,,,,88721,-91.36488,113,,,,,,
,,,,,88822,-53.412395,101,,,,,,
,,,,,88950,-15.933708,128,,,,,,
,,,,,89000,,,11.239341735839844,21.610488891601562,22.561321258544922,84.11480712890625,0.46599999999999997,0.001
,,,,,89069,-25.047035,119,,,,,,
,,,,,89175,-58.33714,106,,,,,,
,,,,,89274,-58.577457,99,,,,,,
,,,,,89406,-40.335587,132,,,,,,
,,,,,89533,-14.399239,127,,,,,,
,,,,,89694,26.578781,161,,,,,,
-190.17358,151.29326,-17.290123,-470.22983,347.6,90000,,,3.243739604949951,34.490867614746094,33.97273254394531,68.15276336669922,0.45999999999999996,0.001
,,,,,90416,-171.43643,722,,,,,,
,,,,,90520,-33.76757,104,,,,,,
,,,,,90624,-177.78497,104,,,,,,
,,,,,90719,-91.329926,95,,,,,,
,,,,,90805,-32.07039,86,,,,,,
,,,,,91000,,,26.77496910095215,17.06439208984375,16.765064239501953,93.5868148803711,0.45399999999999996,0.001
,,,,,91096,-113.67465,291,,,,,,
,,,,,91196,-77.90889,100,,,,,,
,,,,,91347,-11.809349,151,,,,,,
,,,,,91479,6.1256866,132,,,,,,
,,,,,91694,-69.34389,215,,,,,,
,,,,,91855,-40.58428,161,,,,,,
,,,,,91951,-26.294128,96,,,,,,
,,,,,92000,,,10.770856857299805,37.88494873046875,37.64104080200195,64.76519775390625,0.44800000000000006,0.001
,,,,,92091,-2.5365906,140,,,,,,
,,,,,92186,-69.66431,95,,,,,,
,,,,,92260,-52.33197,74,,,,,,
,,,,,93000,,,3.5822060108184814,31.24229621887207,31.15671157836914,25.80826759338379,0.44199999999999995,0.001
,,,,,93260,78.89267,1000,,,,,,
,,,,,93397,-14.335983,137,,,,,,
,,,,,93524,0.8585663,127,,,,,,
,,,,,93636,-11.480446,112,,,,,,
,,,,,93726,2.985382,90,,,,,,
,,,,,93831,-22.395294,105,,,,,,
,,,,,93957,10.070419,126,,,,,,
,,,,,94000,,,61.696815490722656,39.56609344482422,40.90076446533203,280.98199462890625,0.43599999999999994,0.001
,,,,,94087,3.7729263,130,,,,,,
,,,,,95000,,,17.663066864013672,29.79369354248047,29.26824378967285,71.82096862792969,0.43000000000000005,0.001
,,,,,95087,-10.223278,1000,,,,,,
,,,,,95184,-24.716682,97,,,,,,
,,,,,95296,1.2888947,112,,,,,,
,,,,,95425,-25.115013,129,,,,,,
,,,,,95528,-7.0208817,103,,,,,,
,,,,,96000,,,5.569989204406738,21.76647186279297,22.197269439697266,59.02561569213867,0.42399999999999993,0.001
,,,,,96176,-234.98317,648,,,,,,
,,,,,96321,-11.473404,145,,,,,,
,,,,,96403,-36.830658,82,,,,,,
,,,,,96503,11.200371,100,,,,,,
,,,,,97000,,,3.719691514968872,44.13871765136719,44.141571044921875,36.8464469909668,0.41800000000000004,0.001
,,,,,97503,78.13221,1000,,,,,,
,,,,,98000,,,6.498647689819336,24.127531051635742,24.727617263793945,53.96525955200195,0.41200000000000003,0.001
,,,,,98503,82.06866,1000,,,,,,
,,,,,98598,3.166603,95,,,,,,
,,,,,98717,-7.4286118,119,,,,,,
,,,,,98833,-5.110176,116,,,,,,
,,,,,98952,-45.618996,119,,,,,,
,,,,,99000,,,5.187056064605713,23.433761596679688,23.829975128173828,43.524658203125,0.4059999999999999,0.001
,,,,,99041,-11.113678,89,,,,,,
,,,,,99149,5.7464676,108,,,,,,
,,,,,99258,-9.867065,109,,,,,,
-116.232445,200.65291,227.10712,-342.87012,554.5,100000,,,6.779007434844971,25.107681274414062,25.849510192871094,78.58985137939453,0.4,0.001
,,,,,100258,82.07638,1000,,,,,,
,,,,,101000,,,5.9198784828186035,23.238059997558594,23.98943328857422,88.0579833984375,0.394,0.001
,,,,,101258,-17.709822,1000,,,,,,
,,,,,101361,3.462677,103,,,,,,
,,,,,101498,-3.237877,137,,,,,,
,,,,,101892,-185.96863,394,,,,,,
,,,,,102000,,,10.343900680541992,35.162574768066406,36.03194046020508,82.83836364746094,0.3879999999999999,0.001
,,,,,102018,-46.072147,126,,,,,,
,,,,,102145,-18.765976,127,,,,,,
,,,,,102222,-48.36884,77,,,,,,
,,,,,102299,-53.112213,77,,,,,,
,,,,,102398,36.928284,99,,,,,,
,,,,,102524,-2.594246,126,,,,,,
,,,,,102663,22.01587,139,,,,,,
,,,,,102776,12.42527,113,,,,,,
,,,,,103000,,,36.05510711669922,33.59657669067383,34.751182556152344,130.46197509765625,0.382,0.001
,,,,,103003,-189.78584,227,,,,,,
,,,,,103082,-0.9413681,79,,,,,,
,,,,,103256,-43.853302,174,,,,,,
,,,,,103353,-34.43898,97,,,,,,
,,,,,103886,-243.29097,533,,,,,,
,,,,,104000,,,7.510077476501465,31.89809226989746,31.85896110534668,57.09457778930664,0.376,0.001
,,,,,104886,73.61333,1000,,,,,,
,,,,,105000,,,52.62845230102539,10.974603652954102,11.861703872680664,277.9401550292969,0.37,0.001
,,,,,105002,-50.702564,116,,,,,,
,,,,,105096,-62.99922,94,,,,,,
,,,,,105186,-18.140236,90,,,,,,
,,,,,106000,,,3.942209243774414,30.36534881591797,30.321788787841797,29.512771606445312,0.364,0.001
,,,,,106186,-72.41378,1000,,,,,,
,,,,,106270,-17.2136,84,,,,,,
,,,,,106672,-225.61002,402,,,,,,
,,,,,107000,,,7.713136672973633,27.6357364654541,27.81654930114746,75.59329223632812,0.358,0.001
,,,,,107672,99.40614,1000,,,,,,
,,,,,108000,,,5.443760395050049,35.52480697631836,36.44566345214844,95.97969055175781,0.352,0.001
,,,,,108045,-381.37863,373,,,,,,
,,,,,108173,-48.73253,128,,,,,,
,,,,,108277,12.199577,104,,,,,,
,,,,,108395,1.1135864,118,,,,,,
,,,,,108497,-29.007996,102,,,,,,
,,,,,108580,-26.795631,83,,,,,,
,,,,,108820,-42.330524,240,,,,,,
,,,,,109000,,,7.737298965454102,24.293542861938477,24.787982940673828,60.06953430175781,0.346,0.001
,,,,,109820,76.9923,1000,,,,,,
,,,,,109917,40.85321,97,,,,,,
-182.65689,154.7045,166.24405,-321.62936,365.6,110000,,,6.4839091300964355,30.212047576904297,29.985187530517578,43.14356231689453,0.3400000000000001,0.001
,,,,,110917,116.508965,1000,,,,,,
,,,,,111000,,,25.540969848632812,30.72817611694336,30.383132934570312,112.2044677734375,0.33399999999999996,0.001
,,,,,111089,-154.22289,172,,,,,,
,,,,,111597,-204.52928,508,,,,,,
,,,,,111786,-286.00323,189,,,,,,
,,,,,111929,7.331955,143,,,,,,
,,,,,112000,,,19.839855194091797,17.76285171508789,17.805461883544922,92.4449234008789,0.32799999999999996,0.001
,,,,,112929,157.62537,1000,,,,,,
,,,,,113000,,,3.5620977878570557,44.56698226928711,44.69290542602539,32.14778137207031,0.32200000000000006,0.001
,,,,,113011,-31.186699,82,,,,,,
,,,,,113602,-274.37485,591,,,,,,
,,,,,114000,,,7.765689849853516,35.766357421875,35.478824615478516,68.94959259033203,0.31599999999999995,0.001
,,,,,114602,69.36312,1000,,,,,,
,,,,,115000,,,16.426401138305664,25.893306732177734,25.39484214782715,131.58941650390625,0.30999999999999994,0.001
,,,,,115602,125.84392,1000,,,,,,
,,,,,116000,,,6.928417205810547,23.307037353515625,23.04718017578125,41.108009338378906,0.30400000000000005,0.001
,,,,,116602,53.988285,1000,,,,,,
,,,,,117000,,,3.843852996826172,30.37801742553711,30.18726348876953,33.00843811035156,0.29799999999999993,0.001
,,,,,117376,-231.89755,774,,,,,,
,,,,,118000,,,7.13353157043457,25.10639190673828,25.565711975097656,47.60839080810547,0.29200000000000004,0.001
,,,,,118376,87.18962,1000,,,,,,
,,,,,119000,,,6.582054615020752,24.445419311523438,24.136083602905273,48.30019760131836,0.28600000000000003,0.001
,,,,,119376,65.6951,1000,,,,,,
-22.491198,83.18923,214.75568,-84.81316,954.4,120000,,,6.253930568695068,41.994384765625,42.00688171386719,40.98299026489258,0.2799999999999999,0.001
,,,,,120376,41.195473,1000,,,,,,
,,,,,121000,,,4.276854515075684,37.6251220703125,37.887733459472656,48.2520637512207,0.274,0.001
,,,,,121376,26.735525,1000,,,,,,
,,,,,121684,-107.30043,308,,,,,,
,,,,,122000,,,6.14527702331543,25.26664924621582,25.193668365478516,37.82469940185547,0.268,0.001
,,,,,122684,-16.182741,1000,,,,,,
,,,,,123000,,,4.208750247955322,40.598941802978516,40.03795623779297,70.42865753173828,0.262,0.001
,,,,,123684,86.205376,1000,,,,,,
,,,,,124000,,,5.270142555236816,36.198486328125,36.555381774902344,47.336204528808594,0.256,0.001
,,,,,124684,122.13764,1000,,,,,,
,,,,,125000,,,4.608158111572266,31.68790626525879,31.913700103759766,43.63682556152344,0.25,0.001
,,,,,125639,-161.49345,955,,,,,,
,,,,,126000,,,5.460939884185791,21.544713973999023,21.23764991760254,34.26216506958008,0.244,0.001
,,,,,126639,83.35621,1000,,,,,,
,,,,,127000,,,8.294865608215332,20.520124435424805,20.93106460571289,59.59483337402344,0.238,0.001
,,,,,127639,93.87469,1000,,,,,,
,,,,,128000,,,3.39013671875,31.001434326171875,31.008634567260742,50.635311126708984,0.23199999999999998,0.001
,,,,,128456,-98.76181,817,,,,,,
,,,,,129000,,,9.379383087158203,38.03471374511719,38.26072692871094,58.32961654663086,0.22599999999999998,0.001
,,,,,129019,-132.17969,563,,,,,,
,,,,,129871,-199.12152,852,,,,,,
65.79454,141.93987,189.05228,-282.1577,700.7,130000,,,4.835144519805908,35.684425354003906,35.77107620239258,44.760498046875,0.21999999999999997,0.001
,,,,,130417,-247.31808,546,,,,,,
,,,,,130881,239.53342,464,,,,,,
,,,,,131000,,,51.54519271850586,26.76536750793457,28.111000061035156,137.44598388671875,0.21399999999999997,0.001
,,,,,131213,-143.13112,332,,,,,,
,,,,,132000,,,13.843212127685547,13.99382209777832,13.829898834228516,57.927940368652344,0.20799999999999996,0.001
,,,,,132213,91.217,1000,,,,,,
,,,,,133000,,,4.327811241149902,30.274721145629883,30.423336029052734,44.60094451904297,0.20199999999999996,0.001
,,,,,133213,131.95505,1000,,,,,,
,,,,,133503,291.75604,290,,,,,,
,,,,,134000,,,13.08629035949707,31.474693298339844,31.99374771118164,65.6811752319336,0.19599999999999995,0.001
,,,,,134503,34.43947,1000,,,,,,
,,,,,135000,,,10.983573913574219,33.742515563964844,34.11918258666992,48.60416030883789,0.18999999999999995,0.001
,,,,,135503,120.99641,1000,,,,,,
,,,,,135999,271.15378,496,,,,,,
,,,,,136000,,,12.991731643676758,22.574724197387695,22.568330764770508,86.81905364990234,0.18400000000000005,0.001
,,,,,136151,-52.057365,152,,,,,,
,,,,,136515,194.04497,364,,,,,,
,,,,,137000,,,8.914464950561523,28.809709548950195,28.640979766845703,44.730289459228516,0.17799999999999994,0.001
,,,,,137013,227.0569,498,,,,,,
,,,,,138000,,,4.2091450691223145,31.167098999023438,30.778566360473633,55.06185531616211,0.17199999999999993,0.001
,,,,,138013,78.184,1000,,,,,,
,,,,,138421,219.40384,408,,,,,,
,,,,,139000,,,9.43809700012207,23.692293167114258,24.618518829345703,84.59809875488281,0.16600000000000004,0.001
,,,,,139009,276.43042,588,,,,,,
,,,,,139500,-258.59772,491,,,,,,
,,,,,139657,-16.933434,157,,,,,,
69.120865,161.95868,266.0728,-268.15515,714.2,140000,,,12.238447189331055,24.26921844482422,23.89146614074707,62.28608322143555,0.15999999999999992,0.001
,,,,,140032,-210.7745,375,,,,,,
,,,,,140353,228.90997,321,,,,,,
,,,,,141000,,,36.564762115478516,37.067684173583984,35.678157806396484,138.4043426513672,0.15400000000000003,0.001
,,,,,141353,109.89773,1000,,,,,,
,,,,,142000,,,5.658525466918945,41.26205062866211,40.77961730957031,59.70663070678711,0.14800000000000002,0.001
,,,,,142205,179.07367,852,,,,,,
,,,,,142588,-186.17844,383,,,,,,
,,,,,142958,294.96555,370,,,,,,
,,,,,143000,,,14.583776473999023,17.105262756347656,17.179597854614258,59.38704299926758,0.1419999999999999,0.001
,,,,,143857,219.45908,899,,,,,,
,,,,,144000,,,7.821730136871338,27.470169067382812,26.49897003173828,80.54178619384766,0.136,0.001
,,,,,144831,181.72496,974,,,,,,
,,,,,145000,,,15.825946807861328,32.86395263671875,31.980377197265625,106.26919555664062,0.13,0.001
,,,,,145831,175.31676,1000,,,,,,
,,,,,146000,,,15.660888671875,31.590328216552734,30.752498626708984,90.36590576171875,0.12399999999999989,0.001
,,,,,146411,257.74857,580,,,,,,
,,,,,147000,,,6.021536827087402,27.247806549072266,27.428321838378906,42.07273864746094,0.118,0.001
,,,,,147411,67.33208,1000,,,,,,
,,,,,147948,222.83849,537,,,,,,
,,,,,148000,,,12.366523742675781,21.994937896728516,22.372140884399414,73.02056121826172,0.11199999999999999,0.001
,,,,,148205,281.5849,257,,,,,,
,,,,,148390,30.313522,185,,,,,,
,,,,,149000,,,7.164210796356201,31.31858253479004,32.04417419433594,53.55208206176758,0.10599999999999998,0.001
,,,,,149234,202.0239,844,,,,,,
,,,,,149537,252.63808,303,,,,,,
,,,,,149909,264.221,372,,,,,,
114.14449,138.85318,278.6724,-73.69861,500.7,150000,,,8.34129524230957,28.177825927734375,28.45873260498047,49.73786926269531,0.1,0.001
,,,,,150202,295.39285,293,,,,,,
,,,,,150915,284.26962,713,,,,,,
,,,,,151000,,,95.28572082519531,37.97381591796875,38.73863220214844,206.87232971191406,0.09946666666666668,0.001
,,,,,151372,-218.18234,457,,,,,,
,,,,,152000,,,17.975255966186523,30.49746322631836,30.690208435058594,94.61833953857422,0.09893333333333335,0.001
,,,,,152345,192.48366,973,,,,,,
,,,,,152638,294.98715,293,,,,,,
,,,,,153000,,,6.70048713684082,36.11534881591797,35.709197998046875,47.68962860107422,0.0984,0.001
,,,,,153061,241.12138,423,,,,,,
,,,,,153264,-100.04105,203,,,,,,
,,,,,153635,253.00125,371,,,,,,
,,,,,154000,,,4.248185634613037,31.1337947845459,30.81655502319336,35.215667724609375,0.09786666666666667,0.001
,,,,,154101,233.12994,466,,,,,,
,,,,,154489,-120.47942,388,,,,,,
,,,,,154862,181.28598,373,,,,,,
,,,,,155000,,,6.225475788116455,34.03957748413086,33.961402893066406,39.30868911743164,0.09733333333333334,0.001
,,,,,155602,241.35243,740,,,,,,
,,,,,155856,215.55743,254,,,,,,
,,,,,156000,,,11.049907684326172,35.93360137939453,35.91618347167969,70.01875305175781,0.09680000000000001,0.001
,,,,,156856,110.582115,1000,,,,,,
,,,,,157000,,,35.87993621826172,37.24747848510742,36.95458984375,116.80799102783203,0.09626666666666667,0.001
,,,,,157185,303.5623,329,,,,,,
,,,,,158000,,,8.631547927856445,28.834457397460938,28.570871353149414,55.56120681762695,0.09573333333333334,0.001
,,,,,158033,167.9257,848,,,,,,
,,,,,158815,150.71304,782,,,,,,
,,,,,159000,,,105.33451843261719,29.195653915405273,30.634620666503906,299.654296875,0.0952,0.001
,,,,,159302,243.39267,487,,,,,,
189.71097,85.87433,271.30304,-14.644211,451.1,160000,,,2.5706496238708496,33.52427673339844,33.591224670410156,29.92618751525879,0.09466666666666668,0.001
,,,,,160302,65.28632,1000,,,,,,
,,,,,161000,,,3.5137367248535156,48.25104522705078,47.868072509765625,43.1185417175293,0.09413333333333333,0.001
,,,,,161155,-268.86127,853,,,,,,
,,,,,162000,,,4.547418117523193,32.98488235473633,32.78840637207031,38.361907958984375,0.0936,0.001
,,,,,162097,240.03036,942,,,,,,
,,,,,162573,190.27524,476,,,,,,
,,,,,162891,239.53252,318,,,,,,
,,,,,163000,,,12.415438652038574,28.091110229492188,28.314912796020508,59.99977493286133,0.09306666666666667,0.001
,,,,,163150,268.30942,259,,,,,,
,,,,,163762,249.37193,612,,,,,,
,,,,,164000,,,4.7348432540893555,41.484718322753906,40.60660171508789,52.9791259765625,0.09253333333333334,0.001
,,,,,164190,198.73563,428,,,,,,
,,,,,164517,-34.372604,327,,,,,,
,,,,,164995,237.14615,478,,,,,,
,,,,,165000,,,11.877779006958008,39.362327575683594,38.37418746948242,97.00646209716797,0.092,0.001
,,,,,165626,219.65193,631,,,,,,
,,,,,166000,,,17.177751541137695,29.75884246826172,29.961956024169922,74.0946044921875,0.09146666666666667,0.001
,,,,,166626,-105.524445,1000,,,,,,
,,,,,167000,,,7.1464128494262695,47.630775451660156,47.82820129394531,44.51545333862305,0.09093333333333334,0.001
,,,,,167083,282.91394,457,,,,,,
,,,,,167534,251.38129,451,,,,,,
,,,,,167815,-165.53635,281,,,,,,
,,,,,168000,,,35.26251983642578,41.62969207763672,40.92577362060547,135.9558563232422,0.09040000000000001,0.001
,,,,,168523,195.89932,708,,,,,,
,,,,,168810,240.69283,287,,,,,,
,,,,,169000,,,161.52450561523438,36.942630767822266,38.481544494628906,95.19161224365234,0.08986666666666668,0.001
,,,,,169810,-46.46813,1000,,,,,,
139.12546,168.3079,254.754,-205.2312,432.7,170000,,,9.972938537597656,30.716625213623047,30.837879180908203,67.25083923339844,0.08933333333333333,0.001
,,,,,170810,-63.295376,1000,,,,,,
,,,,,171000,,,14.287487030029297,29.436969757080078,29.48586082458496,97.04821014404297,0.0888,0.001
,,,,,171055,255.96814,245,,,,,,
,,,,,171443,240.11633,388,,,,,,
,,,,,172000,,,7.789618015289307,42.74964141845703,42.21482849121094,70.82894897460938,0.08826666666666667,0.001
,,,,,172314,171.11653,871,,,,,,
,,,,,172685,258.82068,371,,,,,,
,,,,,172919,294.85056,234,,,,,,
,,,,,173000,,,5.403537750244141,35.86430358886719,35.98200225830078,37.307891845703125,0.08773333333333334,0.001
,,,,,173334,193.33963,415,,,,,,
,,,,,173604,255.97949,270,,,,,,
,,,,,174000,,,5.470232963562012,30.628948211669922,31.035518646240234,51.157833099365234,0.0872,0.001
,,,,,174014,222.42133,410,,,,,,
,,,,,174363,208.16318,349,,,,,,
,,,,,174636,258.57727,273,,,,,,
,,,,,175000,,,5.810393333435059,41.5989990234375,41.17168045043945,52.216796875,0.08666666666666667,0.001
,,,,,175053,309.68353,417,,,,,,
,,,,,175357,271.78925,304,,,,,,
,,,,,176000,,,7.34263801574707,35.539390563964844,36.08826446533203,61.1588249206543,0.08613333333333334,0.001
,,,,,176098,228.12714,741,,,,,,
,,,,,176617,292.8548,519,,,,,,
,,,,,177000,,,7.058360576629639,52.918701171875,52.88950729370117,45.61582565307617,0.08560000000000001,0.001
,,,,,177016,289.65424,399,,,,,,
,,,,,177395,256.60266,379,,,,,,
,,,,,177956,245.18839,561,,,,,,
,,,,,178000,,,17.25337791442871,45.47163009643555,46.00267791748047,60.261600494384766,0.08506666666666667,0.001
,,,,,178278,254.70155,322,,,,,,
,,,,,178701,255.48647,423,,,,,,
,,,,,179000,,,6.4918694496154785,45.5169563293457,45.347354888916016,46.42946243286133,0.08453333333333334,0.001
,,,,,179144,239.88474,443,,,,,,
,,,,,179597,244.54663,453,,,,,,
,,,,,179866,233.31233,269,,,,,,
148.51878,171.53065,265.51855,-265.1457,445.0,180000,,,43.04642105102539,43.49116134643555,43.45485305786133,80.30008697509766,0.084,0.001
,,,,,180599,258.2119,733,,,,,,
,,,,,180814,218.1315,215,,,,,,
,,,,,181000,,,7.431473255157471,47.82778549194336,48.742530822753906,62.84381866455078,0.08346666666666668,0.001
,,,,,181053,262.11426,239,,,,,,
,,,,,181511,216.75354,458,,,,,,
,,,,,181925,266.91986,414,,,,,,
,,,,,182000,,,48.45757293701172,39.32724380493164,39.95446014404297,146.15829467773438,0.08293333333333333,0.001
,,,,,182160,260.63538,235,,,,,,
,,,,,182572,229.17151,412,,,,,,
,,,,,182762,258.82074,190,,,,,,
,,,,,183000,,,7.251984119415283,42.627288818359375,43.630435943603516,86.27814483642578,0.0824,0.001
,,,,,183003,262.12762,241,,,,,,
,,,,,183853,199.59384,850,,,,,,
,,,,,184000,,,8.719988822937012,47.68557357788086,48.20530319213867,55.181541442871094,0.08186666666666667,0.001
,,,,,184424,210.05713,571,,,,,,
,,,,,184910,237.60506,486,,,,,,
,,,,,185000,,,4.57151985168457,41.8454704284668,41.92878723144531,39.099727630615234,0.08133333333333334,0.001
,,,,,185232,290.3686,322,,,,,,
,,,,,185547,-6.1883087,315,,,,,,
,,,,,185874,241.44476,327,,,,,,
,,,,,186000,,,175.8077392578125,34.221824645996094,36.840972900390625,307.5445251464844,0.08080000000000001,0.001
,,,,,186192,261.95703,318,,,,,,
,,,,,186871,213.76004,679,,,,,,
,,,,,187000,,,11.88320255279541,41.658077239990234,41.27521514892578,92.2816390991211,0.08026666666666667,0.001
,,,,,187244,248.41333,373,,,,,,
,,,,,187854,226.64969,610,,,,,,
,,,,,188000,,,4.237298488616943,55.71967315673828,56.736183166503906,83.95405578613281,0.07973333333333334,0.001
,,,,,188158,292.469,304,,,,,,
,,,,,188475,221.85605,317,,,,,,
,,,,,188919,267.2469,444,,,,,,
,,,,,189000,,,4.901234149932861,44.31385040283203,44.467132568359375,43.2537727355957,0.0792,0.001
,,,,,189919,-41.093018,1000,,,,,,
73.42632,190.0249,277.89548,-226.90454,423.3,190000,,,6.267302513122559,42.65501403808594,43.33682632446289,75.46064758300781,0.07866666666666668,0.001
,,,,,190678,165.82207,759,,,,,,
,,,,,191000,,,23.610685348510742,38.27923583984375,38.640403747558594,69.4146728515625,0.07813333333333333,0.001
,,,,,191629,188.06375,951,,,,,,
,,,,,192000,,,16.30598258972168,38.82021713256836,39.65647888183594,78.3132553100586,0.0776,0.001
,,,,,192457,173.92378,828,,,,,,
,,,,,192902,238.60236,445,,,,,,
,,,,,193000,,,20.155685424804688,40.25861740112305,40.501102447509766,165.00108337402344,0.07706666666666667,0.001
,,,,,193631,244.41481,729,,,,,,
,,,,,194000,,,9.596569061279297,37.26420974731445,36.84227752685547,67.25901794433594,0.07653333333333334,0.001
,,,,,194054,233.66905,423,,,,,,
,,,,,194567,264.24902,513,,,,,,
,,,,,195000,,,5.323509693145752,44.78581619262695,44.30502700805664,47.756866455078125,0.07600000000000001,0.001
,,,,,195171,258.00702,604,,,,,,
,,,,,195341,280.20374,170,,,,,,
,,,,,195786,193.50682,445,,,,,,
,,,,,196000,,,23.86229705810547,39.79412841796875,39.404605865478516,92.97160339355469,0.07546666666666668,0.001
,,,,,196266,234.89928,480,,,,,,
,,,,,196759,259.57098,493,,,,,,
,,,,,197000,,,30.008525848388672,54.07120895385742,53.932823181152344,164.92098999023438,0.07493333333333334,0.001
,,,,,197759,26.319885,1000,,,,,,
,,,,,198000,,,29.676347732543945,49.44070053100586,48.27741241455078,108.48282623291016,0.07440000000000001,0.001
,,,,,198066,231.91309,307,,,,,,
,,,,,198539,245.75996,473,,,,,,
,,,,,199000,,,7.131458282470703,55.283302307128906,54.71913146972656,45.31105041503906,0.07386666666666666,0.001
,,,,,199123,243.51826,584,,,,,,
,,,,,199434,271.43823,311,,,,,,
158.61081,172.77177,268.22064,-265.62805,484.3,200000,,,10.416168212890625,51.413368225097656,51.5723876953125,79.30349731445312,0.07333333333333333,0.001
,,,,,200183,208.87918,749,,,,,,
,,,,,200520,209.37622,337,,,,,,
,,,,,200852,271.0097,332,,,,,,
,,,,,201000,,,13.30467414855957,43.71335983276367,42.827056884765625,102.21031188964844,0.0728,0.001
,,,,,201146,275.36432,294,,,,,,
,,,,,201463,295.04742,317,,,,,,
,,,,,201915,268.86853,452,,,,,,
,,,,,202000,,,13.250946044921875,45.85759735107422,46.381404876708984,66.29885864257812,0.07226666666666667,0.001
,,,,,202257,270.79657,342,,,,,,
,,,,,203000,,,17.837242126464844,51.097782135009766,51.66175079345703,76.99748229980469,0.07173333333333334,0.001
,,,,,203188,232.60124,931,,,,,,
,,,,,203988,205.51657,800,,,,,,
,,,,,204000,,,4.756272315979004,62.764427185058594,63.09428405761719,44.63930892944336,0.07120000000000001,0.001
,,,,,204376,277.43558,388,,,,,,
,,,,,204813,255.4789,437,,,,,,
,,,,,205000,,,10.851046562194824,45.96443176269531,47.0304069519043,84.79422760009766,0.07066666666666667,0.001
,,,,,205144,315.0086,331,,,,,,
,,,,,205462,270.61856,318,,,,,,
,,,,,205652,268.69556,190,,,,,,
,,,,,206000,,,7.391281604766846,44.39643859863281,44.93204116821289,66.60892486572266,0.07013333333333334,0.001
,,,,,206171,137.20865,519,,,,,,
,,,,,207000,,,7.501697063446045,55.78596496582031,55.808555603027344,46.01142501831055,0.06960000000000001,0.001
,,,,,207171,-46.351334,1000,,,,,,
,,,,,208000,,,3.3748650550842285,56.29364013671875,56.84324264526367,53.911048889160156,0.06906666666666667,0.001
,,,,,208171,2.013149,1000,,,,,,
,,,,,208912,229.98438,741,,,,,,
,,,,,209000,,,7.180477619171143,39.50674819946289,39.607582092285156,52.21720886230469,0.06853333333333333,0.001
,,,,,209421,238.71577,509,,,,,,
263.56784,12.815436,290.65686,244.71423,250.1,210000,,,4.08912467956543,53.71581268310547,53.835384368896484,30.047897338867188,0.068,0.001
,,,,,210012,-217.06924,591,,,,,,
,,,,,210219,276.78415,207,,,,,,
,,,,,210638,257.80975,419,,,,,,
,,,,,211000,,,6.0475945472717285,49.658477783203125,49.33167266845703,43.20094299316406,0.06746666666666667,0.001
,,,,,211025,249.53983,387,,,,,,
,,,,,211751,188.67603,726,,,,,,
,,,,,212000,,,9.390603065490723,45.10139083862305,44.94071960449219,73.18672943115234,0.06693333333333334,0.001
,,,,,212409,270.84918,658,,,,,,
,,,,,213000,,,21.745859146118164,54.33665466308594,55.05924987792969,101.38986206054688,0.06640000000000001,0.001
,,,,,213254,187.90364,845,,,,,,
,,,,,213595,227.58322,341,,,,,,
,,,,,214000,,,11.16204833984375,52.36097717285156,51.405391693115234,87.45294952392578,0.06586666666666667,0.001
,,,,,214382,209.72476,787,,,,,,
,,,,,214707,261.016,325,,,,,,
,,,,,215000,,,19.635009765625,48.658119201660156,49.243167877197266,93.19965362548828,0.06533333333333333,0.001
,,,,,215324,205.73032,617,,,,,,
,,,,,215596,250.99059,272,,,,,,
,,,,,215721,-68.57359,125,,,,,,
,,,,,216000,,,6.860832214355469,45.73270034790039,46.301570892333984,68.94696807861328,0.0648,0.001
,,,,,216267,289.87817,546,,,,,,
,,,,,217000,,,7.58823823928833,54.93110656738281,55.53948974609375,87.93058776855469,0.06426666666666667,0.001
,,,,,217055,227.4916,788,,,,,,
,,,,,217341,234.47438,286,,,,,,
,,,,,217813,259.97284,472,,,,,,
,,,,,218000,,,8.004461288452148,35.152862548828125,34.52614212036133,55.23072052001953,0.06373333333333334,0.001
,,,,,218155,285.38184,342,,,,,,
,,,,,218296,-16.061424,141,,,,,,
,,,,,218583,268.97684,287,,,,,,
,,,,,219000,,,8.363428115844727,47.67229461669922,47.864952087402344,66.92167663574219,0.0632,0.001
,,,,,219558,179.47772,975,,,,,,
259.6977,32.517784,295.57,204.3362,372.8,220000,,,12.938194274902344,62.5606803894043,62.4056396484375,93.38806915283203,0.06266666666666668,0.001
,,,,,220129,267.72418,571,,,,,,
,,,,,220321,265.38757,192,,,,,,
,,,,,220594,296.0547,273,,,,,,
,,,,,220945,281.1386,351,,,,,,
,,,,,221000,,,16.4204044342041,59.27655792236328,58.68217849731445,103.80563354492188,0.06213333333333334,0.001
,,,,,221183,285.85974,238,,,,,,
,,,,,221514,273.64594,331,,,,,,
,,,,,221893,232.83932,379,,,,,,
,,,,,222000,,,194.33848571777344,47.968406677246094,49.082576751708984,520.5215454101562,0.06160000000000001,0.001
,,,,,222095,267.29486,202,,,,,,
,,,,,222414,291.73206,319,,,,,,
,,,,,222617,279.10596,203,,,,,,
,,,,,223000,,,8.10449504852295,62.31253433227539,61.873016357421875,75.11885070800781,0.06106666666666667,0.001
,,,,,223617,8.2846985,1000,,,,,,
,,,,,224000,,,6.162725448608398,50.500701904296875,50.34099578857422,56.19255828857422,0.060533333333333335,0.001
,,,,,224023,252.05841,406,,,,,,
,,,,,224390,-95.04443,367,,,,,,
,,,,,225000,,,6.6438212394714355,55.864723205566406,55.76752471923828,71.4010238647461,0.060000000000000005,0.001
,,,,,225137,216.75058,747,,,,,,
,,,,,225503,235.62651,366,,,,,,
,,,,,225965,196.87103,462,,,,,,
,,,,,226000,,,6.439898490905762,50.09525680541992,50.19176483154297,48.550025939941406,0.05946666666666667,0.001
,,,,,226191,322.3333,226,,,,,,
,,,,,226394,259.63748,203,,,,,,
,,,,,226725,279.92715,331,,,,,,
,,,,,227000,,,9.275676727294922,54.27099609375,53.7829704284668,79.97328186035156,0.05893333333333334,0.001
,,,,,227076,273.85913,351,,,,,,
,,,,,227522,214.06097,446,,,,,,
,,,,,227781,276.21057,259,,,,,,
,,,,,228000,,,10.724178314208984,43.91154098510742,44.737060546875,89.067626953125,0.0584,0.001
,,,,,228069,269.5307,288,,,,,,
,,,,,228306,256.2162,237,,,,,,
,,,,,228709,272.10754,403,,,,,,
,,,,,229000,,,22.218351364135742,50.358699798583984,50.48431396484375,116.4869155883789,0.05786666666666668,0.001
,,,,,229029,215.49068,320,,,,,,
,,,,,229493,232.1793,464,,,,,,
,,,,,229840,223.17697,347,,,,,,
253.27681,41.249866,285.46063,136.92284,360.0,230000,,,5.258381366729736,62.24598693847656,61.90030288696289,46.856666564941406,0.05733333333333334,0.001
,,,,,230192,261.7012,352,,,,,,
,,,,,230684,252.20956,492,,,,,,
,,,,,230919,259.89157,235,,,,,,
,,,,,231000,,,5.522254467010498,51.15300750732422,51.14591979980469,41.13661193847656,0.0568,0.001
,,,,,231533,261.71634,614,,,,,,
,,,,,231869,243.31918,336,,,,,,
,,,,,232000,,,109.28204345703125,49.00727462768555,49.90826416015625,99.11287689208984,0.05626666666666667,0.001
,,,,,232227,245.74648,358,,,,,,
,,,,,232462,271.6928,235,,,,,,
,,,,,232704,305.23694,242,,,,,,
,,,,,233000,,,27.269283294677734,49.57573699951172,48.72709655761719,276.6463317871094,0.055733333333333336,0.001
,,,,,233270,225.43369,566,,,,,,
,,,,,233650,272.646,380,,,,,,
,,,,,234000,,,6.257213115692139,40.58798599243164,40.75345230102539,64.28880310058594,0.0552,0.001
,,,,,234019,291.49002,369,,,,,,
,,,,,234414,240.20956,395,,,,,,
,,,,,234776,215.75351,362,,,,,,
,,,,,235000,,,12.185029983520508,55.399803161621094,55.986671447753906,97.29945373535156,0.054666666666666676,0.001
,,,,,235110,254.67398,334,,,,,,
,,,,,235782,212.35062,672,,,,,,
,,,,,236000,,,17.22995948791504,60.1764030456543,59.67049789428711,147.83787536621094,0.05413333333333334,0.001
,,,,,236166,176.27744,384,,,,,,
,,,,,236536,227.63754,370,,,,,,
,,,,,236810,300.6469,274,,,,,,
,,,,,237000,,,5.697247505187988,48.60626220703125,48.812828063964844,58.06123733520508,0.05360000000000001,0.001
,,,,,237180,241.99966,370,,,,,,
,,,,,237441,259.87274,261,,,,,,
,,,,,237763,272.69812,322,,,,,,
,,,,,238000,,,10.094568252563477,56.08387756347656,56.38134002685547,62.154788970947266,0.05306666666666667,0.001
,,,,,238102,271.16022,339,,,,,,
,,,,,239000,-155.51166,898,,,,,,
,,,,,239000,,,6.404029369354248,48.0982666015625,47.614768981933594,62.260501861572266,0.052533333333333335,0.001
,,,,,239454,206.96689,454,,,,,,
,,,,,239876,-136.58205,422,,,,,,
186.75197,111.48591,284.93256,-123.053986,478.4,240000,,,6.546504497528076,58.661773681640625,58.99973678588867,47.57178497314453,0.052000000000000005,0.001
,,,,,240407,249.00497,531,,,,,,
,,,,,240666,257.60876,259,,,,,,
,,,,,241000,,,8.130196571350098,62.25023651123047,62.836177825927734,49.172882080078125,0.05146666666666667,0.001
,,,,,241218,-289.1964,552,,,,,,
,,,,,241518,235.06036,300,,,,,,
,,,,,241738,253.6685,220,,,,,,
,,,,,242000,,,5.985684394836426,55.72697448730469,55.04966354370117,63.59373474121094,0.050933333333333344,0.001
,,,,,242109,266.19012,371,,,,,,
,,,,,242342,251.53009,233,,,,,,
,,,,,242555,254.35255,213,,,,,,
,,,,,242938,257.4065,383,,,,,,
,,,,,243000,,,3.8378868103027344,55.12883758544922,55.1156120300293,36.05857467651367,0.05040000000000001,0.001
,,,,,243410,234.04404,472,,,,,,
,,,,,243668,243.83481,258,,,,,,
,,,,,243899,251.338,231,,,,,,
,,,,,244000,,,22.634483337402344,45.80296325683594,45.11178970336914,63.316917419433594,0.04986666666666667,0.001
,,,,,244399,221.3338,500,,,,,,
,,,,,244621,276.33804,222,,,,,,
,,,,,245000,,,6.172355651855469,54.01438522338867,54.99205780029297,57.23284912109375,0.04933333333333334,0.001
,,,,,245416,240.33498,795,,,,,,
,,,,,245975,250.43169,559,,,,,,
,,,,,246000,,,12.303572654724121,52.78271484375,52.44837188720703,57.21086502075195,0.0488,0.001
,,,,,246222,283.08746,247,,,,,,
,,,,,246582,303.14603,360,,,,,,
,,,,,246921,255.87137,339,,,,,,
,,,,,247000,,,7.980755805969238,48.961246490478516,48.602630615234375,62.910377502441406,0.04826666666666667,0.001
,,,,,247214,273.3646,293,,,,,,
,,,,,247528,244.70337,314,,,,,,
,,,,,248000,,,8.496350288391113,48.95716094970703,48.962684631347656,54.735477447509766,0.047733333333333336,0.001
,,,,,248097,-133.8897,569,,,,,,
,,,,,248499,295.8675,402,,,,,,
,,,,,248749,274.22253,250,,,,,,
,,,,,249000,,,13.844289779663086,58.06800079345703,58.472991943359375,64.91368865966797,0.0472,0.001
,,,,,249168,262.05832,419,,,,,,
,,,,,249423,238.53928,255,,,,,,
,,,,,249938,252.18582,515,,,,,,
186.4575,106.20114,274.7931,-24.574364,308.7,250000,,,4.415843963623047,65.17015075683594,65.02558898925781,49.10372543334961,0.046666666666666676,0.001
,,,,,250467,253.04732,529,,,,,,
,,,,,250712,223.06316,245,,,,,,
,,,,,251000,,,7.329428195953369,52.66407775878906,52.55107879638672,54.39780807495117,0.04613333333333334,0.001
,,,,,251212,238.11174,500,,,,,,
,,,,,251509,284.36017,297,,,,,,
,,,,,251877,233.8672,368,,,,,,
,,,,,252000,,,15.61481761932373,41.08903121948242,42.501983642578125,126.96820831298828,0.0456,0.001
,,,,,252877,-34.094627,1000,,,,,,
,,,,,253000,,,5.2480268478393555,58.09557342529297,58.89112091064453,64.36446380615234,0.04506666666666667,0.001
,,,,,253877,-3.8670204,1000,,,,,,
,,,,,254000,,,7.074188709259033,65.93525695800781,66.08840942382812,45.13186264038086,0.044533333333333334,0.001
,,,,,254151,248.6518,274,,,,,,
,,,,,254366,291.66965,215,,,,,,
,,,,,254734,199.59206,368,,,,,,
,,,,,255000,,,6.116048812866211,55.83855438232422,55.63310241699219,45.48902130126953,0.04400000000000001,0.001
,,,,,255005,260.71042,271,,,,,,
,,,,,255176,30.440048,171,,,,,,
,,,,,255441,261.56525,265,,,,,,
,,,,,256000,,,3.4761204719543457,50.44879913330078,50.082122802734375,31.845430374145508,0.043466666666666674,0.001
,,,,,256441,-22.946056,1000,,,,,,
,,,,,256864,267.32123,423,,,,,,
,,,,,257000,,,5.027430057525635,50.506614685058594,50.09017562866211,56.70905685424805,0.04293333333333334,0.001
,,,,,257056,290.65686,192,,,,,,
,,,,,257480,226.88135,424,,,,,,
,,,,,257684,-33.925323,204,,,,,,
,,,,,258000,,,7.523245334625244,52.052207946777344,52.637779235839844,56.83666229248047,0.04240000000000001,0.001
,,,,,258223,201.65622,539,,,,,,
,,,,,258575,225.64497,352,,,,,,
,,,,,258904,278.69885,329,,,,,,
,,,,,259000,,,13.165549278259277,54.987789154052734,54.9386100769043,96.09428405761719,0.04186666666666667,0.001
,,,,,259122,248.94185,218,,,,,,
,,,,,259438,270.47443,316,,,,,,
,,,,,259741,244.8242,303,,,,,,
237.8177,27.7093,280.06412,184.93692,436.2,260000,,,85.2183837890625,59.44586181640625,60.405521392822266,82.03810119628906,0.04133333333333334,0.001
,,,,,260070,283.7527,329,,,,,,
,,,,,260888,181.86356,818,,,,,,
,,,,,261000,,,6.49004602432251,52.790916442871094,52.666038513183594,42.73442840576172,0.0408,0.001
,,,,,261257,144.4966,369,,,,,,
,,,,,261894,177.52075,637,,,,,,
,,,,,262000,,,9.367673873901367,59.9443244934082,59.83843231201172,74.33256530761719,0.040266666666666666,0.001
,,,,,262277,210.90689,383,,,,,,
,,,,,262550,264.52594,273,,,,,,
,,,,,262848,209.90921,298,,,,,,
,,,,,263000,,,16.888408660888672,53.74497604370117,53.59910583496094,69.2969970703125,0.03973333333333334,0.001
,,,,,263143,270.615,295,,,,,,
,,,,,263564,234.40714,421,,,,,,
,,,,,264000,,,6.148907661437988,60.12206268310547,59.47098159790039,54.904964447021484,0.039200000000000006,0.001
,,,,,264018,225.02377,454,,,,,,
,,,,,264439,229.43169,421,,,,,,
,,,,,264736,194.3151,297,,,,,,
,,,,,265000,,,6.335397720336914,41.85803985595703,41.95014190673828,52.57074737548828,0.03866666666666667,0.001
,,,,,265098,218.07913,362,,,,,,
,,,,,265423,208.43805,325,,,,,,
,,,,,265667,246.85321,244,,,,,,
,,,,,266000,,,89.896484375,45.98877716064453,47.10040283203125,102.62916564941406,0.03813333333333334,0.001
,,,,,266078,232.36148,411,,,,,,
,,,,,266293,253.33386,215,,,,,,
,,,,,266493,244.34317,200,,,,,,
,,,,,266683,294.01068,190,,,,,,
,,,,,267000,,,7.098695755004883,58.109596252441406,57.52098083496094,64.54119110107422,0.0376,0.001
,,,,,267258,229.04266,575,,,,,,
,,,,,267555,252.48741,297,,,,,,
,,,,,268000,,,13.731538772583008,64.93988037109375,64.64055633544922,116.88851165771484,0.03706666666666668,0.001
,,,,,268033,229.72595,478,,,,,,
,,,,,268192,13.849098,159,,,,,,
,,,,,268453,243.71169,261,,,,,,
,,,,,268622,-23.45485,169,,,,,,
,,,,,269000,,,7.734917640686035,48.02924346923828,47.798118591308594,71.17008209228516,0.036533333333333334,0.001
,,,,,269176,224.3533,554,,,,,,
,,,,,269478,232.5228,302,,,,,,
,,,,,269633,-8.581474,155,,,,,,
,,,,,269982,235.37405,349,,,,,,
186.58401,100.09612,287.687,-20.323505,656.1,270000,,,11.189216613769531,56.951053619384766,57.688140869140625,88.54676055908203,0.036000000000000004,0.001
,,,,,270211,274.57413,229,,,,,,
,,,,,270459,237.62987,248,,,,,,
,,,,,270857,272.92267,398,,,,,,
,,,,,271000,,,95.24531555175781,56.47636032104492,57.455833435058594,109.40837097167969,0.035466666666666674,0.001
,,,,,271078,296.95526,221,,,,,,
,,,,,271245,284.17755,167,,,,,,
,,,,,271558,240.51392,313,,,,,,
,,,,,271802,235.94151,244,,,,,,
,,,,,272000,,,7.872812271118164,60.531639099121094,60.208717346191406,58.92131423950195,0.03493333333333333,0.001
,,,,,272167,257.1366,365,,,,,,
,,,,,272692,271.1559,525,,,,,,
,,,,,273000,,,8.770129203796387,58.98438262939453,58.909446716308594,44.22886276245117,0.034400000000000014,0.001
,,,,,273147,193.53043,455,,,,,,
,,,,,273351,0.9999924,204,,,,,,
,,,,,273798,245.75972,447,,,,,,
,,,,,274000,,,6.838979244232178,69.14009094238281,69.0699462890625,54.95257568359375,0.03386666666666667,0.001
,,,,,274505,195.04456,707,,,,,,
,,,,,274759,272.81143,254,,,,,,
,,,,,275000,,,5.997372627258301,56.190040588378906,56.66136932373047,54.53292465209961,0.03333333333333334,0.001
,,,,,275145,241.39972,386,,,,,,
,,,,,275628,205.42232,483,,,,,,
,,,,,275872,262.7937,244,,,,,,
,,,,,276000,,,3.192898988723755,59.06922149658203,58.80780029296875,37.66816711425781,0.03280000000000001,0.001
,,,,,276080,272.10226,208,,,,,,
,,,,,276412,250.7445,332,,,,,,
,,,,,276613,254.1178,201,,,,,,
,,,,,276850,250.76163,237,,,,,,
,,,,,277000,,,5.930660724639893,54.80146408081055,54.46053695678711,67.10292053222656,0.032266666666666666,0.001
,,,,,277085,294.35513,235,,,,,,
,,,,,277748,167.42812,663,,,,,,
,,,,,278000,,,9.047205924987793,59.215049743652344,59.40380096435547,45.51605987548828,0.031733333333333336,0.001
,,,,,278055,278.54614,307,,,,,,
,,,,,278588,233.8501,533,,,,,,
,,,,,278798,225.87152,210,,,,,,
,,,,,279000,,,9.687849044799805,63.76202392578125,63.14421844482422,60.93391418457031,0.031200000000000006,0.001
,,,,,279053,223.07932,255,,,,,,
,,,,,279537,200.47638,484,,,,,,
,,,,,279983,227.46356,446,,,,,,
185.45305,46.29101,250.94101,105.593094,497.8,280000,,,9.469185829162598,54.35752868652344,54.41312789916992,57.094390869140625,0.03066666666666666,0.001
,,,,,280310,274.98303,327,,,,,,
,,,,,280694,248.82527,384,,,,,,
,,,,,281000,,,13.864053726196289,51.21467971801758,51.43437194824219,92.37561798095703,0.030133333333333345,0.001
,,,,,281032,264.0928,338,,,,,,
,,,,,281292,253.25711,260,,,,,,
,,,,,281508,249.24379,216,,,,,,
,,,,,281811,234.98502,303,,,,,,
,,,,,282000,,,10.752277374267578,47.47514343261719,47.45674133300781,69.93657684326172,0.0296,0.001
,,,,,282110,243.22058,299,,,,,,
,,,,,282366,260.45792,256,,,,,,
,,,,,282590,252.32053,224,,,,,,
,,,,,283000,,,25.435026168823242,62.96113586425781,63.19641876220703,122.54438018798828,0.02906666666666667,0.001
,,,,,283051,164.16992,461,,,,,,
,,,,,284000,,,6.516950607299805,53.75312805175781,53.39622497558594,58.7631950378418,0.02853333333333334,0.001
,,,,,284051,-36.081062,1000,,,,,,
,,,,,284327,234.04645,276,,,,,,
,,,,,284698,260.02884,371,,,,,,
,,,,,285000,,,8.447105407714844,58.97509002685547,58.790103912353516,54.15148162841797,0.027999999999999997,0.001
,,,,,285097,224.42468,399,,,,,,
,,,,,285348,288.17444,251,,,,,,
,,,,,285615,267.18933,267,,,,,,
,,,,,285872,249.26363,257,,,,,,
,,,,,286000,,,15.446715354919434,55.65156936645508,55.94709777832031,74.74307250976562,0.02746666666666668,0.001
,,,,,286217,237.88483,345,,,,,,
,,,,,286541,227.5492,324,,,,,,
,,,,,286856,236.8989,315,,,,,,
,,,,,287000,,,5.812709331512451,58.16515350341797,57.93366241455078,41.89599609375,0.026933333333333337,0.001
,,,,,287341,195.57437,485,,,,,,
,,,,,287478,11.086082,137,,,,,,
,,,,,287708,300.87585,230,,,,,,
,,,,,287901,299.14246,193,,,,,,
,,,,,288000,,,8.07957649230957,62.26969909667969,62.347755432128906,71.20280456542969,0.026400000000000007,0.001
,,,,,288704,211.88776,803,,,,,,
,,,,,288962,263.14972,258,,,,,,
,,,,,289000,,,10.964481353759766,62.205780029296875,61.937278747558594,81.009033203125,0.025866666666666677,0.001
,,,,,289228,246.37582,266,,,,,,
,,,,,289461,302.35626,233,,,,,,
,,,,,289668,249.71352,207,,,,,,
,,,,,289941,244.27507,273,,,,,,
180.05716,130.23833,266.05853,-201.50427,509.4,290000,,,11.177446365356445,61.699981689453125,60.93973159790039,96.90462493896484,0.025333333333333333,0.001
,,,,,290307,258.10117,366,,,,,,
,,,,,290534,293.06238,227,,,,,,
,,,,,290742,273.52805,208,,,,,,
,,,,,291000,,,12.275733947753906,57.106361389160156,56.99693298339844,69.28263854980469,0.024800000000000003,0.001
,,,,,291019,279.74097,277,,,,,,
,,,,,291598,267.74268,579,,,,,,
,,,,,291751,42.07901,153,,,,,,
,,,,,292000,,,6.386363983154297,58.78630828857422,58.77072525024414,51.8946533203125,0.024266666666666672,0.001
,,,,,292038,281.3127,287,,,,,,
,,,,,292858,163.8251,820,,,,,,
,,,,,293000,,,6.812685012817383,61.73324203491211,61.261444091796875,64.37207794189453,0.02373333333333333,0.001
,,,,,293063,271.4992,205,,,,,,
,,,,,293399,288.82135,336,,,,,,
,,,,,293678,280.23743,279,,,,,,
,,,,,293982,277.36426,304,,,,,,
,,,,,294000,,,45.51380920410156,56.8748779296875,56.69551467895508,152.7661895751953,0.023200000000000012,0.001
,,,,,294236,271.21588,254,,,,,,
,,,,,294419,254.90291,183,,,,,,
,,,,,294639,293.87,220,,,,,,
,,,,,294865,276.03198,226,,,,,,
,,,,,295000,,,67.79642486572266,60.649017333984375,61.775840759277344,63.99829864501953,0.02266666666666667,0.001
,,,,,295066,276.36548,201,,,,,,
,,,,,295301,257.51678,235,,,,,,
,,,,,295513,252.90932,212,,,,,,
,,,,,295832,192.4364,319,,,,,,
,,,,,296000,,,66.90094757080078,58.891990661621094,59.661865234375,111.31670379638672,0.022133333333333338,0.001
,,,,,296136,279.1223,304,,,,,,
,,,,,296583,289.97546,447,,,,,,
,,,,,296851,-124.99141,268,,,,,,
,,,,,297000,,,74.33665466308594,55.57124328613281,57.40826416015625,95.3471908569336,0.021600000000000008,0.001
,,,,,297312,219.38339,461,,,,,,
,,,,,297594,280.02692,282,,,,,,
,,,,,297799,277.25916,205,,,,,,
,,,,,298000,,,10.175008773803711,63.4736213684082,63.76736068725586,49.138954162597656,0.021066666666666664,0.001
,,,,,298034,248.32988,235,,,,,,
,,,,,298242,286.71344,208,,,,,,
,,,,,298485,262.76193,243,,,,,,
,,,,,298682,275.4875,197,,,,,,
,,,,,298935,250.37544,253,,,,,,
,,,,,299000,,,10.79632568359375,48.15064239501953,47.63254928588867,94.9852294921875,0.020533333333333334,0.001
,,,,,299291,263.46436,356,,,,,,
,,,,,299521,252.88097,230,,,,,,
,,,,,299740,247.11307,219,,,,,,
230.83472,67.034775,295.91684,107.57907,479.5,300000,,,11.923715591430664,62.581172943115234,62.92478561401367,75.24959564208984,0.02,0.001
,,,,,300029,274.1249,289,,,,,,
,,,,,300354,300.66595,325,,,,,,
,,,,,300561,276.88425,207,,,,,,
,,,,,300875,250.08212,314,,,,,,
,,,,,301000,,,5.578220367431641,61.760765075683594,61.91313171386719,40.02553939819336,0.02,0.001
,,,,,301050,262.91013,175,,,,,,
,,,,,301180,-0.98511505,130,,,,,,
,,,,,301405,264.27228,225,,,,,,
,,,,,301632,258.5625,227,,,,,,
,,,,,301966,240.55545,334,,,,,,
,,,,,302000,,,12.551841735839844,76.82286071777344,76.83367156982422,84.76029205322266,0.02,0.001
,,,,,302160,246.66133,194,,,,,,
,,,,,302373,228.85219,213,,,,,,
,,,,,302633,258.35306,260,,,,,,
,,,,,302842,269.83624,209,,,,,,
,,,,,303000,,,8.342838287353516,62.577880859375,63.236629486083984,105.3232421875,0.02,0.001
,,,,,303107,272.4093,265,,,,,,
,,,,,303360,292.30597,253,,,,,,
,,,,,303520,290.7289,160,,,,,,
,,,,,303922,277.96234,402,,,,,,
,,,,,304000,,,11.068845748901367,63.62763214111328,63.608192443847656,58.630062103271484,0.02,0.001
,,,,,304132,268.89764,210,,,,,,
,,,,,304437,266.8595,305,,,,,,
,,,,,304651,253.9353,214,,,,,,
,,,,,304890,296.99695,239,,,,,,
,,,,,305000,,,13.495128631591797,62.375308990478516,62.649871826171875,58.99442672729492,0.02,0.001
,,,,,305097,264.94818,207,,,,,,
,,,,,305443,269.08145,346,,,,,,
,,,,,305650,282.1057,207,,,,,,
,,,,,305951,253.39772,301,,,,,,
,,,,,306000,,,6.020909309387207,62.087158203125,61.91590881347656,51.22613525390625,0.02,0.001
,,,,,306158,278.60553,207,,,,,,
,,,,,306506,287.37292,348,,,,,,
,,,,,306706,233.50728,200,,,,,,
,,,,,306953,288.2313,247,,,,,,
,,,,,307000,,,10.651288986206055,66.53085327148438,65.34923553466797,126.29869079589844,0.02,0.001
,,,,,307274,247.2334,321,,,,,,
,,,,,307465,268.97833,191,,,,,,
,,,,,307678,263.34174,213,,,,,,
,,,,,307943,263.7062,265,,,,,,
,,,,,308000,,,5.8630218505859375,56.08686828613281,55.80839538574219,50.9865837097168,0.02,0.001
,,,,,308105,250.71175,162,,,,,,
,,,,,308331,270.82898,226,,,,,,
,,,,,308599,250.64871,268,,,,,,
,,,,,308968,279.02814,369,,,,,,
,,,,,309000,,,6.289629936218262,70.92436218261719,70.60918426513672,86.44084930419922,0.02,0.001
,,,,,309386,247.65614,418,,,,,,
,,,,,309632,259.70068,246,,,,,,
,,,,,309813,277.11804,181,,,,,,
229.8055,100.60719,283.1604,-68.065346,192.9,310000,,,4.7876129150390625,64.91645812988281,64.94941711425781,39.21446990966797,0.02,0.001
,,,,,310004,286.5133,191,,,,,,
,,,,,310238,241.65303,234,,,,,,
,,,,,310612,169.32718,374,,,,,,
,,,,,310844,266.7268,232,,,,,,
,,,,,311000,,,7.012073516845703,62.055782318115234,62.410789489746094,46.500858306884766,0.02,0.001
,,,,,311306,233.79083,462,,,,,,
,,,,,311554,270.52444,248,,,,,,
,,,,,311758,265.25925,204,,,,,,
,,,,,311977,263.3569,219,,,,,,
,,,,,312000,,,11.336429595947266,71.18155670166016,70.67611694335938,61.32419204711914,0.02,0.001
,,,,,312252,247.73195,275,,,,,,
,,,,,312511,257.24255,259,,,,,,
,,,,,312808,281.21948,297,,,,,,
,,,,,312963,235.17389,155,,,,,,
,,,,,313000,,,4.329565525054932,74.68486022949219,74.26428985595703,45.89891052246094,0.02,0.001
,,,,,313181,271.08105,218,,,,,,
,,,,,313448,278.92615,267,,,,,,
,,,,,313727,255.44398,279,,,,,,
,,,,,313982,264.0027,255,,,,,,
,,,,,314000,,,3.5674479007720947,72.17709350585938,72.4443359375,41.60096740722656,0.02,0.001
,,,,,314213,262.4369,231,,,,,,
,,,,,314385,297.1908,172,,,,,,
,,,,,314556,245.33397,171,,,,,,
,,,,,314825,260.31836,269,,,,,,
,,,,,314978,291.8603,153,,,,,,
,,,,,315000,,,4.605330944061279,65.31591033935547,65.85887145996094,57.71731948852539,0.02,0.001
,,,,,315278,308.72217,300,,,,,,
,,,,,315597,-83.36842,319,,,,,,
,,,,,315859,253.31044,262,,,,,,
,,,,,316000,,,4.299829006195068,72.98468780517578,72.95979309082031,29.96135902404785,0.02,0.001
,,,,,316087,268.04834,228,,,,,,
,,,,,316324,282.31924,237,,,,,,
,,,,,316579,247.25974,255,,,,,,
,,,,,316795,278.87164,216,,,,,,
,,,,,316996,267.95288,201,,,,,,
,,,,,317000,,,12.065164566040039,72.96248626708984,72.35198974609375,68.27919006347656,0.02,0.001
,,,,,317164,249.7224,168,,,,,,
,,,,,317370,256.99023,206,,,,,,
,,,,,317743,268.70847,373,,,,,,
,,,,,318000,,,3.835801124572754,69.41133880615234,68.99986267089844,51.09381866455078,0.02,0.001
,,,,,318157,232.79332,414,,,,,,
,,,,,318397,176.69841,240,,,,,,
,,,,,318932,211.79948,535,,,,,,
,,,,,319000,,,3.536839008331299,67.78208923339844,67.9385986328125,41.45418167114258,0.02,0.001
,,,,,319178,267.68182,246,,,,,,
,,,,,319898,152.94502,720,,,,,,
206.89873,128.9257,275.61435,-174.03055,230.1,320000,,,4.8326096534729,69.66754150390625,69.19135284423828,43.39897918701172,0.02,0.001
,,,,,320086,266.9077,188,,,,,,
,,,,,320321,272.0542,235,,,,,,
,,,,,320866,264.27954,545,,,,,,
,,,,,321000,,,104.27552795410156,77.52123260498047,76.44583129882812,323.99798583984375,0.02,0.001
,,,,,321157,222.95346,291,,,,,,
,,,,,321557,274.34897,400,,,,,,
,,,,,322000,,,4.267711639404297,71.54657745361328,71.07733154296875,50.65849685668945,0.02,0.001
,,,,,322471,106.27983,914,,,,,,
,,,,,323000,,,5.0972185134887695,69.58777618408203,69.89640808105469,48.96168899536133,0.02,0.001
,,,,,323116,254.76756,645,,,,,,
,,,,,323421,238.92336,305,,,,,,
,,,,,323594,251.02087,173,,,,,,
,,,,,324000,,,4.385271072387695,67.33714294433594,66.82101440429688,44.61021041870117,0.02,0.001
,,,,,324151,228.00851,557,,,,,,
,,,,,324378,204.03154,227,,,,,,
,,,,,324703,243.89206,325,,,,,,
,,,,,324937,300.4068,234,,,,,,
,,,,,325000,,,5.135735034942627,74.01678466796875,73.76973724365234,46.828041076660156,0.02,0.001
,,,,,325147,282.45932,210,,,,,,
,,,,,325371,240.33151,224,,,,,,
,,,,,325712,268.93124,341,,,,,,
,,,,,326000,,,7.653177738189697,60.61363220214844,60.263877868652344,63.25596237182617,0.02,0.001
,,,,,326030,306.60852,318,,,,,,
,,,,,326191,262.06342,161,,,,,,
,,,,,326375,267.59283,184,,,,,,
,,,,,326617,212.97191,242,,,,,,
,,,,,326876,294.1343,259,,,,,,
,,,,,327000,,,11.568056106567383,61.46815872192383,61.15851593017578,64.71958923339844,0.02,0.001
,,,,,327097,233.67496,221,,,,,,
,,,,,327575,251.07788,478,,,,,,
,,,,,327795,243.32094,220,,,,,,
,,,,,328000,,,8.621498107910156,68.06559753417969,67.72132873535156,60.636749267578125,0.02,0.001
,,,,,328079,293.11804,284,,,,,,
,,,,,328265,297.01587,186,,,,,,
,,,,,328468,254.5246,203,,,,,,
,,,,,328698,284.7298,230,,,,,,
,,,,,328886,215.0054,188,,,,,,
,,,,,329000,,,3.7779369354248047,74.16716003417969,73.73353576660156,37.3680305480957,0.02,0.001
,,,,,329291,183.79572,405,,,,,,
,,,,,329616,258.66617,325,,,,,,
,,,,,329918,247.92168,302,,,,,,
183.41983,130.44275,302.57275,-190.54343,355.9,330000,,,10.45765495300293,64.42139434814453,64.19448852539062,88.08526611328125,0.02,0.001
,,,,,330200,179.50435,282,,,,,,
,,,,,330409,272.4569,209,,,,,,
,,,,,330761,247.33807,352,,,,,,
,,,,,331000,,,12.144168853759766,73.37942504882812,73.0892333984375,60.67533874511719,0.02,0.001
,,,,,331100,238.3385,339,,,,,,
,,,,,331336,279.71414,236,,,,,,
,,,,,331684,236.88777,348,,,,,,
,,,,,332000,,,15.378347396850586,66.22235107421875,65.97924041748047,116.19159698486328,0.02,0.001
,,,,,332015,276.0818,331,,,,,,
,,,,,332299,240.29068,284,,,,,,
,,,,,332515,268.3299,216,,,,,,
,,,,,332775,233.44296,260,,,,,,
,,,,,333000,,,5.6533918380737305,75.63679504394531,75.71375274658203,45.259796142578125,0.02,0.001
,,,,,333085,236.62479,310,,,,,,
,,,,,333516,213.47818,431,,,,,,
,,,,,333747,211.85803,231,,,,,,
,,,,,333934,251.82005,187,,,,,,
,,,,,334000,,,6.563900947570801,62.17551803588867,61.80201721191406,61.87104797363281,0.02,0.001
,,,,,334193,281.72977,259,,,,,,
,,,,,334415,11.883408,222,,,,,,
,,,,,334821,281.9345,406,,,,,,
,,,,,335000,,,72.6361083984375,73.67481994628906,74.39198303222656,147.417724609375,0.02,0.001
,,,,,335092,273.6831,271,,,,,,
,,,,,335299,266.7636,207,,,,,,
,,,,,335532,267.90308,233,,,,,,
,,,,,335688,276.88638,156,,,,,,
,,,,,335952,301.65033,264,,,,,,
,,,,,336000,,,13.349639892578125,71.66393280029297,71.29127502441406,64.96803283691406,0.02,0.001
,,,,,336152,284.03046,200,,,,,,
,,,,,336455,261.5722,303,,,,,,
,,,,,336789,263.43286,334,,,,,,
,,,,,337000,,,9.822145462036133,68.57117462158203,68.78669738769531,72.16012573242188,0.02,0.001
,,,,,337489,187.47307,700,,,,,,
,,,,,337903,257.71838,414,,,,,,
,,,,,338000,,,5.399653434753418,71.53659057617188,71.13151550292969,66.09519958496094,0.02,0.001
,,,,,338179,268.66193,276,,,,,,
,,,,,338356,240.84375,177,,,,,,
,,,,,338541,270.81372,185,,,,,,
,,,,,338880,242.21764,339,,,,,,
,,,,,339000,,,7.0665178298950195,69.35377502441406,68.78073120117188,55.7852783203125,0.02,0.001
,,,,,339112,245.85359,232,,,,,,
,,,,,339356,230.49255,244,,,,,,
,,,,,339615,277.85986,259,,,,,,
,,,,,339885,256.25183,270,,,,,,
163.87265,140.30882,287.0974,-131.46802,471.5,340000,,,7.896108150482178,73.59002685546875,73.63587951660156,49.94758605957031,0.02,0.001
,,,,,340131,283.5921,246,,,,,,
,,,,,340358,243.09962,227,,,,,,
,,,,,340672,286.2965,314,,,,,,
,,,,,340972,284.72113,300,,,,,,
,,,,,341000,,,6.870413780212402,66.7454605102539,66.35798645019531,59.601600646972656,0.02,0.001
,,,,,341195,260.1157,223,,,,,,
,,,,,341373,263.27817,178,,,,,,
,,,,,341795,233.32896,422,,,,,,
,,,,,342000,,,7.957791328430176,74.63876342773438,74.30858612060547,48.33345413208008,0.02,0.001
,,,,,342014,269.75198,219,,,,,,
,,,,,342422,227.8187,408,,,,,,
,,,,,342622,279.29504,200,,,,,,
,,,,,342889,270.0231,267,,,,,,
,,,,,343000,,,9.203644752502441,72.95618438720703,72.43081665039062,85.55157470703125,0.02,0.001
,,,,,343096,289.7265,207,,,,,,
,,,,,343371,236.93672,275,,,,,,
,,,,,343640,282.91977,269,,,,,,
,,,,,343838,279.797,198,,,,,,
,,,,,344000,,,5.748676776885986,76.23202514648438,75.46156311035156,64.64159393310547,0.02,0.001
,,,,,344022,291.57025,184,,,,,,
,,,,,344293,260.18842,271,,,,,,
,,,,,344597,216.90155,304,,,,,,
,,,,,344810,258.96442,213,,,,,,
,,,,,345000,,,52.38639450073242,71.83658599853516,72.4449462890625,53.918155670166016,0.02,0.001
,,,,,345021,307.8015,211,,,,,,
,,,,,345285,257.13196,264,,,,,,
,,,,,345492,252.82056,207,,,,,,
,,,,,345823,252.51631,331,,,,,,
,,,,,346000,,,13.39529037475586,69.78359985351562,70.70694732666016,96.67434692382812,0.02,0.001
,,,,,346126,261.95447,303,,,,,,
,,,,,346389,200.54288,263,,,,,,
,,,,,346804,258.62378,415,,,,,,
,,,,,347000,,,14.468271255493164,75.37322235107422,75.99835205078125,104.85420227050781,0.02,0.001
,,,,,347135,250.76085,331,,,,,,
,,,,,347346,21.241333,211,,,,,,
,,,,,347637,282.3484,291,,,,,,
,,,,,347989,198.84354,352,,,,,,
,,,,,348000,,,6.12250280380249,78.89488220214844,78.78905487060547,44.431888580322266,0.02,0.001
,,,,,348213,250.47844,224,,,,,,
,,,,,348492,266.10455,279,,,,,,
,,,,,348682,267.41635,190,,,,,,
,,,,,348893,282.83313,211,,,,,,
,,,,,349000,,,47.46894836425781,76.91287994384766,77.66899108886719,52.93949508666992,0.02,0.001
,,,,,349255,280.51877,362,,,,,,
,,,,,349476,268.55365,221,,,,,,
,,,,,349838,292.14313,362,,,,,,
236.1178,29.298178,292.74683,189.22339,301.6,350000,,,5.279626846313477,65.0817642211914,65.06694793701172,40.134037017822266,0.02,0.001
,,,,,350674,182.9588,836,,,,,,
,,,,,351000,,,6.406186103820801,72.62297058105469,71.71284484863281,60.25920104980469,0.02,0.001
,,,,,351016,236.15823,342,,,,,,
,,,,,351316,262.89496,300,,,,,,
,,,,,351594,279.127,278,,,,,,
,,,,,351968,244.79247,374,,,,,,
,,,,,352000,,,6.590023040771484,80.40275573730469,80.65542602539062,49.368919372558594,0.02,0.001
,,,,,352236,277.94363,268,,,,,,
,,,,,352501,238.5519,265,,,,,,
,,,,,352796,249.69362,295,,,,,,
,,,,,353000,,,4.548331260681152,79.57599639892578,79.31058502197266,52.04648971557617,0.02,0.001
,,,,,353078,259.73853,282,,,,,,
,,,,,353356,280.37503,278,,,,,,
,,,,,353591,261.97726,235,,,,,,
,,,,,353763,253.04625,172,,,,,,
,,,,,354000,,,7.289997100830078,78.06617736816406,78.40831756591797,53.667869567871094,0.02,0.001
,,,,,354595,153.55086,832,,,,,,
,,,,,354846,260.2711,251,,,,,,
,,,,,355000,,,6.848891735076904,68.88221740722656,68.55374908447266,62.576446533203125,0.02,0.001
,,,,,355113,280.19556,267,,,,,,
,,,,,355273,280.8535,160,,,,,,
,,,,,355598,258.19916,325,,,,,,
,,,,,355848,295.23053,250,,,,,,
,,,,,356000,,,8.339333534240723,69.19264221191406,68.99586486816406,69.9488525390625,0.02,0.001
,,,,,356114,274.19016,266,,,,,,
,,,,,356287,278.0683,173,,,,,,
,,,,,356549,257.13086,262,,,,,,
,,,,,356760,292.74796,211,,,,,,
,,,,,356996,287.86768,236,,,,,,
,,,,,357000,,,20.417551040649414,73.52871704101562,73.98698425292969,90.58650207519531,0.02,0.001
,,,,,357341,261.54382,345,,,,,,
,,,,,357587,260.89648,246,,,,,,
,,,,,357785,242.11626,198,,,,,,
,,,,,358000,,,4.900999069213867,78.90180206298828,78.82492065429688,46.687828063964844,0.02,0.001
,,,,,358337,243.6567,552,,,,,,
,,,,,358765,303.83923,428,,,,,,
,,,,,359000,,,4.233155250549316,82.79228973388672,82.46078491210938,34.741111755371094,0.02,0.001
,,,,,359037,253.89438,272,,,,,,
,,,,,359274,252.03116,237,,,,,,
,,,,,359694,252.05952,420,,,,,,
,,,,,359968,260.315,274,,,,,,
236.10466,31.332764,294.87598,174.70093,333.6,360000,,,7.172035217285156,75.5535888671875,75.4122314453125,51.81576156616211,0.02,0.001
,,,,,360283,269.84485,315,,,,,,
,,,,,360471,274.79895,188,,,,,,
,,,,,360709,275.5407,238,,,,,,
,,,,,361000,,,48.54922866821289,73.48493957519531,73.93800354003906,58.39251708984375,0.02,0.001
,,,,,361021,274.72308,312,,,,,,
,,,,,361229,242.94148,208,,,,,,
,,,,,361740,236.59433,511,,,,,,
,,,,,362000,,,7.362340927124023,77.73948669433594,77.33023071289062,49.26328659057617,0.02,0.001
,,,,,362171,193.48773,431,,,,,,
,,,,,362701,-205.38698,530,,,,,,
,,,,,363000,,,6.526845932006836,69.47039031982422,69.87605285644531,48.885643005371094,0.02,0.001
,,,,,363067,262.2046,366,,,,,,
,,,,,363278,272.2307,211,,,,,,
,,,,,363513,293.92258,235,,,,,,
,,,,,363799,285.7949,286,,,,,,
,,,,,364000,,,6.898619651794434,72.64405822753906,73.30570983886719,68.44764709472656,0.02,0.001
,,,,,364104,248.17764,305,,,,,,
,,,,,364360,274.97873,256,,,,,,
,,,,,364554,277.01733,194,,,,,,
,,,,,364784,319.4688,230,,,,,,
,,,,,365000,,,13.606770515441895,72.03803253173828,71.80108642578125,66.85255432128906,0.02,0.001
,,,,,365074,142.18143,290,,,,,,
,,,,,365237,266.19922,163,,,,,,
,,,,,365443,252.46767,206,,,,,,
,,,,,365849,269.97723,406,,,,,,
,,,,,366000,,,21.06580352783203,62.468345642089844,61.85349655151367,67.34440612792969,0.02,0.001
,,,,,366074,295.32855,225,,,,,,
,,,,,366382,263.77725,308,,,,,,
,,,,,366651,297.6765,269,,,,,,
,,,,,366886,274.85956,235,,,,,,
,,,,,367000,,,6.661082744598389,82.80938720703125,83.56497192382812,54.94651794433594,0.02,0.001
,,,,,367176,277.00974,290,,,,,,
,,,,,367354,236.76495,178,,,,,,
,,,,,367583,304.84854,229,,,,,,
,,,,,367871,13.52417,288,,,,,,
,,,,,368000,,,47.37615966796875,87.16639709472656,87.94747924804688,49.73494338989258,0.02,0.001
,,,,,368193,-150.58374,322,,,,,,
,,,,,368491,243.22919,298,,,,,,
,,,,,368802,239.27127,311,,,,,,
,,,,,369000,,,245.1136932373047,75.736083984375,73.71147155761719,491.2454528808594,0.02,0.001
,,,,,369269,261.9954,467,,,,,,
,,,,,369575,292.4937,306,,,,,,
,,,,,369774,296.93787,199,,,,,,
268.21942,24.532934,302.29874,215.25458,259.4,370000,,,12.140010833740234,67.74884033203125,68.65676879882812,64.34735870361328,0.02,0.001
,,,,,370124,209.12207,350,,,,,,
,,,,,370603,146.64722,479,,,,,,
,,,,,370886,267.68994,283,,,,,,
,,,,,371000,,,3.6917359828948975,74.87295532226562,74.40802764892578,41.41936492919922,0.02,0.001
,,,,,371208,244.38747,322,,,,,,
,,,,,371469,224.24146,261,,,,,,
,,,,,371646,312.53604,177,,,,,,
,,,,,371870,296.2177,224,,,,,,
,,,,,372000,,,5.439957618713379,82.08334350585938,81.31887817382812,48.33592224121094,0.02,0.001
,,,,,372055,300.83896,185,,,,,,
,,,,,372346,276.8762,291,,,,,,
,,,,,372620,260.1402,274,,,,,,
,,,,,372859,267.18756,239,,,,,,
,,,,,373000,,,5.560243606567383,77.96444702148438,77.73503112792969,42.02922058105469,0.02,0.001
,,,,,373635,238.19241,776,,,,,,
,,,,,373813,252.26662,178,,,,,,
,,,,,374000,,,5.9214582443237305,76.9437255859375,76.46640014648438,60.69099807739258,0.02,0.001
,,,,,374082,256.87775,269,,,,,,
,,,,,374283,309.77753,201,,,,,,
,,,,,374567,238.0132,284,,,,,,
,,,,,374809,264.37714,242,,,,,,
,,,,,375000,,,3.979583263397217,78.20648193359375,78.38243865966797,42.07679748535156,0.02,0.001
,,,,,375195,304.02057,386,,,,,,
,,,,,376000,,,6.749527454376221,75.33798217773438,75.44122314453125,54.05599594116211,0.02,0.001
,,,,,376195,152.8574,1000,,,,,,
,,,,,376451,285.72952,256,,,,,,
,,,,,376640,272.7024,189,,,,,,
,,,,,376853,315.3399,213,,,,,,
,,,,,377000,,,360.43280029296875,77.76524353027344,75.0152359008789,191.8095703125,0.02,0.001
,,,,,377144,270.58185,291,,,,,,
,,,,,377356,298.68182,212,,,,,,
,,,,,378000,,,3.395744800567627,80.24774169921875,80.1884536743164,38.12939453125,0.02,0.001
,,,,,378325,180.33727,969,,,,,,
,,,,,378630,287.96674,305,,,,,,
,,,,,378824,263.96954,194,,,,,,
,,,,,379000,,,7.292507171630859,72.5335464477539,72.85227966308594,62.767391204833984,0.02,0.001
,,,,,379204,246.12596,380,,,,,,
,,,,,379480,249.21414,276,,,,,,
,,,,,379785,289.046,305,,,,,,
226.99788,58.91274,295.77628,96.651505,424.1,380000,,,56.498966217041016,75.03579711914062,75.81669616699219,115.43892669677734,0.02,0.001
,,,,,380031,253.00664,246,,,,,,
,,,,,380218,287.69348,187,,,,,,
,,,,,380384,256.90845,166,,,,,,
,,,,,380548,285.27338,164,,,,,,
,,,,,380751,272.1457,203,,,,,,
,,,,,380950,281.9594,199,,,,,,
,,,,,381000,,,4.669180870056152,62.709877014160156,62.468482971191406,38.24546432495117,0.02,0.001
,,,,,381304,215.30243,354,,,,,,
,,,,,381597,284.6266,293,,,,,,
,,,,,382000,,,6.318482875823975,71.24395751953125,71.00614929199219,46.79225540161133,0.02,0.001
,,,,,382025,262.87643,428,,,,,,
,,,,,382541,261.88504,516,,,,,,
,,,,,382725,248.26437,184,,,,,,
,,,,,383000,,,6.598599910736084,67.241943359375,67.2552490234375,56.48821258544922,0.02,0.001
,,,,,383035,292.57477,310,,,,,,
,,,,,383335,243.9497,300,,,,,,
,,,,,383592,258.81055,257,,,,,,
,,,,,383826,266.45352,234,,,,,,
,,,,,384000,,,40.93198013305664,76.63473510742188,76.93736267089844,39.466033935546875,0.02,0.001
,,,,,384006,327.97357,180,,,,,,
,,,,,384238,288.96884,232,,,,,,
,,,,,384422,266.79315,184,,,,,,
,,,,,384731,283.10382,309,,,,,,
,,,,,385000,,,29.224624633789062,68.73712158203125,69.19976806640625,152.31211853027344,0.02,0.001
,,,,,385070,245.34607,339,,,,,,
,,,,,385296,251.8012,226,,,,,,
,,,,,385620,277.42987,324,,,,,,
,,,,,385796,286.60852,176,,,,,,
,,,,,386000,,,11.170013427734375,82.67958068847656,82.27767944335938,93.24646759033203,0.02,0.001
,,,,,386137,188.3575,341,,,,,,
,,,,,386355,288.62598,218,,,,,,
,,,,,386606,279.6963,251,,,,,,
,,,,,386784,282.81912,178,,,,,,
,,,,,386939,295.25824,155,,,,,,
,,,,,387000,,,10.315187454223633,65.86465454101562,65.25174713134766,48.79104232788086,0.02,0.001
,,,,,387144,259.32104,205,,,,,,
,,,,,387325,234.80182,181,,,,,,
,,,,,387500,289.872,175,,,,,,
,,,,,387703,276.9049,203,,,,,,
,,,,,387941,275.9392,238,,,,,,
,,,,,388000,,,8.662985801696777,76.18946838378906,75.63097381591797,54.84849166870117,0.02,0.001
,,,,,388232,250.77773,291,,,,,,
,,,,,388526,268.08417,294,,,,,,
,,,,,388746,276.40222,220,,,,,,
,,,,,389000,,,7.376673698425293,77.10860443115234,76.17571258544922,74.23304748535156,0.02,0.001
,,,,,389110,271.0454,364,,,,,,
,,,,,389365,288.54956,255,,,,,,
,,,,,389609,265.90988,244,,,,,,
,,,,,389957,238.32722,348,,,,,,
170.1584,142.67232,268.9713,-163.84715,351.7,390000,,,6.557252407073975,67.21305847167969,66.82632446289062,55.21795654296875,0.02,0.001
,,,,,390620,201.8602,663,,,,,,
,,,,,390868,313.7287,248,,,,,,
,,,,,391000,,,16.51780128479004,80.22198486328125,79.968994140625,95.75041961669922,0.02,0.001
,,,,,391381,200.7681,513,,,,,,
,,,,,391531,283.15317,150,,,,,,
,,,,,391711,271.9949,180,,,,,,
,,,,,391905,230.4139,194,,,,,,
,,,,,392000,,,4.553455352783203,86.3634033203125,86.13957214355469,38.67239761352539,0.02,0.001
,,,,,392281,278.64795,376,,,,,,
,,,,,392506,310.5844,225,,,,,,
,,,,,392775,241.49536,269,,,,,,
,,,,,392934,284.80206,159,,,,,,
,,,,,393000,,,6.4407958984375,70.40515899658203,70.76290130615234,75.4495849609375,0.02,0.001
,,,,,393153,236.79785,219,,,,,,
,,,,,393498,265.33987,345,,,,,,
,,,,,393733,253.38704,235,,,,,,
,,,,,393942,272.685,209,,,,,,
,,,,,394000,,,6.66409969329834,80.78775024414062,80.87031555175781,59.088443756103516,0.02,0.001
,,,,,394255,303.09924,313,,,,,,
,,,,,394518,274.39917,263,,,,,,
,,,,,394722,289.8926,204,,,,,,
,,,,,394927,282.5722,205,,,,,,
,,,,,395000,,,3.6065006256103516,74.19529724121094,73.83270263671875,45.711753845214844,0.02,0.001
,,,,,395135,269.08694,208,,,,,,
,,,,,395275,17.149055,140,,,,,,
,,,,,395546,293.7989,271,,,,,,
,,,,,395808,267.0843,262,,,,,,
,,,,,395989,241.18864,181,,,,,,
,,,,,396000,,,8.628098487854004,69.08243560791016,68.44081115722656,66.12210845947266,0.02,0.001
,,,,,396229,308.72113,240,,,,,,
,,,,,396423,253.10161,194,,,,,,
,,,,,396687,286.88812,264,,,,,,
,,,,,396884,247.77155,197,,,,,,
,,,,,396995,-2.2267914,111,,,,,,
,,,,,397000,,,5.325401306152344,74.90390014648438,74.80717468261719,67.29615783691406,0.02,0.001
,,,,,397334,293.56625,339,,,,,,
,,,,,397684,238.94026,350,,,,,,
,,,,,397912,266.54102,228,,,,,,
,,,,,398000,,,4.704275131225586,79.18717193603516,79.56082153320312,65.71858215332031,0.02,0.001
,,,,,398222,241.25903,310,,,,,,
,,,,,398466,223.53662,244,,,,,,
,,,,,398741,284.56793,275,,,,,,
,,,,,398957,273.8498,216,,,,,,
,,,,,399000,,,10.863229751586914,76.43768310546875,76.21796417236328,64.28526306152344,0.02,0.001
,,,,,399599,304.21265,642,,,,,,
124.11178,159.04295,301.86755,-263.29272,473.6,400000,,,26.287979125976562,74.02413177490234,73.9120101928711,94.48702239990234,0.02,0.001
,,,,,400161,162.91475,562,,,,,,
,,,,,400381,-164.3788,220,,,,,,
,,,,,400602,231.5902,221,,,,,,
,,,,,400786,299.05045,184,,,,,,
,,,,,401000,,,3.3388848304748535,79.24034881591797,78.57267761230469,40.79035949707031,0.02,0.001
,,,,,401014,289.71912,228,,,,,,
,,,,,401373,260.60394,359,,,,,,
,,,,,401765,242.92807,392,,,,,,
,,,,,402000,,,5.799772262573242,79.63250732421875,79.00889587402344,56.144317626953125,0.02,0.001
,,,,,402050,261.0954,285,,,,,,
,,,,,402291,183.5289,241,,,,,,
,,,,,402480,266.37277,189,,,,,,
,,,,,402743,264.78003,263,,,,,,
,,,,,403000,,,4.490190505981445,83.39724731445312,83.0235595703125,46.5104866027832,0.02,0.001
,,,,,403189,186.76498,446,,,,,,
,,,,,403374,261.15967,185,,,,,,
,,,,,403550,242.00423,176,,,,,,
,,,,,403811,247.81255,261,,,,,,
,,,,,404000,,,6.443720817565918,72.52306365966797,71.92278289794922,47.778236389160156,0.02,0.001
,,,,,404016,309.8518,205,,,,,,
,,,,,404216,277.07916,200,,,,,,
,,,,,404540,202.37549,324,,,,,,
,,,,,404800,262.91272,260,,,,,,
,,,,,404913,26.043633,113,,,,,,
,,,,,405000,,,4.842175483703613,83.99223327636719,83.86126708984375,53.452598571777344,0.02,0.001
,,,,,405177,276.00708,264,,,,,,
,,,,,405358,270.07996,181,,,,,,
,,,,,405564,273.18835,206,,,,,,
,,,,,406000,,,14.315268516540527,75.9840316772461,76.05062866210938,54.83906936645508,0.02,0.001
,,,,,406066,274.65912,502,,,,,,
,,,,,406263,258.27478,197,,,,,,
,,,,,406439,227.6144,176,,,,,,
,,,,,406892,232.0965,453,,,,,,
,,,,,407000,,,3.5173676013946533,85.27120971679688,84.73844909667969,45.67566680908203,0.02,0.001
,,,,,407087,251.13461,195,,,,,,
,,,,,407432,272.5819,345,,,,,,
,,,,,407647,276.29504,215,,,,,,
,,,,,408000,,,25.253173828125,81.68867492675781,80.71385192871094,99.73502349853516,0.02,0.001
,,,,,408019,234.50592,372,,,,,,
,,,,,408217,253.27313,198,,,,,,
,,,,,408379,237.5276,162,,,,,,
,,,,,408622,283.38812,243,,,,,,
,,,,,408903,267.18845,281,,,,,,
,,,,,409000,,,7.5058441162109375,73.44140625,73.45112609863281,41.91603088378906,0.02,0.001
,,,,,409171,256.85828,268,,,,,,
,,,,,409408,224.64139,237,,,,,,
,,,,,409612,276.39502,204,,,,,,
223.4821,166.66652,308.99237,-272.8346,214.1,410000,,,44.731597900390625,78.07413482666016,78.80868530273438,78.90980529785156,0.02,0.001
,,,,,410448,201.5751,836,,,,,,
,,,,,410649,270.33295,201,,,,,,
,,,,,410946,299.83795,297,,,,,,
,,,,,411000,,,11.361364364624023,78.3492660522461,78.67277526855469,58.7838020324707,0.02,0.001
,,,,,411108,43.01535,162,,,,,,
,,,,,411275,284.51813,167,,,,,,
,,,,,411811,247.24309,536,,,,,,
,,,,,412000,,,30.21342658996582,61.992679595947266,62.866634368896484,104.55814361572266,0.02,0.001
,,,,,412009,261.80304,198,,,,,,
,,,,,412314,206.82193,305,,,,,,
,,,,,412557,281.8374,243,,,,,,
,,,,,412709,265.43097,152,,,,,,
,,,,,412881,274.68845,172,,,,,,
,,,,,413000,,,9.396096229553223,73.75511932373047,73.76111602783203,69.10447692871094,0.02,0.001
,,,,,413184,241.35112,303,,,,,,
,,,,,413681,234.4385,497,,,,,,
,,,,,413911,293.3341,230,,,,,,
,,,,,414000,,,10.000621795654297,77.67924499511719,77.44108581542969,63.567928314208984,0.02,0.001
,,,,,414235,269.76752,324,,,,,,
,,,,,414489,287.05887,254,,,,,,
,,,,,414939,225.15466,450,,,,,,
,,,,,415000,,,35.66176223754883,72.10752868652344,72.60600280761719,212.4176483154297,0.02,0.001
,,,,,415125,252.46307,186,,,,,,
,,,,,415308,295.93402,183,,,,,,
,,,,,415476,260.2937,168,,,,,,
,,,,,415755,288.69165,279,,,,,,
,,,,,416000,,,5.596861362457275,77.88949584960938,77.40199279785156,45.83149719238281,0.02,0.001
,,,,,416467,144.12439,712,,,,,,
,,,,,416675,251.24944,208,,,,,,
,,,,,416929,267.9184,254,,,,,,
,,,,,417000,,,40.5328483581543,65.35005950927734,66.52581787109375,56.70521926879883,0.02,0.001
,,,,,417156,304.9479,227,,,,,,
,,,,,417389,293.03568,233,,,,,,
,,,,,417613,303.97052,224,,,,,,
,,,,,417727,-5.336296,114,,,,,,
,,,,,417906,278.60876,179,,,,,,
,,,,,418000,,,121.8267593383789,86.5838394165039,88.29508209228516,294.6614074707031,0.02,0.001
,,,,,418373,267.2577,467,,,,,,
,,,,,418614,254.05804,241,,,,,,
,,,,,418877,267.41895,263,,,,,,
,,,,,419000,,,9.587532997131348,66.14533233642578,65.29226684570312,78.75962829589844,0.02,0.001
,,,,,419219,253.18286,342,,,,,,
,,,,,419362,36.645615,143,,,,,,
,,,,,419626,295.7945,264,,,,,,
253.86333,26.127443,302.18323,218.77126,282.2,420000,,,4.882991313934326,75.912841796875,75.43338012695312,48.83501052856445,0.02,0.001
,,,,,420083,231.6327,457,,,,,,
,,,,,420258,258.399,175,,,,,,
,,,,,420464,235.44194,206,,,,,,
,,,,,420789,236.94136,325,,,,,,
,,,,,420989,243.4267,200,,,,,,
,,,,,421000,,,7.2792744636535645,76.03865051269531,76.00099182128906,37.61640548706055,0.02,0.001
,,,,,421146,279.43082,157,,,,,,
,,,,,421483,230.64671,337,,,,,,
,,,,,421739,254.64392,256,,,,,,
,,,,,422000,,,5.8358988761901855,83.79081726074219,83.30135345458984,42.79435348510742,0.02,0.001
,,,,,422168,229.7773,429,,,,,,
,,,,,422345,280.08466,177,,,,,,
,,,,,423000,,,4.287441253662109,74.92144775390625,74.7618408203125,41.500526428222656,0.02,0.001
,,,,,423173,224.07715,828,,,,,,
,,,,,424000,,,6.679563522338867,74.19022369384766,73.9775390625,59.551326751708984,0.02,0.001
,,,,,424173,165.7081,1000,,,,,,
,,,,,424358,255.09094,185,,,,,,
,,,,,424677,228.64786,319,,,,,,
,,,,,424854,-15.204483,177,,,,,,
,,,,,425000,,,5.837528228759766,77.10752868652344,77.55064392089844,55.182987213134766,0.02,0.001
,,,,,425104,265.64563,250,,,,,,
,,,,,425327,257.11368,223,,,,,,
,,,,,425477,9.481155,150,,,,,,
,,,,,425621,-1.2351761,144,,,,,,
,,,,,426000,,,38.413883209228516,74.26425170898438,73.09597778320312,139.11279296875,0.02,0.001
,,,,,426200,256.69427,579,,,,,,
,,,,,426768,301.22302,568,,,,,,
,,,,,427000,,,11.491921424865723,72.14993286132812,70.70674133300781,110.47921752929688,0.02,0.001
,,,,,427187,285.76486,419,,,,,,
,,,,,427424,287.12274,237,,,,,,
,,,,,427595,246.14839,171,,,,,,
,,,,,428000,,,7.202805519104004,73.58198547363281,73.53180694580078,49.88679504394531,0.02,0.001
,,,,,428347,239.40388,752,,,,,,
,,,,,428573,233.4805,226,,,,,,
,,,,,428790,205.35057,217,,,,,,
,,,,,429000,,,6.5121893882751465,83.77670288085938,83.04339599609375,59.03316116333008,0.02,0.001
,,,,,429073,280.06766,283,,,,,,
,,,,,429429,279.31476,356,,,,,,
,,,,,429640,283.92065,211,,,,,,
,,,,,429815,233.61096,175,,,,,,
199.18091,134.15251,291.16827,-182.88554,379.5,430000,,,8.985193252563477,75.59298706054688,75.02002716064453,82.2919692993164,0.02,0.001
,,,,,430365,267.66046,550,,,,,,
,,,,,430619,274.21283,254,,,,,,
,,,,,430779,30.7639,160,,,,,,
,,,,,430996,245.5309,217,,,,,,
,,,,,431000,,,28.1756591796875,79.51681518554688,79.34066772460938,195.521484375,0.02,0.001
,,,,,431370,288.91187,374,,,,,,
,,,,,431508,31.841797,138,,,,,,
,,,,,431830,-106.65265,322,,,,,,
,,,,,432000,,,30.18172836303711,75.77703857421875,74.50787353515625,165.32888793945312,0.02,0.001
,,,,,432156,262.10275,326,,,,,,
,,,,,432345,261.62836,189,,,,,,
,,,,,432597,212.11029,252,,,,,,
,,,,,432926,225.33858,329,,,,,,
,,,,,433000,,,11.049802780151367,74.7547836303711,74.19834899902344,51.11214828491211,0.02,0.001
,,,,,433259,248.0688,333,,,,,,
,,,,,433496,258.21466,237,,,,,,
,,,,,433777,256.2638,281,,,,,,
,,,,,433911,-136.46667,134,,,,,,
,,,,,434000,,,2.7185182571411133,79.07557678222656,78.85687255859375,28.024328231811523,0.02,0.001
,,,,,434157,253.64432,246,,,,,,
,,,,,434384,270.5943,227,,,,,,
,,,,,434563,284.53845,179,,,,,,
,,,,,434894,299.46646,331,,,,,,
,,,,,435000,,,70.83650207519531,69.0888671875,68.56735229492188,204.6819610595703,0.02,0.001
,,,,,435219,270.70566,325,,,,,,
,,,,,435398,244.71942,179,,,,,,
,,,,,435707,202.15445,309,,,,,,
,,,,,435975,264.2135,268,,,,,,
,,,,,436000,,,15.41606330871582,73.95063018798828,74.2043685913086,82.95060729980469,0.02,0.001
,,,,,436201,273.3083,226,,,,,,
,,,,,436557,257.0846,356,,,,,,
,,,,,437000,,,5.264060020446777,77.75526428222656,77.92115783691406,46.424312591552734,0.02,0.001
,,,,,437287,291.71896,730,,,,,,
,,,,,437651,262.36612,364,,,,,,
,,,,,437849,272.33478,198,,,,,,
,,,,,438000,,,5.372125625610352,73.16482543945312,73.18168640136719,49.047508239746094,0.02,0.001
,,,,,438031,275.95917,182,,,,,,
,,,,,438340,256.01343,309,,,,,,
,,,,,438524,263.80142,184,,,,,,
,,,,,439000,,,22.38925552368164,78.43080139160156,78.37593078613281,58.61587142944336,0.02,0.001
,,,,,439086,247.02441,562,,,,,,
,,,,,439371,272.19315,285,,,,,,
,,,,,439669,294.50815,298,,,,,,
,,,,,439842,247.88943,173,,,,,,
254.26201,47.50244,308.20486,122.66608,322.7,440000,,,4.034918308258057,81.97643280029297,82.11953735351562,38.8961181640625,0.02,0.001
,,,,,440111,304.84204,269,,,,,,
,,,,,440304,269.18097,193,,,,,,
,,,,,440567,269.11792,263,,,,,,
,,,,,440886,242.71875,319,,,,,,
,,,,,441000,,,11.757892608642578,82.02487182617188,81.52861022949219,72.92046356201172,0.02,0.001
,,,,,441138,237.75043,252,,,,,,
,,,,,441509,241.5763,371,,,,,,
,,,,,441808,265.51477,299,,,,,,
,,,,,442000,,,6.162383556365967,80.01497650146484,80.16319274902344,62.073246002197266,0.02,0.001
,,,,,442198,287.0183,390,,,,,,
,,,,,442445,282.5855,247,,,,,,
,,,,,442875,276.39258,430,,,,,,
,,,,,443000,,,10.926397323608398,74.45406341552734,74.60775756835938,100.80621337890625,0.02,0.001
,,,,,443512,175.45932,637,,,,,,
,,,,,443723,271.7362,211,,,,,,
,,,,,444000,,,4.794750213623047,78.15196990966797,77.97332763671875,37.27883529663086,0.02,0.001
,,,,,444037,304.02264,314,,,,,,
,,,,,444336,296.92688,299,,,,,,
,,,,,444504,236.15552,168,,,,,,
,,,,,445000,,,9.130517959594727,66.61502075195312,66.39726257324219,62.47660446166992,0.02,0.001
,,,,,445028,236.25612,524,,,,,,
,,,,,445491,216.77011,463,,,,,,
,,,,,445738,281.77203,247,,,,,,
,,,,,446000,,,4.211268424987793,68.32213592529297,68.10585021972656,44.4622802734375,0.02,0.001
,,,,,446087,259.0153,349,,,,,,
,,,,,446387,236.44763,300,,,,,,
,,,,,446626,300.25592,239,,,,,,
,,,,,447000,,,11.138282775878906,63.40549087524414,63.128135681152344,69.47332763671875,0.02,0.001
,,,,,447040,264.06342,414,,,,,,
,,,,,447282,293.93283,242,,,,,,
,,,,,447566,267.1052,284,,,,,,
,,,,,447768,277.8529,202,,,,,,
,,,,,448000,,,41.68058776855469,77.53150939941406,77.87466430664062,44.34865951538086,0.02,0.001
,,,,,448005,296.25153,237,,,,,,
,,,,,448170,272.55786,165,,,,,,
,,,,,448426,255.67401,256,,,,,,
,,,,,448630,232.4596,204,,,,,,
,,,,,448780,23.842384,150,,,,,,
,,,,,448980,284.48138,200,,,,,,
,,,,,449000,,,8.681377410888672,70.86921691894531,70.61825561523438,43.156288146972656,0.02,0.001
,,,,,449248,262.46826,268,,,,,,
,,,,,449415,238.98032,167,,,,,,
,,,,,449910,294.10724,495,,,,,,
199.2317,126.56261,306.92712,-125.76262,452.5,450000,,,4.5837554931640625,83.81973266601562,83.95365142822266,48.7368278503418,0.02,0.001
,,,,,450142,211.9378,232,,,,,,
,,,,,450376,255.54158,234,,,,,,
,,,,,450533,254.38605,157,,,,,,
,,,,,450862,266.36966,329,,,,,,
,,,,,451000,,,7.571147918701172,80.5349349975586,80.60694885253906,65.1197738647461,0.02,0.001
,,,,,451158,313.53406,296,,,,,,
,,,,,451503,248.20755,345,,,,,,
,,,,,451674,229.84013,171,,,,,,
,,,,,452000,,,11.476075172424316,78.3575439453125,77.94036865234375,66.02058410644531,0.02,0.001
,,,,,452016,207.5286,342,,,,,,
,,,,,452186,23.113594,170,,,,,,
,,,,,452440,295.866,254,,,,,,
,,,,,452774,286.2933,334,,,,,,
,,,,,453000,,,46.06790542602539,82.7738037109375,83.20173645019531,63.91843795776367,0.02,0.001
,,,,,453305,254.80147,531,,,,,,
,,,,,453987,210.06769,682,,,,,,
,,,,,454000,,,6.408980846405029,82.11459350585938,82.73176574707031,54.01621627807617,0.02,0.001
,,,,,454470,141.47931,483,,,,,,
,,,,,454673,256.09705,203,,,,,,
,,,,,455000,,,7.4014434814453125,71.16766357421875,71.08158874511719,45.68567657470703,0.02,0.001
,,,,,455101,257.07892,428,,,,,,
,,,,,455274,259.6809,173,,,,,,
,,,,,455470,286.0113,196,,,,,,
,,,,,455721,284.38715,251,,,,,,
,,,,,456000,,,5.717935562133789,86.30238342285156,86.00860595703125,57.576847076416016,0.02,0.001
,,,,,456021,265.60577,300,,,,,,
,,,,,456314,243.29468,293,,,,,,
,,,,,456440,-1.9622116,126,,,,,,
,,,,,456609,244.09763,169,,,,,,
,,,,,456863,279.14404,254,,,,,,
,,,,,457000,,,9.149927139282227,84.55595397949219,85.03889465332031,60.674400329589844,0.02,0.001
,,,,,457021,264.8923,158,,,,,,
,,,,,457213,246.87506,192,,,,,,
,,,,,457781,267.932,568,,,,,,
,,,,,457975,249.32063,194,,,,,,
,,,,,458000,,,10.906042098999023,62.53833770751953,62.860870361328125,75.5638656616211,0.02,0.001
,,,,,458295,263.88965,320,,,,,,
,,,,,458468,250.75381,173,,,,,,
,,,,,458744,173.28441,276,,,,,,
,,,,,458987,260.91074,243,,,,,,
,,,,,459000,,,34.61223220825195,84.01993560791016,84.51823425292969,53.4864387512207,0.02,0.001
,,,,,459247,276.84906,260,,,,,,
,,,,,459357,-153.52669,110,,,,,,
,,,,,459615,288.21326,258,,,,,,
,,,,,459848,197.87778,233,,,,,,
,,,,,459964,-115.62843,116,,,,,,
222.12517,57.711536,278.72943,93.807976,468.9,460000,,,5.302350997924805,76.6476058959961,76.33858489990234,48.537086486816406,0.02,0.001
,,,,,460354,299.9135,390,,,,,,
,,,,,460612,259.7859,258,,,,,,
,,,,,460852,296.44547,240,,,,,,
,,,,,461000,,,88.67382049560547,78.65960693359375,78.29013061523438,212.54598999023438,0.02,0.001
,,,,,461209,183.71548,357,,,,,,
,,,,,461486,235.35097,277,,,,,,
,,,,,461802,268.88214,316,,,,,,
,,,,,462000,,,5.189362525939941,78.88920593261719,79.23424530029297,81.51873779296875,0.02,0.001
,,,,,462116,249.16682,314,,,,,,
,,,,,462404,274.5824,288,,,,,,
,,,,,462698,287.6789,294,,,,,,
,,,,,463000,,,6.299171447753906,80.48391723632812,80.15121459960938,60.262298583984375,0.02,0.001
,,,,,463022,263.92578,324,,,,,,
,,,,,463375,277.38348,353,,,,,,
,,,,,463655,290.5401,280,,,,,,
,,,,,463878,314.36887,223,,,,,,
,,,,,464000,,,6.212589263916016,75.9333267211914,76.21062469482422,45.037479400634766,0.02,0.001
,,,,,464304,261.40125,426,,,,,,
,,,,,464589,275.6151,285,,,,,,
,,,,,465000,,,3.958230495452881,79.48280334472656,80.13531494140625,41.110313415527344,0.02,0.001
,,,,,465424,126.28408,835,,,,,,
,,,,,465929,233.96298,505,,,,,,
,,,,,466000,,,11.5759916305542,69.99957275390625,70.46861267089844,78.11124420166016,0.02,0.001
,,,,,466233,252.76482,304,,,,,,
,,,,,466517,194.29721,284,,,,,,
,,,,,466840,259.5526,323,,,,,,
,,,,,467000,,,30.1485652923584,83.77830505371094,84.80335998535156,148.40174865722656,0.02,0.001
,,,,,467192,203.90996,352,,,,,,
,,,,,467396,201.73352,204,,,,,,
,,,,,467736,194.66046,340,,,,,,
,,,,,468000,,,7.801716327667236,86.28898620605469,85.58555603027344,82.74781036376953,0.02,0.001
,,,,,468044,229.41467,308,,,,,,
,,,,,468452,238.44347,408,,,,,,
,,,,,468646,275.40747,194,,,,,,
,,,,,468841,255.40887,195,,,,,,
,,,,,469000,,,16.02750015258789,68.9111328125,68.70516967773438,74.25390625,0.02,0.001
,,,,,469007,0.8778763,166,,,,,,
,,,,,469194,293.14435,187,,,,,,
,,,,,469423,279.74194,229,,,,,,
,,,,,469612,273.45923,189,,,,,,
,,,,,469912,192.58524,300,,,,,,
223.78288,151.28764,308.9704,-226.92697,197.7,470000,,,11.913114547729492,75.73251342773438,75.07269287109375,159.12649536132812,0.02,0.001
,,,,,470089,-190.11394,177,,,,,,
,,,,,470254,259.4836,165,,,,,,
,,,,,470511,241.56544,257,,,,,,
,,,,,470731,271.8476,220,,,,,,
,,,,,470957,279.51544,226,,,,,,
,,,,,471000,,,32.425540924072266,75.98883056640625,76.78355407714844,41.67103576660156,0.02,0.001
,,,,,471125,271.2689,168,,,,,,
,,,,,471352,283.06134,227,,,,,,
,,,,,471555,239.09477,203,,,,,,
,,,,,471783,280.01782,228,,,,,,
,,,,,472000,,,67.50215911865234,85.06468963623047,86.62659454345703,107.18629455566406,0.02,0.001
,,,,,472047,281.99323,264,,,,,,
,,,,,472266,267.6566,219,,,,,,
,,,,,472497,233.26251,231,,,,,,
,,,,,472732,281.5728,235,,,,,,
,,,,,472947,282.67264,215,,,,,,
,,,,,473000,,,7.210716247558594,71.89217376708984,72.70332336425781,55.34617233276367,0.02,0.001
,,,,,473376,217.33344,429,,,,,,
,,,,,473685,286.38565,309,,,,,,
,,,,,473915,285.88275,230,,,,,,
,,,,,474000,,,10.728071212768555,71.59327697753906,71.19984436035156,73.36705017089844,0.02,0.001
,,,,,474107,221.20245,192,,,,,,
,,,,,474442,180.96237,335,,,,,,
,,,,,474924,290.87857,482,,,,,,
,,,,,475000,,,29.352127075195312,76.04507446289062,75.81102752685547,132.0148162841797,0.02,0.001
,,,,,475176,231.87044,252,,,,,,
,,,,,475370,262.38104,194,,,,,,
,,,,,475843,283.66638,473,,,,,,
,,,,,476000,,,10.090202331542969,81.67330932617188,80.95256042480469,65.41915130615234,0.02,0.001
,,,,,476058,279.4912,215,,,,,,
,,,,,476259,302.93484,201,,,,,,
,,,,,476442,267.4412,183,,,,,,
,,,,,476635,-151.06036,193,,,,,,
,,,,,477000,,,7.096698760986328,78.01837921142578,78.37671661376953,65.70919799804688,0.02,0.001
,,,,,477390,220.6134,755,,,,,,
,,,,,477651,208.81311,261,,,,,,
,,,,,478000,,,92.33036041259766,79.00618743896484,80.62321472167969,201.76144409179688,0.02,0.001
,,,,,478120,260.7444,469,,,,,,
,,,,,478320,288.29926,200,,,,,,
,,,,,478601,266.3362,281,,,,,,
,,,,,478888,281.18463,287,,,,,,
,,,,,479000,,,7.290111541748047,76.72644805908203,75.95533752441406,56.987571716308594,0.02,0.001
,,,,,479118,237.20462,230,,,,,,
,,,,,479339,279.66534,221,,,,,,
,,,,,479584,275.72876,245,,,,,,
,,,,,479879,275.3842,295,,,,,,
148.85744,182.69759,274.93066,-227.55334,222.3,480000,,,50.73780059814453,75.12094116210938,75.68876647949219,63.07270050048828,0.02,0.001
,,,,,480007,-99.68787,128,,,,,,
,,,,,480198,308.0086,191,,,,,,
,,,,,480514,266.77863,316,,,,,,
,,,,,480697,244.299,183,,,,,,
,,,,,480874,295.95752,177,,,,,,
,,,,,481000,,,31.39832878112793,86.69581604003906,87.04918670654297,77.26022338867188,0.02,0.001
,,,,,481124,221.38591,250,,,,,,
,,,,,481413,227.83633,289,,,,,,
,,,,,481632,255.71806,219,,,,,,
,,,,,481974,270.23767,342,,,,,,
,,,,,482000,,,5.666936874389648,84.67215728759766,84.93730926513672,53.231048583984375,0.02,0.001
,,,,,482170,293.9862,196,,,,,,
,,,,,482349,253.73372,179,,,,,,
,,,,,482678,286.1593,329,,,,,,
,,,,,483000,,,13.980546951293945,82.33195495605469,82.50895690917969,74.08221435546875,0.02,0.001
,,,,,483018,261.7269,340,,,,,,
,,,,,483153,-53.066166,135,,,,,,
,,,,,483472,303.29385,319,,,,,,
,,,,,483579,-6.2614746,107,,,,,,
,,,,,483840,262.67,261,,,,,,
,,,,,484000,,,9.464839935302734,87.07244873046875,86.1265869140625,82.3656997680664,0.02,0.001
,,,,,484049,257.0547,209,,,,,,
,,,,,484321,290.1665,272,,,,,,
,,,,,484524,211.56334,203,,,,,,
,,,,,484811,213.0935,287,,,,,,
,,,,,485000,,,4.055350303649902,88.73204803466797,88.37730407714844,48.1522331237793,0.02,0.001
,,,,,485066,218.78935,255,,,,,,
,,,,,485295,301.3528,229,,,,,,
,,,,,485688,247.04169,393,,,,,,
,,,,,485858,295.04706,170,,,,,,
,,,,,486000,,,43.12510681152344,78.09469604492188,76.78179931640625,141.20767211914062,0.02,0.001
,,,,,486226,271.25433,368,,,,,,
,,,,,486553,239.4013,327,,,,,,
,,,,,487000,,,33.890777587890625,84.7306900024414,84.962158203125,57.549095153808594,0.02,0.001
,,,,,487012,214.04962,459,,,,,,
,,,,,487177,256.81696,165,,,,,,
,,,,,487463,279.34286,286,,,,,,
,,,,,487643,315.53513,180,,,,,,
,,,,,487846,284.67908,203,,,,,,
,,,,,488000,,,3.640458583831787,77.5458984375,77.943359375,32.45828628540039,0.02,0.001
,,,,,488283,256.46375,437,,,,,,
,,,,,488792,272.80615,509,,,,,,
,,,,,488984,331.08008,192,,,,,,
,,,,,489000,,,4.432371139526367,83.69395446777344,83.3858871459961,47.60283279418945,0.02,0.001
,,,,,489168,236.86095,184,,,,,,
,,,,,489441,266.25195,273,,,,,,
,,,,,489651,230.84485,210,,,,,,
219.52214,63.26168,291.51764,112.01738,472.2,490000,,,4.874819755554199,85.03810119628906,84.9771957397461,44.87549591064453,0.02,0.001
,,,,,490029,255.5561,378,,,,,,
,,,,,490237,262.12006,208,,,,,,
,,,,,490434,253.26758,197,,,,,,
,,,,,490656,305.1896,222,,,,,,
,,,,,490893,279.63538,237,,,,,,
,,,,,491000,,,5.056424140930176,77.92161560058594,77.88442993164062,50.29444885253906,0.02,0.001
,,,,,491116,269.93707,223,,,,,,
,,,,,491299,259.0986,183,,,,,,
,,,,,491503,240.35635,204,,,,,,
,,,,,491815,270.42853,312,,,,,,
,,,,,491978,256.2329,163,,,,,,
,,,,,492000,,,4.281098365783691,87.74564361572266,87.81033325195312,32.70676040649414,0.02,0.001
,,,,,492102,-193.71841,124,,,,,,
,,,,,492290,256.2745,188,,,,,,
,,,,,492502,320.30548,212,,,,,,
,,,,,492681,260.28265,179,,,,,,
,,,,,492895,286.07257,214,,,,,,
,,,,,493000,,,5.435474395751953,78.84538269042969,78.49056243896484,42.225257873535156,0.02,0.001
,,,,,493067,278.35498,172,,,,,,
,,,,,493265,268.3194,198,,,,,,
,,,,,493467,290.2547,202,,,,,,
,,,,,493700,260.99878,233,,,,,,
,,,,,493895,298.68402,195,,,,,,
,,,,,494000,,,7.522865295410156,74.03921508789062,74.07329559326172,60.89653778076172,0.02,0.001
,,,,,494081,301.09335,186,,,,,,
,,,,,494307,204.02919,226,,,,,,
,,,,,494602,241.8117,295,,,,,,
,,,,,494879,300.2373,277,,,,,,
,,,,,495000,,,10.282758712768555,75.46493530273438,75.09251403808594,76.70578002929688,0.02,0.001
,,,,,495111,274.33664,232,,,,,,
,,,,,495400,281.0581,289,,,,,,
,,,,,495689,254.28423,289,,,,,,
,,,,,495883,267.87097,194,,,,,,
,,,,,496000,,,10.875007629394531,76.77981567382812,76.135986328125,77.6720962524414,0.02,0.001
,,,,,496254,279.5125,371,,,,,,
,,,,,496458,252.58893,204,,,,,,
,,,,,496667,273.87762,209,,,,,,
,,,,,496981,263.14322,314,,,,,,
,,,,,497000,,,4.677060127258301,93.33929443359375,93.22080993652344,34.873023986816406,0.02,0.001
,,,,,497658,296.03143,677,,,,,,
,,,,,497885,290.29834,227,,,,,,
,,,,,498000,,,22.10987091064453,81.62356567382812,80.87788391113281,84.45584869384766,0.02,0.001
,,,,,498312,285.42413,427,,,,,,
,,,,,498513,286.06256,201,,,,,,
,,,,,498751,303.38208,238,,,,,,
,,,,,498932,285.47223,181,,,,,,
,,,,,499000,,,8.88431167602539,74.11129760742188,74.5845718383789,63.941890716552734,0.02,0.001
,,,,,499207,280.11108,275,,,,,,
,,,,,499408,240.24413,201,,,,,,
,,,,,499667,299.0387,259,,,,,,
,,,,,499831,235.13615,164,,,,,,
