Eval_AverageReturn,Eval_StdReturn,Eval_MaxReturn,Eval_MinReturn,Eval_AverageEpLen,step,Train_EpisodeReturn,Train_EpisodeLen,critic_loss,q_values,target_values,actor_lr,critic_lr,temperature
6.2,3.3406587,14.0,3.0,6.2,0,,,,,,,,
,,,,,3,4.0,4,,,,,,
,,,,,9,6.0,6,,,,,,
,,,,,14,5.0,5,,,,,,
,,,,,17,3.0,3,,,,,,
,,,,,25,8.0,8,,,,,,
,,,,,29,4.0,4,,,,,,
,,,,,33,4.0,4,,,,,,
,,,,,36,3.0,3,,,,,,
,,,,,40,4.0,4,,,,,,
,,,,,44,4.0,4,,,,,,
,,,,,48,4.0,4,,,,,,
,,,,,53,5.0,5,,,,,,
,,,,,57,4.0,4,,,,,,
,,,,,61,4.0,4,,,,,,
,,,,,67,6.0,6,,,,,,
,,,,,78,11.0,11,,,,,,
,,,,,81,3.0,3,,,,,,
,,,,,89,8.0,8,,,,,,
,,,,,97,8.0,8,,,,,,
,,,,,102,5.0,5,,,,,,
,,,,,110,8.0,8,,,,,,
,,,,,118,8.0,8,,,,,,
,,,,,123,5.0,5,,,,,,
,,,,,127,4.0,4,,,,,,
,,,,,131,4.0,4,,,,,,
,,,,,135,4.0,4,,,,,,
,,,,,141,6.0,6,,,,,,
,,,,,144,3.0,3,,,,,,
,,,,,148,4.0,4,,,,,,
,,,,,155,7.0,7,,,,,,
,,,,,162,7.0,7,,,,,,
,,,,,168,6.0,6,,,,,,
,,,,,174,6.0,6,,,,,,
,,,,,193,19.0,19,,,,,,
,,,,,197,4.0,4,,,,,,
,,,,,200,3.0,3,,,,,,
,,,,,206,6.0,6,,,,,,
,,,,,215,9.0,9,,,,,,
,,,,,219,4.0,4,,,,,,
,,,,,222,3.0,3,,,,,,
,,,,,231,9.0,9,,,,,,
,,,,,236,5.0,5,,,,,,
,,,,,245,9.0,9,,,,,,
,,,,,254,9.0,9,,,,,,
,,,,,257,3.0,3,,,,,,
,,,,,261,4.0,4,,,,,,
,,,,,268,7.0,7,,,,,,
,,,,,273,5.0,5,,,,,,
,,,,,279,6.0,6,,,,,,
,,,,,282,3.0,3,,,,,,
,,,,,295,13.0,13,,,,,,
,,,,,305,10.0,10,,,,,,
,,,,,314,9.0,9,,,,,,
,,,,,317,3.0,3,,,,,,
,,,,,325,8.0,8,,,,,,
,,,,,331,6.0,6,,,,,,
,,,,,334,3.0,3,,,,,,
,,,,,339,5.0,5,,,,,,
,,,,,342,3.0,3,,,,,,
,,,,,345,3.0,3,,,,,,
,,,,,350,5.0,5,,,,,,
,,,,,355,5.0,5,,,,,,
,,,,,359,4.0,4,,,,,,
,,,,,369,10.0,10,,,,,,
,,,,,376,7.0,7,,,,,,
,,,,,380,4.0,4,,,,,,
,,,,,386,6.0,6,,,,,,
,,,,,390,4.0,4,,,,,,
,,,,,398,8.0,8,,,,,,
,,,,,410,12.0,12,,,,,,
,,,,,419,9.0,9,,,,,,
,,,,,422,3.0,3,,,,,,
,,,,,432,10.0,10,,,,,,
,,,,,438,6.0,6,,,,,,
,,,,,446,8.0,8,,,,,,
,,,,,459,13.0,13,,,,,,
,,,,,462,3.0,3,,,,,,
,,,,,476,14.0,14,,,,,,
,,,,,485,9.0,9,,,,,,
,,,,,491,6.0,6,,,,,,
,,,,,499,8.0,8,,,,,,
,,,,,513,14.0,14,,,,,,
,,,,,517,4.0,4,,,,,,
,,,,,524,7.0,7,,,,,,
,,,,,528,4.0,4,,,,,,
,,,,,536,8.0,8,,,,,,
,,,,,539,3.0,3,,,,,,
,,,,,545,6.0,6,,,,,,
,,,,,548,3.0,3,,,,,,
,,,,,552,4.0,4,,,,,,
,,,,,557,5.0,5,,,,,,
,,,,,560,3.0,3,,,,,,
,,,,,565,5.0,5,,,,,,
,,,,,577,12.0,12,,,,,,
,,,,,582,5.0,5,,,,,,
,,,,,588,6.0,6,,,,,,
,,,,,594,6.0,6,,,,,,
,,,,,597,3.0,3,,,,,,
,,,,,602,5.0,5,,,,,,
,,,,,608,6.0,6,,,,,,
,,,,,613,5.0,5,,,,,,
,,,,,619,6.0,6,,,,,,
,,,,,625,6.0,6,,,,,,
,,,,,629,4.0,4,,,,,,
,,,,,632,3.0,3,,,,,,
,,,,,637,5.0,5,,,,,,
,,,,,647,10.0,10,,,,,,
,,,,,654,7.0,7,,,,,,
,,,,,658,4.0,4,,,,,,
,,,,,668,10.0,10,,,,,,
,,,,,673,5.0,5,,,,,,
,,,,,677,4.0,4,,,,,,
,,,,,683,6.0,6,,,,,,
,,,,,688,5.0,5,,,,,,
,,,,,692,4.0,4,,,,,,
,,,,,697,5.0,5,,,,,,
,,,,,701,4.0,4,,,,,,
,,,,,708,7.0,7,,,,,,
,,,,,712,4.0,4,,,,,,
,,,,,716,4.0,4,,,,,,
,,,,,720,4.0,4,,,,,,
,,,,,724,4.0,4,,,,,,
,,,,,729,5.0,5,,,,,,
,,,,,732,3.0,3,,,,,,
,,,,,744,12.0,12,,,,,,
,,,,,748,4.0,4,,,,,,
,,,,,753,5.0,5,,,,,,
,,,,,760,7.0,7,,,,,,
,,,,,764,4.0,4,,,,,,
,,,,,768,4.0,4,,,,,,
,,,,,774,6.0,6,,,,,,
,,,,,779,5.0,5,,,,,,
,,,,,784,5.0,5,,,,,,
,,,,,789,5.0,5,,,,,,
,,,,,795,6.0,6,,,,,,
,,,,,807,12.0,12,,,,,,
,,,,,810,3.0,3,,,,,,
,,,,,817,7.0,7,,,,,,
,,,,,821,4.0,4,,,,,,
,,,,,830,9.0,9,,,,,,
,,,,,842,12.0,12,,,,,,
,,,,,845,3.0,3,,,,,,
,,,,,848,3.0,3,,,,,,
,,,,,856,8.0,8,,,,,,
,,,,,861,5.0,5,,,,,,
,,,,,865,4.0,4,,,,,,
,,,,,872,7.0,7,,,,,,
,,,,,875,3.0,3,,,,,,
,,,,,879,4.0,4,,,,,,
,,,,,883,4.0,4,,,,,,
,,,,,891,8.0,8,,,,,,
,,,,,895,4.0,4,,,,,,
,,,,,902,7.0,7,,,,,,
,,,,,913,11.0,11,,,,,,
,,,,,918,5.0,5,,,,,,
,,,,,922,4.0,4,,,,,,
,,,,,925,3.0,3,,,,,,
,,,,,932,7.0,7,,,,,,
,,,,,935,3.0,3,,,,,,
,,,,,941,6.0,6,,,,,,
,,,,,948,7.0,7,,,,,,
,,,,,957,9.0,9,,,,,,
,,,,,964,7.0,7,,,,,,
,,,,,968,4.0,4,,,,,,
,,,,,972,4.0,4,,,,,,
,,,,,975,3.0,3,,,,,,
,,,,,978,3.0,3,,,,,,
,,,,,983,5.0,5,,,,,,
,,,,,988,5.0,5,,,,,,
,,,,,994,6.0,6,,,,,,
,,,,,1001,7.0,7,,,,,,
,,,,,1008,7.0,7,,,,,,
,,,,,1012,4.0,4,,,,,,
,,,,,1021,9.0,9,,,,,,
,,,,,1031,10.0,10,,,,,,
,,,,,1036,5.0,5,,,,,,
,,,,,1039,3.0,3,,,,,,
,,,,,1046,7.0,7,,,,,,
,,,,,1051,5.0,5,,,,,,
,,,,,1055,4.0,4,,,,,,
,,,,,1058,3.0,3,,,,,,
,,,,,1066,8.0,8,,,,,,
,,,,,1072,6.0,6,,,,,,
,,,,,1082,10.0,10,,,,,,
,,,,,1090,8.0,8,,,,,,
,,,,,1094,4.0,4,,,,,,
,,,,,1100,6.0,6,,,,,,
,,,,,1103,3.0,3,,,,,,
,,,,,1119,16.0,16,,,,,,
,,,,,1124,5.0,5,,,,,,
,,,,,1128,4.0,4,,,,,,
,,,,,1133,5.0,5,,,,,,
,,,,,1138,5.0,5,,,,,,
,,,,,1147,9.0,9,,,,,,
,,,,,1155,8.0,8,,,,,,
,,,,,1165,10.0,10,,,,,,
,,,,,1171,6.0,6,,,,,,
,,,,,1175,4.0,4,,,,,,
,,,,,1193,18.0,18,,,,,,
,,,,,1196,3.0,3,,,,,,
,,,,,1200,4.0,4,,,,,,
,,,,,1212,12.0,12,,,,,,
,,,,,1215,3.0,3,,,,,,
,,,,,1220,5.0,5,,,,,,
,,,,,1224,4.0,4,,,,,,
,,,,,1229,5.0,5,,,,,,
,,,,,1237,8.0,8,,,,,,
,,,,,1240,3.0,3,,,,,,
,,,,,1243,3.0,3,,,,,,
,,,,,1255,12.0,12,,,,,,
,,,,,1260,5.0,5,,,,,,
,,,,,1264,4.0,4,,,,,,
,,,,,1270,6.0,6,,,,,,
,,,,,1278,8.0,8,,,,,,
,,,,,1287,9.0,9,,,,,,
,,,,,1297,10.0,10,,,,,,
,,,,,1316,19.0,19,,,,,,
,,,,,1326,10.0,10,,,,,,
,,,,,1333,7.0,7,,,,,,
,,,,,1340,7.0,7,,,,,,
,,,,,1346,6.0,6,,,,,,
,,,,,1354,8.0,8,,,,,,
,,,,,1357,3.0,3,,,,,,
,,,,,1372,15.0,15,,,,,,
,,,,,1377,5.0,5,,,,,,
,,,,,1387,10.0,10,,,,,,
,,,,,1393,6.0,6,,,,,,
,,,,,1412,19.0,19,,,,,,
,,,,,1416,4.0,4,,,,,,
,,,,,1422,6.0,6,,,,,,
,,,,,1427,5.0,5,,,,,,
,,,,,1432,5.0,5,,,,,,
,,,,,1442,10.0,10,,,,,,
,,,,,1451,9.0,9,,,,,,
,,,,,1454,3.0,3,,,,,,
,,,,,1470,16.0,16,,,,,,
,,,,,1480,10.0,10,,,,,,
,,,,,1484,4.0,4,,,,,,
,,,,,1492,8.0,8,,,,,,
,,,,,1504,12.0,12,,,,,,
,,,,,1510,6.0,6,,,,,,
,,,,,1513,3.0,3,,,,,,
,,,,,1518,5.0,5,,,,,,
,,,,,1531,13.0,13,,,,,,
,,,,,1536,5.0,5,,,,,,
,,,,,1539,3.0,3,,,,,,
,,,,,1543,4.0,4,,,,,,
,,,,,1547,4.0,4,,,,,,
,,,,,1553,6.0,6,,,,,,
,,,,,1556,3.0,3,,,,,,
,,,,,1561,5.0,5,,,,,,
,,,,,1567,6.0,6,,,,,,
,,,,,1571,4.0,4,,,,,,
,,,,,1575,4.0,4,,,,,,
,,,,,1582,7.0,7,,,,,,
,,,,,1588,6.0,6,,,,,,
,,,,,1594,6.0,6,,,,,,
,,,,,1602,8.0,8,,,,,,
,,,,,1609,7.0,7,,,,,,
,,,,,1614,5.0,5,,,,,,
,,,,,1619,5.0,5,,,,,,
,,,,,1624,5.0,5,,,,,,
,,,,,1628,4.0,4,,,,,,
,,,,,1636,8.0,8,,,,,,
,,,,,1659,23.0,23,,,,,,
,,,,,1665,6.0,6,,,,,,
,,,,,1679,14.0,14,,,,,,
,,,,,1687,8.0,8,,,,,,
,,,,,1691,4.0,4,,,,,,
,,,,,1694,3.0,3,,,,,,
,,,,,1697,3.0,3,,,,,,
,,,,,1701,4.0,4,,,,,,
,,,,,1706,5.0,5,,,,,,
,,,,,1716,10.0,10,,,,,,
,,,,,1723,7.0,7,,,,,,
,,,,,1728,5.0,5,,,,,,
,,,,,1737,9.0,9,,,,,,
,,,,,1743,6.0,6,,,,,,
,,,,,1749,6.0,6,,,,,,
,,,,,1767,18.0,18,,,,,,
,,,,,1772,5.0,5,,,,,,
,,,,,1778,6.0,6,,,,,,
,,,,,1782,4.0,4,,,,,,
,,,,,1785,3.0,3,,,,,,
,,,,,1794,9.0,9,,,,,,
,,,,,1797,3.0,3,,,,,,
,,,,,1800,3.0,3,,,,,,
,,,,,1810,10.0,10,,,,,,
,,,,,1816,6.0,6,,,,,,
,,,,,1823,7.0,7,,,,,,
,,,,,1827,4.0,4,,,,,,
,,,,,1830,3.0,3,,,,,,
,,,,,1840,10.0,10,,,,,,
,,,,,1847,7.0,7,,,,,,
,,,,,1854,7.0,7,,,,,,
,,,,,1858,4.0,4,,,,,,
,,,,,1862,4.0,4,,,,,,
,,,,,1869,7.0,7,,,,,,
,,,,,1873,4.0,4,,,,,,
,,,,,1878,5.0,5,,,,,,
,,,,,1892,14.0,14,,,,,,
,,,,,1899,7.0,7,,,,,,
,,,,,1904,5.0,5,,,,,,
,,,,,1911,7.0,7,,,,,,
,,,,,1920,9.0,9,,,,,,
,,,,,1929,9.0,9,,,,,,
,,,,,1934,5.0,5,,,,,,
,,,,,1955,21.0,21,,,,,,
,,,,,1970,15.0,15,,,,,,
,,,,,1973,3.0,3,,,,,,
,,,,,1992,19.0,19,,,,,,
,,,,,2015,23.0,23,,,,,,
,,,,,2020,5.0,5,,,,,,
,,,,,2025,5.0,5,,,,,,
,,,,,2036,11.0,11,,,,,,
,,,,,2046,10.0,10,,,,,,
,,,,,2049,3.0,3,,,,,,
,,,,,2052,3.0,3,,,,,,
,,,,,2057,5.0,5,,,,,,
,,,,,2061,4.0,4,,,,,,
,,,,,2067,6.0,6,,,,,,
,,,,,2072,5.0,5,,,,,,
,,,,,2075,3.0,3,,,,,,
,,,,,2079,4.0,4,,,,,,
,,,,,2087,8.0,8,,,,,,
,,,,,2094,7.0,7,,,,,,
,,,,,2099,5.0,5,,,,,,
,,,,,2106,7.0,7,,,,,,
,,,,,2112,6.0,6,,,,,,
,,,,,2119,7.0,7,,,,,,
,,,,,2124,5.0,5,,,,,,
,,,,,2133,9.0,9,,,,,,
,,,,,2136,3.0,3,,,,,,
,,,,,2139,3.0,3,,,,,,
,,,,,2147,8.0,8,,,,,,
,,,,,2151,4.0,4,,,,,,
,,,,,2155,4.0,4,,,,,,
,,,,,2160,5.0,5,,,,,,
,,,,,2176,16.0,16,,,,,,
,,,,,2184,8.0,8,,,,,,
,,,,,2193,9.0,9,,,,,,
,,,,,2196,3.0,3,,,,,,
,,,,,2200,4.0,4,,,,,,
,,,,,2205,5.0,5,,,,,,
,,,,,2210,5.0,5,,,,,,
,,,,,2215,5.0,5,,,,,,
,,,,,2223,8.0,8,,,,,,
,,,,,2229,6.0,6,,,,,,
,,,,,2233,4.0,4,,,,,,
,,,,,2238,5.0,5,,,,,,
,,,,,2243,5.0,5,,,,,,
,,,,,2254,11.0,11,,,,,,
,,,,,2260,6.0,6,,,,,,
,,,,,2263,3.0,3,,,,,,
,,,,,2268,5.0,5,,,,,,
,,,,,2271,3.0,3,,,,,,
,,,,,2276,5.0,5,,,,,,
,,,,,2282,6.0,6,,,,,,
,,,,,2286,4.0,4,,,,,,
,,,,,2292,6.0,6,,,,,,
,,,,,2300,8.0,8,,,,,,
,,,,,2312,12.0,12,,,,,,
,,,,,2316,4.0,4,,,,,,
,,,,,2330,14.0,14,,,,,,
,,,,,2340,10.0,10,,,,,,
,,,,,2345,5.0,5,,,,,,
,,,,,2351,6.0,6,,,,,,
,,,,,2357,6.0,6,,,,,,
,,,,,2360,3.0,3,,,,,,
,,,,,2363,3.0,3,,,,,,
,,,,,2367,4.0,4,,,,,,
,,,,,2372,5.0,5,,,,,,
,,,,,2382,10.0,10,,,,,,
,,,,,2385,3.0,3,,,,,,
,,,,,2394,9.0,9,,,,,,
,,,,,2398,4.0,4,,,,,,
,,,,,2405,7.0,7,,,,,,
,,,,,2408,3.0,3,,,,,,
,,,,,2416,8.0,8,,,,,,
,,,,,2422,6.0,6,,,,,,
,,,,,2427,5.0,5,,,,,,
,,,,,2435,8.0,8,,,,,,
,,,,,2439,4.0,4,,,,,,
,,,,,2444,5.0,5,,,,,,
,,,,,2455,11.0,11,,,,,,
,,,,,2464,9.0,9,,,,,,
,,,,,2473,9.0,9,,,,,,
,,,,,2480,7.0,7,,,,,,
,,,,,2489,9.0,9,,,,,,
,,,,,2503,14.0,14,,,,,,
,,,,,2507,4.0,4,,,,,,
,,,,,2512,5.0,5,,,,,,
,,,,,2530,18.0,18,,,,,,
,,,,,2534,4.0,4,,,,,,
,,,,,2538,4.0,4,,,,,,
,,,,,2543,5.0,5,,,,,,
,,,,,2554,11.0,11,,,,,,
,,,,,2558,4.0,4,,,,,,
,,,,,2571,13.0,13,,,,,,
,,,,,2577,6.0,6,,,,,,
,,,,,2583,6.0,6,,,,,,
,,,,,2587,4.0,4,,,,,,
,,,,,2599,12.0,12,,,,,,
,,,,,2612,13.0,13,,,,,,
,,,,,2616,4.0,4,,,,,,
,,,,,2619,3.0,3,,,,,,
,,,,,2622,3.0,3,,,,,,
,,,,,2625,3.0,3,,,,,,
,,,,,2629,4.0,4,,,,,,
,,,,,2632,3.0,3,,,,,,
,,,,,2638,6.0,6,,,,,,
,,,,,2642,4.0,4,,,,,,
,,,,,2645,3.0,3,,,,,,
,,,,,2655,10.0,10,,,,,,
,,,,,2659,4.0,4,,,,,,
,,,,,2662,3.0,3,,,,,,
,,,,,2666,4.0,4,,,,,,
,,,,,2679,13.0,13,,,,,,
,,,,,2688,9.0,9,,,,,,
,,,,,2693,5.0,5,,,,,,
,,,,,2697,4.0,4,,,,,,
,,,,,2705,8.0,8,,,,,,
,,,,,2713,8.0,8,,,,,,
,,,,,2718,5.0,5,,,,,,
,,,,,2725,7.0,7,,,,,,
,,,,,2742,17.0,17,,,,,,
,,,,,2760,18.0,18,,,,,,
,,,,,2767,7.0,7,,,,,,
,,,,,2771,4.0,4,,,,,,
,,,,,2782,11.0,11,,,,,,
,,,,,2795,13.0,13,,,,,,
,,,,,2798,3.0,3,,,,,,
,,,,,2809,11.0,11,,,,,,
,,,,,2815,6.0,6,,,,,,
,,,,,2827,12.0,12,,,,,,
,,,,,2830,3.0,3,,,,,,
,,,,,2835,5.0,5,,,,,,
,,,,,2842,7.0,7,,,,,,
,,,,,2848,6.0,6,,,,,,
,,,,,2854,6.0,6,,,,,,
,,,,,2859,5.0,5,,,,,,
,,,,,2862,3.0,3,,,,,,
,,,,,2867,5.0,5,,,,,,
,,,,,2873,6.0,6,,,,,,
,,,,,2887,14.0,14,,,,,,
,,,,,2891,4.0,4,,,,,,
,,,,,2898,7.0,7,,,,,,
,,,,,2902,4.0,4,,,,,,
,,,,,2906,4.0,4,,,,,,
,,,,,2913,7.0,7,,,,,,
,,,,,2924,11.0,11,,,,,,
,,,,,2933,9.0,9,,,,,,
,,,,,2937,4.0,4,,,,,,
,,,,,2941,4.0,4,,,,,,
,,,,,2958,17.0,17,,,,,,
,,,,,2964,6.0,6,,,,,,
,,,,,2971,7.0,7,,,,,,
,,,,,2974,3.0,3,,,,,,
,,,,,2980,6.0,6,,,,,,
,,,,,2993,13.0,13,,,,,,
,,,,,2997,4.0,4,,,,,,
,,,,,3002,5.0,5,,,,,,
,,,,,3006,4.0,4,,,,,,
,,,,,3016,10.0,10,,,,,,
,,,,,3024,8.0,8,,,,,,
,,,,,3028,4.0,4,,,,,,
,,,,,3032,4.0,4,,,,,,
,,,,,3041,9.0,9,,,,,,
,,,,,3044,3.0,3,,,,,,
,,,,,3050,6.0,6,,,,,,
,,,,,3055,5.0,5,,,,,,
,,,,,3064,9.0,9,,,,,,
,,,,,3075,11.0,11,,,,,,
,,,,,3087,12.0,12,,,,,,
,,,,,3108,21.0,21,,,,,,
,,,,,3120,12.0,12,,,,,,
,,,,,3124,4.0,4,,,,,,
,,,,,3127,3.0,3,,,,,,
,,,,,3130,3.0,3,,,,,,
,,,,,3136,6.0,6,,,,,,
,,,,,3139,3.0,3,,,,,,
,,,,,3146,7.0,7,,,,,,
,,,,,3154,8.0,8,,,,,,
,,,,,3157,3.0,3,,,,,,
,,,,,3162,5.0,5,,,,,,
,,,,,3167,5.0,5,,,,,,
,,,,,3171,4.0,4,,,,,,
,,,,,3176,5.0,5,,,,,,
,,,,,3179,3.0,3,,,,,,
,,,,,3186,7.0,7,,,,,,
,,,,,3196,10.0,10,,,,,,
,,,,,3200,4.0,4,,,,,,
,,,,,3205,5.0,5,,,,,,
,,,,,3227,22.0,22,,,,,,
,,,,,3235,8.0,8,,,,,,
,,,,,3238,3.0,3,,,,,,
,,,,,3245,7.0,7,,,,,,
,,,,,3250,5.0,5,,,,,,
,,,,,3254,4.0,4,,,,,,
,,,,,3258,4.0,4,,,,,,
,,,,,3262,4.0,4,,,,,,
,,,,,3268,6.0,6,,,,,,
,,,,,3283,15.0,15,,,,,,
,,,,,3288,5.0,5,,,,,,
,,,,,3296,8.0,8,,,,,,
,,,,,3305,9.0,9,,,,,,
,,,,,3308,3.0,3,,,,,,
,,,,,3313,5.0,5,,,,,,
,,,,,3318,5.0,5,,,,,,
,,,,,3328,10.0,10,,,,,,
,,,,,3333,5.0,5,,,,,,
,,,,,3345,12.0,12,,,,,,
,,,,,3348,3.0,3,,,,,,
,,,,,3352,4.0,4,,,,,,
,,,,,3365,13.0,13,,,,,,
,,,,,3386,21.0,21,,,,,,
,,,,,3390,4.0,4,,,,,,
,,,,,3394,4.0,4,,,,,,
,,,,,3405,11.0,11,,,,,,
,,,,,3410,5.0,5,,,,,,
,,,,,3413,3.0,3,,,,,,
,,,,,3423,10.0,10,,,,,,
,,,,,3439,16.0,16,,,,,,
,,,,,3442,3.0,3,,,,,,
,,,,,3449,7.0,7,,,,,,
,,,,,3457,8.0,8,,,,,,
,,,,,3463,6.0,6,,,,,,
,,,,,3467,4.0,4,,,,,,
,,,,,3473,6.0,6,,,,,,
,,,,,3479,6.0,6,,,,,,
,,,,,3484,5.0,5,,,,,,
,,,,,3489,5.0,5,,,,,,
,,,,,3495,6.0,6,,,,,,
,,,,,3513,18.0,18,,,,,,
,,,,,3518,5.0,5,,,,,,
,,,,,3526,8.0,8,,,,,,
,,,,,3529,3.0,3,,,,,,
,,,,,3535,6.0,6,,,,,,
,,,,,3538,3.0,3,,,,,,
,,,,,3543,5.0,5,,,,,,
,,,,,3552,9.0,9,,,,,,
,,,,,3560,8.0,8,,,,,,
,,,,,3564,4.0,4,,,,,,
,,,,,3573,9.0,9,,,,,,
,,,,,3595,22.0,22,,,,,,
,,,,,3602,7.0,7,,,,,,
,,,,,3606,4.0,4,,,,,,
,,,,,3617,11.0,11,,,,,,
,,,,,3627,10.0,10,,,,,,
,,,,,3630,3.0,3,,,,,,
,,,,,3641,11.0,11,,,,,,
,,,,,3645,4.0,4,,,,,,
,,,,,3650,5.0,5,,,,,,
,,,,,3653,3.0,3,,,,,,
,,,,,3660,7.0,7,,,,,,
,,,,,3667,7.0,7,,,,,,
,,,,,3675,8.0,8,,,,,,
,,,,,3689,14.0,14,,,,,,
,,,,,3694,5.0,5,,,,,,
,,,,,3698,4.0,4,,,,,,
,,,,,3701,3.0,3,,,,,,
,,,,,3707,6.0,6,,,,,,
,,,,,3711,4.0,4,,,,,,
,,,,,3715,4.0,4,,,,,,
,,,,,3721,6.0,6,,,,,,
,,,,,3724,3.0,3,,,,,,
,,,,,3727,3.0,3,,,,,,
,,,,,3741,14.0,14,,,,,,
,,,,,3746,5.0,5,,,,,,
,,,,,3753,7.0,7,,,,,,
,,,,,3765,12.0,12,,,,,,
,,,,,3772,7.0,7,,,,,,
,,,,,3781,9.0,9,,,,,,
,,,,,3787,6.0,6,,,,,,
,,,,,3793,6.0,6,,,,,,
,,,,,3796,3.0,3,,,,,,
,,,,,3801,5.0,5,,,,,,
,,,,,3812,11.0,11,,,,,,
,,,,,3818,6.0,6,,,,,,
,,,,,3827,9.0,9,,,,,,
,,,,,3833,6.0,6,,,,,,
,,,,,3839,6.0,6,,,,,,
,,,,,3859,20.0,20,,,,,,
,,,,,3864,5.0,5,,,,,,
,,,,,3874,10.0,10,,,,,,
,,,,,3890,16.0,16,,,,,,
,,,,,3897,7.0,7,,,,,,
,,,,,3900,3.0,3,,,,,,
,,,,,3904,4.0,4,,,,,,
,,,,,3907,3.0,3,,,,,,
,,,,,3913,6.0,6,,,,,,
,,,,,3923,10.0,10,,,,,,
,,,,,3928,5.0,5,,,,,,
,,,,,3935,7.0,7,,,,,,
,,,,,3940,5.0,5,,,,,,
,,,,,3945,5.0,5,,,,,,
,,,,,3957,12.0,12,,,,,,
,,,,,3961,4.0,4,,,,,,
,,,,,3975,14.0,14,,,,,,
,,,,,3979,4.0,4,,,,,,
,,,,,3983,4.0,4,,,,,,
,,,,,3992,9.0,9,,,,,,
,,,,,4000,8.0,8,,,,,,
,,,,,4004,4.0,4,,,,,,
,,,,,4007,3.0,3,,,,,,
,,,,,4015,8.0,8,,,,,,
,,,,,4021,6.0,6,,,,,,
,,,,,4032,11.0,11,,,,,,
,,,,,4036,4.0,4,,,,,,
,,,,,4052,16.0,16,,,,,,
,,,,,4055,3.0,3,,,,,,
,,,,,4061,6.0,6,,,,,,
,,,,,4073,12.0,12,,,,,,
,,,,,4079,6.0,6,,,,,,
,,,,,4085,6.0,6,,,,,,
,,,,,4096,11.0,11,,,,,,
,,,,,4101,5.0,5,,,,,,
,,,,,4107,6.0,6,,,,,,
,,,,,4114,7.0,7,,,,,,
,,,,,4117,3.0,3,,,,,,
,,,,,4126,9.0,9,,,,,,
,,,,,4143,17.0,17,,,,,,
,,,,,4146,3.0,3,,,,,,
,,,,,4150,4.0,4,,,,,,
,,,,,4165,15.0,15,,,,,,
,,,,,4168,3.0,3,,,,,,
,,,,,4172,4.0,4,,,,,,
,,,,,4176,4.0,4,,,,,,
,,,,,4187,11.0,11,,,,,,
,,,,,4192,5.0,5,,,,,,
,,,,,4198,6.0,6,,,,,,
,,,,,4202,4.0,4,,,,,,
,,,,,4207,5.0,5,,,,,,
,,,,,4216,9.0,9,,,,,,
,,,,,4221,5.0,5,,,,,,
,,,,,4229,8.0,8,,,,,,
,,,,,4239,10.0,10,,,,,,
,,,,,4242,3.0,3,,,,,,
,,,,,4247,5.0,5,,,,,,
,,,,,4253,6.0,6,,,,,,
,,,,,4256,3.0,3,,,,,,
,,,,,4260,4.0,4,,,,,,
,,,,,4265,5.0,5,,,,,,
,,,,,4270,5.0,5,,,,,,
,,,,,4275,5.0,5,,,,,,
,,,,,4279,4.0,4,,,,,,
,,,,,4289,10.0,10,,,,,,
,,,,,4294,5.0,5,,,,,,
,,,,,4297,3.0,3,,,,,,
,,,,,4301,4.0,4,,,,,,
,,,,,4305,4.0,4,,,,,,
,,,,,4309,4.0,4,,,,,,
,,,,,4326,17.0,17,,,,,,
,,,,,4331,5.0,5,,,,,,
,,,,,4339,8.0,8,,,,,,
,,,,,4347,8.0,8,,,,,,
,,,,,4352,5.0,5,,,,,,
,,,,,4356,4.0,4,,,,,,
,,,,,4363,7.0,7,,,,,,
,,,,,4377,14.0,14,,,,,,
,,,,,4393,16.0,16,,,,,,
,,,,,4398,5.0,5,,,,,,
,,,,,4401,3.0,3,,,,,,
,,,,,4405,4.0,4,,,,,,
,,,,,4410,5.0,5,,,,,,
,,,,,4415,5.0,5,,,,,,
,,,,,4418,3.0,3,,,,,,
,,,,,4424,6.0,6,,,,,,
,,,,,4433,9.0,9,,,,,,
,,,,,4440,7.0,7,,,,,,
,,,,,4446,6.0,6,,,,,,
,,,,,4456,10.0,10,,,,,,
,,,,,4463,7.0,7,,,,,,
,,,,,4491,28.0,28,,,,,,
,,,,,4494,3.0,3,,,,,,
,,,,,4499,5.0,5,,,,,,
,,,,,4507,8.0,8,,,,,,
,,,,,4510,3.0,3,,,,,,
,,,,,4514,4.0,4,,,,,,
,,,,,4525,11.0,11,,,,,,
,,,,,4528,3.0,3,,,,,,
,,,,,4536,8.0,8,,,,,,
,,,,,4539,3.0,3,,,,,,
,,,,,4544,5.0,5,,,,,,
,,,,,4550,6.0,6,,,,,,
,,,,,4554,4.0,4,,,,,,
,,,,,4558,4.0,4,,,,,,
,,,,,4563,5.0,5,,,,,,
,,,,,4568,5.0,5,,,,,,
,,,,,4585,17.0,17,,,,,,
,,,,,4591,6.0,6,,,,,,
,,,,,4597,6.0,6,,,,,,
,,,,,4614,17.0,17,,,,,,
,,,,,4623,9.0,9,,,,,,
,,,,,4626,3.0,3,,,,,,
,,,,,4630,4.0,4,,,,,,
,,,,,4633,3.0,3,,,,,,
,,,,,4637,4.0,4,,,,,,
,,,,,4645,8.0,8,,,,,,
,,,,,4649,4.0,4,,,,,,
,,,,,4680,31.0,31,,,,,,
,,,,,4685,5.0,5,,,,,,
,,,,,4702,17.0,17,,,,,,
,,,,,4719,17.0,17,,,,,,
,,,,,4731,12.0,12,,,,,,
,,,,,4736,5.0,5,,,,,,
,,,,,4749,13.0,13,,,,,,
,,,,,4756,7.0,7,,,,,,
,,,,,4768,12.0,12,,,,,,
,,,,,4777,9.0,9,,,,,,
,,,,,4791,14.0,14,,,,,,
,,,,,4800,9.0,9,,,,,,
,,,,,4807,7.0,7,,,,,,
,,,,,4815,8.0,8,,,,,,
,,,,,4821,6.0,6,,,,,,
,,,,,4825,4.0,4,,,,,,
,,,,,4830,5.0,5,,,,,,
,,,,,4848,18.0,18,,,,,,
,,,,,4851,3.0,3,,,,,,
,,,,,4859,8.0,8,,,,,,
,,,,,4863,4.0,4,,,,,,
,,,,,4871,8.0,8,,,,,,
,,,,,4888,17.0,17,,,,,,
,,,,,4894,6.0,6,,,,,,
,,,,,4900,6.0,6,,,,,,
,,,,,4909,9.0,9,,,,,,
,,,,,4923,14.0,14,,,,,,
,,,,,4929,6.0,6,,,,,,
,,,,,4947,18.0,18,,,,,,
,,,,,4950,3.0,3,,,,,,
,,,,,4957,7.0,7,,,,,,
,,,,,4961,4.0,4,,,,,,
,,,,,4973,12.0,12,,,,,,
,,,,,4989,16.0,16,,,,,,
,,,,,4996,7.0,7,,,,,,
7.1,5.1662364,20.0,4.0,7.1,5000,,,0.9844854474067688,0.055041536688804626,1.0463663339614868,0.0003,0.0003,0.1
,,,,,5001,5.0,5,,,,,,
,,,,,5011,10.0,10,,,,,,
,,,,,5015,4.0,4,,,,,,
,,,,,5023,8.0,8,,,,,,
,,,,,5027,4.0,4,,,,,,
,,,,,5033,6.0,6,,,,,,
,,,,,5036,3.0,3,,,,,,
,,,,,5046,10.0,10,,,,,,
,,,,,5051,5.0,5,,,,,,
,,,,,5056,5.0,5,,,,,,
,,,,,5059,3.0,3,,,,,,
,,,,,5062,3.0,3,,,,,,
,,,,,5066,4.0,4,,,,,,
,,,,,5080,14.0,14,,,,,,
,,,,,5094,14.0,14,,,,,,
,,,,,5113,19.0,19,,,,,,
,,,,,5119,6.0,6,,,,,,
,,,,,5122,3.0,3,,,,,,
,,,,,5130,8.0,8,,,,,,
,,,,,5143,13.0,13,,,,,,
,,,,,5149,6.0,6,,,,,,
,,,,,5152,3.0,3,,,,,,
,,,,,5156,4.0,4,,,,,,
,,,,,5160,4.0,4,,,,,,
,,,,,5166,6.0,6,,,,,,
,,,,,5170,4.0,4,,,,,,
,,,,,5177,7.0,7,,,,,,
,,,,,5184,7.0,7,,,,,,
,,,,,5188,4.0,4,,,,,,
,,,,,5194,6.0,6,,,,,,
,,,,,5203,9.0,9,,,,,,
,,,,,5210,7.0,7,,,,,,
,,,,,5215,5.0,5,,,,,,
,,,,,5220,5.0,5,,,,,,
,,,,,5231,11.0,11,,,,,,
,,,,,5238,7.0,7,,,,,,
,,,,,5247,9.0,9,,,,,,
,,,,,5254,7.0,7,,,,,,
,,,,,5266,12.0,12,,,,,,
,,,,,5275,9.0,9,,,,,,
,,,,,5280,5.0,5,,,,,,
,,,,,5291,11.0,11,,,,,,
,,,,,5298,7.0,7,,,,,,
,,,,,5301,3.0,3,,,,,,
,,,,,5305,4.0,4,,,,,,
,,,,,5308,3.0,3,,,,,,
,,,,,5312,4.0,4,,,,,,
,,,,,5325,13.0,13,,,,,,
,,,,,5330,5.0,5,,,,,,
,,,,,5338,8.0,8,,,,,,
,,,,,5342,4.0,4,,,,,,
,,,,,5345,3.0,3,,,,,,
,,,,,5354,9.0,9,,,,,,
,,,,,5357,3.0,3,,,,,,
,,,,,5366,9.0,9,,,,,,
,,,,,5373,7.0,7,,,,,,
,,,,,5379,6.0,6,,,,,,
,,,,,5396,17.0,17,,,,,,
,,,,,5405,9.0,9,,,,,,
,,,,,5410,5.0,5,,,,,,
,,,,,5414,4.0,4,,,,,,
,,,,,5425,11.0,11,,,,,,
,,,,,5432,7.0,7,,,,,,
,,,,,5436,4.0,4,,,,,,
,,,,,5440,4.0,4,,,,,,
,,,,,5444,4.0,4,,,,,,
,,,,,5447,3.0,3,,,,,,
,,,,,5452,5.0,5,,,,,,
,,,,,5455,3.0,3,,,,,,
,,,,,5462,7.0,7,,,,,,
,,,,,5466,4.0,4,,,,,,
,,,,,5475,9.0,9,,,,,,
,,,,,5480,5.0,5,,,,,,
,,,,,5485,5.0,5,,,,,,
,,,,,5488,3.0,3,,,,,,
,,,,,5508,20.0,20,,,,,,
,,,,,5540,32.0,32,,,,,,
,,,,,5543,3.0,3,,,,,,
,,,,,5549,6.0,6,,,,,,
,,,,,5555,6.0,6,,,,,,
,,,,,5560,5.0,5,,,,,,
,,,,,5571,11.0,11,,,,,,
,,,,,5577,6.0,6,,,,,,
,,,,,5586,9.0,9,,,,,,
,,,,,5592,6.0,6,,,,,,
,,,,,5598,6.0,6,,,,,,
,,,,,5606,8.0,8,,,,,,
,,,,,5610,4.0,4,,,,,,
,,,,,5614,4.0,4,,,,,,
,,,,,5619,5.0,5,,,,,,
,,,,,5624,5.0,5,,,,,,
,,,,,5628,4.0,4,,,,,,
,,,,,5640,12.0,12,,,,,,
,,,,,5644,4.0,4,,,,,,
,,,,,5647,3.0,3,,,,,,
,,,,,5654,7.0,7,,,,,,
,,,,,5667,13.0,13,,,,,,
,,,,,5673,6.0,6,,,,,,
,,,,,5678,5.0,5,,,,,,
,,,,,5684,6.0,6,,,,,,
,,,,,5696,12.0,12,,,,,,
,,,,,5701,5.0,5,,,,,,
,,,,,5705,4.0,4,,,,,,
,,,,,5711,6.0,6,,,,,,
,,,,,5715,4.0,4,,,,,,
,,,,,5723,8.0,8,,,,,,
,,,,,5734,11.0,11,,,,,,
,,,,,5753,19.0,19,,,,,,
,,,,,5758,5.0,5,,,,,,
,,,,,5773,15.0,15,,,,,,
,,,,,5777,4.0,4,,,,,,
,,,,,5784,7.0,7,,,,,,
,,,,,5797,13.0,13,,,,,,
,,,,,5802,5.0,5,,,,,,
,,,,,5811,9.0,9,,,,,,
,,,,,5816,5.0,5,,,,,,
,,,,,5821,5.0,5,,,,,,
,,,,,5826,5.0,5,,,,,,
,,,,,5834,8.0,8,,,,,,
,,,,,5838,4.0,4,,,,,,
,,,,,5842,4.0,4,,,,,,
,,,,,5848,6.0,6,,,,,,
,,,,,5854,6.0,6,,,,,,
,,,,,5861,7.0,7,,,,,,
,,,,,5866,5.0,5,,,,,,
,,,,,5870,4.0,4,,,,,,
,,,,,5881,11.0,11,,,,,,
,,,,,5887,6.0,6,,,,,,
,,,,,5893,6.0,6,,,,,,
,,,,,5896,3.0,3,,,,,,
,,,,,5901,5.0,5,,,,,,
,,,,,5906,5.0,5,,,,,,
,,,,,5921,15.0,15,,,,,,
,,,,,5926,5.0,5,,,,,,
,,,,,5940,14.0,14,,,,,,
,,,,,5948,8.0,8,,,,,,
,,,,,5953,5.0,5,,,,,,
,,,,,5958,5.0,5,,,,,,
,,,,,5963,5.0,5,,,,,,
,,,,,5967,4.0,4,,,,,,
,,,,,5972,5.0,5,,,,,,
,,,,,5981,9.0,9,,,,,,
,,,,,5986,5.0,5,,,,,,
,,,,,5990,4.0,4,,,,,,
,,,,,5999,9.0,9,,,,,,
,,,,,6000,,,0.7726558446884155,3.5455026626586914,3.504436492919922,0.0003,0.0003,0.1
,,,,,6006,7.0,7,,,,,,
,,,,,6011,5.0,5,,,,,,
,,,,,6015,4.0,4,,,,,,
,,,,,6024,9.0,9,,,,,,
,,,,,6029,5.0,5,,,,,,
,,,,,6036,7.0,7,,,,,,
,,,,,6042,6.0,6,,,,,,
,,,,,6049,7.0,7,,,,,,
,,,,,6054,5.0,5,,,,,,
,,,,,6063,9.0,9,,,,,,
,,,,,6067,4.0,4,,,,,,
,,,,,6071,4.0,4,,,,,,
,,,,,6074,3.0,3,,,,,,
,,,,,6078,4.0,4,,,,,,
,,,,,6084,6.0,6,,,,,,
,,,,,6098,14.0,14,,,,,,
,,,,,6101,3.0,3,,,,,,
,,,,,6106,5.0,5,,,,,,
,,,,,6115,9.0,9,,,,,,
,,,,,6124,9.0,9,,,,,,
,,,,,6130,6.0,6,,,,,,
,,,,,6137,7.0,7,,,,,,
,,,,,6140,3.0,3,,,,,,
,,,,,6154,14.0,14,,,,,,
,,,,,6157,3.0,3,,,,,,
,,,,,6160,3.0,3,,,,,,
,,,,,6163,3.0,3,,,,,,
,,,,,6168,5.0,5,,,,,,
,,,,,6180,12.0,12,,,,,,
,,,,,6188,8.0,8,,,,,,
,,,,,6192,4.0,4,,,,,,
,,,,,6195,3.0,3,,,,,,
,,,,,6201,6.0,6,,,,,,
,,,,,6204,3.0,3,,,,,,
,,,,,6207,3.0,3,,,,,,
,,,,,6214,7.0,7,,,,,,
,,,,,6220,6.0,6,,,,,,
,,,,,6230,10.0,10,,,,,,
,,,,,6235,5.0,5,,,,,,
,,,,,6247,12.0,12,,,,,,
,,,,,6253,6.0,6,,,,,,
,,,,,6258,5.0,5,,,,,,
,,,,,6261,3.0,3,,,,,,
,,,,,6271,10.0,10,,,,,,
,,,,,6277,6.0,6,,,,,,
,,,,,6292,15.0,15,,,,,,
,,,,,6299,7.0,7,,,,,,
,,,,,6311,12.0,12,,,,,,
,,,,,6319,8.0,8,,,,,,
,,,,,6324,5.0,5,,,,,,
,,,,,6328,4.0,4,,,,,,
,,,,,6332,4.0,4,,,,,,
,,,,,6336,4.0,4,,,,,,
,,,,,6342,6.0,6,,,,,,
,,,,,6352,10.0,10,,,,,,
,,,,,6363,11.0,11,,,,,,
,,,,,6374,11.0,11,,,,,,
,,,,,6379,5.0,5,,,,,,
,,,,,6382,3.0,3,,,,,,
,,,,,6385,3.0,3,,,,,,
,,,,,6397,12.0,12,,,,,,
,,,,,6400,3.0,3,,,,,,
,,,,,6408,8.0,8,,,,,,
,,,,,6415,7.0,7,,,,,,
,,,,,6422,7.0,7,,,,,,
,,,,,6428,6.0,6,,,,,,
,,,,,6433,5.0,5,,,,,,
,,,,,6436,3.0,3,,,,,,
,,,,,6445,9.0,9,,,,,,
,,,,,6448,3.0,3,,,,,,
,,,,,6451,3.0,3,,,,,,
,,,,,6456,5.0,5,,,,,,
,,,,,6467,11.0,11,,,,,,
,,,,,6473,6.0,6,,,,,,
,,,,,6477,4.0,4,,,,,,
,,,,,6480,3.0,3,,,,,,
,,,,,6486,6.0,6,,,,,,
,,,,,6491,5.0,5,,,,,,
,,,,,6496,5.0,5,,,,,,
,,,,,6505,9.0,9,,,,,,
,,,,,6511,6.0,6,,,,,,
,,,,,6523,12.0,12,,,,,,
,,,,,6531,8.0,8,,,,,,
,,,,,6537,6.0,6,,,,,,
,,,,,6542,5.0,5,,,,,,
,,,,,6547,5.0,5,,,,,,
,,,,,6552,5.0,5,,,,,,
,,,,,6557,5.0,5,,,,,,
,,,,,6562,5.0,5,,,,,,
,,,,,6567,5.0,5,,,,,,
,,,,,6572,5.0,5,,,,,,
,,,,,6584,12.0,12,,,,,,
,,,,,6587,3.0,3,,,,,,
,,,,,6592,5.0,5,,,,,,
,,,,,6598,6.0,6,,,,,,
,,,,,6609,11.0,11,,,,,,
,,,,,6619,10.0,10,,,,,,
,,,,,6632,13.0,13,,,,,,
,,,,,6639,7.0,7,,,,,,
,,,,,6644,5.0,5,,,,,,
,,,,,6648,4.0,4,,,,,,
,,,,,6657,9.0,9,,,,,,
,,,,,6664,7.0,7,,,,,,
,,,,,6669,5.0,5,,,,,,
,,,,,6674,5.0,5,,,,,,
,,,,,6687,13.0,13,,,,,,
,,,,,6691,4.0,4,,,,,,
,,,,,6700,9.0,9,,,,,,
,,,,,6703,3.0,3,,,,,,
,,,,,6710,7.0,7,,,,,,
,,,,,6714,4.0,4,,,,,,
,,,,,6721,7.0,7,,,,,,
,,,,,6728,7.0,7,,,,,,
,,,,,6732,4.0,4,,,,,,
,,,,,6735,3.0,3,,,,,,
,,,,,6744,9.0,9,,,,,,
,,,,,6751,7.0,7,,,,,,
,,,,,6755,4.0,4,,,,,,
,,,,,6760,5.0,5,,,,,,
,,,,,6765,5.0,5,,,,,,
,,,,,6769,4.0,4,,,,,,
,,,,,6773,4.0,4,,,,,,
,,,,,6789,16.0,16,,,,,,
,,,,,6815,26.0,26,,,,,,
,,,,,6833,18.0,18,,,,,,
,,,,,6837,4.0,4,,,,,,
,,,,,6841,4.0,4,,,,,,
,,,,,6852,11.0,11,,,,,,
,,,,,6857,5.0,5,,,,,,
,,,,,6865,8.0,8,,,,,,
,,,,,6869,4.0,4,,,,,,
,,,,,6876,7.0,7,,,,,,
,,,,,6881,5.0,5,,,,,,
,,,,,6886,5.0,5,,,,,,
,,,,,6902,16.0,16,,,,,,
,,,,,6906,4.0,4,,,,,,
,,,,,6915,9.0,9,,,,,,
,,,,,6925,10.0,10,,,,,,
,,,,,6930,5.0,5,,,,,,
,,,,,6935,5.0,5,,,,,,
,,,,,6941,6.0,6,,,,,,
,,,,,6944,3.0,3,,,,,,
,,,,,6963,19.0,19,,,,,,
,,,,,6967,4.0,4,,,,,,
,,,,,6974,7.0,7,,,,,,
,,,,,6985,11.0,11,,,,,,
,,,,,6996,11.0,11,,,,,,
,,,,,7000,,,1.6886768341064453,4.433562278747559,4.510115623474121,0.0003,0.0003,0.1
,,,,,7003,7.0,7,,,,,,
,,,,,7021,18.0,18,,,,,,
,,,,,7034,13.0,13,,,,,,
,,,,,7040,6.0,6,,,,,,
,,,,,7043,3.0,3,,,,,,
,,,,,7051,8.0,8,,,,,,
,,,,,7056,5.0,5,,,,,,
,,,,,7060,4.0,4,,,,,,
,,,,,7069,9.0,9,,,,,,
,,,,,7074,5.0,5,,,,,,
,,,,,7087,13.0,13,,,,,,
,,,,,7093,6.0,6,,,,,,
,,,,,7099,6.0,6,,,,,,
,,,,,7105,6.0,6,,,,,,
,,,,,7115,10.0,10,,,,,,
,,,,,7120,5.0,5,,,,,,
,,,,,7123,3.0,3,,,,,,
,,,,,7126,3.0,3,,,,,,
,,,,,7136,10.0,10,,,,,,
,,,,,7139,3.0,3,,,,,,
,,,,,7153,14.0,14,,,,,,
,,,,,7159,6.0,6,,,,,,
,,,,,7167,8.0,8,,,,,,
,,,,,7174,7.0,7,,,,,,
,,,,,7177,3.0,3,,,,,,
,,,,,7180,3.0,3,,,,,,
,,,,,7184,4.0,4,,,,,,
,,,,,7192,8.0,8,,,,,,
,,,,,7207,15.0,15,,,,,,
,,,,,7213,6.0,6,,,,,,
,,,,,7234,21.0,21,,,,,,
,,,,,7237,3.0,3,,,,,,
,,,,,7246,9.0,9,,,,,,
,,,,,7250,4.0,4,,,,,,
,,,,,7254,4.0,4,,,,,,
,,,,,7264,10.0,10,,,,,,
,,,,,7272,8.0,8,,,,,,
,,,,,7276,4.0,4,,,,,,
,,,,,7287,11.0,11,,,,,,
,,,,,7296,9.0,9,,,,,,
,,,,,7308,12.0,12,,,,,,
,,,,,7311,3.0,3,,,,,,
,,,,,7314,3.0,3,,,,,,
,,,,,7325,11.0,11,,,,,,
,,,,,7329,4.0,4,,,,,,
,,,,,7335,6.0,6,,,,,,
,,,,,7340,5.0,5,,,,,,
,,,,,7346,6.0,6,,,,,,
,,,,,7349,3.0,3,,,,,,
,,,,,7358,9.0,9,,,,,,
,,,,,7362,4.0,4,,,,,,
,,,,,7365,3.0,3,,,,,,
,,,,,7370,5.0,5,,,,,,
,,,,,7373,3.0,3,,,,,,
,,,,,7377,4.0,4,,,,,,
,,,,,7384,7.0,7,,,,,,
,,,,,7402,18.0,18,,,,,,
,,,,,7408,6.0,6,,,,,,
,,,,,7415,7.0,7,,,,,,
,,,,,7423,8.0,8,,,,,,
,,,,,7427,4.0,4,,,,,,
,,,,,7441,14.0,14,,,,,,
,,,,,7454,13.0,13,,,,,,
,,,,,7465,11.0,11,,,,,,
,,,,,7468,3.0,3,,,,,,
,,,,,7481,13.0,13,,,,,,
,,,,,7492,11.0,11,,,,,,
,,,,,7499,7.0,7,,,,,,
,,,,,7517,18.0,18,,,,,,
,,,,,7524,7.0,7,,,,,,
,,,,,7530,6.0,6,,,,,,
,,,,,7547,17.0,17,,,,,,
,,,,,7551,4.0,4,,,,,,
,,,,,7555,4.0,4,,,,,,
,,,,,7558,3.0,3,,,,,,
,,,,,7567,9.0,9,,,,,,
,,,,,7572,5.0,5,,,,,,
,,,,,7576,4.0,4,,,,,,
,,,,,7580,4.0,4,,,,,,
,,,,,7585,5.0,5,,,,,,
,,,,,7589,4.0,4,,,,,,
,,,,,7597,8.0,8,,,,,,
,,,,,7604,7.0,7,,,,,,
,,,,,7613,9.0,9,,,,,,
,,,,,7618,5.0,5,,,,,,
,,,,,7621,3.0,3,,,,,,
,,,,,7625,4.0,4,,,,,,
,,,,,7631,6.0,6,,,,,,
,,,,,7636,5.0,5,,,,,,
,,,,,7640,4.0,4,,,,,,
,,,,,7653,13.0,13,,,,,,
,,,,,7662,9.0,9,,,,,,
,,,,,7668,6.0,6,,,,,,
,,,,,7686,18.0,18,,,,,,
,,,,,7699,13.0,13,,,,,,
,,,,,7710,11.0,11,,,,,,
,,,,,7722,12.0,12,,,,,,
,,,,,7732,10.0,10,,,,,,
,,,,,7735,3.0,3,,,,,,
,,,,,7739,4.0,4,,,,,,
,,,,,7784,45.0,45,,,,,,
,,,,,7795,11.0,11,,,,,,
,,,,,7802,7.0,7,,,,,,
,,,,,7807,5.0,5,,,,,,
,,,,,7810,3.0,3,,,,,,
,,,,,7817,7.0,7,,,,,,
,,,,,7832,15.0,15,,,,,,
,,,,,7836,4.0,4,,,,,,
,,,,,7842,6.0,6,,,,,,
,,,,,7848,6.0,6,,,,,,
,,,,,7851,3.0,3,,,,,,
,,,,,7857,6.0,6,,,,,,
,,,,,7862,5.0,5,,,,,,
,,,,,7872,10.0,10,,,,,,
,,,,,7877,5.0,5,,,,,,
,,,,,7881,4.0,4,,,,,,
,,,,,7896,15.0,15,,,,,,
,,,,,7905,9.0,9,,,,,,
,,,,,7910,5.0,5,,,,,,
,,,,,7914,4.0,4,,,,,,
,,,,,7918,4.0,4,,,,,,
,,,,,7928,10.0,10,,,,,,
,,,,,7934,6.0,6,,,,,,
,,,,,7937,3.0,3,,,,,,
,,,,,7940,3.0,3,,,,,,
,,,,,7946,6.0,6,,,,,,
,,,,,7950,4.0,4,,,,,,
,,,,,7961,11.0,11,,,,,,
,,,,,7973,12.0,12,,,,,,
,,,,,7978,5.0,5,,,,,,
,,,,,7984,6.0,6,,,,,,
,,,,,7988,4.0,4,,,,,,
,,,,,8000,,,1.9557267427444458,5.211116790771484,5.32485294342041,0.0003,0.0003,0.1
,,,,,8004,16.0,16,,,,,,
,,,,,8009,5.0,5,,,,,,
,,,,,8019,10.0,10,,,,,,
,,,,,8027,8.0,8,,,,,,
,,,,,8030,3.0,3,,,,,,
,,,,,8039,9.0,9,,,,,,
,,,,,8050,11.0,11,,,,,,
,,,,,8053,3.0,3,,,,,,
,,,,,8062,9.0,9,,,,,,
,,,,,8068,6.0,6,,,,,,
,,,,,8083,15.0,15,,,,,,
,,,,,8086,3.0,3,,,,,,
,,,,,8090,4.0,4,,,,,,
,,,,,8093,3.0,3,,,,,,
,,,,,8107,14.0,14,,,,,,
,,,,,8114,7.0,7,,,,,,
,,,,,8127,13.0,13,,,,,,
,,,,,8130,3.0,3,,,,,,
,,,,,8143,13.0,13,,,,,,
,,,,,8147,4.0,4,,,,,,
,,,,,8152,5.0,5,,,,,,
,,,,,8164,12.0,12,,,,,,
,,,,,8171,7.0,7,,,,,,
,,,,,8175,4.0,4,,,,,,
,,,,,8181,6.0,6,,,,,,
,,,,,8186,5.0,5,,,,,,
,,,,,8190,4.0,4,,,,,,
,,,,,8193,3.0,3,,,,,,
,,,,,8197,4.0,4,,,,,,
,,,,,8201,4.0,4,,,,,,
,,,,,8206,5.0,5,,,,,,
,,,,,8209,3.0,3,,,,,,
,,,,,8224,15.0,15,,,,,,
,,,,,8233,9.0,9,,,,,,
,,,,,8241,8.0,8,,,,,,
,,,,,8244,3.0,3,,,,,,
,,,,,8249,5.0,5,,,,,,
,,,,,8253,4.0,4,,,,,,
,,,,,8257,4.0,4,,,,,,
,,,,,8267,10.0,10,,,,,,
,,,,,8271,4.0,4,,,,,,
,,,,,8278,7.0,7,,,,,,
,,,,,8288,10.0,10,,,,,,
,,,,,8298,10.0,10,,,,,,
,,,,,8309,11.0,11,,,,,,
,,,,,8314,5.0,5,,,,,,
,,,,,8318,4.0,4,,,,,,
,,,,,8321,3.0,3,,,,,,
,,,,,8325,4.0,4,,,,,,
,,,,,8328,3.0,3,,,,,,
,,,,,8332,4.0,4,,,,,,
,,,,,8336,4.0,4,,,,,,
,,,,,8340,4.0,4,,,,,,
,,,,,8346,6.0,6,,,,,,
,,,,,8349,3.0,3,,,,,,
,,,,,8355,6.0,6,,,,,,
,,,,,8364,9.0,9,,,,,,
,,,,,8372,8.0,8,,,,,,
,,,,,8375,3.0,3,,,,,,
,,,,,8384,9.0,9,,,,,,
,,,,,8396,12.0,12,,,,,,
,,,,,8410,14.0,14,,,,,,
,,,,,8427,17.0,17,,,,,,
,,,,,8432,5.0,5,,,,,,
,,,,,8442,10.0,10,,,,,,
,,,,,8448,6.0,6,,,,,,
,,,,,8460,12.0,12,,,,,,
,,,,,8464,4.0,4,,,,,,
,,,,,8470,6.0,6,,,,,,
,,,,,8476,6.0,6,,,,,,
,,,,,8481,5.0,5,,,,,,
,,,,,8484,3.0,3,,,,,,
,,,,,8491,7.0,7,,,,,,
,,,,,8502,11.0,11,,,,,,
,,,,,8508,6.0,6,,,,,,
,,,,,8518,10.0,10,,,,,,
,,,,,8525,7.0,7,,,,,,
,,,,,8532,7.0,7,,,,,,
,,,,,8535,3.0,3,,,,,,
,,,,,8550,15.0,15,,,,,,
,,,,,8554,4.0,4,,,,,,
,,,,,8558,4.0,4,,,,,,
,,,,,8580,22.0,22,,,,,,
,,,,,8583,3.0,3,,,,,,
,,,,,8586,3.0,3,,,,,,
,,,,,8590,4.0,4,,,,,,
,,,,,8594,4.0,4,,,,,,
,,,,,8601,7.0,7,,,,,,
,,,,,8605,4.0,4,,,,,,
,,,,,8614,9.0,9,,,,,,
,,,,,8621,7.0,7,,,,,,
,,,,,8627,6.0,6,,,,,,
,,,,,8631,4.0,4,,,,,,
,,,,,8639,8.0,8,,,,,,
,,,,,8643,4.0,4,,,,,,
,,,,,8647,4.0,4,,,,,,
,,,,,8650,3.0,3,,,,,,
,,,,,8660,10.0,10,,,,,,
,,,,,8664,4.0,4,,,,,,
,,,,,8667,3.0,3,,,,,,
,,,,,8671,4.0,4,,,,,,
,,,,,8675,4.0,4,,,,,,
,,,,,8683,8.0,8,,,,,,
,,,,,8688,5.0,5,,,,,,
,,,,,8692,4.0,4,,,,,,
,,,,,8702,10.0,10,,,,,,
,,,,,8706,4.0,4,,,,,,
,,,,,8721,15.0,15,,,,,,
,,,,,8729,8.0,8,,,,,,
,,,,,8735,6.0,6,,,,,,
,,,,,8744,9.0,9,,,,,,
,,,,,8752,8.0,8,,,,,,
,,,,,8763,11.0,11,,,,,,
,,,,,8773,10.0,10,,,,,,
,,,,,8776,3.0,3,,,,,,
,,,,,8790,14.0,14,,,,,,
,,,,,8794,4.0,4,,,,,,
,,,,,8807,13.0,13,,,,,,
,,,,,8815,8.0,8,,,,,,
,,,,,8819,4.0,4,,,,,,
,,,,,8822,3.0,3,,,,,,
,,,,,8831,9.0,9,,,,,,
,,,,,8835,4.0,4,,,,,,
,,,,,8842,7.0,7,,,,,,
,,,,,8852,10.0,10,,,,,,
,,,,,8867,15.0,15,,,,,,
,,,,,8876,9.0,9,,,,,,
,,,,,8895,19.0,19,,,,,,
,,,,,8898,3.0,3,,,,,,
,,,,,8934,36.0,36,,,,,,
,,,,,8944,10.0,10,,,,,,
,,,,,8958,14.0,14,,,,,,
,,,,,8962,4.0,4,,,,,,
,,,,,8968,6.0,6,,,,,,
,,,,,8982,14.0,14,,,,,,
,,,,,8988,6.0,6,,,,,,
,,,,,8995,7.0,7,,,,,,
,,,,,8998,3.0,3,,,,,,
,,,,,9000,,,1.777835488319397,4.9935712814331055,4.938055992126465,0.0003,0.0003,0.1
,,,,,9005,7.0,7,,,,,,
,,,,,9018,13.0,13,,,,,,
,,,,,9030,12.0,12,,,,,,
,,,,,9040,10.0,10,,,,,,
,,,,,9045,5.0,5,,,,,,
,,,,,9048,3.0,3,,,,,,
,,,,,9054,6.0,6,,,,,,
,,,,,9076,22.0,22,,,,,,
,,,,,9083,7.0,7,,,,,,
,,,,,9089,6.0,6,,,,,,
,,,,,9095,6.0,6,,,,,,
,,,,,9098,3.0,3,,,,,,
,,,,,9102,4.0,4,,,,,,
,,,,,9107,5.0,5,,,,,,
,,,,,9112,5.0,5,,,,,,
,,,,,9117,5.0,5,,,,,,
,,,,,9120,3.0,3,,,,,,
,,,,,9123,3.0,3,,,,,,
,,,,,9128,5.0,5,,,,,,
,,,,,9133,5.0,5,,,,,,
,,,,,9137,4.0,4,,,,,,
,,,,,9151,14.0,14,,,,,,
,,,,,9159,8.0,8,,,,,,
,,,,,9163,4.0,4,,,,,,
,,,,,9175,12.0,12,,,,,,
,,,,,9183,8.0,8,,,,,,
,,,,,9189,6.0,6,,,,,,
,,,,,9193,4.0,4,,,,,,
,,,,,9206,13.0,13,,,,,,
,,,,,9211,5.0,5,,,,,,
,,,,,9223,12.0,12,,,,,,
,,,,,9226,3.0,3,,,,,,
,,,,,9229,3.0,3,,,,,,
,,,,,9232,3.0,3,,,,,,
,,,,,9238,6.0,6,,,,,,
,,,,,9245,7.0,7,,,,,,
,,,,,9256,11.0,11,,,,,,
,,,,,9259,3.0,3,,,,,,
,,,,,9264,5.0,5,,,,,,
,,,,,9267,3.0,3,,,,,,
,,,,,9271,4.0,4,,,,,,
,,,,,9275,4.0,4,,,,,,
,,,,,9281,6.0,6,,,,,,
,,,,,9290,9.0,9,,,,,,
,,,,,9295,5.0,5,,,,,,
,,,,,9299,4.0,4,,,,,,
,,,,,9307,8.0,8,,,,,,
,,,,,9316,9.0,9,,,,,,
,,,,,9326,10.0,10,,,,,,
,,,,,9331,5.0,5,,,,,,
,,,,,9339,8.0,8,,,,,,
,,,,,9353,14.0,14,,,,,,
,,,,,9360,7.0,7,,,,,,
,,,,,9367,7.0,7,,,,,,
,,,,,9377,10.0,10,,,,,,
,,,,,9380,3.0,3,,,,,,
,,,,,9383,3.0,3,,,,,,
,,,,,9400,17.0,17,,,,,,
,,,,,9408,8.0,8,,,,,,
,,,,,9412,4.0,4,,,,,,
,,,,,9425,13.0,13,,,,,,
,,,,,9428,3.0,3,,,,,,
,,,,,9431,3.0,3,,,,,,
,,,,,9436,5.0,5,,,,,,
,,,,,9442,6.0,6,,,,,,
,,,,,9448,6.0,6,,,,,,
,,,,,9454,6.0,6,,,,,,
,,,,,9463,9.0,9,,,,,,
,,,,,9470,7.0,7,,,,,,
,,,,,9474,4.0,4,,,,,,
,,,,,9480,6.0,6,,,,,,
,,,,,9488,8.0,8,,,,,,
,,,,,9495,7.0,7,,,,,,
,,,,,9501,6.0,6,,,,,,
,,,,,9510,9.0,9,,,,,,
,,,,,9520,10.0,10,,,,,,
,,,,,9524,4.0,4,,,,,,
,,,,,9529,5.0,5,,,,,,
,,,,,9538,9.0,9,,,,,,
,,,,,9541,3.0,3,,,,,,
,,,,,9556,15.0,15,,,,,,
,,,,,9564,8.0,8,,,,,,
,,,,,9572,8.0,8,,,,,,
,,,,,9577,5.0,5,,,,,,
,,,,,9582,5.0,5,,,,,,
,,,,,9586,4.0,4,,,,,,
,,,,,9591,5.0,5,,,,,,
,,,,,9595,4.0,4,,,,,,
,,,,,9601,6.0,6,,,,,,
,,,,,9604,3.0,3,,,,,,
,,,,,9614,10.0,10,,,,,,
,,,,,9619,5.0,5,,,,,,
,,,,,9623,4.0,4,,,,,,
,,,,,9626,3.0,3,,,,,,
,,,,,9631,5.0,5,,,,,,
,,,,,9635,4.0,4,,,,,,
,,,,,9641,6.0,6,,,,,,
,,,,,9655,14.0,14,,,,,,
,,,,,9659,4.0,4,,,,,,
,,,,,9667,8.0,8,,,,,,
,,,,,9678,11.0,11,,,,,,
,,,,,9690,12.0,12,,,,,,
,,,,,9693,3.0,3,,,,,,
,,,,,9696,3.0,3,,,,,,
,,,,,9710,14.0,14,,,,,,
,,,,,9719,9.0,9,,,,,,
,,,,,9729,10.0,10,,,,,,
,,,,,9736,7.0,7,,,,,,
,,,,,9744,8.0,8,,,,,,
,,,,,9765,21.0,21,,,,,,
,,,,,9773,8.0,8,,,,,,
,,,,,9780,7.0,7,,,,,,
,,,,,9787,7.0,7,,,,,,
,,,,,9791,4.0,4,,,,,,
,,,,,9813,22.0,22,,,,,,
,,,,,9817,4.0,4,,,,,,
,,,,,9823,6.0,6,,,,,,
,,,,,9831,8.0,8,,,,,,
,,,,,9836,5.0,5,,,,,,
,,,,,9843,7.0,7,,,,,,
,,,,,9847,4.0,4,,,,,,
,,,,,9852,5.0,5,,,,,,
,,,,,9859,7.0,7,,,,,,
,,,,,9862,3.0,3,,,,,,
,,,,,9868,6.0,6,,,,,,
,,,,,9871,3.0,3,,,,,,
,,,,,9881,10.0,10,,,,,,
,,,,,9886,5.0,5,,,,,,
,,,,,9897,11.0,11,,,,,,
,,,,,9905,8.0,8,,,,,,
,,,,,9911,6.0,6,,,,,,
,,,,,9916,5.0,5,,,,,,
,,,,,9921,5.0,5,,,,,,
,,,,,9925,4.0,4,,,,,,
,,,,,9933,8.0,8,,,,,,
,,,,,9937,4.0,4,,,,,,
,,,,,9943,6.0,6,,,,,,
,,,,,9950,7.0,7,,,,,,
,,,,,9956,6.0,6,,,,,,
,,,,,9961,5.0,5,,,,,,
,,,,,9966,5.0,5,,,,,,
,,,,,9969,3.0,3,,,,,,
,,,,,9972,3.0,3,,,,,,
,,,,,9980,8.0,8,,,,,,
,,,,,9983,3.0,3,,,,,,
,,,,,9997,14.0,14,,,,,,
5.6,2.2891047,10.0,3.0,5.6,10000,,,2.752591371536255,5.160032272338867,5.078348159790039,0.0003,0.0003,0.1
,,,,,10003,6.0,6,,,,,,
,,,,,10008,5.0,5,,,,,,
,,,,,10012,4.0,4,,,,,,
,,,,,10027,15.0,15,,,,,,
,,,,,10030,3.0,3,,,,,,
,,,,,10034,4.0,4,,,,,,
,,,,,10044,10.0,10,,,,,,
,,,,,10048,4.0,4,,,,,,
,,,,,10055,7.0,7,,,,,,
,,,,,10058,3.0,3,,,,,,
,,,,,10064,6.0,6,,,,,,
,,,,,10068,4.0,4,,,,,,
,,,,,10072,4.0,4,,,,,,
,,,,,10078,6.0,6,,,,,,
,,,,,10092,14.0,14,,,,,,
,,,,,10100,8.0,8,,,,,,
,,,,,10108,8.0,8,,,,,,
,,,,,10112,4.0,4,,,,,,
,,,,,10116,4.0,4,,,,,,
,,,,,10120,4.0,4,,,,,,
,,,,,10129,9.0,9,,,,,,
,,,,,10138,9.0,9,,,,,,
,,,,,10143,5.0,5,,,,,,
,,,,,10146,3.0,3,,,,,,
,,,,,10166,20.0,20,,,,,,
,,,,,10171,5.0,5,,,,,,
,,,,,10178,7.0,7,,,,,,
,,,,,10189,11.0,11,,,,,,
,,,,,10193,4.0,4,,,,,,
,,,,,10197,4.0,4,,,,,,
,,,,,10201,4.0,4,,,,,,
,,,,,10207,6.0,6,,,,,,
,,,,,10237,30.0,30,,,,,,
,,,,,10243,6.0,6,,,,,,
,,,,,10247,4.0,4,,,,,,
,,,,,10255,8.0,8,,,,,,
,,,,,10261,6.0,6,,,,,,
,,,,,10272,11.0,11,,,,,,
,,,,,10276,4.0,4,,,,,,
,,,,,10286,10.0,10,,,,,,
,,,,,10290,4.0,4,,,,,,
,,,,,10295,5.0,5,,,,,,
,,,,,10299,4.0,4,,,,,,
,,,,,10302,3.0,3,,,,,,
,,,,,10307,5.0,5,,,,,,
,,,,,10314,7.0,7,,,,,,
,,,,,10319,5.0,5,,,,,,
,,,,,10326,7.0,7,,,,,,
,,,,,10333,7.0,7,,,,,,
,,,,,10346,13.0,13,,,,,,
,,,,,10354,8.0,8,,,,,,
,,,,,10361,7.0,7,,,,,,
,,,,,10366,5.0,5,,,,,,
,,,,,10371,5.0,5,,,,,,
,,,,,10379,8.0,8,,,,,,
,,,,,10386,7.0,7,,,,,,
,,,,,10396,10.0,10,,,,,,
,,,,,10401,5.0,5,,,,,,
,,,,,10412,11.0,11,,,,,,
,,,,,10418,6.0,6,,,,,,
,,,,,10422,4.0,4,,,,,,
,,,,,10428,6.0,6,,,,,,
,,,,,10431,3.0,3,,,,,,
,,,,,10434,3.0,3,,,,,,
,,,,,10438,4.0,4,,,,,,
,,,,,10442,4.0,4,,,,,,
,,,,,10445,3.0,3,,,,,,
,,,,,10454,9.0,9,,,,,,
,,,,,10465,11.0,11,,,,,,
,,,,,10469,4.0,4,,,,,,
,,,,,10474,5.0,5,,,,,,
,,,,,10479,5.0,5,,,,,,
,,,,,10484,5.0,5,,,,,,
,,,,,10487,3.0,3,,,,,,
,,,,,10491,4.0,4,,,,,,
,,,,,10508,17.0,17,,,,,,
,,,,,10518,10.0,10,,,,,,
,,,,,10524,6.0,6,,,,,,
,,,,,10533,9.0,9,,,,,,
,,,,,10537,4.0,4,,,,,,
,,,,,10551,14.0,14,,,,,,
,,,,,10555,4.0,4,,,,,,
,,,,,10564,9.0,9,,,,,,
,,,,,10569,5.0,5,,,,,,
,,,,,10577,8.0,8,,,,,,
,,,,,10581,4.0,4,,,,,,
,,,,,10601,20.0,20,,,,,,
,,,,,10609,8.0,8,,,,,,
,,,,,10614,5.0,5,,,,,,
,,,,,10626,12.0,12,,,,,,
,,,,,10638,12.0,12,,,,,,
,,,,,10643,5.0,5,,,,,,
,,,,,10646,3.0,3,,,,,,
,,,,,10649,3.0,3,,,,,,
,,,,,10658,9.0,9,,,,,,
,,,,,10662,4.0,4,,,,,,
,,,,,10667,5.0,5,,,,,,
,,,,,10673,6.0,6,,,,,,
,,,,,10678,5.0,5,,,,,,
,,,,,10682,4.0,4,,,,,,
,,,,,10691,9.0,9,,,,,,
,,,,,10698,7.0,7,,,,,,
,,,,,10702,4.0,4,,,,,,
,,,,,10708,6.0,6,,,,,,
,,,,,10717,9.0,9,,,,,,
,,,,,10722,5.0,5,,,,,,
,,,,,10731,9.0,9,,,,,,
,,,,,10735,4.0,4,,,,,,
,,,,,10760,25.0,25,,,,,,
,,,,,10766,6.0,6,,,,,,
,,,,,10773,7.0,7,,,,,,
,,,,,10782,9.0,9,,,,,,
,,,,,10785,3.0,3,,,,,,
,,,,,10789,4.0,4,,,,,,
,,,,,10794,5.0,5,,,,,,
,,,,,10800,6.0,6,,,,,,
,,,,,10803,3.0,3,,,,,,
,,,,,10810,7.0,7,,,,,,
,,,,,10814,4.0,4,,,,,,
,,,,,10824,10.0,10,,,,,,
,,,,,10837,13.0,13,,,,,,
,,,,,10840,3.0,3,,,,,,
,,,,,10844,4.0,4,,,,,,
,,,,,10853,9.0,9,,,,,,
,,,,,10863,10.0,10,,,,,,
,,,,,10874,11.0,11,,,,,,
,,,,,10877,3.0,3,,,,,,
,,,,,10884,7.0,7,,,,,,
,,,,,10888,4.0,4,,,,,,
,,,,,10895,7.0,7,,,,,,
,,,,,10899,4.0,4,,,,,,
,,,,,10906,7.0,7,,,,,,
,,,,,10910,4.0,4,,,,,,
,,,,,10922,12.0,12,,,,,,
,,,,,10927,5.0,5,,,,,,
,,,,,10935,8.0,8,,,,,,
,,,,,10939,4.0,4,,,,,,
,,,,,10942,3.0,3,,,,,,
,,,,,10945,3.0,3,,,,,,
,,,,,10952,7.0,7,,,,,,
,,,,,10960,8.0,8,,,,,,
,,,,,10968,8.0,8,,,,,,
,,,,,10985,17.0,17,,,,,,
,,,,,10988,3.0,3,,,,,,
,,,,,10993,5.0,5,,,,,,
,,,,,10997,4.0,4,,,,,,
,,,,,11000,,,1.8991212844848633,4.700979232788086,4.518634796142578,0.0003,0.0003,0.1
,,,,,11003,6.0,6,,,,,,
,,,,,11013,10.0,10,,,,,,
,,,,,11019,6.0,6,,,,,,
,,,,,11024,5.0,5,,,,,,
,,,,,11027,3.0,3,,,,,,
,,,,,11031,4.0,4,,,,,,
,,,,,11055,24.0,24,,,,,,
,,,,,11060,5.0,5,,,,,,
,,,,,11067,7.0,7,,,,,,
,,,,,11070,3.0,3,,,,,,
,,,,,11080,10.0,10,,,,,,
,,,,,11096,16.0,16,,,,,,
,,,,,11101,5.0,5,,,,,,
,,,,,11109,8.0,8,,,,,,
,,,,,11113,4.0,4,,,,,,
,,,,,11131,18.0,18,,,,,,
,,,,,11136,5.0,5,,,,,,
,,,,,11143,7.0,7,,,,,,
,,,,,11151,8.0,8,,,,,,
,,,,,11156,5.0,5,,,,,,
,,,,,11162,6.0,6,,,,,,
,,,,,11168,6.0,6,,,,,,
,,,,,11171,3.0,3,,,,,,
,,,,,11178,7.0,7,,,,,,
,,,,,11183,5.0,5,,,,,,
,,,,,11188,5.0,5,,,,,,
,,,,,11194,6.0,6,,,,,,
,,,,,11200,6.0,6,,,,,,
,,,,,11208,8.0,8,,,,,,
,,,,,11217,9.0,9,,,,,,
,,,,,11221,4.0,4,,,,,,
,,,,,11245,24.0,24,,,,,,
,,,,,11256,11.0,11,,,,,,
,,,,,11276,20.0,20,,,,,,
,,,,,11281,5.0,5,,,,,,
,,,,,11287,6.0,6,,,,,,
,,,,,11290,3.0,3,,,,,,
,,,,,11297,7.0,7,,,,,,
,,,,,11301,4.0,4,,,,,,
,,,,,11305,4.0,4,,,,,,
,,,,,11310,5.0,5,,,,,,
,,,,,11313,3.0,3,,,,,,
,,,,,11322,9.0,9,,,,,,
,,,,,11328,6.0,6,,,,,,
,,,,,11338,10.0,10,,,,,,
,,,,,11341,3.0,3,,,,,,
,,,,,11349,8.0,8,,,,,,
,,,,,11353,4.0,4,,,,,,
,,,,,11363,10.0,10,,,,,,
,,,,,11372,9.0,9,,,,,,
,,,,,11377,5.0,5,,,,,,
,,,,,11393,16.0,16,,,,,,
,,,,,11396,3.0,3,,,,,,
,,,,,11402,6.0,6,,,,,,
,,,,,11410,8.0,8,,,,,,
,,,,,11413,3.0,3,,,,,,
,,,,,11420,7.0,7,,,,,,
,,,,,11424,4.0,4,,,,,,
,,,,,11438,14.0,14,,,,,,
,,,,,11441,3.0,3,,,,,,
,,,,,11446,5.0,5,,,,,,
,,,,,11450,4.0,4,,,,,,
,,,,,11464,14.0,14,,,,,,
,,,,,11471,7.0,7,,,,,,
,,,,,11480,9.0,9,,,,,,
,,,,,11485,5.0,5,,,,,,
,,,,,11489,4.0,4,,,,,,
,,,,,11494,5.0,5,,,,,,
,,,,,11507,13.0,13,,,,,,
,,,,,11511,4.0,4,,,,,,
,,,,,11516,5.0,5,,,,,,
,,,,,11523,7.0,7,,,,,,
,,,,,11539,16.0,16,,,,,,
,,,,,11544,5.0,5,,,,,,
,,,,,11558,14.0,14,,,,,,
,,,,,11565,7.0,7,,,,,,
,,,,,11574,9.0,9,,,,,,
,,,,,11578,4.0,4,,,,,,
,,,,,11581,3.0,3,,,,,,
,,,,,11589,8.0,8,,,,,,
,,,,,11596,7.0,7,,,,,,
,,,,,11613,17.0,17,,,,,,
,,,,,11617,4.0,4,,,,,,
,,,,,11623,6.0,6,,,,,,
,,,,,11626,3.0,3,,,,,,
,,,,,11630,4.0,4,,,,,,
,,,,,11634,4.0,4,,,,,,
,,,,,11645,11.0,11,,,,,,
,,,,,11650,5.0,5,,,,,,
,,,,,11658,8.0,8,,,,,,
,,,,,11662,4.0,4,,,,,,
,,,,,11665,3.0,3,,,,,,
,,,,,11684,19.0,19,,,,,,
,,,,,11689,5.0,5,,,,,,
,,,,,11704,15.0,15,,,,,,
,,,,,11707,3.0,3,,,,,,
,,,,,11710,3.0,3,,,,,,
,,,,,11713,3.0,3,,,,,,
,,,,,11725,12.0,12,,,,,,
,,,,,11730,5.0,5,,,,,,
,,,,,11738,8.0,8,,,,,,
,,,,,11741,3.0,3,,,,,,
,,,,,11745,4.0,4,,,,,,
,,,,,11748,3.0,3,,,,,,
,,,,,11764,16.0,16,,,,,,
,,,,,11771,7.0,7,,,,,,
,,,,,11783,12.0,12,,,,,,
,,,,,11787,4.0,4,,,,,,
,,,,,11790,3.0,3,,,,,,
,,,,,11794,4.0,4,,,,,,
,,,,,11798,4.0,4,,,,,,
,,,,,11808,10.0,10,,,,,,
,,,,,11814,6.0,6,,,,,,
,,,,,11828,14.0,14,,,,,,
,,,,,11833,5.0,5,,,,,,
,,,,,11856,23.0,23,,,,,,
,,,,,11862,6.0,6,,,,,,
,,,,,11873,11.0,11,,,,,,
,,,,,11881,8.0,8,,,,,,
,,,,,11889,8.0,8,,,,,,
,,,,,11895,6.0,6,,,,,,
,,,,,11900,5.0,5,,,,,,
,,,,,11909,9.0,9,,,,,,
,,,,,11913,4.0,4,,,,,,
,,,,,11916,3.0,3,,,,,,
,,,,,11920,4.0,4,,,,,,
,,,,,11924,4.0,4,,,,,,
,,,,,11928,4.0,4,,,,,,
,,,,,11935,7.0,7,,,,,,
,,,,,11938,3.0,3,,,,,,
,,,,,11946,8.0,8,,,,,,
,,,,,11950,4.0,4,,,,,,
,,,,,11956,6.0,6,,,,,,
,,,,,11961,5.0,5,,,,,,
,,,,,11965,4.0,4,,,,,,
,,,,,11973,8.0,8,,,,,,
,,,,,11980,7.0,7,,,,,,
,,,,,11991,11.0,11,,,,,,
,,,,,11997,6.0,6,,,,,,
,,,,,12000,,,1.73994779586792,4.821234703063965,4.813736915588379,0.0003,0.0003,0.1
,,,,,12006,9.0,9,,,,,,
,,,,,12033,27.0,27,,,,,,
,,,,,12038,5.0,5,,,,,,
,,,,,12047,9.0,9,,,,,,
,,,,,12062,15.0,15,,,,,,
,,,,,12066,4.0,4,,,,,,
,,,,,12083,17.0,17,,,,,,
,,,,,12098,15.0,15,,,,,,
,,,,,12102,4.0,4,,,,,,
,,,,,12111,9.0,9,,,,,,
,,,,,12120,9.0,9,,,,,,
,,,,,12128,8.0,8,,,,,,
,,,,,12133,5.0,5,,,,,,
,,,,,12140,7.0,7,,,,,,
,,,,,12144,4.0,4,,,,,,
,,,,,12150,6.0,6,,,,,,
,,,,,12156,6.0,6,,,,,,
,,,,,12161,5.0,5,,,,,,
,,,,,12169,8.0,8,,,,,,
,,,,,12173,4.0,4,,,,,,
,,,,,12176,3.0,3,,,,,,
,,,,,12179,3.0,3,,,,,,
,,,,,12184,5.0,5,,,,,,
,,,,,12188,4.0,4,,,,,,
,,,,,12193,5.0,5,,,,,,
,,,,,12200,7.0,7,,,,,,
,,,,,12205,5.0,5,,,,,,
,,,,,12225,20.0,20,,,,,,
,,,,,12230,5.0,5,,,,,,
,,,,,12240,10.0,10,,,,,,
,,,,,12251,11.0,11,,,,,,
,,,,,12254,3.0,3,,,,,,
,,,,,12264,10.0,10,,,,,,
,,,,,12269,5.0,5,,,,,,
,,,,,12281,12.0,12,,,,,,
,,,,,12287,6.0,6,,,,,,
,,,,,12295,8.0,8,,,,,,
,,,,,12298,3.0,3,,,,,,
,,,,,12306,8.0,8,,,,,,
,,,,,12310,4.0,4,,,,,,
,,,,,12314,4.0,4,,,,,,
,,,,,12317,3.0,3,,,,,,
,,,,,12324,7.0,7,,,,,,
,,,,,12335,11.0,11,,,,,,
,,,,,12340,5.0,5,,,,,,
,,,,,12352,12.0,12,,,,,,
,,,,,12355,3.0,3,,,,,,
,,,,,12360,5.0,5,,,,,,
,,,,,12366,6.0,6,,,,,,
,,,,,12372,6.0,6,,,,,,
,,,,,12375,3.0,3,,,,,,
,,,,,12378,3.0,3,,,,,,
,,,,,12388,10.0,10,,,,,,
,,,,,12398,10.0,10,,,,,,
,,,,,12413,15.0,15,,,,,,
,,,,,12417,4.0,4,,,,,,
,,,,,12440,23.0,23,,,,,,
,,,,,12453,13.0,13,,,,,,
,,,,,12457,4.0,4,,,,,,
,,,,,12463,6.0,6,,,,,,
,,,,,12471,8.0,8,,,,,,
,,,,,12481,10.0,10,,,,,,
,,,,,12489,8.0,8,,,,,,
,,,,,12499,10.0,10,,,,,,
,,,,,12503,4.0,4,,,,,,
,,,,,12507,4.0,4,,,,,,
,,,,,12513,6.0,6,,,,,,
,,,,,12517,4.0,4,,,,,,
,,,,,12532,15.0,15,,,,,,
,,,,,12535,3.0,3,,,,,,
,,,,,12539,4.0,4,,,,,,
,,,,,12547,8.0,8,,,,,,
,,,,,12567,20.0,20,,,,,,
,,,,,12576,9.0,9,,,,,,
,,,,,12585,9.0,9,,,,,,
,,,,,12589,4.0,4,,,,,,
,,,,,12594,5.0,5,,,,,,
,,,,,12599,5.0,5,,,,,,
,,,,,12608,9.0,9,,,,,,
,,,,,12612,4.0,4,,,,,,
,,,,,12619,7.0,7,,,,,,
,,,,,12628,9.0,9,,,,,,
,,,,,12636,8.0,8,,,,,,
,,,,,12640,4.0,4,,,,,,
,,,,,12650,10.0,10,,,,,,
,,,,,12653,3.0,3,,,,,,
,,,,,12657,4.0,4,,,,,,
,,,,,12668,11.0,11,,,,,,
,,,,,12675,7.0,7,,,,,,
,,,,,12680,5.0,5,,,,,,
,,,,,12685,5.0,5,,,,,,
,,,,,12698,13.0,13,,,,,,
,,,,,12702,4.0,4,,,,,,
,,,,,12707,5.0,5,,,,,,
,,,,,12711,4.0,4,,,,,,
,,,,,12715,4.0,4,,,,,,
,,,,,12732,17.0,17,,,,,,
,,,,,12738,6.0,6,,,,,,
,,,,,12748,10.0,10,,,,,,
,,,,,12757,9.0,9,,,,,,
,,,,,12769,12.0,12,,,,,,
,,,,,12774,5.0,5,,,,,,
,,,,,12780,6.0,6,,,,,,
,,,,,12790,10.0,10,,,,,,
,,,,,12798,8.0,8,,,,,,
,,,,,12807,9.0,9,,,,,,
,,,,,12811,4.0,4,,,,,,
,,,,,12823,12.0,12,,,,,,
,,,,,12826,3.0,3,,,,,,
,,,,,12835,9.0,9,,,,,,
,,,,,12838,3.0,3,,,,,,
,,,,,12841,3.0,3,,,,,,
,,,,,12845,4.0,4,,,,,,
,,,,,12849,4.0,4,,,,,,
,,,,,12854,5.0,5,,,,,,
,,,,,12858,4.0,4,,,,,,
,,,,,12864,6.0,6,,,,,,
,,,,,12872,8.0,8,,,,,,
,,,,,12875,3.0,3,,,,,,
,,,,,12882,7.0,7,,,,,,
,,,,,12887,5.0,5,,,,,,
,,,,,12892,5.0,5,,,,,,
,,,,,12906,14.0,14,,,,,,
,,,,,12911,5.0,5,,,,,,
,,,,,12914,3.0,3,,,,,,
,,,,,12922,8.0,8,,,,,,
,,,,,12926,4.0,4,,,,,,
,,,,,12955,29.0,29,,,,,,
,,,,,12959,4.0,4,,,,,,
,,,,,12967,8.0,8,,,,,,
,,,,,12972,5.0,5,,,,,,
,,,,,12980,8.0,8,,,,,,
,,,,,12986,6.0,6,,,,,,
,,,,,13000,,,2.096588373184204,5.075087070465088,5.0647358894348145,0.0003,0.0003,0.1
,,,,,13001,15.0,15,,,,,,
,,,,,13007,6.0,6,,,,,,
,,,,,13012,5.0,5,,,,,,
,,,,,13015,3.0,3,,,,,,
,,,,,13023,8.0,8,,,,,,
,,,,,13026,3.0,3,,,,,,
,,,,,13030,4.0,4,,,,,,
,,,,,13036,6.0,6,,,,,,
,,,,,13046,10.0,10,,,,,,
,,,,,13049,3.0,3,,,,,,
,,,,,13056,7.0,7,,,,,,
,,,,,13062,6.0,6,,,,,,
,,,,,13067,5.0,5,,,,,,
,,,,,13073,6.0,6,,,,,,
,,,,,13080,7.0,7,,,,,,
,,,,,13089,9.0,9,,,,,,
,,,,,13093,4.0,4,,,,,,
,,,,,13103,10.0,10,,,,,,
,,,,,13108,5.0,5,,,,,,
,,,,,13112,4.0,4,,,,,,
,,,,,13115,3.0,3,,,,,,
,,,,,13119,4.0,4,,,,,,
,,,,,13124,5.0,5,,,,,,
,,,,,13130,6.0,6,,,,,,
,,,,,13138,8.0,8,,,,,,
,,,,,13144,6.0,6,,,,,,
,,,,,13152,8.0,8,,,,,,
,,,,,13165,13.0,13,,,,,,
,,,,,13170,5.0,5,,,,,,
,,,,,13174,4.0,4,,,,,,
,,,,,13181,7.0,7,,,,,,
,,,,,13191,10.0,10,,,,,,
,,,,,13194,3.0,3,,,,,,
,,,,,13202,8.0,8,,,,,,
,,,,,13209,7.0,7,,,,,,
,,,,,13219,10.0,10,,,,,,
,,,,,13224,5.0,5,,,,,,
,,,,,13228,4.0,4,,,,,,
,,,,,13233,5.0,5,,,,,,
,,,,,13238,5.0,5,,,,,,
,,,,,13244,6.0,6,,,,,,
,,,,,13248,4.0,4,,,,,,
,,,,,13255,7.0,7,,,,,,
,,,,,13258,3.0,3,,,,,,
,,,,,13264,6.0,6,,,,,,
,,,,,13270,6.0,6,,,,,,
,,,,,13278,8.0,8,,,,,,
,,,,,13283,5.0,5,,,,,,
,,,,,13287,4.0,4,,,,,,
,,,,,13290,3.0,3,,,,,,
,,,,,13294,4.0,4,,,,,,
,,,,,13303,9.0,9,,,,,,
,,,,,13307,4.0,4,,,,,,
,,,,,13310,3.0,3,,,,,,
,,,,,13322,12.0,12,,,,,,
,,,,,13331,9.0,9,,,,,,
,,,,,13336,5.0,5,,,,,,
,,,,,13341,5.0,5,,,,,,
,,,,,13347,6.0,6,,,,,,
,,,,,13358,11.0,11,,,,,,
,,,,,13362,4.0,4,,,,,,
,,,,,13366,4.0,4,,,,,,
,,,,,13372,6.0,6,,,,,,
,,,,,13376,4.0,4,,,,,,
,,,,,13379,3.0,3,,,,,,
,,,,,13390,11.0,11,,,,,,
,,,,,13395,5.0,5,,,,,,
,,,,,13399,4.0,4,,,,,,
,,,,,13407,8.0,8,,,,,,
,,,,,13419,12.0,12,,,,,,
,,,,,13423,4.0,4,,,,,,
,,,,,13426,3.0,3,,,,,,
,,,,,13455,29.0,29,,,,,,
,,,,,13458,3.0,3,,,,,,
,,,,,13465,7.0,7,,,,,,
,,,,,13470,5.0,5,,,,,,
,,,,,13474,4.0,4,,,,,,
,,,,,13478,4.0,4,,,,,,
,,,,,13483,5.0,5,,,,,,
,,,,,13489,6.0,6,,,,,,
,,,,,13502,13.0,13,,,,,,
,,,,,13507,5.0,5,,,,,,
,,,,,13512,5.0,5,,,,,,
,,,,,13518,6.0,6,,,,,,
,,,,,13522,4.0,4,,,,,,
,,,,,13525,3.0,3,,,,,,
,,,,,13529,4.0,4,,,,,,
,,,,,13534,5.0,5,,,,,,
,,,,,13539,5.0,5,,,,,,
,,,,,13542,3.0,3,,,,,,
,,,,,13548,6.0,6,,,,,,
,,,,,13553,5.0,5,,,,,,
,,,,,13558,5.0,5,,,,,,
,,,,,13562,4.0,4,,,,,,
,,,,,13568,6.0,6,,,,,,
,,,,,13578,10.0,10,,,,,,
,,,,,13581,3.0,3,,,,,,
,,,,,13585,4.0,4,,,,,,
,,,,,13589,4.0,4,,,,,,
,,,,,13593,4.0,4,,,,,,
,,,,,13597,4.0,4,,,,,,
,,,,,13603,6.0,6,,,,,,
,,,,,13606,3.0,3,,,,,,
,,,,,13609,3.0,3,,,,,,
,,,,,13632,23.0,23,,,,,,
,,,,,13637,5.0,5,,,,,,
,,,,,13642,5.0,5,,,,,,
,,,,,13649,7.0,7,,,,,,
,,,,,13652,3.0,3,,,,,,
,,,,,13657,5.0,5,,,,,,
,,,,,13661,4.0,4,,,,,,
,,,,,13670,9.0,9,,,,,,
,,,,,13678,8.0,8,,,,,,
,,,,,13683,5.0,5,,,,,,
,,,,,13686,3.0,3,,,,,,
,,,,,13690,4.0,4,,,,,,
,,,,,13696,6.0,6,,,,,,
,,,,,13703,7.0,7,,,,,,
,,,,,13718,15.0,15,,,,,,
,,,,,13722,4.0,4,,,,,,
,,,,,13728,6.0,6,,,,,,
,,,,,13732,4.0,4,,,,,,
,,,,,13744,12.0,12,,,,,,
,,,,,13750,6.0,6,,,,,,
,,,,,13754,4.0,4,,,,,,
,,,,,13759,5.0,5,,,,,,
,,,,,13782,23.0,23,,,,,,
,,,,,13787,5.0,5,,,,,,
,,,,,13791,4.0,4,,,,,,
,,,,,13796,5.0,5,,,,,,
,,,,,13801,5.0,5,,,,,,
,,,,,13805,4.0,4,,,,,,
,,,,,13808,3.0,3,,,,,,
,,,,,13814,6.0,6,,,,,,
,,,,,13818,4.0,4,,,,,,
,,,,,13821,3.0,3,,,,,,
,,,,,13828,7.0,7,,,,,,
,,,,,13831,3.0,3,,,,,,
,,,,,13835,4.0,4,,,,,,
,,,,,13842,7.0,7,,,,,,
,,,,,13849,7.0,7,,,,,,
,,,,,13854,5.0,5,,,,,,
,,,,,13860,6.0,6,,,,,,
,,,,,13866,6.0,6,,,,,,
,,,,,13869,3.0,3,,,,,,
,,,,,13873,4.0,4,,,,,,
,,,,,13877,4.0,4,,,,,,
,,,,,13885,8.0,8,,,,,,
,,,,,13889,4.0,4,,,,,,
,,,,,13893,4.0,4,,,,,,
,,,,,13898,5.0,5,,,,,,
,,,,,13902,4.0,4,,,,,,
,,,,,13910,8.0,8,,,,,,
,,,,,13914,4.0,4,,,,,,
,,,,,13918,4.0,4,,,,,,
,,,,,13921,3.0,3,,,,,,
,,,,,13929,8.0,8,,,,,,
,,,,,13933,4.0,4,,,,,,
,,,,,13938,5.0,5,,,,,,
,,,,,13943,5.0,5,,,,,,
,,,,,13948,5.0,5,,,,,,
,,,,,13951,3.0,3,,,,,,
,,,,,13954,3.0,3,,,,,,
,,,,,13961,7.0,7,,,,,,
,,,,,13967,6.0,6,,,,,,
,,,,,13978,11.0,11,,,,,,
,,,,,13986,8.0,8,,,,,,
,,,,,13990,4.0,4,,,,,,
,,,,,14000,,,1.890679121017456,5.015145301818848,4.8088178634643555,0.0003,0.0003,0.1
,,,,,14002,12.0,12,,,,,,
,,,,,14006,4.0,4,,,,,,
,,,,,14009,3.0,3,,,,,,
,,,,,14020,11.0,11,,,,,,
,,,,,14024,4.0,4,,,,,,
,,,,,14029,5.0,5,,,,,,
,,,,,14039,10.0,10,,,,,,
,,,,,14052,13.0,13,,,,,,
,,,,,14058,6.0,6,,,,,,
,,,,,14062,4.0,4,,,,,,
,,,,,14070,8.0,8,,,,,,
,,,,,14076,6.0,6,,,,,,
,,,,,14080,4.0,4,,,,,,
,,,,,14092,12.0,12,,,,,,
,,,,,14097,5.0,5,,,,,,
,,,,,14102,5.0,5,,,,,,
,,,,,14114,12.0,12,,,,,,
,,,,,14120,6.0,6,,,,,,
,,,,,14131,11.0,11,,,,,,
,,,,,14134,3.0,3,,,,,,
,,,,,14146,12.0,12,,,,,,
,,,,,14151,5.0,5,,,,,,
,,,,,14155,4.0,4,,,,,,
,,,,,14161,6.0,6,,,,,,
,,,,,14164,3.0,3,,,,,,
,,,,,14168,4.0,4,,,,,,
,,,,,14172,4.0,4,,,,,,
,,,,,14178,6.0,6,,,,,,
,,,,,14183,5.0,5,,,,,,
,,,,,14189,6.0,6,,,,,,
,,,,,14199,10.0,10,,,,,,
,,,,,14203,4.0,4,,,,,,
,,,,,14208,5.0,5,,,,,,
,,,,,14218,10.0,10,,,,,,
,,,,,14232,14.0,14,,,,,,
,,,,,14241,9.0,9,,,,,,
,,,,,14248,7.0,7,,,,,,
,,,,,14251,3.0,3,,,,,,
,,,,,14262,11.0,11,,,,,,
,,,,,14271,9.0,9,,,,,,
,,,,,14275,4.0,4,,,,,,
,,,,,14301,26.0,26,,,,,,
,,,,,14306,5.0,5,,,,,,
,,,,,14317,11.0,11,,,,,,
,,,,,14322,5.0,5,,,,,,
,,,,,14325,3.0,3,,,,,,
,,,,,14330,5.0,5,,,,,,
,,,,,14334,4.0,4,,,,,,
,,,,,14341,7.0,7,,,,,,
,,,,,14347,6.0,6,,,,,,
,,,,,14350,3.0,3,,,,,,
,,,,,14356,6.0,6,,,,,,
,,,,,14367,11.0,11,,,,,,
,,,,,14370,3.0,3,,,,,,
,,,,,14374,4.0,4,,,,,,
,,,,,14384,10.0,10,,,,,,
,,,,,14389,5.0,5,,,,,,
,,,,,14396,7.0,7,,,,,,
,,,,,14402,6.0,6,,,,,,
,,,,,14405,3.0,3,,,,,,
,,,,,14409,4.0,4,,,,,,
,,,,,14412,3.0,3,,,,,,
,,,,,14416,4.0,4,,,,,,
,,,,,14420,4.0,4,,,,,,
,,,,,14426,6.0,6,,,,,,
,,,,,14431,5.0,5,,,,,,
,,,,,14435,4.0,4,,,,,,
,,,,,14440,5.0,5,,,,,,
,,,,,14443,3.0,3,,,,,,
,,,,,14448,5.0,5,,,,,,
,,,,,14453,5.0,5,,,,,,
,,,,,14461,8.0,8,,,,,,
,,,,,14470,9.0,9,,,,,,
,,,,,14477,7.0,7,,,,,,
,,,,,14483,6.0,6,,,,,,
,,,,,14487,4.0,4,,,,,,
,,,,,14496,9.0,9,,,,,,
,,,,,14508,12.0,12,,,,,,
,,,,,14513,5.0,5,,,,,,
,,,,,14519,6.0,6,,,,,,
,,,,,14526,7.0,7,,,,,,
,,,,,14537,11.0,11,,,,,,
,,,,,14541,4.0,4,,,,,,
,,,,,14550,9.0,9,,,,,,
,,,,,14556,6.0,6,,,,,,
,,,,,14559,3.0,3,,,,,,
,,,,,14563,4.0,4,,,,,,
,,,,,14572,9.0,9,,,,,,
,,,,,14579,7.0,7,,,,,,
,,,,,14591,12.0,12,,,,,,
,,,,,14602,11.0,11,,,,,,
,,,,,14607,5.0,5,,,,,,
,,,,,14613,6.0,6,,,,,,
,,,,,14623,10.0,10,,,,,,
,,,,,14629,6.0,6,,,,,,
,,,,,14633,4.0,4,,,,,,
,,,,,14637,4.0,4,,,,,,
,,,,,14644,7.0,7,,,,,,
,,,,,14653,9.0,9,,,,,,
,,,,,14658,5.0,5,,,,,,
,,,,,14675,17.0,17,,,,,,
,,,,,14681,6.0,6,,,,,,
,,,,,14684,3.0,3,,,,,,
,,,,,14692,8.0,8,,,,,,
,,,,,14700,8.0,8,,,,,,
,,,,,14707,7.0,7,,,,,,
,,,,,14712,5.0,5,,,,,,
,,,,,14717,5.0,5,,,,,,
,,,,,14720,3.0,3,,,,,,
,,,,,14730,10.0,10,,,,,,
,,,,,14735,5.0,5,,,,,,
,,,,,14741,6.0,6,,,,,,
,,,,,14746,5.0,5,,,,,,
,,,,,14749,3.0,3,,,,,,
,,,,,14754,5.0,5,,,,,,
,,,,,14758,4.0,4,,,,,,
,,,,,14767,9.0,9,,,,,,
,,,,,14775,8.0,8,,,,,,
,,,,,14779,4.0,4,,,,,,
,,,,,14788,9.0,9,,,,,,
,,,,,14792,4.0,4,,,,,,
,,,,,14796,4.0,4,,,,,,
,,,,,14804,8.0,8,,,,,,
,,,,,14811,7.0,7,,,,,,
,,,,,14814,3.0,3,,,,,,
,,,,,14819,5.0,5,,,,,,
,,,,,14831,12.0,12,,,,,,
,,,,,14835,4.0,4,,,,,,
,,,,,14842,7.0,7,,,,,,
,,,,,14852,10.0,10,,,,,,
,,,,,14869,17.0,17,,,,,,
,,,,,14872,3.0,3,,,,,,
,,,,,14875,3.0,3,,,,,,
,,,,,14894,19.0,19,,,,,,
,,,,,14898,4.0,4,,,,,,
,,,,,14902,4.0,4,,,,,,
,,,,,14906,4.0,4,,,,,,
,,,,,14911,5.0,5,,,,,,
,,,,,14917,6.0,6,,,,,,
,,,,,14938,21.0,21,,,,,,
,,,,,14960,22.0,22,,,,,,
,,,,,14964,4.0,4,,,,,,
,,,,,14967,3.0,3,,,,,,
,,,,,14971,4.0,4,,,,,,
,,,,,14975,4.0,4,,,,,,
,,,,,14980,5.0,5,,,,,,
,,,,,14987,7.0,7,,,,,,
,,,,,14998,11.0,11,,,,,,
9.4,8.546345,31.0,3.0,9.4,15000,,,2.1633152961730957,4.994154930114746,5.128511428833008,0.0003,0.0003,0.1
,,,,,15006,8.0,8,,,,,,
,,,,,15009,3.0,3,,,,,,
,,,,,15012,3.0,3,,,,,,
,,,,,15016,4.0,4,,,,,,
,,,,,15023,7.0,7,,,,,,
,,,,,15030,7.0,7,,,,,,
,,,,,15036,6.0,6,,,,,,
,,,,,15039,3.0,3,,,,,,
,,,,,15044,5.0,5,,,,,,
,,,,,15047,3.0,3,,,,,,
,,,,,15050,3.0,3,,,,,,
,,,,,15053,3.0,3,,,,,,
,,,,,15057,4.0,4,,,,,,
,,,,,15062,5.0,5,,,,,,
,,,,,15070,8.0,8,,,,,,
,,,,,15075,5.0,5,,,,,,
,,,,,15078,3.0,3,,,,,,
,,,,,15083,5.0,5,,,,,,
,,,,,15091,8.0,8,,,,,,
,,,,,15095,4.0,4,,,,,,
,,,,,15103,8.0,8,,,,,,
,,,,,15110,7.0,7,,,,,,
,,,,,15113,3.0,3,,,,,,
,,,,,15129,16.0,16,,,,,,
,,,,,15140,11.0,11,,,,,,
,,,,,15155,15.0,15,,,,,,
,,,,,15162,7.0,7,,,,,,
,,,,,15171,9.0,9,,,,,,
,,,,,15174,3.0,3,,,,,,
,,,,,15182,8.0,8,,,,,,
,,,,,15187,5.0,5,,,,,,
,,,,,15191,4.0,4,,,,,,
,,,,,15198,7.0,7,,,,,,
,,,,,15208,10.0,10,,,,,,
,,,,,15217,9.0,9,,,,,,
,,,,,15221,4.0,4,,,,,,
,,,,,15233,12.0,12,,,,,,
,,,,,15237,4.0,4,,,,,,
,,,,,15242,5.0,5,,,,,,
,,,,,15252,10.0,10,,,,,,
,,,,,15257,5.0,5,,,,,,
,,,,,15261,4.0,4,,,,,,
,,,,,15266,5.0,5,,,,,,
,,,,,15273,7.0,7,,,,,,
,,,,,15279,6.0,6,,,,,,
,,,,,15287,8.0,8,,,,,,
,,,,,15291,4.0,4,,,,,,
,,,,,15294,3.0,3,,,,,,
,,,,,15300,6.0,6,,,,,,
,,,,,15304,4.0,4,,,,,,
,,,,,15309,5.0,5,,,,,,
,,,,,15313,4.0,4,,,,,,
,,,,,15328,15.0,15,,,,,,
,,,,,15337,9.0,9,,,,,,
,,,,,15342,5.0,5,,,,,,
,,,,,15350,8.0,8,,,,,,
,,,,,15357,7.0,7,,,,,,
,,,,,15361,4.0,4,,,,,,
,,,,,15364,3.0,3,,,,,,
,,,,,15376,12.0,12,,,,,,
,,,,,15380,4.0,4,,,,,,
,,,,,15383,3.0,3,,,,,,
,,,,,15389,6.0,6,,,,,,
,,,,,15393,4.0,4,,,,,,
,,,,,15399,6.0,6,,,,,,
,,,,,15403,4.0,4,,,,,,
,,,,,15426,23.0,23,,,,,,
,,,,,15430,4.0,4,,,,,,
,,,,,15438,8.0,8,,,,,,
,,,,,15441,3.0,3,,,,,,
,,,,,15446,5.0,5,,,,,,
,,,,,15458,12.0,12,,,,,,
,,,,,15469,11.0,11,,,,,,
,,,,,15475,6.0,6,,,,,,
,,,,,15485,10.0,10,,,,,,
,,,,,15494,9.0,9,,,,,,
,,,,,15508,14.0,14,,,,,,
,,,,,15513,5.0,5,,,,,,
,,,,,15521,8.0,8,,,,,,
,,,,,15534,13.0,13,,,,,,
,,,,,15558,24.0,24,,,,,,
,,,,,15561,3.0,3,,,,,,
,,,,,15575,14.0,14,,,,,,
,,,,,15588,13.0,13,,,,,,
,,,,,15602,14.0,14,,,,,,
,,,,,15611,9.0,9,,,,,,
,,,,,15621,10.0,10,,,,,,
,,,,,15626,5.0,5,,,,,,
,,,,,15636,10.0,10,,,,,,
,,,,,15649,13.0,13,,,,,,
,,,,,15655,6.0,6,,,,,,
,,,,,15660,5.0,5,,,,,,
,,,,,15663,3.0,3,,,,,,
,,,,,15678,15.0,15,,,,,,
,,,,,15682,4.0,4,,,,,,
,,,,,15685,3.0,3,,,,,,
,,,,,15695,10.0,10,,,,,,
,,,,,15703,8.0,8,,,,,,
,,,,,15707,4.0,4,,,,,,
,,,,,15715,8.0,8,,,,,,
,,,,,15720,5.0,5,,,,,,
,,,,,15740,20.0,20,,,,,,
,,,,,15753,13.0,13,,,,,,
,,,,,15761,8.0,8,,,,,,
,,,,,15767,6.0,6,,,,,,
,,,,,15775,8.0,8,,,,,,
,,,,,15782,7.0,7,,,,,,
,,,,,15788,6.0,6,,,,,,
,,,,,15792,4.0,4,,,,,,
,,,,,15796,4.0,4,,,,,,
,,,,,15800,4.0,4,,,,,,
,,,,,15814,14.0,14,,,,,,
,,,,,15822,8.0,8,,,,,,
,,,,,15833,11.0,11,,,,,,
,,,,,15839,6.0,6,,,,,,
,,,,,15854,15.0,15,,,,,,
,,,,,15863,9.0,9,,,,,,
,,,,,15866,3.0,3,,,,,,
,,,,,15877,11.0,11,,,,,,
,,,,,15881,4.0,4,,,,,,
,,,,,15886,5.0,5,,,,,,
,,,,,15895,9.0,9,,,,,,
,,,,,15899,4.0,4,,,,,,
,,,,,15908,9.0,9,,,,,,
,,,,,15914,6.0,6,,,,,,
,,,,,15918,4.0,4,,,,,,
,,,,,15925,7.0,7,,,,,,
,,,,,15934,9.0,9,,,,,,
,,,,,15938,4.0,4,,,,,,
,,,,,15942,4.0,4,,,,,,
,,,,,15948,6.0,6,,,,,,
,,,,,15954,6.0,6,,,,,,
,,,,,15959,5.0,5,,,,,,
,,,,,15965,6.0,6,,,,,,
,,,,,15971,6.0,6,,,,,,
,,,,,15979,8.0,8,,,,,,
,,,,,15987,8.0,8,,,,,,
,,,,,15992,5.0,5,,,,,,
,,,,,16000,,,2.1480588912963867,5.244717597961426,5.110980987548828,0.0003,0.0003,0.1
,,,,,16010,18.0,18,,,,,,
,,,,,16034,24.0,24,,,,,,
,,,,,16038,4.0,4,,,,,,
,,,,,16045,7.0,7,,,,,,
,,,,,16052,7.0,7,,,,,,
,,,,,16056,4.0,4,,,,,,
,,,,,16064,8.0,8,,,,,,
,,,,,16072,8.0,8,,,,,,
,,,,,16081,9.0,9,,,,,,
,,,,,16085,4.0,4,,,,,,
,,,,,16090,5.0,5,,,,,,
,,,,,16097,7.0,7,,,,,,
,,,,,16100,3.0,3,,,,,,
,,,,,16110,10.0,10,,,,,,
,,,,,16114,4.0,4,,,,,,
,,,,,16119,5.0,5,,,,,,
,,,,,16122,3.0,3,,,,,,
,,,,,16127,5.0,5,,,,,,
,,,,,16136,9.0,9,,,,,,
,,,,,16143,7.0,7,,,,,,
,,,,,16148,5.0,5,,,,,,
,,,,,16155,7.0,7,,,,,,
,,,,,16168,13.0,13,,,,,,
,,,,,16173,5.0,5,,,,,,
,,,,,16181,8.0,8,,,,,,
,,,,,16197,16.0,16,,,,,,
,,,,,16206,9.0,9,,,,,,
,,,,,16209,3.0,3,,,,,,
,,,,,16212,3.0,3,,,,,,
,,,,,16220,8.0,8,,,,,,
,,,,,16224,4.0,4,,,,,,
,,,,,16232,8.0,8,,,,,,
,,,,,16236,4.0,4,,,,,,
,,,,,16239,3.0,3,,,,,,
,,,,,16248,9.0,9,,,,,,
,,,,,16251,3.0,3,,,,,,
,,,,,16254,3.0,3,,,,,,
,,,,,16261,7.0,7,,,,,,
,,,,,16275,14.0,14,,,,,,
,,,,,16283,8.0,8,,,,,,
,,,,,16288,5.0,5,,,,,,
,,,,,16296,8.0,8,,,,,,
,,,,,16307,11.0,11,,,,,,
,,,,,16329,22.0,22,,,,,,
,,,,,16340,11.0,11,,,,,,
,,,,,16343,3.0,3,,,,,,
,,,,,16349,6.0,6,,,,,,
,,,,,16354,5.0,5,,,,,,
,,,,,16360,6.0,6,,,,,,
,,,,,16367,7.0,7,,,,,,
,,,,,16371,4.0,4,,,,,,
,,,,,16377,6.0,6,,,,,,
,,,,,16381,4.0,4,,,,,,
,,,,,16396,15.0,15,,,,,,
,,,,,16402,6.0,6,,,,,,
,,,,,16406,4.0,4,,,,,,
,,,,,16409,3.0,3,,,,,,
,,,,,16416,7.0,7,,,,,,
,,,,,16420,4.0,4,,,,,,
,,,,,16429,9.0,9,,,,,,
,,,,,16435,6.0,6,,,,,,
,,,,,16446,11.0,11,,,,,,
,,,,,16458,12.0,12,,,,,,
,,,,,16467,9.0,9,,,,,,
,,,,,16471,4.0,4,,,,,,
,,,,,16474,3.0,3,,,,,,
,,,,,16478,4.0,4,,,,,,
,,,,,16488,10.0,10,,,,,,
,,,,,16493,5.0,5,,,,,,
,,,,,16500,7.0,7,,,,,,
,,,,,16504,4.0,4,,,,,,
,,,,,16509,5.0,5,,,,,,
,,,,,16515,6.0,6,,,,,,
,,,,,16519,4.0,4,,,,,,
,,,,,16522,3.0,3,,,,,,
,,,,,16525,3.0,3,,,,,,
,,,,,16531,6.0,6,,,,,,
,,,,,16534,3.0,3,,,,,,
,,,,,16539,5.0,5,,,,,,
,,,,,16544,5.0,5,,,,,,
,,,,,16548,4.0,4,,,,,,
,,,,,16555,7.0,7,,,,,,
,,,,,16574,19.0,19,,,,,,
,,,,,16588,14.0,14,,,,,,
,,,,,16596,8.0,8,,,,,,
,,,,,16602,6.0,6,,,,,,
,,,,,16612,10.0,10,,,,,,
,,,,,16618,6.0,6,,,,,,
,,,,,16635,17.0,17,,,,,,
,,,,,16652,17.0,17,,,,,,
,,,,,16656,4.0,4,,,,,,
,,,,,16664,8.0,8,,,,,,
,,,,,16670,6.0,6,,,,,,
,,,,,16678,8.0,8,,,,,,
,,,,,16681,3.0,3,,,,,,
,,,,,16684,3.0,3,,,,,,
,,,,,16691,7.0,7,,,,,,
,,,,,16698,7.0,7,,,,,,
,,,,,16707,9.0,9,,,,,,
,,,,,16712,5.0,5,,,,,,
,,,,,16715,3.0,3,,,,,,
,,,,,16719,4.0,4,,,,,,
,,,,,16733,14.0,14,,,,,,
,,,,,16739,6.0,6,,,,,,
,,,,,16744,5.0,5,,,,,,
,,,,,16747,3.0,3,,,,,,
,,,,,16757,10.0,10,,,,,,
,,,,,16764,7.0,7,,,,,,
,,,,,16770,6.0,6,,,,,,
,,,,,16773,3.0,3,,,,,,
,,,,,16796,23.0,23,,,,,,
,,,,,16807,11.0,11,,,,,,
,,,,,16817,10.0,10,,,,,,
,,,,,16821,4.0,4,,,,,,
,,,,,16831,10.0,10,,,,,,
,,,,,16835,4.0,4,,,,,,
,,,,,16839,4.0,4,,,,,,
,,,,,16852,13.0,13,,,,,,
,,,,,16858,6.0,6,,,,,,
,,,,,16862,4.0,4,,,,,,
,,,,,16866,4.0,4,,,,,,
,,,,,16877,11.0,11,,,,,,
,,,,,16884,7.0,7,,,,,,
,,,,,16891,7.0,7,,,,,,
,,,,,16896,5.0,5,,,,,,
,,,,,16906,10.0,10,,,,,,
,,,,,16913,7.0,7,,,,,,
,,,,,16917,4.0,4,,,,,,
,,,,,16920,3.0,3,,,,,,
,,,,,16925,5.0,5,,,,,,
,,,,,16931,6.0,6,,,,,,
,,,,,16935,4.0,4,,,,,,
,,,,,16938,3.0,3,,,,,,
,,,,,16951,13.0,13,,,,,,
,,,,,16954,3.0,3,,,,,,
,,,,,16990,36.0,36,,,,,,
,,,,,17000,,,1.8599786758422852,5.507537364959717,5.365131378173828,0.0003,0.0003,0.1
,,,,,17001,11.0,11,,,,,,
,,,,,17005,4.0,4,,,,,,
,,,,,17009,4.0,4,,,,,,
,,,,,17013,4.0,4,,,,,,
,,,,,17025,12.0,12,,,,,,
,,,,,17035,10.0,10,,,,,,
,,,,,17047,12.0,12,,,,,,
,,,,,17064,17.0,17,,,,,,
,,,,,17068,4.0,4,,,,,,
,,,,,17076,8.0,8,,,,,,
,,,,,17085,9.0,9,,,,,,
,,,,,17091,6.0,6,,,,,,
,,,,,17095,4.0,4,,,,,,
,,,,,17098,3.0,3,,,,,,
,,,,,17104,6.0,6,,,,,,
,,,,,17109,5.0,5,,,,,,
,,,,,17113,4.0,4,,,,,,
,,,,,17118,5.0,5,,,,,,
,,,,,17128,10.0,10,,,,,,
,,,,,17132,4.0,4,,,,,,
,,,,,17135,3.0,3,,,,,,
,,,,,17148,13.0,13,,,,,,
,,,,,17154,6.0,6,,,,,,
,,,,,17158,4.0,4,,,,,,
,,,,,17162,4.0,4,,,,,,
,,,,,17169,7.0,7,,,,,,
,,,,,17173,4.0,4,,,,,,
,,,,,17176,3.0,3,,,,,,
,,,,,17180,4.0,4,,,,,,
,,,,,17185,5.0,5,,,,,,
,,,,,17192,7.0,7,,,,,,
,,,,,17199,7.0,7,,,,,,
,,,,,17206,7.0,7,,,,,,
,,,,,17210,4.0,4,,,,,,
,,,,,17220,10.0,10,,,,,,
,,,,,17223,3.0,3,,,,,,
,,,,,17233,10.0,10,,,,,,
,,,,,17237,4.0,4,,,,,,
,,,,,17242,5.0,5,,,,,,
,,,,,17253,11.0,11,,,,,,
,,,,,17259,6.0,6,,,,,,
,,,,,17262,3.0,3,,,,,,
,,,,,17275,13.0,13,,,,,,
,,,,,17279,4.0,4,,,,,,
,,,,,17286,7.0,7,,,,,,
,,,,,17290,4.0,4,,,,,,
,,,,,17295,5.0,5,,,,,,
,,,,,17298,3.0,3,,,,,,
,,,,,17307,9.0,9,,,,,,
,,,,,17311,4.0,4,,,,,,
,,,,,17322,11.0,11,,,,,,
,,,,,17326,4.0,4,,,,,,
,,,,,17330,4.0,4,,,,,,
,,,,,17335,5.0,5,,,,,,
,,,,,17339,4.0,4,,,,,,
,,,,,17352,13.0,13,,,,,,
,,,,,17358,6.0,6,,,,,,
,,,,,17363,5.0,5,,,,,,
,,,,,17368,5.0,5,,,,,,
,,,,,17372,4.0,4,,,,,,
,,,,,17380,8.0,8,,,,,,
,,,,,17388,8.0,8,,,,,,
,,,,,17391,3.0,3,,,,,,
,,,,,17394,3.0,3,,,,,,
,,,,,17399,5.0,5,,,,,,
,,,,,17403,4.0,4,,,,,,
,,,,,17413,10.0,10,,,,,,
,,,,,17417,4.0,4,,,,,,
,,,,,17420,3.0,3,,,,,,
,,,,,17423,3.0,3,,,,,,
,,,,,17428,5.0,5,,,,,,
,,,,,17432,4.0,4,,,,,,
,,,,,17436,4.0,4,,,,,,
,,,,,17439,3.0,3,,,,,,
,,,,,17448,9.0,9,,,,,,
,,,,,17458,10.0,10,,,,,,
,,,,,17462,4.0,4,,,,,,
,,,,,17472,10.0,10,,,,,,
,,,,,17486,14.0,14,,,,,,
,,,,,17492,6.0,6,,,,,,
,,,,,17497,5.0,5,,,,,,
,,,,,17502,5.0,5,,,,,,
,,,,,17505,3.0,3,,,,,,
,,,,,17523,18.0,18,,,,,,
,,,,,17529,6.0,6,,,,,,
,,,,,17541,12.0,12,,,,,,
,,,,,17545,4.0,4,,,,,,
,,,,,17552,7.0,7,,,,,,
,,,,,17566,14.0,14,,,,,,
,,,,,17571,5.0,5,,,,,,
,,,,,17581,10.0,10,,,,,,
,,,,,17590,9.0,9,,,,,,
,,,,,17595,5.0,5,,,,,,
,,,,,17598,3.0,3,,,,,,
,,,,,17603,5.0,5,,,,,,
,,,,,17610,7.0,7,,,,,,
,,,,,17617,7.0,7,,,,,,
,,,,,17622,5.0,5,,,,,,
,,,,,17629,7.0,7,,,,,,
,,,,,17639,10.0,10,,,,,,
,,,,,17650,11.0,11,,,,,,
,,,,,17654,4.0,4,,,,,,
,,,,,17669,15.0,15,,,,,,
,,,,,17674,5.0,5,,,,,,
,,,,,17680,6.0,6,,,,,,
,,,,,17684,4.0,4,,,,,,
,,,,,17689,5.0,5,,,,,,
,,,,,17693,4.0,4,,,,,,
,,,,,17703,10.0,10,,,,,,
,,,,,17707,4.0,4,,,,,,
,,,,,17713,6.0,6,,,,,,
,,,,,17731,18.0,18,,,,,,
,,,,,17738,7.0,7,,,,,,
,,,,,17741,3.0,3,,,,,,
,,,,,17749,8.0,8,,,,,,
,,,,,17754,5.0,5,,,,,,
,,,,,17764,10.0,10,,,,,,
,,,,,17774,10.0,10,,,,,,
,,,,,17779,5.0,5,,,,,,
,,,,,17785,6.0,6,,,,,,
,,,,,17797,12.0,12,,,,,,
,,,,,17806,9.0,9,,,,,,
,,,,,17811,5.0,5,,,,,,
,,,,,17814,3.0,3,,,,,,
,,,,,17831,17.0,17,,,,,,
,,,,,17838,7.0,7,,,,,,
,,,,,17846,8.0,8,,,,,,
,,,,,17849,3.0,3,,,,,,
,,,,,17857,8.0,8,,,,,,
,,,,,17860,3.0,3,,,,,,
,,,,,17864,4.0,4,,,,,,
,,,,,17868,4.0,4,,,,,,
,,,,,17877,9.0,9,,,,,,
,,,,,17882,5.0,5,,,,,,
,,,,,17893,11.0,11,,,,,,
,,,,,17917,24.0,24,,,,,,
,,,,,17921,4.0,4,,,,,,
,,,,,17929,8.0,8,,,,,,
,,,,,17935,6.0,6,,,,,,
,,,,,17945,10.0,10,,,,,,
,,,,,17951,6.0,6,,,,,,
,,,,,17956,5.0,5,,,,,,
,,,,,17962,6.0,6,,,,,,
,,,,,17966,4.0,4,,,,,,
,,,,,17974,8.0,8,,,,,,
,,,,,17983,9.0,9,,,,,,
,,,,,17986,3.0,3,,,,,,
,,,,,17990,4.0,4,,,,,,
,,,,,17993,3.0,3,,,,,,
,,,,,18000,7.0,7,,,,,,
,,,,,18000,,,1.75018310546875,4.897658824920654,4.91357421875,0.0003,0.0003,0.1
,,,,,18006,6.0,6,,,,,,
,,,,,18010,4.0,4,,,,,,
,,,,,18014,4.0,4,,,,,,
,,,,,18018,4.0,4,,,,,,
,,,,,18028,10.0,10,,,,,,
,,,,,18034,6.0,6,,,,,,
,,,,,18041,7.0,7,,,,,,
,,,,,18047,6.0,6,,,,,,
,,,,,18053,6.0,6,,,,,,
,,,,,18058,5.0,5,,,,,,
,,,,,18061,3.0,3,,,,,,
,,,,,18066,5.0,5,,,,,,
,,,,,18076,10.0,10,,,,,,
,,,,,18084,8.0,8,,,,,,
,,,,,18088,4.0,4,,,,,,
,,,,,18092,4.0,4,,,,,,
,,,,,18100,8.0,8,,,,,,
,,,,,18106,6.0,6,,,,,,
,,,,,18110,4.0,4,,,,,,
,,,,,18114,4.0,4,,,,,,
,,,,,18118,4.0,4,,,,,,
,,,,,18124,6.0,6,,,,,,
,,,,,18130,6.0,6,,,,,,
,,,,,18133,3.0,3,,,,,,
,,,,,18145,12.0,12,,,,,,
,,,,,18155,10.0,10,,,,,,
,,,,,18160,5.0,5,,,,,,
,,,,,18171,11.0,11,,,,,,
,,,,,18177,6.0,6,,,,,,
,,,,,18181,4.0,4,,,,,,
,,,,,18197,16.0,16,,,,,,
,,,,,18201,4.0,4,,,,,,
,,,,,18207,6.0,6,,,,,,
,,,,,18212,5.0,5,,,,,,
,,,,,18223,11.0,11,,,,,,
,,,,,18227,4.0,4,,,,,,
,,,,,18231,4.0,4,,,,,,
,,,,,18237,6.0,6,,,,,,
,,,,,18242,5.0,5,,,,,,
,,,,,18246,4.0,4,,,,,,
,,,,,18250,4.0,4,,,,,,
,,,,,18253,3.0,3,,,,,,
,,,,,18257,4.0,4,,,,,,
,,,,,18264,7.0,7,,,,,,
,,,,,18270,6.0,6,,,,,,
,,,,,18275,5.0,5,,,,,,
,,,,,18280,5.0,5,,,,,,
,,,,,18283,3.0,3,,,,,,
,,,,,18289,6.0,6,,,,,,
,,,,,18302,13.0,13,,,,,,
,,,,,18306,4.0,4,,,,,,
,,,,,18309,3.0,3,,,,,,
,,,,,18313,4.0,4,,,,,,
,,,,,18320,7.0,7,,,,,,
,,,,,18330,10.0,10,,,,,,
,,,,,18334,4.0,4,,,,,,
,,,,,18344,10.0,10,,,,,,
,,,,,18348,4.0,4,,,,,,
,,,,,18352,4.0,4,,,,,,
,,,,,18364,12.0,12,,,,,,
,,,,,18367,3.0,3,,,,,,
,,,,,18371,4.0,4,,,,,,
,,,,,18382,11.0,11,,,,,,
,,,,,18385,3.0,3,,,,,,
,,,,,18390,5.0,5,,,,,,
,,,,,18397,7.0,7,,,,,,
,,,,,18402,5.0,5,,,,,,
,,,,,18406,4.0,4,,,,,,
,,,,,18412,6.0,6,,,,,,
,,,,,18418,6.0,6,,,,,,
,,,,,18427,9.0,9,,,,,,
,,,,,18430,3.0,3,,,,,,
,,,,,18433,3.0,3,,,,,,
,,,,,18446,13.0,13,,,,,,
,,,,,18453,7.0,7,,,,,,
,,,,,18460,7.0,7,,,,,,
,,,,,18464,4.0,4,,,,,,
,,,,,18479,15.0,15,,,,,,
,,,,,18488,9.0,9,,,,,,
,,,,,18494,6.0,6,,,,,,
,,,,,18501,7.0,7,,,,,,
,,,,,18505,4.0,4,,,,,,
,,,,,18511,6.0,6,,,,,,
,,,,,18529,18.0,18,,,,,,
,,,,,18535,6.0,6,,,,,,
,,,,,18542,7.0,7,,,,,,
,,,,,18545,3.0,3,,,,,,
,,,,,18548,3.0,3,,,,,,
,,,,,18555,7.0,7,,,,,,
,,,,,18559,4.0,4,,,,,,
,,,,,18578,19.0,19,,,,,,
,,,,,18588,10.0,10,,,,,,
,,,,,18592,4.0,4,,,,,,
,,,,,18600,8.0,8,,,,,,
,,,,,18606,6.0,6,,,,,,
,,,,,18609,3.0,3,,,,,,
,,,,,18629,20.0,20,,,,,,
,,,,,18634,5.0,5,,,,,,
,,,,,18639,5.0,5,,,,,,
,,,,,18643,4.0,4,,,,,,
,,,,,18647,4.0,4,,,,,,
,,,,,18650,3.0,3,,,,,,
,,,,,18656,6.0,6,,,,,,
,,,,,18659,3.0,3,,,,,,
,,,,,18664,5.0,5,,,,,,
,,,,,18670,6.0,6,,,,,,
,,,,,18674,4.0,4,,,,,,
,,,,,18683,9.0,9,,,,,,
,,,,,18690,7.0,7,,,,,,
,,,,,18699,9.0,9,,,,,,
,,,,,18707,8.0,8,,,,,,
,,,,,18712,5.0,5,,,,,,
,,,,,18716,4.0,4,,,,,,
,,,,,18720,4.0,4,,,,,,
,,,,,18728,8.0,8,,,,,,
,,,,,18743,15.0,15,,,,,,
,,,,,18748,5.0,5,,,,,,
,,,,,18757,9.0,9,,,,,,
,,,,,18764,7.0,7,,,,,,
,,,,,18772,8.0,8,,,,,,
,,,,,18779,7.0,7,,,,,,
,,,,,18784,5.0,5,,,,,,
,,,,,18788,4.0,4,,,,,,
,,,,,18792,4.0,4,,,,,,
,,,,,18800,8.0,8,,,,,,
,,,,,18805,5.0,5,,,,,,
,,,,,18816,11.0,11,,,,,,
,,,,,18827,11.0,11,,,,,,
,,,,,18834,7.0,7,,,,,,
,,,,,18840,6.0,6,,,,,,
,,,,,18845,5.0,5,,,,,,
,,,,,18852,7.0,7,,,,,,
,,,,,18861,9.0,9,,,,,,
,,,,,18872,11.0,11,,,,,,
,,,,,18880,8.0,8,,,,,,
,,,,,18884,4.0,4,,,,,,
,,,,,18895,11.0,11,,,,,,
,,,,,18904,9.0,9,,,,,,
,,,,,18910,6.0,6,,,,,,
,,,,,18917,7.0,7,,,,,,
,,,,,18941,24.0,24,,,,,,
,,,,,18947,6.0,6,,,,,,
,,,,,18951,4.0,4,,,,,,
,,,,,18961,10.0,10,,,,,,
,,,,,18967,6.0,6,,,,,,
,,,,,18983,16.0,16,,,,,,
,,,,,18993,10.0,10,,,,,,
,,,,,18997,4.0,4,,,,,,
,,,,,19000,,,2.2296652793884277,5.1894378662109375,5.1094183921813965,0.0003,0.0003,0.1
,,,,,19003,6.0,6,,,,,,
,,,,,19007,4.0,4,,,,,,
,,,,,19012,5.0,5,,,,,,
,,,,,19023,11.0,11,,,,,,
,,,,,19026,3.0,3,,,,,,
,,,,,19030,4.0,4,,,,,,
,,,,,19034,4.0,4,,,,,,
,,,,,19042,8.0,8,,,,,,
,,,,,19055,13.0,13,,,,,,
,,,,,19059,4.0,4,,,,,,
,,,,,19066,7.0,7,,,,,,
,,,,,19071,5.0,5,,,,,,
,,,,,19086,15.0,15,,,,,,
,,,,,19092,6.0,6,,,,,,
,,,,,19097,5.0,5,,,,,,
,,,,,19100,3.0,3,,,,,,
,,,,,19105,5.0,5,,,,,,
,,,,,19112,7.0,7,,,,,,
,,,,,19117,5.0,5,,,,,,
,,,,,19121,4.0,4,,,,,,
,,,,,19129,8.0,8,,,,,,
,,,,,19138,9.0,9,,,,,,
,,,,,19142,4.0,4,,,,,,
,,,,,19154,12.0,12,,,,,,
,,,,,19161,7.0,7,,,,,,
,,,,,19165,4.0,4,,,,,,
,,,,,19170,5.0,5,,,,,,
,,,,,19174,4.0,4,,,,,,
,,,,,19181,7.0,7,,,,,,
,,,,,19185,4.0,4,,,,,,
,,,,,19189,4.0,4,,,,,,
,,,,,19202,13.0,13,,,,,,
,,,,,19205,3.0,3,,,,,,
,,,,,19208,3.0,3,,,,,,
,,,,,19211,3.0,3,,,,,,
,,,,,19224,13.0,13,,,,,,
,,,,,19235,11.0,11,,,,,,
,,,,,19238,3.0,3,,,,,,
,,,,,19241,3.0,3,,,,,,
,,,,,19244,3.0,3,,,,,,
,,,,,19247,3.0,3,,,,,,
,,,,,19255,8.0,8,,,,,,
,,,,,19262,7.0,7,,,,,,
,,,,,19267,5.0,5,,,,,,
,,,,,19270,3.0,3,,,,,,
,,,,,19273,3.0,3,,,,,,
,,,,,19278,5.0,5,,,,,,
,,,,,19289,11.0,11,,,,,,
,,,,,19294,5.0,5,,,,,,
,,,,,19298,4.0,4,,,,,,
,,,,,19301,3.0,3,,,,,,
,,,,,19306,5.0,5,,,,,,
,,,,,19312,6.0,6,,,,,,
,,,,,19323,11.0,11,,,,,,
,,,,,19331,8.0,8,,,,,,
,,,,,19336,5.0,5,,,,,,
,,,,,19341,5.0,5,,,,,,
,,,,,19354,13.0,13,,,,,,
,,,,,19371,17.0,17,,,,,,
,,,,,19374,3.0,3,,,,,,
,,,,,19379,5.0,5,,,,,,
,,,,,19387,8.0,8,,,,,,
,,,,,19396,9.0,9,,,,,,
,,,,,19402,6.0,6,,,,,,
,,,,,19411,9.0,9,,,,,,
,,,,,19418,7.0,7,,,,,,
,,,,,19423,5.0,5,,,,,,
,,,,,19431,8.0,8,,,,,,
,,,,,19434,3.0,3,,,,,,
,,,,,19438,4.0,4,,,,,,
,,,,,19442,4.0,4,,,,,,
,,,,,19446,4.0,4,,,,,,
,,,,,19450,4.0,4,,,,,,
,,,,,19455,5.0,5,,,,,,
,,,,,19464,9.0,9,,,,,,
,,,,,19476,12.0,12,,,,,,
,,,,,19480,4.0,4,,,,,,
,,,,,19485,5.0,5,,,,,,
,,,,,19488,3.0,3,,,,,,
,,,,,19492,4.0,4,,,,,,
,,,,,19495,3.0,3,,,,,,
,,,,,19502,7.0,7,,,,,,
,,,,,19523,21.0,21,,,,,,
,,,,,19531,8.0,8,,,,,,
,,,,,19542,11.0,11,,,,,,
,,,,,19551,9.0,9,,,,,,
,,,,,19559,8.0,8,,,,,,
,,,,,19563,4.0,4,,,,,,
,,,,,19567,4.0,4,,,,,,
,,,,,19579,12.0,12,,,,,,
,,,,,19584,5.0,5,,,,,,
,,,,,19591,7.0,7,,,,,,
,,,,,19599,8.0,8,,,,,,
,,,,,19604,5.0,5,,,,,,
,,,,,19608,4.0,4,,,,,,
,,,,,19614,6.0,6,,,,,,
,,,,,19618,4.0,4,,,,,,
,,,,,19627,9.0,9,,,,,,
,,,,,19641,14.0,14,,,,,,
,,,,,19649,8.0,8,,,,,,
,,,,,19652,3.0,3,,,,,,
,,,,,19656,4.0,4,,,,,,
,,,,,19661,5.0,5,,,,,,
,,,,,19670,9.0,9,,,,,,
,,,,,19674,4.0,4,,,,,,
,,,,,19679,5.0,5,,,,,,
,,,,,19684,5.0,5,,,,,,
,,,,,19688,4.0,4,,,,,,
,,,,,19694,6.0,6,,,,,,
,,,,,19705,11.0,11,,,,,,
,,,,,19719,14.0,14,,,,,,
,,,,,19723,4.0,4,,,,,,
,,,,,19733,10.0,10,,,,,,
,,,,,19738,5.0,5,,,,,,
,,,,,19745,7.0,7,,,,,,
,,,,,19754,9.0,9,,,,,,
,,,,,19765,11.0,11,,,,,,
,,,,,19770,5.0,5,,,,,,
,,,,,19779,9.0,9,,,,,,
,,,,,19785,6.0,6,,,,,,
,,,,,19802,17.0,17,,,,,,
,,,,,19805,3.0,3,,,,,,
,,,,,19810,5.0,5,,,,,,
,,,,,19818,8.0,8,,,,,,
,,,,,19829,11.0,11,,,,,,
,,,,,19836,7.0,7,,,,,,
,,,,,19840,4.0,4,,,,,,
,,,,,19847,7.0,7,,,,,,
,,,,,19851,4.0,4,,,,,,
,,,,,19868,17.0,17,,,,,,
,,,,,19872,4.0,4,,,,,,
,,,,,19878,6.0,6,,,,,,
,,,,,19881,3.0,3,,,,,,
,,,,,19888,7.0,7,,,,,,
,,,,,19892,4.0,4,,,,,,
,,,,,19901,9.0,9,,,,,,
,,,,,19906,5.0,5,,,,,,
,,,,,19909,3.0,3,,,,,,
,,,,,19915,6.0,6,,,,,,
,,,,,19924,9.0,9,,,,,,
,,,,,19931,7.0,7,,,,,,
,,,,,19935,4.0,4,,,,,,
,,,,,19947,12.0,12,,,,,,
,,,,,19952,5.0,5,,,,,,
,,,,,19956,4.0,4,,,,,,
,,,,,19973,17.0,17,,,,,,
,,,,,19979,6.0,6,,,,,,
,,,,,19985,6.0,6,,,,,,
,,,,,19990,5.0,5,,,,,,
,,,,,19994,4.0,4,,,,,,
,,,,,19999,5.0,5,,,,,,
7.0,4.3817806,19.0,3.0,7.0,20000,,,1.9344468116760254,5.0315728187561035,5.014869213104248,0.0003,0.0003,0.1
,,,,,20005,6.0,6,,,,,,
,,,,,20013,8.0,8,,,,,,
,,,,,20017,4.0,4,,,,,,
,,,,,20030,13.0,13,,,,,,
,,,,,20033,3.0,3,,,,,,
,,,,,20037,4.0,4,,,,,,
,,,,,20040,3.0,3,,,,,,
,,,,,20047,7.0,7,,,,,,
,,,,,20054,7.0,7,,,,,,
,,,,,20058,4.0,4,,,,,,
,,,,,20061,3.0,3,,,,,,
,,,,,20064,3.0,3,,,,,,
,,,,,20068,4.0,4,,,,,,
,,,,,20076,8.0,8,,,,,,
,,,,,20086,10.0,10,,,,,,
,,,,,20093,7.0,7,,,,,,
,,,,,20098,5.0,5,,,,,,
,,,,,20107,9.0,9,,,,,,
,,,,,20111,4.0,4,,,,,,
,,,,,20115,4.0,4,,,,,,
,,,,,20123,8.0,8,,,,,,
,,,,,20127,4.0,4,,,,,,
,,,,,20131,4.0,4,,,,,,
,,,,,20136,5.0,5,,,,,,
,,,,,20144,8.0,8,,,,,,
,,,,,20152,8.0,8,,,,,,
,,,,,20155,3.0,3,,,,,,
,,,,,20168,13.0,13,,,,,,
,,,,,20172,4.0,4,,,,,,
,,,,,20184,12.0,12,,,,,,
,,,,,20189,5.0,5,,,,,,
,,,,,20205,16.0,16,,,,,,
,,,,,20215,10.0,10,,,,,,
,,,,,20220,5.0,5,,,,,,
,,,,,20229,9.0,9,,,,,,
,,,,,20232,3.0,3,,,,,,
,,,,,20238,6.0,6,,,,,,
,,,,,20246,8.0,8,,,,,,
,,,,,20253,7.0,7,,,,,,
,,,,,20256,3.0,3,,,,,,
,,,,,20260,4.0,4,,,,,,
,,,,,20268,8.0,8,,,,,,
,,,,,20275,7.0,7,,,,,,
,,,,,20284,9.0,9,,,,,,
,,,,,20290,6.0,6,,,,,,
,,,,,20296,6.0,6,,,,,,
,,,,,20302,6.0,6,,,,,,
,,,,,20307,5.0,5,,,,,,
,,,,,20314,7.0,7,,,,,,
,,,,,20317,3.0,3,,,,,,
,,,,,20324,7.0,7,,,,,,
,,,,,20334,10.0,10,,,,,,
,,,,,20340,6.0,6,,,,,,
,,,,,20343,3.0,3,,,,,,
,,,,,20364,21.0,21,,,,,,
,,,,,20369,5.0,5,,,,,,
,,,,,20373,4.0,4,,,,,,
,,,,,20379,6.0,6,,,,,,
,,,,,20382,3.0,3,,,,,,
,,,,,20385,3.0,3,,,,,,
,,,,,20389,4.0,4,,,,,,
,,,,,20393,4.0,4,,,,,,
,,,,,20397,4.0,4,,,,,,
,,,,,20400,3.0,3,,,,,,
,,,,,20405,5.0,5,,,,,,
,,,,,20408,3.0,3,,,,,,
,,,,,20412,4.0,4,,,,,,
,,,,,20417,5.0,5,,,,,,
,,,,,20420,3.0,3,,,,,,
,,,,,20430,10.0,10,,,,,,
,,,,,20440,10.0,10,,,,,,
,,,,,20447,7.0,7,,,,,,
,,,,,20459,12.0,12,,,,,,
,,,,,20473,14.0,14,,,,,,
,,,,,20485,12.0,12,,,,,,
,,,,,20491,6.0,6,,,,,,
,,,,,20495,4.0,4,,,,,,
,,,,,20499,4.0,4,,,,,,
,,,,,20504,5.0,5,,,,,,
,,,,,20507,3.0,3,,,,,,
,,,,,20516,9.0,9,,,,,,
,,,,,20519,3.0,3,,,,,,
,,,,,20524,5.0,5,,,,,,
,,,,,20530,6.0,6,,,,,,
,,,,,20542,12.0,12,,,,,,
,,,,,20545,3.0,3,,,,,,
,,,,,20557,12.0,12,,,,,,
,,,,,20563,6.0,6,,,,,,
,,,,,20573,10.0,10,,,,,,
,,,,,20579,6.0,6,,,,,,
,,,,,20583,4.0,4,,,,,,
,,,,,20588,5.0,5,,,,,,
,,,,,20591,3.0,3,,,,,,
,,,,,20599,8.0,8,,,,,,
,,,,,20604,5.0,5,,,,,,
,,,,,20615,11.0,11,,,,,,
,,,,,20620,5.0,5,,,,,,
,,,,,20627,7.0,7,,,,,,
,,,,,20633,6.0,6,,,,,,
,,,,,20639,6.0,6,,,,,,
,,,,,20643,4.0,4,,,,,,
,,,,,20651,8.0,8,,,,,,
,,,,,20654,3.0,3,,,,,,
,,,,,20659,5.0,5,,,,,,
,,,,,20670,11.0,11,,,,,,
,,,,,20682,12.0,12,,,,,,
,,,,,20692,10.0,10,,,,,,
,,,,,20712,20.0,20,,,,,,
,,,,,20719,7.0,7,,,,,,
,,,,,20723,4.0,4,,,,,,
,,,,,20735,12.0,12,,,,,,
,,,,,20740,5.0,5,,,,,,
,,,,,20752,12.0,12,,,,,,
,,,,,20764,12.0,12,,,,,,
,,,,,20774,10.0,10,,,,,,
,,,,,20778,4.0,4,,,,,,
,,,,,20786,8.0,8,,,,,,
,,,,,20795,9.0,9,,,,,,
,,,,,20803,8.0,8,,,,,,
,,,,,20807,4.0,4,,,,,,
,,,,,20812,5.0,5,,,,,,
,,,,,20817,5.0,5,,,,,,
,,,,,20823,6.0,6,,,,,,
,,,,,20828,5.0,5,,,,,,
,,,,,20834,6.0,6,,,,,,
,,,,,20838,4.0,4,,,,,,
,,,,,20841,3.0,3,,,,,,
,,,,,20854,13.0,13,,,,,,
,,,,,20871,17.0,17,,,,,,
,,,,,20875,4.0,4,,,,,,
,,,,,20884,9.0,9,,,,,,
,,,,,20889,5.0,5,,,,,,
,,,,,20906,17.0,17,,,,,,
,,,,,20910,4.0,4,,,,,,
,,,,,20920,10.0,10,,,,,,
,,,,,20923,3.0,3,,,,,,
,,,,,20931,8.0,8,,,,,,
,,,,,20935,4.0,4,,,,,,
,,,,,20938,3.0,3,,,,,,
,,,,,20946,8.0,8,,,,,,
,,,,,20949,3.0,3,,,,,,
,,,,,20954,5.0,5,,,,,,
,,,,,20957,3.0,3,,,,,,
,,,,,20962,5.0,5,,,,,,
,,,,,20968,6.0,6,,,,,,
,,,,,20976,8.0,8,,,,,,
,,,,,20985,9.0,9,,,,,,
,,,,,21000,,,1.7599382400512695,4.830014228820801,4.8245368003845215,0.0003,0.0003,0.1
,,,,,21001,16.0,16,,,,,,
,,,,,21007,6.0,6,,,,,,
,,,,,21021,14.0,14,,,,,,
,,,,,21028,7.0,7,,,,,,
,,,,,21038,10.0,10,,,,,,
,,,,,21044,6.0,6,,,,,,
,,,,,21047,3.0,3,,,,,,
,,,,,21055,8.0,8,,,,,,
,,,,,21061,6.0,6,,,,,,
,,,,,21076,15.0,15,,,,,,
,,,,,21082,6.0,6,,,,,,
,,,,,21085,3.0,3,,,,,,
,,,,,21091,6.0,6,,,,,,
,,,,,21099,8.0,8,,,,,,
,,,,,21103,4.0,4,,,,,,
,,,,,21117,14.0,14,,,,,,
,,,,,21124,7.0,7,,,,,,
,,,,,21129,5.0,5,,,,,,
,,,,,21134,5.0,5,,,,,,
,,,,,21137,3.0,3,,,,,,
,,,,,21148,11.0,11,,,,,,
,,,,,21159,11.0,11,,,,,,
,,,,,21165,6.0,6,,,,,,
,,,,,21169,4.0,4,,,,,,
,,,,,21184,15.0,15,,,,,,
,,,,,21193,9.0,9,,,,,,
,,,,,21211,18.0,18,,,,,,
,,,,,21215,4.0,4,,,,,,
,,,,,21219,4.0,4,,,,,,
,,,,,21222,3.0,3,,,,,,
,,,,,21229,7.0,7,,,,,,
,,,,,21236,7.0,7,,,,,,
,,,,,21239,3.0,3,,,,,,
,,,,,21248,9.0,9,,,,,,
,,,,,21252,4.0,4,,,,,,
,,,,,21260,8.0,8,,,,,,
,,,,,21267,7.0,7,,,,,,
,,,,,21272,5.0,5,,,,,,
,,,,,21276,4.0,4,,,,,,
,,,,,21286,10.0,10,,,,,,
,,,,,21299,13.0,13,,,,,,
,,,,,21304,5.0,5,,,,,,
,,,,,21308,4.0,4,,,,,,
,,,,,21320,12.0,12,,,,,,
,,,,,21328,8.0,8,,,,,,
,,,,,21331,3.0,3,,,,,,
,,,,,21346,15.0,15,,,,,,
,,,,,21361,15.0,15,,,,,,
,,,,,21376,15.0,15,,,,,,
,,,,,21379,3.0,3,,,,,,
,,,,,21385,6.0,6,,,,,,
,,,,,21390,5.0,5,,,,,,
,,,,,21402,12.0,12,,,,,,
,,,,,21407,5.0,5,,,,,,
,,,,,21411,4.0,4,,,,,,
,,,,,21419,8.0,8,,,,,,
,,,,,21427,8.0,8,,,,,,
,,,,,21433,6.0,6,,,,,,
,,,,,21440,7.0,7,,,,,,
,,,,,21447,7.0,7,,,,,,
,,,,,21456,9.0,9,,,,,,
,,,,,21460,4.0,4,,,,,,
,,,,,21464,4.0,4,,,,,,
,,,,,21469,5.0,5,,,,,,
,,,,,21474,5.0,5,,,,,,
,,,,,21477,3.0,3,,,,,,
,,,,,21484,7.0,7,,,,,,
,,,,,21489,5.0,5,,,,,,
,,,,,21495,6.0,6,,,,,,
,,,,,21499,4.0,4,,,,,,
,,,,,21503,4.0,4,,,,,,
,,,,,21511,8.0,8,,,,,,
,,,,,21521,10.0,10,,,,,,
,,,,,21526,5.0,5,,,,,,
,,,,,21534,8.0,8,,,,,,
,,,,,21542,8.0,8,,,,,,
,,,,,21547,5.0,5,,,,,,
,,,,,21550,3.0,3,,,,,,
,,,,,21556,6.0,6,,,,,,
,,,,,21563,7.0,7,,,,,,
,,,,,21567,4.0,4,,,,,,
,,,,,21572,5.0,5,,,,,,
,,,,,21575,3.0,3,,,,,,
,,,,,21580,5.0,5,,,,,,
,,,,,21584,4.0,4,,,,,,
,,,,,21600,16.0,16,,,,,,
,,,,,21604,4.0,4,,,,,,
,,,,,21613,9.0,9,,,,,,
,,,,,21628,15.0,15,,,,,,
,,,,,21640,12.0,12,,,,,,
,,,,,21643,3.0,3,,,,,,
,,,,,21649,6.0,6,,,,,,
,,,,,21673,24.0,24,,,,,,
,,,,,21677,4.0,4,,,,,,
,,,,,21680,3.0,3,,,,,,
,,,,,21689,9.0,9,,,,,,
,,,,,21699,10.0,10,,,,,,
,,,,,21703,4.0,4,,,,,,
,,,,,21708,5.0,5,,,,,,
,,,,,21713,5.0,5,,,,,,
,,,,,21718,5.0,5,,,,,,
,,,,,21721,3.0,3,,,,,,
,,,,,21724,3.0,3,,,,,,
,,,,,21729,5.0,5,,,,,,
,,,,,21739,10.0,10,,,,,,
,,,,,21742,3.0,3,,,,,,
,,,,,21751,9.0,9,,,,,,
,,,,,21756,5.0,5,,,,,,
,,,,,21768,12.0,12,,,,,,
,,,,,21773,5.0,5,,,,,,
,,,,,21779,6.0,6,,,,,,
,,,,,21783,4.0,4,,,,,,
,,,,,21792,9.0,9,,,,,,
,,,,,21796,4.0,4,,,,,,
,,,,,21803,7.0,7,,,,,,
,,,,,21806,3.0,3,,,,,,
,,,,,21817,11.0,11,,,,,,
,,,,,21826,9.0,9,,,,,,
,,,,,21837,11.0,11,,,,,,
,,,,,21842,5.0,5,,,,,,
,,,,,21846,4.0,4,,,,,,
,,,,,21849,3.0,3,,,,,,
,,,,,21857,8.0,8,,,,,,
,,,,,21867,10.0,10,,,,,,
,,,,,21870,3.0,3,,,,,,
,,,,,21875,5.0,5,,,,,,
,,,,,21879,4.0,4,,,,,,
,,,,,21886,7.0,7,,,,,,
,,,,,21890,4.0,4,,,,,,
,,,,,21895,5.0,5,,,,,,
,,,,,21900,5.0,5,,,,,,
,,,,,21909,9.0,9,,,,,,
,,,,,21913,4.0,4,,,,,,
,,,,,21917,4.0,4,,,,,,
,,,,,21922,5.0,5,,,,,,
,,,,,21935,13.0,13,,,,,,
,,,,,21940,5.0,5,,,,,,
,,,,,21958,18.0,18,,,,,,
,,,,,21973,15.0,15,,,,,,
,,,,,21980,7.0,7,,,,,,
,,,,,21988,8.0,8,,,,,,
,,,,,21994,6.0,6,,,,,,
,,,,,21998,4.0,4,,,,,,
,,,,,22000,,,2.1261844635009766,4.95336389541626,4.813340187072754,0.0003,0.0003,0.1
,,,,,22008,10.0,10,,,,,,
,,,,,22016,8.0,8,,,,,,
,,,,,22023,7.0,7,,,,,,
,,,,,22031,8.0,8,,,,,,
,,,,,22041,10.0,10,,,,,,
,,,,,22044,3.0,3,,,,,,
,,,,,22048,4.0,4,,,,,,
,,,,,22051,3.0,3,,,,,,
,,,,,22055,4.0,4,,,,,,
,,,,,22061,6.0,6,,,,,,
,,,,,22065,4.0,4,,,,,,
,,,,,22068,3.0,3,,,,,,
,,,,,22075,7.0,7,,,,,,
,,,,,22093,18.0,18,,,,,,
,,,,,22097,4.0,4,,,,,,
,,,,,22103,6.0,6,,,,,,
,,,,,22108,5.0,5,,,,,,
,,,,,22117,9.0,9,,,,,,
,,,,,22120,3.0,3,,,,,,
,,,,,22130,10.0,10,,,,,,
,,,,,22133,3.0,3,,,,,,
,,,,,22150,17.0,17,,,,,,
,,,,,22160,10.0,10,,,,,,
,,,,,22164,4.0,4,,,,,,
,,,,,22178,14.0,14,,,,,,
,,,,,22187,9.0,9,,,,,,
,,,,,22192,5.0,5,,,,,,
,,,,,22202,10.0,10,,,,,,
,,,,,22207,5.0,5,,,,,,
,,,,,22213,6.0,6,,,,,,
,,,,,22218,5.0,5,,,,,,
,,,,,22225,7.0,7,,,,,,
,,,,,22230,5.0,5,,,,,,
,,,,,22243,13.0,13,,,,,,
,,,,,22247,4.0,4,,,,,,
,,,,,22257,10.0,10,,,,,,
,,,,,22266,9.0,9,,,,,,
,,,,,22278,12.0,12,,,,,,
,,,,,22283,5.0,5,,,,,,
,,,,,22289,6.0,6,,,,,,
,,,,,22292,3.0,3,,,,,,
,,,,,22296,4.0,4,,,,,,
,,,,,22302,6.0,6,,,,,,
,,,,,22309,7.0,7,,,,,,
,,,,,22316,7.0,7,,,,,,
,,,,,22319,3.0,3,,,,,,
,,,,,22327,8.0,8,,,,,,
,,,,,22330,3.0,3,,,,,,
,,,,,22347,17.0,17,,,,,,
,,,,,22351,4.0,4,,,,,,
,,,,,22370,19.0,19,,,,,,
,,,,,22379,9.0,9,,,,,,
,,,,,22382,3.0,3,,,,,,
,,,,,22389,7.0,7,,,,,,
,,,,,22394,5.0,5,,,,,,
,,,,,22399,5.0,5,,,,,,
,,,,,22404,5.0,5,,,,,,
,,,,,22408,4.0,4,,,,,,
,,,,,22412,4.0,4,,,,,,
,,,,,22417,5.0,5,,,,,,
,,,,,22430,13.0,13,,,,,,
,,,,,22435,5.0,5,,,,,,
,,,,,22445,10.0,10,,,,,,
,,,,,22452,7.0,7,,,,,,
,,,,,22458,6.0,6,,,,,,
,,,,,22463,5.0,5,,,,,,
,,,,,22467,4.0,4,,,,,,
,,,,,22472,5.0,5,,,,,,
,,,,,22476,4.0,4,,,,,,
,,,,,22482,6.0,6,,,,,,
,,,,,22486,4.0,4,,,,,,
,,,,,22495,9.0,9,,,,,,
,,,,,22507,12.0,12,,,,,,
,,,,,22514,7.0,7,,,,,,
,,,,,22519,5.0,5,,,,,,
,,,,,22522,3.0,3,,,,,,
,,,,,22534,12.0,12,,,,,,
,,,,,22550,16.0,16,,,,,,
,,,,,22556,6.0,6,,,,,,
,,,,,22563,7.0,7,,,,,,
,,,,,22569,6.0,6,,,,,,
,,,,,22577,8.0,8,,,,,,
,,,,,22581,4.0,4,,,,,,
,,,,,22586,5.0,5,,,,,,
,,,,,22594,8.0,8,,,,,,
,,,,,22600,6.0,6,,,,,,
,,,,,22614,14.0,14,,,,,,
,,,,,22617,3.0,3,,,,,,
,,,,,22620,3.0,3,,,,,,
,,,,,22631,11.0,11,,,,,,
,,,,,22637,6.0,6,,,,,,
,,,,,22640,3.0,3,,,,,,
,,,,,22643,3.0,3,,,,,,
,,,,,22654,11.0,11,,,,,,
,,,,,22661,7.0,7,,,,,,
,,,,,22666,5.0,5,,,,,,
,,,,,22670,4.0,4,,,,,,
,,,,,22683,13.0,13,,,,,,
,,,,,22688,5.0,5,,,,,,
,,,,,22692,4.0,4,,,,,,
,,,,,22698,6.0,6,,,,,,
,,,,,22704,6.0,6,,,,,,
,,,,,22708,4.0,4,,,,,,
,,,,,22718,10.0,10,,,,,,
,,,,,22727,9.0,9,,,,,,
,,,,,22733,6.0,6,,,,,,
,,,,,22751,18.0,18,,,,,,
,,,,,22768,17.0,17,,,,,,
,,,,,22772,4.0,4,,,,,,
,,,,,22775,3.0,3,,,,,,
,,,,,22779,4.0,4,,,,,,
,,,,,22783,4.0,4,,,,,,
,,,,,22787,4.0,4,,,,,,
,,,,,22792,5.0,5,,,,,,
,,,,,22795,3.0,3,,,,,,
,,,,,22800,5.0,5,,,,,,
,,,,,22807,7.0,7,,,,,,
,,,,,22813,6.0,6,,,,,,
,,,,,22820,7.0,7,,,,,,
,,,,,22825,5.0,5,,,,,,
,,,,,22836,11.0,11,,,,,,
,,,,,22840,4.0,4,,,,,,
,,,,,22843,3.0,3,,,,,,
,,,,,22856,13.0,13,,,,,,
,,,,,22861,5.0,5,,,,,,
,,,,,22867,6.0,6,,,,,,
,,,,,22877,10.0,10,,,,,,
,,,,,22880,3.0,3,,,,,,
,,,,,22883,3.0,3,,,,,,
,,,,,22888,5.0,5,,,,,,
,,,,,22893,5.0,5,,,,,,
,,,,,22897,4.0,4,,,,,,
,,,,,22901,4.0,4,,,,,,
,,,,,22912,11.0,11,,,,,,
,,,,,22924,12.0,12,,,,,,
,,,,,22933,9.0,9,,,,,,
,,,,,22939,6.0,6,,,,,,
,,,,,22943,4.0,4,,,,,,
,,,,,22946,3.0,3,,,,,,
,,,,,22951,5.0,5,,,,,,
,,,,,22967,16.0,16,,,,,,
,,,,,22970,3.0,3,,,,,,
,,,,,22991,21.0,21,,,,,,
,,,,,23000,9.0,9,,,,,,
,,,,,23000,,,1.7340679168701172,4.599677085876465,4.482522964477539,0.0003,0.0003,0.1
,,,,,23005,5.0,5,,,,,,
,,,,,23013,8.0,8,,,,,,
,,,,,23018,5.0,5,,,,,,
,,,,,23024,6.0,6,,,,,,
,,,,,23028,4.0,4,,,,,,
,,,,,23045,17.0,17,,,,,,
,,,,,23050,5.0,5,,,,,,
,,,,,23054,4.0,4,,,,,,
,,,,,23066,12.0,12,,,,,,
,,,,,23072,6.0,6,,,,,,
,,,,,23078,6.0,6,,,,,,
,,,,,23084,6.0,6,,,,,,
,,,,,23088,4.0,4,,,,,,
,,,,,23092,4.0,4,,,,,,
,,,,,23097,5.0,5,,,,,,
,,,,,23100,3.0,3,,,,,,
,,,,,23104,4.0,4,,,,,,
,,,,,23109,5.0,5,,,,,,
,,,,,23114,5.0,5,,,,,,
,,,,,23118,4.0,4,,,,,,
,,,,,23141,23.0,23,,,,,,
,,,,,23168,27.0,27,,,,,,
,,,,,23184,16.0,16,,,,,,
,,,,,23189,5.0,5,,,,,,
,,,,,23193,4.0,4,,,,,,
,,,,,23205,12.0,12,,,,,,
,,,,,23212,7.0,7,,,,,,
,,,,,23215,3.0,3,,,,,,
,,,,,23221,6.0,6,,,,,,
,,,,,23225,4.0,4,,,,,,
,,,,,23238,13.0,13,,,,,,
,,,,,23251,13.0,13,,,,,,
,,,,,23254,3.0,3,,,,,,
,,,,,23258,4.0,4,,,,,,
,,,,,23265,7.0,7,,,,,,
,,,,,23271,6.0,6,,,,,,
,,,,,23279,8.0,8,,,,,,
,,,,,23286,7.0,7,,,,,,
,,,,,23291,5.0,5,,,,,,
,,,,,23296,5.0,5,,,,,,
,,,,,23306,10.0,10,,,,,,
,,,,,23312,6.0,6,,,,,,
,,,,,23318,6.0,6,,,,,,
,,,,,23321,3.0,3,,,,,,
,,,,,23330,9.0,9,,,,,,
,,,,,23334,4.0,4,,,,,,
,,,,,23338,4.0,4,,,,,,
,,,,,23346,8.0,8,,,,,,
,,,,,23350,4.0,4,,,,,,
,,,,,23362,12.0,12,,,,,,
,,,,,23372,10.0,10,,,,,,
,,,,,23375,3.0,3,,,,,,
,,,,,23379,4.0,4,,,,,,
,,,,,23382,3.0,3,,,,,,
,,,,,23392,10.0,10,,,,,,
,,,,,23397,5.0,5,,,,,,
,,,,,23406,9.0,9,,,,,,
,,,,,23419,13.0,13,,,,,,
,,,,,23422,3.0,3,,,,,,
,,,,,23439,17.0,17,,,,,,
,,,,,23445,6.0,6,,,,,,
,,,,,23452,7.0,7,,,,,,
,,,,,23461,9.0,9,,,,,,
,,,,,23465,4.0,4,,,,,,
,,,,,23469,4.0,4,,,,,,
,,,,,23476,7.0,7,,,,,,
,,,,,23490,14.0,14,,,,,,
,,,,,23496,6.0,6,,,,,,
,,,,,23501,5.0,5,,,,,,
,,,,,23505,4.0,4,,,,,,
,,,,,23513,8.0,8,,,,,,
,,,,,23524,11.0,11,,,,,,
,,,,,23527,3.0,3,,,,,,
,,,,,23533,6.0,6,,,,,,
,,,,,23542,9.0,9,,,,,,
,,,,,23552,10.0,10,,,,,,
,,,,,23568,16.0,16,,,,,,
,,,,,23579,11.0,11,,,,,,
,,,,,23586,7.0,7,,,,,,
,,,,,23592,6.0,6,,,,,,
,,,,,23596,4.0,4,,,,,,
,,,,,23600,4.0,4,,,,,,
,,,,,23607,7.0,7,,,,,,
,,,,,23610,3.0,3,,,,,,
,,,,,23621,11.0,11,,,,,,
,,,,,23635,14.0,14,,,,,,
,,,,,23638,3.0,3,,,,,,
,,,,,23642,4.0,4,,,,,,
,,,,,23657,15.0,15,,,,,,
,,,,,23664,7.0,7,,,,,,
,,,,,23669,5.0,5,,,,,,
,,,,,23678,9.0,9,,,,,,
,,,,,23684,6.0,6,,,,,,
,,,,,23689,5.0,5,,,,,,
,,,,,23697,8.0,8,,,,,,
,,,,,23701,4.0,4,,,,,,
,,,,,23712,11.0,11,,,,,,
,,,,,23717,5.0,5,,,,,,
,,,,,23723,6.0,6,,,,,,
,,,,,23740,17.0,17,,,,,,
,,,,,23745,5.0,5,,,,,,
,,,,,23749,4.0,4,,,,,,
,,,,,23761,12.0,12,,,,,,
,,,,,23768,7.0,7,,,,,,
,,,,,23777,9.0,9,,,,,,
,,,,,23783,6.0,6,,,,,,
,,,,,23786,3.0,3,,,,,,
,,,,,23795,9.0,9,,,,,,
,,,,,23799,4.0,4,,,,,,
,,,,,23809,10.0,10,,,,,,
,,,,,23822,13.0,13,,,,,,
,,,,,23826,4.0,4,,,,,,
,,,,,23841,15.0,15,,,,,,
,,,,,23848,7.0,7,,,,,,
,,,,,23864,16.0,16,,,,,,
,,,,,23875,11.0,11,,,,,,
,,,,,23879,4.0,4,,,,,,
,,,,,23883,4.0,4,,,,,,
,,,,,23892,9.0,9,,,,,,
,,,,,23896,4.0,4,,,,,,
,,,,,23900,4.0,4,,,,,,
,,,,,23903,3.0,3,,,,,,
,,,,,23907,4.0,4,,,,,,
,,,,,23915,8.0,8,,,,,,
,,,,,23926,11.0,11,,,,,,
,,,,,23931,5.0,5,,,,,,
,,,,,23935,4.0,4,,,,,,
,,,,,23940,5.0,5,,,,,,
,,,,,23951,11.0,11,,,,,,
,,,,,23955,4.0,4,,,,,,
,,,,,23965,10.0,10,,,,,,
,,,,,23970,5.0,5,,,,,,
,,,,,23973,3.0,3,,,,,,
,,,,,23983,10.0,10,,,,,,
,,,,,23988,5.0,5,,,,,,
,,,,,23994,6.0,6,,,,,,
,,,,,23998,4.0,4,,,,,,
,,,,,24000,,,1.8343220949172974,5.174495697021484,5.041720867156982,0.0003,0.0003,0.1
,,,,,24007,9.0,9,,,,,,
,,,,,24011,4.0,4,,,,,,
,,,,,24016,5.0,5,,,,,,
,,,,,24020,4.0,4,,,,,,
,,,,,24023,3.0,3,,,,,,
,,,,,24031,8.0,8,,,,,,
,,,,,24035,4.0,4,,,,,,
,,,,,24039,4.0,4,,,,,,
,,,,,24047,8.0,8,,,,,,
,,,,,24054,7.0,7,,,,,,
,,,,,24063,9.0,9,,,,,,
,,,,,24068,5.0,5,,,,,,
,,,,,24072,4.0,4,,,,,,
,,,,,24076,4.0,4,,,,,,
,,,,,24079,3.0,3,,,,,,
,,,,,24091,12.0,12,,,,,,
,,,,,24098,7.0,7,,,,,,
,,,,,24107,9.0,9,,,,,,
,,,,,24111,4.0,4,,,,,,
,,,,,24114,3.0,3,,,,,,
,,,,,24121,7.0,7,,,,,,
,,,,,24127,6.0,6,,,,,,
,,,,,24141,14.0,14,,,,,,
,,,,,24150,9.0,9,,,,,,
,,,,,24156,6.0,6,,,,,,
,,,,,24160,4.0,4,,,,,,
,,,,,24164,4.0,4,,,,,,
,,,,,24169,5.0,5,,,,,,
,,,,,24173,4.0,4,,,,,,
,,,,,24178,5.0,5,,,,,,
,,,,,24192,14.0,14,,,,,,
,,,,,24196,4.0,4,,,,,,
,,,,,24201,5.0,5,,,,,,
,,,,,24211,10.0,10,,,,,,
,,,,,24214,3.0,3,,,,,,
,,,,,24225,11.0,11,,,,,,
,,,,,24234,9.0,9,,,,,,
,,,,,24250,16.0,16,,,,,,
,,,,,24256,6.0,6,,,,,,
,,,,,24274,18.0,18,,,,,,
,,,,,24278,4.0,4,,,,,,
,,,,,24285,7.0,7,,,,,,
,,,,,24293,8.0,8,,,,,,
,,,,,24305,12.0,12,,,,,,
,,,,,24309,4.0,4,,,,,,
,,,,,24314,5.0,5,,,,,,
,,,,,24320,6.0,6,,,,,,
,,,,,24332,12.0,12,,,,,,
,,,,,24338,6.0,6,,,,,,
,,,,,24341,3.0,3,,,,,,
,,,,,24357,16.0,16,,,,,,
,,,,,24360,3.0,3,,,,,,
,,,,,24373,13.0,13,,,,,,
,,,,,24378,5.0,5,,,,,,
,,,,,24390,12.0,12,,,,,,
,,,,,24393,3.0,3,,,,,,
,,,,,24406,13.0,13,,,,,,
,,,,,24412,6.0,6,,,,,,
,,,,,24419,7.0,7,,,,,,
,,,,,24437,18.0,18,,,,,,
,,,,,24447,10.0,10,,,,,,
,,,,,24451,4.0,4,,,,,,
,,,,,24463,12.0,12,,,,,,
,,,,,24467,4.0,4,,,,,,
,,,,,24477,10.0,10,,,,,,
,,,,,24489,12.0,12,,,,,,
,,,,,24513,24.0,24,,,,,,
,,,,,24519,6.0,6,,,,,,
,,,,,24523,4.0,4,,,,,,
,,,,,24526,3.0,3,,,,,,
,,,,,24530,4.0,4,,,,,,
,,,,,24533,3.0,3,,,,,,
,,,,,24536,3.0,3,,,,,,
,,,,,24540,4.0,4,,,,,,
,,,,,24551,11.0,11,,,,,,
,,,,,24557,6.0,6,,,,,,
,,,,,24565,8.0,8,,,,,,
,,,,,24572,7.0,7,,,,,,
,,,,,24579,7.0,7,,,,,,
,,,,,24582,3.0,3,,,,,,
,,,,,24590,8.0,8,,,,,,
,,,,,24608,18.0,18,,,,,,
,,,,,24611,3.0,3,,,,,,
,,,,,24615,4.0,4,,,,,,
,,,,,24618,3.0,3,,,,,,
,,,,,24622,4.0,4,,,,,,
,,,,,24640,18.0,18,,,,,,
,,,,,24646,6.0,6,,,,,,
,,,,,24651,5.0,5,,,,,,
,,,,,24658,7.0,7,,,,,,
,,,,,24664,6.0,6,,,,,,
,,,,,24668,4.0,4,,,,,,
,,,,,24689,21.0,21,,,,,,
,,,,,24693,4.0,4,,,,,,
,,,,,24700,7.0,7,,,,,,
,,,,,24703,3.0,3,,,,,,
,,,,,24715,12.0,12,,,,,,
,,,,,24722,7.0,7,,,,,,
,,,,,24729,7.0,7,,,,,,
,,,,,24733,4.0,4,,,,,,
,,,,,24745,12.0,12,,,,,,
,,,,,24752,7.0,7,,,,,,
,,,,,24756,4.0,4,,,,,,
,,,,,24762,6.0,6,,,,,,
,,,,,24777,15.0,15,,,,,,
,,,,,24782,5.0,5,,,,,,
,,,,,24789,7.0,7,,,,,,
,,,,,24795,6.0,6,,,,,,
,,,,,24798,3.0,3,,,,,,
,,,,,24812,14.0,14,,,,,,
,,,,,24821,9.0,9,,,,,,
,,,,,24825,4.0,4,,,,,,
,,,,,24829,4.0,4,,,,,,
,,,,,24836,7.0,7,,,,,,
,,,,,24839,3.0,3,,,,,,
,,,,,24843,4.0,4,,,,,,
,,,,,24846,3.0,3,,,,,,
,,,,,24850,4.0,4,,,,,,
,,,,,24855,5.0,5,,,,,,
,,,,,24860,5.0,5,,,,,,
,,,,,24863,3.0,3,,,,,,
,,,,,24873,10.0,10,,,,,,
,,,,,24879,6.0,6,,,,,,
,,,,,24886,7.0,7,,,,,,
,,,,,24891,5.0,5,,,,,,
,,,,,24896,5.0,5,,,,,,
,,,,,24899,3.0,3,,,,,,
,,,,,24904,5.0,5,,,,,,
,,,,,24908,4.0,4,,,,,,
,,,,,24919,11.0,11,,,,,,
,,,,,24923,4.0,4,,,,,,
,,,,,24930,7.0,7,,,,,,
,,,,,24940,10.0,10,,,,,,
,,,,,24955,15.0,15,,,,,,
,,,,,24963,8.0,8,,,,,,
,,,,,24970,7.0,7,,,,,,
,,,,,24980,10.0,10,,,,,,
,,,,,24985,5.0,5,,,,,,
,,,,,24998,13.0,13,,,,,,
5.9,2.5865035,11.0,3.0,5.9,25000,,,2.280918598175049,5.158214569091797,4.859512805938721,0.0003,0.0003,0.1
,,,,,25007,9.0,9,,,,,,
,,,,,25015,8.0,8,,,,,,
,,,,,25018,3.0,3,,,,,,
,,,,,25033,15.0,15,,,,,,
,,,,,25045,12.0,12,,,,,,
,,,,,25049,4.0,4,,,,,,
,,,,,25053,4.0,4,,,,,,
,,,,,25056,3.0,3,,,,,,
,,,,,25060,4.0,4,,,,,,
,,,,,25063,3.0,3,,,,,,
,,,,,25067,4.0,4,,,,,,
,,,,,25071,4.0,4,,,,,,
,,,,,25085,14.0,14,,,,,,
,,,,,25088,3.0,3,,,,,,
,,,,,25094,6.0,6,,,,,,
,,,,,25098,4.0,4,,,,,,
,,,,,25102,4.0,4,,,,,,
,,,,,25112,10.0,10,,,,,,
,,,,,25121,9.0,9,,,,,,
,,,,,25133,12.0,12,,,,,,
,,,,,25142,9.0,9,,,,,,
,,,,,25146,4.0,4,,,,,,
,,,,,25149,3.0,3,,,,,,
,,,,,25157,8.0,8,,,,,,
,,,,,25161,4.0,4,,,,,,
,,,,,25167,6.0,6,,,,,,
,,,,,25171,4.0,4,,,,,,
,,,,,25178,7.0,7,,,,,,
,,,,,25188,10.0,10,,,,,,
,,,,,25194,6.0,6,,,,,,
,,,,,25197,3.0,3,,,,,,
,,,,,25207,10.0,10,,,,,,
,,,,,25211,4.0,4,,,,,,
,,,,,25218,7.0,7,,,,,,
,,,,,25221,3.0,3,,,,,,
,,,,,25225,4.0,4,,,,,,
,,,,,25228,3.0,3,,,,,,
,,,,,25234,6.0,6,,,,,,
,,,,,25240,6.0,6,,,,,,
,,,,,25244,4.0,4,,,,,,
,,,,,25248,4.0,4,,,,,,
,,,,,25251,3.0,3,,,,,,
,,,,,25265,14.0,14,,,,,,
,,,,,25271,6.0,6,,,,,,
,,,,,25283,12.0,12,,,,,,
,,,,,25289,6.0,6,,,,,,
,,,,,25292,3.0,3,,,,,,
,,,,,25300,8.0,8,,,,,,
,,,,,25303,3.0,3,,,,,,
,,,,,25316,13.0,13,,,,,,
,,,,,25321,5.0,5,,,,,,
,,,,,25334,13.0,13,,,,,,
,,,,,25341,7.0,7,,,,,,
,,,,,25347,6.0,6,,,,,,
,,,,,25350,3.0,3,,,,,,
,,,,,25363,13.0,13,,,,,,
,,,,,25366,3.0,3,,,,,,
,,,,,25375,9.0,9,,,,,,
,,,,,25378,3.0,3,,,,,,
,,,,,25383,5.0,5,,,,,,
,,,,,25392,9.0,9,,,,,,
,,,,,25399,7.0,7,,,,,,
,,,,,25404,5.0,5,,,,,,
,,,,,25412,8.0,8,,,,,,
,,,,,25419,7.0,7,,,,,,
,,,,,25432,13.0,13,,,,,,
,,,,,25435,3.0,3,,,,,,
,,,,,25438,3.0,3,,,,,,
,,,,,25441,3.0,3,,,,,,
,,,,,25452,11.0,11,,,,,,
,,,,,25457,5.0,5,,,,,,
,,,,,25485,28.0,28,,,,,,
,,,,,25494,9.0,9,,,,,,
,,,,,25504,10.0,10,,,,,,
,,,,,25520,16.0,16,,,,,,
,,,,,25524,4.0,4,,,,,,
,,,,,25533,9.0,9,,,,,,
,,,,,25538,5.0,5,,,,,,
,,,,,25542,4.0,4,,,,,,
,,,,,25549,7.0,7,,,,,,
,,,,,25553,4.0,4,,,,,,
,,,,,25556,3.0,3,,,,,,
,,,,,25560,4.0,4,,,,,,
,,,,,25566,6.0,6,,,,,,
,,,,,25573,7.0,7,,,,,,
,,,,,25578,5.0,5,,,,,,
,,,,,25585,7.0,7,,,,,,
,,,,,25590,5.0,5,,,,,,
,,,,,25601,11.0,11,,,,,,
,,,,,25608,7.0,7,,,,,,
,,,,,25625,17.0,17,,,,,,
,,,,,25630,5.0,5,,,,,,
,,,,,25660,30.0,30,,,,,,
,,,,,25665,5.0,5,,,,,,
,,,,,25668,3.0,3,,,,,,
,,,,,25673,5.0,5,,,,,,
,,,,,25677,4.0,4,,,,,,
,,,,,25685,8.0,8,,,,,,
,,,,,25689,4.0,4,,,,,,
,,,,,25699,10.0,10,,,,,,
,,,,,25712,13.0,13,,,,,,
,,,,,25720,8.0,8,,,,,,
,,,,,25731,11.0,11,,,,,,
,,,,,25734,3.0,3,,,,,,
,,,,,25744,10.0,10,,,,,,
,,,,,25752,8.0,8,,,,,,
,,,,,25758,6.0,6,,,,,,
,,,,,25775,17.0,17,,,,,,
,,,,,25778,3.0,3,,,,,,
,,,,,25782,4.0,4,,,,,,
,,,,,25786,4.0,4,,,,,,
,,,,,25790,4.0,4,,,,,,
,,,,,25793,3.0,3,,,,,,
,,,,,25797,4.0,4,,,,,,
,,,,,25801,4.0,4,,,,,,
,,,,,25806,5.0,5,,,,,,
,,,,,25817,11.0,11,,,,,,
,,,,,25823,6.0,6,,,,,,
,,,,,25831,8.0,8,,,,,,
,,,,,25834,3.0,3,,,,,,
,,,,,25839,5.0,5,,,,,,
,,,,,25852,13.0,13,,,,,,
,,,,,25857,5.0,5,,,,,,
,,,,,25862,5.0,5,,,,,,
,,,,,25865,3.0,3,,,,,,
,,,,,25871,6.0,6,,,,,,
,,,,,25880,9.0,9,,,,,,
,,,,,25885,5.0,5,,,,,,
,,,,,25894,9.0,9,,,,,,
,,,,,25908,14.0,14,,,,,,
,,,,,25911,3.0,3,,,,,,
,,,,,25917,6.0,6,,,,,,
,,,,,25923,6.0,6,,,,,,
,,,,,25927,4.0,4,,,,,,
,,,,,25932,5.0,5,,,,,,
,,,,,25941,9.0,9,,,,,,
,,,,,25944,3.0,3,,,,,,
,,,,,25950,6.0,6,,,,,,
,,,,,25958,8.0,8,,,,,,
,,,,,25961,3.0,3,,,,,,
,,,,,25964,3.0,3,,,,,,
,,,,,25968,4.0,4,,,,,,
,,,,,25977,9.0,9,,,,,,
,,,,,25984,7.0,7,,,,,,
,,,,,25989,5.0,5,,,,,,
,,,,,25993,4.0,4,,,,,,
,,,,,25997,4.0,4,,,,,,
,,,,,26000,,,1.983616828918457,4.926201820373535,4.976077079772949,0.0003,0.0003,0.1
,,,,,26002,5.0,5,,,,,,
,,,,,26005,3.0,3,,,,,,
,,,,,26009,4.0,4,,,,,,
,,,,,26014,5.0,5,,,,,,
,,,,,26017,3.0,3,,,,,,
,,,,,26024,7.0,7,,,,,,
,,,,,26038,14.0,14,,,,,,
,,,,,26042,4.0,4,,,,,,
,,,,,26046,4.0,4,,,,,,
,,,,,26054,8.0,8,,,,,,
,,,,,26060,6.0,6,,,,,,
,,,,,26066,6.0,6,,,,,,
,,,,,26072,6.0,6,,,,,,
,,,,,26075,3.0,3,,,,,,
,,,,,26085,10.0,10,,,,,,
,,,,,26100,15.0,15,,,,,,
,,,,,26108,8.0,8,,,,,,
,,,,,26121,13.0,13,,,,,,
,,,,,26129,8.0,8,,,,,,
,,,,,26143,14.0,14,,,,,,
,,,,,26159,16.0,16,,,,,,
,,,,,26162,3.0,3,,,,,,
,,,,,26173,11.0,11,,,,,,
,,,,,26181,8.0,8,,,,,,
,,,,,26185,4.0,4,,,,,,
,,,,,26189,4.0,4,,,,,,
,,,,,26193,4.0,4,,,,,,
,,,,,26198,5.0,5,,,,,,
,,,,,26203,5.0,5,,,,,,
,,,,,26208,5.0,5,,,,,,
,,,,,26212,4.0,4,,,,,,
,,,,,26218,6.0,6,,,,,,
,,,,,26224,6.0,6,,,,,,
,,,,,26229,5.0,5,,,,,,
,,,,,26234,5.0,5,,,,,,
,,,,,26239,5.0,5,,,,,,
,,,,,26245,6.0,6,,,,,,
,,,,,26248,3.0,3,,,,,,
,,,,,26253,5.0,5,,,,,,
,,,,,26258,5.0,5,,,,,,
,,,,,26268,10.0,10,,,,,,
,,,,,26273,5.0,5,,,,,,
,,,,,26279,6.0,6,,,,,,
,,,,,26286,7.0,7,,,,,,
,,,,,26293,7.0,7,,,,,,
,,,,,26298,5.0,5,,,,,,
,,,,,26301,3.0,3,,,,,,
,,,,,26314,13.0,13,,,,,,
,,,,,26320,6.0,6,,,,,,
,,,,,26326,6.0,6,,,,,,
,,,,,26335,9.0,9,,,,,,
,,,,,26338,3.0,3,,,,,,
,,,,,26342,4.0,4,,,,,,
,,,,,26345,3.0,3,,,,,,
,,,,,26348,3.0,3,,,,,,
,,,,,26360,12.0,12,,,,,,
,,,,,26363,3.0,3,,,,,,
,,,,,26368,5.0,5,,,,,,
,,,,,26373,5.0,5,,,,,,
,,,,,26383,10.0,10,,,,,,
,,,,,26386,3.0,3,,,,,,
,,,,,26391,5.0,5,,,,,,
,,,,,26397,6.0,6,,,,,,
,,,,,26405,8.0,8,,,,,,
,,,,,26409,4.0,4,,,,,,
,,,,,26418,9.0,9,,,,,,
,,,,,26424,6.0,6,,,,,,
,,,,,26431,7.0,7,,,,,,
,,,,,26438,7.0,7,,,,,,
,,,,,26442,4.0,4,,,,,,
,,,,,26447,5.0,5,,,,,,
,,,,,26450,3.0,3,,,,,,
,,,,,26455,5.0,5,,,,,,
,,,,,26460,5.0,5,,,,,,
,,,,,26464,4.0,4,,,,,,
,,,,,26468,4.0,4,,,,,,
,,,,,26484,16.0,16,,,,,,
,,,,,26487,3.0,3,,,,,,
,,,,,26495,8.0,8,,,,,,
,,,,,26502,7.0,7,,,,,,
,,,,,26506,4.0,4,,,,,,
,,,,,26511,5.0,5,,,,,,
,,,,,26517,6.0,6,,,,,,
,,,,,26525,8.0,8,,,,,,
,,,,,26533,8.0,8,,,,,,
,,,,,26545,12.0,12,,,,,,
,,,,,26555,10.0,10,,,,,,
,,,,,26562,7.0,7,,,,,,
,,,,,26567,5.0,5,,,,,,
,,,,,26576,9.0,9,,,,,,
,,,,,26587,11.0,11,,,,,,
,,,,,26599,12.0,12,,,,,,
,,,,,26606,7.0,7,,,,,,
,,,,,26610,4.0,4,,,,,,
,,,,,26616,6.0,6,,,,,,
,,,,,26630,14.0,14,,,,,,
,,,,,26638,8.0,8,,,,,,
,,,,,26641,3.0,3,,,,,,
,,,,,26649,8.0,8,,,,,,
,,,,,26653,4.0,4,,,,,,
,,,,,26660,7.0,7,,,,,,
,,,,,26667,7.0,7,,,,,,
,,,,,26670,3.0,3,,,,,,
,,,,,26674,4.0,4,,,,,,
,,,,,26686,12.0,12,,,,,,
,,,,,26700,14.0,14,,,,,,
,,,,,26710,10.0,10,,,,,,
,,,,,26716,6.0,6,,,,,,
,,,,,26723,7.0,7,,,,,,
,,,,,26727,4.0,4,,,,,,
,,,,,26744,17.0,17,,,,,,
,,,,,26752,8.0,8,,,,,,
,,,,,26757,5.0,5,,,,,,
,,,,,26765,8.0,8,,,,,,
,,,,,26770,5.0,5,,,,,,
,,,,,26776,6.0,6,,,,,,
,,,,,26788,12.0,12,,,,,,
,,,,,26792,4.0,4,,,,,,
,,,,,26796,4.0,4,,,,,,
,,,,,26804,8.0,8,,,,,,
,,,,,26811,7.0,7,,,,,,
,,,,,26814,3.0,3,,,,,,
,,,,,26817,3.0,3,,,,,,
,,,,,26825,8.0,8,,,,,,
,,,,,26829,4.0,4,,,,,,
,,,,,26840,11.0,11,,,,,,
,,,,,26850,10.0,10,,,,,,
,,,,,26860,10.0,10,,,,,,
,,,,,26864,4.0,4,,,,,,
,,,,,26867,3.0,3,,,,,,
,,,,,26872,5.0,5,,,,,,
,,,,,26876,4.0,4,,,,,,
,,,,,26884,8.0,8,,,,,,
,,,,,26888,4.0,4,,,,,,
,,,,,26893,5.0,5,,,,,,
,,,,,26900,7.0,7,,,,,,
,,,,,26905,5.0,5,,,,,,
,,,,,26909,4.0,4,,,,,,
,,,,,26913,4.0,4,,,,,,
,,,,,26919,6.0,6,,,,,,
,,,,,26925,6.0,6,,,,,,
,,,,,26928,3.0,3,,,,,,
,,,,,26934,6.0,6,,,,,,
,,,,,26939,5.0,5,,,,,,
,,,,,26946,7.0,7,,,,,,
,,,,,26950,4.0,4,,,,,,
,,,,,26953,3.0,3,,,,,,
,,,,,26957,4.0,4,,,,,,
,,,,,26965,8.0,8,,,,,,
,,,,,26984,19.0,19,,,,,,
,,,,,26992,8.0,8,,,,,,
,,,,,26999,7.0,7,,,,,,
,,,,,27000,,,2.077223300933838,5.0767011642456055,5.123238563537598,0.0003,0.0003,0.1
,,,,,27005,6.0,6,,,,,,
,,,,,27010,5.0,5,,,,,,
,,,,,27021,11.0,11,,,,,,
,,,,,27027,6.0,6,,,,,,
,,,,,27030,3.0,3,,,,,,
,,,,,27041,11.0,11,,,,,,
,,,,,27053,12.0,12,,,,,,
,,,,,27067,14.0,14,,,,,,
,,,,,27070,3.0,3,,,,,,
,,,,,27081,11.0,11,,,,,,
,,,,,27096,15.0,15,,,,,,
,,,,,27100,4.0,4,,,,,,
,,,,,27107,7.0,7,,,,,,
,,,,,27110,3.0,3,,,,,,
,,,,,27113,3.0,3,,,,,,
,,,,,27117,4.0,4,,,,,,
,,,,,27122,5.0,5,,,,,,
,,,,,27127,5.0,5,,,,,,
,,,,,27132,5.0,5,,,,,,
,,,,,27145,13.0,13,,,,,,
,,,,,27149,4.0,4,,,,,,
,,,,,27154,5.0,5,,,,,,
,,,,,27158,4.0,4,,,,,,
,,,,,27163,5.0,5,,,,,,
,,,,,27170,7.0,7,,,,,,
,,,,,27186,16.0,16,,,,,,
,,,,,27191,5.0,5,,,,,,
,,,,,27197,6.0,6,,,,,,
,,,,,27209,12.0,12,,,,,,
,,,,,27216,7.0,7,,,,,,
,,,,,27221,5.0,5,,,,,,
,,,,,27228,7.0,7,,,,,,
,,,,,27235,7.0,7,,,,,,
,,,,,27239,4.0,4,,,,,,
,,,,,27244,5.0,5,,,,,,
,,,,,27248,4.0,4,,,,,,
,,,,,27252,4.0,4,,,,,,
,,,,,27268,16.0,16,,,,,,
,,,,,27281,13.0,13,,,,,,
,,,,,27285,4.0,4,,,,,,
,,,,,27289,4.0,4,,,,,,
,,,,,27292,3.0,3,,,,,,
,,,,,27300,8.0,8,,,,,,
,,,,,27304,4.0,4,,,,,,
,,,,,27310,6.0,6,,,,,,
,,,,,27318,8.0,8,,,,,,
,,,,,27322,4.0,4,,,,,,
,,,,,27336,14.0,14,,,,,,
,,,,,27339,3.0,3,,,,,,
,,,,,27343,4.0,4,,,,,,
,,,,,27348,5.0,5,,,,,,
,,,,,27351,3.0,3,,,,,,
,,,,,27355,4.0,4,,,,,,
,,,,,27358,3.0,3,,,,,,
,,,,,27367,9.0,9,,,,,,
,,,,,27372,5.0,5,,,,,,
,,,,,27378,6.0,6,,,,,,
,,,,,27385,7.0,7,,,,,,
,,,,,27392,7.0,7,,,,,,
,,,,,27399,7.0,7,,,,,,
,,,,,27408,9.0,9,,,,,,
,,,,,27414,6.0,6,,,,,,
,,,,,27417,3.0,3,,,,,,
,,,,,27420,3.0,3,,,,,,
,,,,,27425,5.0,5,,,,,,
,,,,,27438,13.0,13,,,,,,
,,,,,27444,6.0,6,,,,,,
,,,,,27461,17.0,17,,,,,,
,,,,,27469,8.0,8,,,,,,
,,,,,27473,4.0,4,,,,,,
,,,,,27478,5.0,5,,,,,,
,,,,,27481,3.0,3,,,,,,
,,,,,27485,4.0,4,,,,,,
,,,,,27491,6.0,6,,,,,,
,,,,,27495,4.0,4,,,,,,
,,,,,27499,4.0,4,,,,,,
,,,,,27503,4.0,4,,,,,,
,,,,,27514,11.0,11,,,,,,
,,,,,27519,5.0,5,,,,,,
,,,,,27522,3.0,3,,,,,,
,,,,,27531,9.0,9,,,,,,
,,,,,27535,4.0,4,,,,,,
,,,,,27555,20.0,20,,,,,,
,,,,,27559,4.0,4,,,,,,
,,,,,27566,7.0,7,,,,,,
,,,,,27570,4.0,4,,,,,,
,,,,,27577,7.0,7,,,,,,
,,,,,27582,5.0,5,,,,,,
,,,,,27586,4.0,4,,,,,,
,,,,,27596,10.0,10,,,,,,
,,,,,27600,4.0,4,,,,,,
,,,,,27605,5.0,5,,,,,,
,,,,,27611,6.0,6,,,,,,
,,,,,27616,5.0,5,,,,,,
,,,,,27623,7.0,7,,,,,,
,,,,,27631,8.0,8,,,,,,
,,,,,27647,16.0,16,,,,,,
,,,,,27651,4.0,4,,,,,,
,,,,,27655,4.0,4,,,,,,
,,,,,27666,11.0,11,,,,,,
,,,,,27671,5.0,5,,,,,,
,,,,,27679,8.0,8,,,,,,
,,,,,27685,6.0,6,,,,,,
,,,,,27691,6.0,6,,,,,,
,,,,,27702,11.0,11,,,,,,
,,,,,27705,3.0,3,,,,,,
,,,,,27715,10.0,10,,,,,,
,,,,,27724,9.0,9,,,,,,
,,,,,27727,3.0,3,,,,,,
,,,,,27732,5.0,5,,,,,,
,,,,,27739,7.0,7,,,,,,
,,,,,27745,6.0,6,,,,,,
,,,,,27749,4.0,4,,,,,,
,,,,,27757,8.0,8,,,,,,
,,,,,27765,8.0,8,,,,,,
,,,,,27773,8.0,8,,,,,,
,,,,,27781,8.0,8,,,,,,
,,,,,27789,8.0,8,,,,,,
,,,,,27794,5.0,5,,,,,,
,,,,,27797,3.0,3,,,,,,
,,,,,27800,3.0,3,,,,,,
,,,,,27806,6.0,6,,,,,,
,,,,,27827,21.0,21,,,,,,
,,,,,27832,5.0,5,,,,,,
,,,,,27837,5.0,5,,,,,,
,,,,,27852,15.0,15,,,,,,
,,,,,27856,4.0,4,,,,,,
,,,,,27860,4.0,4,,,,,,
,,,,,27864,4.0,4,,,,,,
,,,,,27869,5.0,5,,,,,,
,,,,,27874,5.0,5,,,,,,
,,,,,27885,11.0,11,,,,,,
,,,,,27891,6.0,6,,,,,,
,,,,,27896,5.0,5,,,,,,
,,,,,27906,10.0,10,,,,,,
,,,,,27920,14.0,14,,,,,,
,,,,,27927,7.0,7,,,,,,
,,,,,27931,4.0,4,,,,,,
,,,,,27938,7.0,7,,,,,,
,,,,,27944,6.0,6,,,,,,
,,,,,27948,4.0,4,,,,,,
,,,,,27952,4.0,4,,,,,,
,,,,,27961,9.0,9,,,,,,
,,,,,27965,4.0,4,,,,,,
,,,,,27973,8.0,8,,,,,,
,,,,,27981,8.0,8,,,,,,
,,,,,27986,5.0,5,,,,,,
,,,,,27995,9.0,9,,,,,,
,,,,,27998,3.0,3,,,,,,
,,,,,28000,,,2.013894557952881,4.841922283172607,4.970840930938721,0.0003,0.0003,0.1
,,,,,28003,5.0,5,,,,,,
,,,,,28007,4.0,4,,,,,,
,,,,,28011,4.0,4,,,,,,
,,,,,28019,8.0,8,,,,,,
,,,,,28026,7.0,7,,,,,,
,,,,,28029,3.0,3,,,,,,
,,,,,28033,4.0,4,,,,,,
,,,,,28038,5.0,5,,,,,,
,,,,,28054,16.0,16,,,,,,
,,,,,28062,8.0,8,,,,,,
,,,,,28072,10.0,10,,,,,,
,,,,,28080,8.0,8,,,,,,
,,,,,28090,10.0,10,,,,,,
,,,,,28096,6.0,6,,,,,,
,,,,,28112,16.0,16,,,,,,
,,,,,28121,9.0,9,,,,,,
,,,,,28126,5.0,5,,,,,,
,,,,,28131,5.0,5,,,,,,
,,,,,28134,3.0,3,,,,,,
,,,,,28143,9.0,9,,,,,,
,,,,,28147,4.0,4,,,,,,
,,,,,28155,8.0,8,,,,,,
,,,,,28159,4.0,4,,,,,,
,,,,,28162,3.0,3,,,,,,
,,,,,28167,5.0,5,,,,,,
,,,,,28171,4.0,4,,,,,,
,,,,,28180,9.0,9,,,,,,
,,,,,28183,3.0,3,,,,,,
,,,,,28187,4.0,4,,,,,,
,,,,,28193,6.0,6,,,,,,
,,,,,28201,8.0,8,,,,,,
,,,,,28207,6.0,6,,,,,,
,,,,,28210,3.0,3,,,,,,
,,,,,28215,5.0,5,,,,,,
,,,,,28221,6.0,6,,,,,,
,,,,,28234,13.0,13,,,,,,
,,,,,28242,8.0,8,,,,,,
,,,,,28246,4.0,4,,,,,,
,,,,,28254,8.0,8,,,,,,
,,,,,28258,4.0,4,,,,,,
,,,,,28263,5.0,5,,,,,,
,,,,,28268,5.0,5,,,,,,
,,,,,28273,5.0,5,,,,,,
,,,,,28279,6.0,6,,,,,,
,,,,,28284,5.0,5,,,,,,
,,,,,28288,4.0,4,,,,,,
,,,,,28291,3.0,3,,,,,,
,,,,,28298,7.0,7,,,,,,
,,,,,28303,5.0,5,,,,,,
,,,,,28307,4.0,4,,,,,,
,,,,,28310,3.0,3,,,,,,
,,,,,28314,4.0,4,,,,,,
,,,,,28320,6.0,6,,,,,,
,,,,,28324,4.0,4,,,,,,
,,,,,28328,4.0,4,,,,,,
,,,,,28332,4.0,4,,,,,,
,,,,,28336,4.0,4,,,,,,
,,,,,28341,5.0,5,,,,,,
,,,,,28345,4.0,4,,,,,,
,,,,,28349,4.0,4,,,,,,
,,,,,28354,5.0,5,,,,,,
,,,,,28361,7.0,7,,,,,,
,,,,,28365,4.0,4,,,,,,
,,,,,28368,3.0,3,,,,,,
,,,,,28372,4.0,4,,,,,,
,,,,,28378,6.0,6,,,,,,
,,,,,28385,7.0,7,,,,,,
,,,,,28391,6.0,6,,,,,,
,,,,,28399,8.0,8,,,,,,
,,,,,28404,5.0,5,,,,,,
,,,,,28409,5.0,5,,,,,,
,,,,,28413,4.0,4,,,,,,
,,,,,28418,5.0,5,,,,,,
,,,,,28422,4.0,4,,,,,,
,,,,,28429,7.0,7,,,,,,
,,,,,28433,4.0,4,,,,,,
,,,,,28444,11.0,11,,,,,,
,,,,,28450,6.0,6,,,,,,
,,,,,28465,15.0,15,,,,,,
,,,,,28487,22.0,22,,,,,,
,,,,,28492,5.0,5,,,,,,
,,,,,28496,4.0,4,,,,,,
,,,,,28500,4.0,4,,,,,,
,,,,,28503,3.0,3,,,,,,
,,,,,28520,17.0,17,,,,,,
,,,,,28537,17.0,17,,,,,,
,,,,,28545,8.0,8,,,,,,
,,,,,28548,3.0,3,,,,,,
,,,,,28551,3.0,3,,,,,,
,,,,,28555,4.0,4,,,,,,
,,,,,28571,16.0,16,,,,,,
,,,,,28583,12.0,12,,,,,,
,,,,,28592,9.0,9,,,,,,
,,,,,28597,5.0,5,,,,,,
,,,,,28601,4.0,4,,,,,,
,,,,,28616,15.0,15,,,,,,
,,,,,28621,5.0,5,,,,,,
,,,,,28626,5.0,5,,,,,,
,,,,,28631,5.0,5,,,,,,
,,,,,28635,4.0,4,,,,,,
,,,,,28643,8.0,8,,,,,,
,,,,,28649,6.0,6,,,,,,
,,,,,28654,5.0,5,,,,,,
,,,,,28660,6.0,6,,,,,,
,,,,,28667,7.0,7,,,,,,
,,,,,28672,5.0,5,,,,,,
,,,,,28679,7.0,7,,,,,,
,,,,,28684,5.0,5,,,,,,
,,,,,28690,6.0,6,,,,,,
,,,,,28694,4.0,4,,,,,,
,,,,,28707,13.0,13,,,,,,
,,,,,28711,4.0,4,,,,,,
,,,,,28721,10.0,10,,,,,,
,,,,,28724,3.0,3,,,,,,
,,,,,28729,5.0,5,,,,,,
,,,,,28739,10.0,10,,,,,,
,,,,,28755,16.0,16,,,,,,
,,,,,28761,6.0,6,,,,,,
,,,,,28764,3.0,3,,,,,,
,,,,,28768,4.0,4,,,,,,
,,,,,28771,3.0,3,,,,,,
,,,,,28777,6.0,6,,,,,,
,,,,,28782,5.0,5,,,,,,
,,,,,28788,6.0,6,,,,,,
,,,,,28791,3.0,3,,,,,,
,,,,,28798,7.0,7,,,,,,
,,,,,28802,4.0,4,,,,,,
,,,,,28807,5.0,5,,,,,,
,,,,,28812,5.0,5,,,,,,
,,,,,28821,9.0,9,,,,,,
,,,,,28828,7.0,7,,,,,,
,,,,,28833,5.0,5,,,,,,
,,,,,28838,5.0,5,,,,,,
,,,,,28842,4.0,4,,,,,,
,,,,,28848,6.0,6,,,,,,
,,,,,28851,3.0,3,,,,,,
,,,,,28866,15.0,15,,,,,,
,,,,,28870,4.0,4,,,,,,
,,,,,28876,6.0,6,,,,,,
,,,,,28880,4.0,4,,,,,,
,,,,,28884,4.0,4,,,,,,
,,,,,28890,6.0,6,,,,,,
,,,,,28898,8.0,8,,,,,,
,,,,,28908,10.0,10,,,,,,
,,,,,28917,9.0,9,,,,,,
,,,,,28925,8.0,8,,,,,,
,,,,,28938,13.0,13,,,,,,
,,,,,28943,5.0,5,,,,,,
,,,,,28947,4.0,4,,,,,,
,,,,,28951,4.0,4,,,,,,
,,,,,28956,5.0,5,,,,,,
,,,,,28964,8.0,8,,,,,,
,,,,,28971,7.0,7,,,,,,
,,,,,28976,5.0,5,,,,,,
,,,,,28979,3.0,3,,,,,,
,,,,,28982,3.0,3,,,,,,
,,,,,28988,6.0,6,,,,,,
,,,,,29000,12.0,12,,,,,,
,,,,,29000,,,2.526388645172119,4.998900413513184,4.857912063598633,0.0003,0.0003,0.1
,,,,,29008,8.0,8,,,,,,
,,,,,29013,5.0,5,,,,,,
,,,,,29019,6.0,6,,,,,,
,,,,,29023,4.0,4,,,,,,
,,,,,29026,3.0,3,,,,,,
,,,,,29033,7.0,7,,,,,,
,,,,,29039,6.0,6,,,,,,
,,,,,29045,6.0,6,,,,,,
,,,,,29048,3.0,3,,,,,,
,,,,,29055,7.0,7,,,,,,
,,,,,29059,4.0,4,,,,,,
,,,,,29068,9.0,9,,,,,,
,,,,,29081,13.0,13,,,,,,
,,,,,29087,6.0,6,,,,,,
,,,,,29093,6.0,6,,,,,,
,,,,,29100,7.0,7,,,,,,
,,,,,29104,4.0,4,,,,,,
,,,,,29109,5.0,5,,,,,,
,,,,,29115,6.0,6,,,,,,
,,,,,29146,31.0,31,,,,,,
,,,,,29175,29.0,29,,,,,,
,,,,,29182,7.0,7,,,,,,
,,,,,29191,9.0,9,,,,,,
,,,,,29196,5.0,5,,,,,,
,,,,,29199,3.0,3,,,,,,
,,,,,29207,8.0,8,,,,,,
,,,,,29210,3.0,3,,,,,,
,,,,,29215,5.0,5,,,,,,
,,,,,29219,4.0,4,,,,,,
,,,,,29223,4.0,4,,,,,,
,,,,,29229,6.0,6,,,,,,
,,,,,29238,9.0,9,,,,,,
,,,,,29243,5.0,5,,,,,,
,,,,,29275,32.0,32,,,,,,
,,,,,29284,9.0,9,,,,,,
,,,,,29293,9.0,9,,,,,,
,,,,,29304,11.0,11,,,,,,
,,,,,29307,3.0,3,,,,,,
,,,,,29310,3.0,3,,,,,,
,,,,,29314,4.0,4,,,,,,
,,,,,29325,11.0,11,,,,,,
,,,,,29339,14.0,14,,,,,,
,,,,,29345,6.0,6,,,,,,
,,,,,29355,10.0,10,,,,,,
,,,,,29363,8.0,8,,,,,,
,,,,,29382,19.0,19,,,,,,
,,,,,29386,4.0,4,,,,,,
,,,,,29402,16.0,16,,,,,,
,,,,,29407,5.0,5,,,,,,
,,,,,29413,6.0,6,,,,,,
,,,,,29424,11.0,11,,,,,,
,,,,,29428,4.0,4,,,,,,
,,,,,29433,5.0,5,,,,,,
,,,,,29438,5.0,5,,,,,,
,,,,,29441,3.0,3,,,,,,
,,,,,29447,6.0,6,,,,,,
,,,,,29465,18.0,18,,,,,,
,,,,,29470,5.0,5,,,,,,
,,,,,29474,4.0,4,,,,,,
,,,,,29479,5.0,5,,,,,,
,,,,,29485,6.0,6,,,,,,
,,,,,29491,6.0,6,,,,,,
,,,,,29504,13.0,13,,,,,,
,,,,,29508,4.0,4,,,,,,
,,,,,29529,21.0,21,,,,,,
,,,,,29533,4.0,4,,,,,,
,,,,,29540,7.0,7,,,,,,
,,,,,29544,4.0,4,,,,,,
,,,,,29547,3.0,3,,,,,,
,,,,,29551,4.0,4,,,,,,
,,,,,29563,12.0,12,,,,,,
,,,,,29572,9.0,9,,,,,,
,,,,,29575,3.0,3,,,,,,
,,,,,29578,3.0,3,,,,,,
,,,,,29581,3.0,3,,,,,,
,,,,,29598,17.0,17,,,,,,
,,,,,29608,10.0,10,,,,,,
,,,,,29611,3.0,3,,,,,,
,,,,,29615,4.0,4,,,,,,
,,,,,29622,7.0,7,,,,,,
,,,,,29635,13.0,13,,,,,,
,,,,,29639,4.0,4,,,,,,
,,,,,29645,6.0,6,,,,,,
,,,,,29648,3.0,3,,,,,,
,,,,,29655,7.0,7,,,,,,
,,,,,29659,4.0,4,,,,,,
,,,,,29671,12.0,12,,,,,,
,,,,,29674,3.0,3,,,,,,
,,,,,29678,4.0,4,,,,,,
,,,,,29693,15.0,15,,,,,,
,,,,,29697,4.0,4,,,,,,
,,,,,29706,9.0,9,,,,,,
,,,,,29716,10.0,10,,,,,,
,,,,,29722,6.0,6,,,,,,
,,,,,29733,11.0,11,,,,,,
,,,,,29741,8.0,8,,,,,,
,,,,,29750,9.0,9,,,,,,
,,,,,29753,3.0,3,,,,,,
,,,,,29760,7.0,7,,,,,,
,,,,,29765,5.0,5,,,,,,
,,,,,29768,3.0,3,,,,,,
,,,,,29774,6.0,6,,,,,,
,,,,,29778,4.0,4,,,,,,
,,,,,29793,15.0,15,,,,,,
,,,,,29805,12.0,12,,,,,,
,,,,,29809,4.0,4,,,,,,
,,,,,29813,4.0,4,,,,,,
,,,,,29826,13.0,13,,,,,,
,,,,,29836,10.0,10,,,,,,
,,,,,29840,4.0,4,,,,,,
,,,,,29843,3.0,3,,,,,,
,,,,,29846,3.0,3,,,,,,
,,,,,29850,4.0,4,,,,,,
,,,,,29854,4.0,4,,,,,,
,,,,,29863,9.0,9,,,,,,
,,,,,29871,8.0,8,,,,,,
,,,,,29881,10.0,10,,,,,,
,,,,,29886,5.0,5,,,,,,
,,,,,29905,19.0,19,,,,,,
,,,,,29911,6.0,6,,,,,,
,,,,,29916,5.0,5,,,,,,
,,,,,29927,11.0,11,,,,,,
,,,,,29933,6.0,6,,,,,,
,,,,,29937,4.0,4,,,,,,
,,,,,29941,4.0,4,,,,,,
,,,,,29948,7.0,7,,,,,,
,,,,,29954,6.0,6,,,,,,
,,,,,29957,3.0,3,,,,,,
,,,,,29965,8.0,8,,,,,,
,,,,,29969,4.0,4,,,,,,
,,,,,29974,5.0,5,,,,,,
,,,,,29999,25.0,25,,,,,,
6.6,5.1419835,21.0,3.0,6.6,30000,,,1.8809421062469482,4.817479610443115,4.880196571350098,0.0003,0.0003,0.1
,,,,,30008,9.0,9,,,,,,
,,,,,30013,5.0,5,,,,,,
,,,,,30022,9.0,9,,,,,,
,,,,,30028,6.0,6,,,,,,
,,,,,30041,13.0,13,,,,,,
,,,,,30046,5.0,5,,,,,,
,,,,,30049,3.0,3,,,,,,
,,,,,30052,3.0,3,,,,,,
,,,,,30058,6.0,6,,,,,,
,,,,,30062,4.0,4,,,,,,
,,,,,30068,6.0,6,,,,,,
,,,,,30071,3.0,3,,,,,,
,,,,,30074,3.0,3,,,,,,
,,,,,30078,4.0,4,,,,,,
,,,,,30089,11.0,11,,,,,,
,,,,,30093,4.0,4,,,,,,
,,,,,30099,6.0,6,,,,,,
,,,,,30103,4.0,4,,,,,,
,,,,,30106,3.0,3,,,,,,
,,,,,30112,6.0,6,,,,,,
,,,,,30115,3.0,3,,,,,,
,,,,,30121,6.0,6,,,,,,
,,,,,30129,8.0,8,,,,,,
,,,,,30135,6.0,6,,,,,,
,,,,,30141,6.0,6,,,,,,
,,,,,30144,3.0,3,,,,,,
,,,,,30153,9.0,9,,,,,,
,,,,,30157,4.0,4,,,,,,
,,,,,30166,9.0,9,,,,,,
,,,,,30170,4.0,4,,,,,,
,,,,,30174,4.0,4,,,,,,
,,,,,30181,7.0,7,,,,,,
,,,,,30191,10.0,10,,,,,,
,,,,,30194,3.0,3,,,,,,
,,,,,30200,6.0,6,,,,,,
,,,,,30204,4.0,4,,,,,,
,,,,,30210,6.0,6,,,,,,
,,,,,30215,5.0,5,,,,,,
,,,,,30219,4.0,4,,,,,,
,,,,,30227,8.0,8,,,,,,
,,,,,30232,5.0,5,,,,,,
,,,,,30235,3.0,3,,,,,,
,,,,,30238,3.0,3,,,,,,
,,,,,30244,6.0,6,,,,,,
,,,,,30251,7.0,7,,,,,,
,,,,,30259,8.0,8,,,,,,
,,,,,30267,8.0,8,,,,,,
,,,,,30276,9.0,9,,,,,,
,,,,,30279,3.0,3,,,,,,
,,,,,30284,5.0,5,,,,,,
,,,,,30288,4.0,4,,,,,,
,,,,,30291,3.0,3,,,,,,
,,,,,30303,12.0,12,,,,,,
,,,,,30306,3.0,3,,,,,,
,,,,,30309,3.0,3,,,,,,
,,,,,30314,5.0,5,,,,,,
,,,,,30322,8.0,8,,,,,,
,,,,,30326,4.0,4,,,,,,
,,,,,30329,3.0,3,,,,,,
,,,,,30334,5.0,5,,,,,,
,,,,,30345,11.0,11,,,,,,
,,,,,30348,3.0,3,,,,,,
,,,,,30351,3.0,3,,,,,,
,,,,,30363,12.0,12,,,,,,
,,,,,30371,8.0,8,,,,,,
,,,,,30375,4.0,4,,,,,,
,,,,,30380,5.0,5,,,,,,
,,,,,30395,15.0,15,,,,,,
,,,,,30398,3.0,3,,,,,,
,,,,,30407,9.0,9,,,,,,
,,,,,30420,13.0,13,,,,,,
,,,,,30425,5.0,5,,,,,,
,,,,,30430,5.0,5,,,,,,
,,,,,30435,5.0,5,,,,,,
,,,,,30445,10.0,10,,,,,,
,,,,,30448,3.0,3,,,,,,
,,,,,30456,8.0,8,,,,,,
,,,,,30460,4.0,4,,,,,,
,,,,,30471,11.0,11,,,,,,
,,,,,30478,7.0,7,,,,,,
,,,,,30495,17.0,17,,,,,,
,,,,,30499,4.0,4,,,,,,
,,,,,30503,4.0,4,,,,,,
,,,,,30514,11.0,11,,,,,,
,,,,,30523,9.0,9,,,,,,
,,,,,30532,9.0,9,,,,,,
,,,,,30535,3.0,3,,,,,,
,,,,,30544,9.0,9,,,,,,
,,,,,30548,4.0,4,,,,,,
,,,,,30557,9.0,9,,,,,,
,,,,,30580,23.0,23,,,,,,
,,,,,30583,3.0,3,,,,,,
,,,,,30591,8.0,8,,,,,,
,,,,,30595,4.0,4,,,,,,
,,,,,30602,7.0,7,,,,,,
,,,,,30613,11.0,11,,,,,,
,,,,,30617,4.0,4,,,,,,
,,,,,30620,3.0,3,,,,,,
,,,,,30627,7.0,7,,,,,,
,,,,,30632,5.0,5,,,,,,
,,,,,30639,7.0,7,,,,,,
,,,,,30654,15.0,15,,,,,,
,,,,,30665,11.0,11,,,,,,
,,,,,30668,3.0,3,,,,,,
,,,,,30671,3.0,3,,,,,,
,,,,,30675,4.0,4,,,,,,
,,,,,30680,5.0,5,,,,,,
,,,,,30683,3.0,3,,,,,,
,,,,,30688,5.0,5,,,,,,
,,,,,30695,7.0,7,,,,,,
,,,,,30702,7.0,7,,,,,,
,,,,,30727,25.0,25,,,,,,
,,,,,30730,3.0,3,,,,,,
,,,,,30734,4.0,4,,,,,,
,,,,,30737,3.0,3,,,,,,
,,,,,30747,10.0,10,,,,,,
,,,,,30754,7.0,7,,,,,,
,,,,,30759,5.0,5,,,,,,
,,,,,30773,14.0,14,,,,,,
,,,,,30776,3.0,3,,,,,,
,,,,,30779,3.0,3,,,,,,
,,,,,30782,3.0,3,,,,,,
,,,,,30786,4.0,4,,,,,,
,,,,,30793,7.0,7,,,,,,
,,,,,30802,9.0,9,,,,,,
,,,,,30805,3.0,3,,,,,,
,,,,,30810,5.0,5,,,,,,
,,,,,30823,13.0,13,,,,,,
,,,,,30826,3.0,3,,,,,,
,,,,,30845,19.0,19,,,,,,
,,,,,30849,4.0,4,,,,,,
,,,,,30869,20.0,20,,,,,,
,,,,,30872,3.0,3,,,,,,
,,,,,30882,10.0,10,,,,,,
,,,,,30891,9.0,9,,,,,,
,,,,,30895,4.0,4,,,,,,
,,,,,30908,13.0,13,,,,,,
,,,,,30913,5.0,5,,,,,,
,,,,,30926,13.0,13,,,,,,
,,,,,30932,6.0,6,,,,,,
,,,,,30935,3.0,3,,,,,,
,,,,,30945,10.0,10,,,,,,
,,,,,30952,7.0,7,,,,,,
,,,,,30956,4.0,4,,,,,,
,,,,,30965,9.0,9,,,,,,
,,,,,30969,4.0,4,,,,,,
,,,,,30976,7.0,7,,,,,,
,,,,,30984,8.0,8,,,,,,
,,,,,30993,9.0,9,,,,,,
,,,,,30997,4.0,4,,,,,,
,,,,,31000,,,1.9104374647140503,5.450528144836426,5.517171859741211,0.0003,0.0003,0.1
,,,,,31003,6.0,6,,,,,,
,,,,,31006,3.0,3,,,,,,
,,,,,31011,5.0,5,,,,,,
,,,,,31015,4.0,4,,,,,,
,,,,,31020,5.0,5,,,,,,
,,,,,31024,4.0,4,,,,,,
,,,,,31034,10.0,10,,,,,,
,,,,,31039,5.0,5,,,,,,
,,,,,31045,6.0,6,,,,,,
,,,,,31052,7.0,7,,,,,,
,,,,,31058,6.0,6,,,,,,
,,,,,31067,9.0,9,,,,,,
,,,,,31072,5.0,5,,,,,,
,,,,,31076,4.0,4,,,,,,
,,,,,31085,9.0,9,,,,,,
,,,,,31089,4.0,4,,,,,,
,,,,,31093,4.0,4,,,,,,
,,,,,31099,6.0,6,,,,,,
,,,,,31103,4.0,4,,,,,,
,,,,,31113,10.0,10,,,,,,
,,,,,31121,8.0,8,,,,,,
,,,,,31125,4.0,4,,,,,,
,,,,,31129,4.0,4,,,,,,
,,,,,31142,13.0,13,,,,,,
,,,,,31151,9.0,9,,,,,,
,,,,,31155,4.0,4,,,,,,
,,,,,31162,7.0,7,,,,,,
,,,,,31174,12.0,12,,,,,,
,,,,,31183,9.0,9,,,,,,
,,,,,31188,5.0,5,,,,,,
,,,,,31192,4.0,4,,,,,,
,,,,,31204,12.0,12,,,,,,
,,,,,31207,3.0,3,,,,,,
,,,,,31211,4.0,4,,,,,,
,,,,,31215,4.0,4,,,,,,
,,,,,31218,3.0,3,,,,,,
,,,,,31223,5.0,5,,,,,,
,,,,,31236,13.0,13,,,,,,
,,,,,31249,13.0,13,,,,,,
,,,,,31257,8.0,8,,,,,,
,,,,,31265,8.0,8,,,,,,
,,,,,31268,3.0,3,,,,,,
,,,,,31272,4.0,4,,,,,,
,,,,,31275,3.0,3,,,,,,
,,,,,31282,7.0,7,,,,,,
,,,,,31288,6.0,6,,,,,,
,,,,,31292,4.0,4,,,,,,
,,,,,31296,4.0,4,,,,,,
,,,,,31304,8.0,8,,,,,,
,,,,,31318,14.0,14,,,,,,
,,,,,31328,10.0,10,,,,,,
,,,,,31331,3.0,3,,,,,,
,,,,,31336,5.0,5,,,,,,
,,,,,31342,6.0,6,,,,,,
,,,,,31346,4.0,4,,,,,,
,,,,,31349,3.0,3,,,,,,
,,,,,31353,4.0,4,,,,,,
,,,,,31357,4.0,4,,,,,,
,,,,,31361,4.0,4,,,,,,
,,,,,31372,11.0,11,,,,,,
,,,,,31381,9.0,9,,,,,,
,,,,,31387,6.0,6,,,,,,
,,,,,31397,10.0,10,,,,,,
,,,,,31405,8.0,8,,,,,,
,,,,,31410,5.0,5,,,,,,
,,,,,31425,15.0,15,,,,,,
,,,,,31431,6.0,6,,,,,,
,,,,,31439,8.0,8,,,,,,
,,,,,31444,5.0,5,,,,,,
,,,,,31453,9.0,9,,,,,,
,,,,,31459,6.0,6,,,,,,
,,,,,31469,10.0,10,,,,,,
,,,,,31474,5.0,5,,,,,,
,,,,,31482,8.0,8,,,,,,
,,,,,31488,6.0,6,,,,,,
,,,,,31492,4.0,4,,,,,,
,,,,,31498,6.0,6,,,,,,
,,,,,31505,7.0,7,,,,,,
,,,,,31517,12.0,12,,,,,,
,,,,,31524,7.0,7,,,,,,
,,,,,31541,17.0,17,,,,,,
,,,,,31557,16.0,16,,,,,,
,,,,,31561,4.0,4,,,,,,
,,,,,31568,7.0,7,,,,,,
,,,,,31573,5.0,5,,,,,,
,,,,,31576,3.0,3,,,,,,
,,,,,31586,10.0,10,,,,,,
,,,,,31596,10.0,10,,,,,,
,,,,,31600,4.0,4,,,,,,
,,,,,31608,8.0,8,,,,,,
,,,,,31617,9.0,9,,,,,,
,,,,,31624,7.0,7,,,,,,
,,,,,31628,4.0,4,,,,,,
,,,,,31637,9.0,9,,,,,,
,,,,,31643,6.0,6,,,,,,
,,,,,31654,11.0,11,,,,,,
,,,,,31658,4.0,4,,,,,,
,,,,,31665,7.0,7,,,,,,
,,,,,31669,4.0,4,,,,,,
,,,,,31674,5.0,5,,,,,,
,,,,,31685,11.0,11,,,,,,
,,,,,31689,4.0,4,,,,,,
,,,,,31703,14.0,14,,,,,,
,,,,,31707,4.0,4,,,,,,
,,,,,31715,8.0,8,,,,,,
,,,,,31719,4.0,4,,,,,,
,,,,,31728,9.0,9,,,,,,
,,,,,31733,5.0,5,,,,,,
,,,,,31742,9.0,9,,,,,,
,,,,,31750,8.0,8,,,,,,
,,,,,31753,3.0,3,,,,,,
,,,,,31758,5.0,5,,,,,,
,,,,,31765,7.0,7,,,,,,
,,,,,31775,10.0,10,,,,,,
,,,,,31779,4.0,4,,,,,,
,,,,,31786,7.0,7,,,,,,
,,,,,31790,4.0,4,,,,,,
,,,,,31796,6.0,6,,,,,,
,,,,,31802,6.0,6,,,,,,
,,,,,31805,3.0,3,,,,,,
,,,,,31810,5.0,5,,,,,,
,,,,,31818,8.0,8,,,,,,
,,,,,31822,4.0,4,,,,,,
,,,,,31838,16.0,16,,,,,,
,,,,,31846,8.0,8,,,,,,
,,,,,31850,4.0,4,,,,,,
,,,,,31854,4.0,4,,,,,,
,,,,,31861,7.0,7,,,,,,
,,,,,31864,3.0,3,,,,,,
,,,,,31867,3.0,3,,,,,,
,,,,,31871,4.0,4,,,,,,
,,,,,31879,8.0,8,,,,,,
,,,,,31886,7.0,7,,,,,,
,,,,,31895,9.0,9,,,,,,
,,,,,31898,3.0,3,,,,,,
,,,,,31913,15.0,15,,,,,,
,,,,,31916,3.0,3,,,,,,
,,,,,31925,9.0,9,,,,,,
,,,,,31931,6.0,6,,,,,,
,,,,,31935,4.0,4,,,,,,
,,,,,31942,7.0,7,,,,,,
,,,,,31951,9.0,9,,,,,,
,,,,,31956,5.0,5,,,,,,
,,,,,31969,13.0,13,,,,,,
,,,,,31976,7.0,7,,,,,,
,,,,,31982,6.0,6,,,,,,
,,,,,31987,5.0,5,,,,,,
,,,,,31991,4.0,4,,,,,,
,,,,,31998,7.0,7,,,,,,
,,,,,32000,,,1.8241832256317139,5.107159614562988,5.00993537902832,0.0003,0.0003,0.1
,,,,,32010,12.0,12,,,,,,
,,,,,32021,11.0,11,,,,,,
,,,,,32027,6.0,6,,,,,,
,,,,,32031,4.0,4,,,,,,
,,,,,32037,6.0,6,,,,,,
,,,,,32040,3.0,3,,,,,,
,,,,,32044,4.0,4,,,,,,
,,,,,32052,8.0,8,,,,,,
,,,,,32055,3.0,3,,,,,,
,,,,,32063,8.0,8,,,,,,
,,,,,32067,4.0,4,,,,,,
,,,,,32074,7.0,7,,,,,,
,,,,,32086,12.0,12,,,,,,
,,,,,32096,10.0,10,,,,,,
,,,,,32100,4.0,4,,,,,,
,,,,,32104,4.0,4,,,,,,
,,,,,32107,3.0,3,,,,,,
,,,,,32113,6.0,6,,,,,,
,,,,,32117,4.0,4,,,,,,
,,,,,32122,5.0,5,,,,,,
,,,,,32135,13.0,13,,,,,,
,,,,,32139,4.0,4,,,,,,
,,,,,32148,9.0,9,,,,,,
,,,,,32155,7.0,7,,,,,,
,,,,,32163,8.0,8,,,,,,
,,,,,32167,4.0,4,,,,,,
,,,,,32170,3.0,3,,,,,,
,,,,,32173,3.0,3,,,,,,
,,,,,32194,21.0,21,,,,,,
,,,,,32197,3.0,3,,,,,,
,,,,,32218,21.0,21,,,,,,
,,,,,32223,5.0,5,,,,,,
,,,,,32241,18.0,18,,,,,,
,,,,,32254,13.0,13,,,,,,
,,,,,32261,7.0,7,,,,,,
,,,,,32266,5.0,5,,,,,,
,,,,,32269,3.0,3,,,,,,
,,,,,32274,5.0,5,,,,,,
,,,,,32281,7.0,7,,,,,,
,,,,,32285,4.0,4,,,,,,
,,,,,32290,5.0,5,,,,,,
,,,,,32297,7.0,7,,,,,,
,,,,,32313,16.0,16,,,,,,
,,,,,32322,9.0,9,,,,,,
,,,,,32350,28.0,28,,,,,,
,,,,,32360,10.0,10,,,,,,
,,,,,32373,13.0,13,,,,,,
,,,,,32377,4.0,4,,,,,,
,,,,,32387,10.0,10,,,,,,
,,,,,32392,5.0,5,,,,,,
,,,,,32400,8.0,8,,,,,,
,,,,,32408,8.0,8,,,,,,
,,,,,32413,5.0,5,,,,,,
,,,,,32417,4.0,4,,,,,,
,,,,,32424,7.0,7,,,,,,
,,,,,32428,4.0,4,,,,,,
,,,,,32434,6.0,6,,,,,,
,,,,,32437,3.0,3,,,,,,
,,,,,32442,5.0,5,,,,,,
,,,,,32446,4.0,4,,,,,,
,,,,,32450,4.0,4,,,,,,
,,,,,32461,11.0,11,,,,,,
,,,,,32481,20.0,20,,,,,,
,,,,,32487,6.0,6,,,,,,
,,,,,32490,3.0,3,,,,,,
,,,,,32496,6.0,6,,,,,,
,,,,,32502,6.0,6,,,,,,
,,,,,32507,5.0,5,,,,,,
,,,,,32510,3.0,3,,,,,,
,,,,,32520,10.0,10,,,,,,
,,,,,32524,4.0,4,,,,,,
,,,,,32529,5.0,5,,,,,,
,,,,,32534,5.0,5,,,,,,
,,,,,32543,9.0,9,,,,,,
,,,,,32547,4.0,4,,,,,,
,,,,,32556,9.0,9,,,,,,
,,,,,32561,5.0,5,,,,,,
,,,,,32566,5.0,5,,,,,,
,,,,,32571,5.0,5,,,,,,
,,,,,32581,10.0,10,,,,,,
,,,,,32589,8.0,8,,,,,,
,,,,,32592,3.0,3,,,,,,
,,,,,32596,4.0,4,,,,,,
,,,,,32600,4.0,4,,,,,,
,,,,,32608,8.0,8,,,,,,
,,,,,32611,3.0,3,,,,,,
,,,,,32615,4.0,4,,,,,,
,,,,,32621,6.0,6,,,,,,
,,,,,32624,3.0,3,,,,,,
,,,,,32633,9.0,9,,,,,,
,,,,,32636,3.0,3,,,,,,
,,,,,32641,5.0,5,,,,,,
,,,,,32645,4.0,4,,,,,,
,,,,,32656,11.0,11,,,,,,
,,,,,32666,10.0,10,,,,,,
,,,,,32679,13.0,13,,,,,,
,,,,,32683,4.0,4,,,,,,
,,,,,32686,3.0,3,,,,,,
,,,,,32694,8.0,8,,,,,,
,,,,,32706,12.0,12,,,,,,
,,,,,32712,6.0,6,,,,,,
,,,,,32717,5.0,5,,,,,,
,,,,,32721,4.0,4,,,,,,
,,,,,32725,4.0,4,,,,,,
,,,,,32728,3.0,3,,,,,,
,,,,,32738,10.0,10,,,,,,
,,,,,32741,3.0,3,,,,,,
,,,,,32748,7.0,7,,,,,,
,,,,,32754,6.0,6,,,,,,
,,,,,32767,13.0,13,,,,,,
,,,,,32773,6.0,6,,,,,,
,,,,,32779,6.0,6,,,,,,
,,,,,32785,6.0,6,,,,,,
,,,,,32789,4.0,4,,,,,,
,,,,,32801,12.0,12,,,,,,
,,,,,32807,6.0,6,,,,,,
,,,,,32813,6.0,6,,,,,,
,,,,,32828,15.0,15,,,,,,
,,,,,32834,6.0,6,,,,,,
,,,,,32839,5.0,5,,,,,,
,,,,,32842,3.0,3,,,,,,
,,,,,32845,3.0,3,,,,,,
,,,,,32859,14.0,14,,,,,,
,,,,,32877,18.0,18,,,,,,
,,,,,32881,4.0,4,,,,,,
,,,,,32886,5.0,5,,,,,,
,,,,,32900,14.0,14,,,,,,
,,,,,32908,8.0,8,,,,,,
,,,,,32913,5.0,5,,,,,,
,,,,,32920,7.0,7,,,,,,
,,,,,32924,4.0,4,,,,,,
,,,,,32939,15.0,15,,,,,,
,,,,,32942,3.0,3,,,,,,
,,,,,32947,5.0,5,,,,,,
,,,,,32951,4.0,4,,,,,,
,,,,,32954,3.0,3,,,,,,
,,,,,32961,7.0,7,,,,,,
,,,,,32964,3.0,3,,,,,,
,,,,,32970,6.0,6,,,,,,
,,,,,32976,6.0,6,,,,,,
,,,,,32979,3.0,3,,,,,,
,,,,,32983,4.0,4,,,,,,
,,,,,33000,,,1.5298500061035156,4.9474334716796875,4.9002685546875,0.0003,0.0003,0.1
,,,,,33004,21.0,21,,,,,,
,,,,,33013,9.0,9,,,,,,
,,,,,33025,12.0,12,,,,,,
,,,,,33032,7.0,7,,,,,,
,,,,,33036,4.0,4,,,,,,
,,,,,33052,16.0,16,,,,,,
,,,,,33059,7.0,7,,,,,,
,,,,,33065,6.0,6,,,,,,
,,,,,33072,7.0,7,,,,,,
,,,,,33082,10.0,10,,,,,,
,,,,,33089,7.0,7,,,,,,
,,,,,33093,4.0,4,,,,,,
,,,,,33101,8.0,8,,,,,,
,,,,,33107,6.0,6,,,,,,
,,,,,33119,12.0,12,,,,,,
,,,,,33124,5.0,5,,,,,,
,,,,,33133,9.0,9,,,,,,
,,,,,33139,6.0,6,,,,,,
,,,,,33143,4.0,4,,,,,,
,,,,,33148,5.0,5,,,,,,
,,,,,33163,15.0,15,,,,,,
,,,,,33172,9.0,9,,,,,,
,,,,,33176,4.0,4,,,,,,
,,,,,33179,3.0,3,,,,,,
,,,,,33204,25.0,25,,,,,,
,,,,,33209,5.0,5,,,,,,
,,,,,33215,6.0,6,,,,,,
,,,,,33219,4.0,4,,,,,,
,,,,,33223,4.0,4,,,,,,
,,,,,33229,6.0,6,,,,,,
,,,,,33232,3.0,3,,,,,,
,,,,,33241,9.0,9,,,,,,
,,,,,33246,5.0,5,,,,,,
,,,,,33251,5.0,5,,,,,,
,,,,,33255,4.0,4,,,,,,
,,,,,33263,8.0,8,,,,,,
,,,,,33272,9.0,9,,,,,,
,,,,,33276,4.0,4,,,,,,
,,,,,33280,4.0,4,,,,,,
,,,,,33286,6.0,6,,,,,,
,,,,,33293,7.0,7,,,,,,
,,,,,33305,12.0,12,,,,,,
,,,,,33309,4.0,4,,,,,,
,,,,,33314,5.0,5,,,,,,
,,,,,33328,14.0,14,,,,,,
,,,,,33333,5.0,5,,,,,,
,,,,,33370,37.0,37,,,,,,
,,,,,33373,3.0,3,,,,,,
,,,,,33376,3.0,3,,,,,,
,,,,,33381,5.0,5,,,,,,
,,,,,33388,7.0,7,,,,,,
,,,,,33392,4.0,4,,,,,,
,,,,,33401,9.0,9,,,,,,
,,,,,33405,4.0,4,,,,,,
,,,,,33415,10.0,10,,,,,,
,,,,,33420,5.0,5,,,,,,
,,,,,33425,5.0,5,,,,,,
,,,,,33429,4.0,4,,,,,,
,,,,,33435,6.0,6,,,,,,
,,,,,33461,26.0,26,,,,,,
,,,,,33479,18.0,18,,,,,,
,,,,,33484,5.0,5,,,,,,
,,,,,33491,7.0,7,,,,,,
,,,,,33502,11.0,11,,,,,,
,,,,,33510,8.0,8,,,,,,
,,,,,33515,5.0,5,,,,,,
,,,,,33522,7.0,7,,,,,,
,,,,,33527,5.0,5,,,,,,
,,,,,33532,5.0,5,,,,,,
,,,,,33542,10.0,10,,,,,,
,,,,,33545,3.0,3,,,,,,
,,,,,33562,17.0,17,,,,,,
,,,,,33567,5.0,5,,,,,,
,,,,,33572,5.0,5,,,,,,
,,,,,33576,4.0,4,,,,,,
,,,,,33584,8.0,8,,,,,,
,,,,,33587,3.0,3,,,,,,
,,,,,33593,6.0,6,,,,,,
,,,,,33598,5.0,5,,,,,,
,,,,,33608,10.0,10,,,,,,
,,,,,33611,3.0,3,,,,,,
,,,,,33618,7.0,7,,,,,,
,,,,,33621,3.0,3,,,,,,
,,,,,33626,5.0,5,,,,,,
,,,,,33632,6.0,6,,,,,,
,,,,,33637,5.0,5,,,,,,
,,,,,33642,5.0,5,,,,,,
,,,,,33650,8.0,8,,,,,,
,,,,,33657,7.0,7,,,,,,
,,,,,33661,4.0,4,,,,,,
,,,,,33665,4.0,4,,,,,,
,,,,,33668,3.0,3,,,,,,
,,,,,33677,9.0,9,,,,,,
,,,,,33684,7.0,7,,,,,,
,,,,,33688,4.0,4,,,,,,
,,,,,33694,6.0,6,,,,,,
,,,,,33704,10.0,10,,,,,,
,,,,,33707,3.0,3,,,,,,
,,,,,33713,6.0,6,,,,,,
,,,,,33718,5.0,5,,,,,,
,,,,,33724,6.0,6,,,,,,
,,,,,33728,4.0,4,,,,,,
,,,,,33733,5.0,5,,,,,,
,,,,,33740,7.0,7,,,,,,
,,,,,33746,6.0,6,,,,,,
,,,,,33751,5.0,5,,,,,,
,,,,,33754,3.0,3,,,,,,
,,,,,33759,5.0,5,,,,,,
,,,,,33765,6.0,6,,,,,,
,,,,,33769,4.0,4,,,,,,
,,,,,33773,4.0,4,,,,,,
,,,,,33794,21.0,21,,,,,,
,,,,,33809,15.0,15,,,,,,
,,,,,33814,5.0,5,,,,,,
,,,,,33818,4.0,4,,,,,,
,,,,,33822,4.0,4,,,,,,
,,,,,33825,3.0,3,,,,,,
,,,,,33845,20.0,20,,,,,,
,,,,,33851,6.0,6,,,,,,
,,,,,33856,5.0,5,,,,,,
,,,,,33860,4.0,4,,,,,,
,,,,,33864,4.0,4,,,,,,
,,,,,33868,4.0,4,,,,,,
,,,,,33901,33.0,33,,,,,,
,,,,,33907,6.0,6,,,,,,
,,,,,33912,5.0,5,,,,,,
,,,,,33927,15.0,15,,,,,,
,,,,,33931,4.0,4,,,,,,
,,,,,33935,4.0,4,,,,,,
,,,,,33938,3.0,3,,,,,,
,,,,,33944,6.0,6,,,,,,
,,,,,33950,6.0,6,,,,,,
,,,,,33961,11.0,11,,,,,,
,,,,,33965,4.0,4,,,,,,
,,,,,33970,5.0,5,,,,,,
,,,,,33974,4.0,4,,,,,,
,,,,,33980,6.0,6,,,,,,
,,,,,33983,3.0,3,,,,,,
,,,,,33987,4.0,4,,,,,,
,,,,,33996,9.0,9,,,,,,
,,,,,34000,,,2.612802028656006,5.283907413482666,5.238998889923096,0.0003,0.0003,0.1
,,,,,34001,5.0,5,,,,,,
,,,,,34010,9.0,9,,,,,,
,,,,,34017,7.0,7,,,,,,
,,,,,34023,6.0,6,,,,,,
,,,,,34026,3.0,3,,,,,,
,,,,,34029,3.0,3,,,,,,
,,,,,34034,5.0,5,,,,,,
,,,,,34039,5.0,5,,,,,,
,,,,,34044,5.0,5,,,,,,
,,,,,34047,3.0,3,,,,,,
,,,,,34055,8.0,8,,,,,,
,,,,,34070,15.0,15,,,,,,
,,,,,34083,13.0,13,,,,,,
,,,,,34092,9.0,9,,,,,,
,,,,,34097,5.0,5,,,,,,
,,,,,34101,4.0,4,,,,,,
,,,,,34107,6.0,6,,,,,,
,,,,,34119,12.0,12,,,,,,
,,,,,34123,4.0,4,,,,,,
,,,,,34131,8.0,8,,,,,,
,,,,,34134,3.0,3,,,,,,
,,,,,34138,4.0,4,,,,,,
,,,,,34144,6.0,6,,,,,,
,,,,,34147,3.0,3,,,,,,
,,,,,34168,21.0,21,,,,,,
,,,,,34179,11.0,11,,,,,,
,,,,,34198,19.0,19,,,,,,
,,,,,34201,3.0,3,,,,,,
,,,,,34206,5.0,5,,,,,,
,,,,,34216,10.0,10,,,,,,
,,,,,34224,8.0,8,,,,,,
,,,,,34240,16.0,16,,,,,,
,,,,,34246,6.0,6,,,,,,
,,,,,34250,4.0,4,,,,,,
,,,,,34259,9.0,9,,,,,,
,,,,,34263,4.0,4,,,,,,
,,,,,34267,4.0,4,,,,,,
,,,,,34271,4.0,4,,,,,,
,,,,,34277,6.0,6,,,,,,
,,,,,34286,9.0,9,,,,,,
,,,,,34292,6.0,6,,,,,,
,,,,,34305,13.0,13,,,,,,
,,,,,34324,19.0,19,,,,,,
,,,,,34332,8.0,8,,,,,,
,,,,,34336,4.0,4,,,,,,
,,,,,34358,22.0,22,,,,,,
,,,,,34363,5.0,5,,,,,,
,,,,,34373,10.0,10,,,,,,
,,,,,34380,7.0,7,,,,,,
,,,,,34383,3.0,3,,,,,,
,,,,,34392,9.0,9,,,,,,
,,,,,34418,26.0,26,,,,,,
,,,,,34425,7.0,7,,,,,,
,,,,,34430,5.0,5,,,,,,
,,,,,34449,19.0,19,,,,,,
,,,,,34458,9.0,9,,,,,,
,,,,,34465,7.0,7,,,,,,
,,,,,34470,5.0,5,,,,,,
,,,,,34474,4.0,4,,,,,,
,,,,,34481,7.0,7,,,,,,
,,,,,34489,8.0,8,,,,,,
,,,,,34495,6.0,6,,,,,,
,,,,,34498,3.0,3,,,,,,
,,,,,34506,8.0,8,,,,,,
,,,,,34512,6.0,6,,,,,,
,,,,,34520,8.0,8,,,,,,
,,,,,34528,8.0,8,,,,,,
,,,,,34531,3.0,3,,,,,,
,,,,,34538,7.0,7,,,,,,
,,,,,34541,3.0,3,,,,,,
,,,,,34546,5.0,5,,,,,,
,,,,,34550,4.0,4,,,,,,
,,,,,34553,3.0,3,,,,,,
,,,,,34561,8.0,8,,,,,,
,,,,,34569,8.0,8,,,,,,
,,,,,34576,7.0,7,,,,,,
,,,,,34584,8.0,8,,,,,,
,,,,,34587,3.0,3,,,,,,
,,,,,34596,9.0,9,,,,,,
,,,,,34600,4.0,4,,,,,,
,,,,,34604,4.0,4,,,,,,
,,,,,34609,5.0,5,,,,,,
,,,,,34613,4.0,4,,,,,,
,,,,,34626,13.0,13,,,,,,
,,,,,34633,7.0,7,,,,,,
,,,,,34636,3.0,3,,,,,,
,,,,,34641,5.0,5,,,,,,
,,,,,34644,3.0,3,,,,,,
,,,,,34649,5.0,5,,,,,,
,,,,,34662,13.0,13,,,,,,
,,,,,34671,9.0,9,,,,,,
,,,,,34674,3.0,3,,,,,,
,,,,,34679,5.0,5,,,,,,
,,,,,34685,6.0,6,,,,,,
,,,,,34693,8.0,8,,,,,,
,,,,,34710,17.0,17,,,,,,
,,,,,34713,3.0,3,,,,,,
,,,,,34716,3.0,3,,,,,,
,,,,,34724,8.0,8,,,,,,
,,,,,34738,14.0,14,,,,,,
,,,,,34758,20.0,20,,,,,,
,,,,,34763,5.0,5,,,,,,
,,,,,34767,4.0,4,,,,,,
,,,,,34772,5.0,5,,,,,,
,,,,,34783,11.0,11,,,,,,
,,,,,34795,12.0,12,,,,,,
,,,,,34805,10.0,10,,,,,,
,,,,,34820,15.0,15,,,,,,
,,,,,34828,8.0,8,,,,,,
,,,,,34836,8.0,8,,,,,,
,,,,,34839,3.0,3,,,,,,
,,,,,34846,7.0,7,,,,,,
,,,,,34854,8.0,8,,,,,,
,,,,,34859,5.0,5,,,,,,
,,,,,34867,8.0,8,,,,,,
,,,,,34876,9.0,9,,,,,,
,,,,,34881,5.0,5,,,,,,
,,,,,34884,3.0,3,,,,,,
,,,,,34899,15.0,15,,,,,,
,,,,,34906,7.0,7,,,,,,
,,,,,34911,5.0,5,,,,,,
,,,,,34915,4.0,4,,,,,,
,,,,,34932,17.0,17,,,,,,
,,,,,34940,8.0,8,,,,,,
,,,,,34953,13.0,13,,,,,,
,,,,,34958,5.0,5,,,,,,
,,,,,34972,14.0,14,,,,,,
,,,,,34976,4.0,4,,,,,,
,,,,,34988,12.0,12,,,,,,
6.7,5.2924476,19.0,3.0,6.7,35000,,,1.89800226688385,4.994022369384766,5.01754903793335,0.0003,0.0003,0.1
,,,,,35002,14.0,14,,,,,,
,,,,,35007,5.0,5,,,,,,
,,,,,35013,6.0,6,,,,,,
,,,,,35024,11.0,11,,,,,,
,,,,,35031,7.0,7,,,,,,
,,,,,35043,12.0,12,,,,,,
,,,,,35051,8.0,8,,,,,,
,,,,,35054,3.0,3,,,,,,
,,,,,35058,4.0,4,,,,,,
,,,,,35068,10.0,10,,,,,,
,,,,,35074,6.0,6,,,,,,
,,,,,35077,3.0,3,,,,,,
,,,,,35087,10.0,10,,,,,,
,,,,,35097,10.0,10,,,,,,
,,,,,35105,8.0,8,,,,,,
,,,,,35115,10.0,10,,,,,,
,,,,,35119,4.0,4,,,,,,
,,,,,35124,5.0,5,,,,,,
,,,,,35130,6.0,6,,,,,,
,,,,,35147,17.0,17,,,,,,
,,,,,35150,3.0,3,,,,,,
,,,,,35153,3.0,3,,,,,,
,,,,,35156,3.0,3,,,,,,
,,,,,35166,10.0,10,,,,,,
,,,,,35169,3.0,3,,,,,,
,,,,,35183,14.0,14,,,,,,
,,,,,35187,4.0,4,,,,,,
,,,,,35190,3.0,3,,,,,,
,,,,,35203,13.0,13,,,,,,
,,,,,35209,6.0,6,,,,,,
,,,,,35220,11.0,11,,,,,,
,,,,,35223,3.0,3,,,,,,
,,,,,35231,8.0,8,,,,,,
,,,,,35234,3.0,3,,,,,,
,,,,,35244,10.0,10,,,,,,
,,,,,35247,3.0,3,,,,,,
,,,,,35258,11.0,11,,,,,,
,,,,,35266,8.0,8,,,,,,
,,,,,35277,11.0,11,,,,,,
,,,,,35284,7.0,7,,,,,,
,,,,,35290,6.0,6,,,,,,
,,,,,35295,5.0,5,,,,,,
,,,,,35299,4.0,4,,,,,,
,,,,,35314,15.0,15,,,,,,
,,,,,35323,9.0,9,,,,,,
,,,,,35357,34.0,34,,,,,,
,,,,,35366,9.0,9,,,,,,
,,,,,35372,6.0,6,,,,,,
,,,,,35377,5.0,5,,,,,,
,,,,,35380,3.0,3,,,,,,
,,,,,35383,3.0,3,,,,,,
,,,,,35388,5.0,5,,,,,,
,,,,,35391,3.0,3,,,,,,
,,,,,35395,4.0,4,,,,,,
,,,,,35403,8.0,8,,,,,,
,,,,,35410,7.0,7,,,,,,
,,,,,35413,3.0,3,,,,,,
,,,,,35418,5.0,5,,,,,,
,,,,,35421,3.0,3,,,,,,
,,,,,35427,6.0,6,,,,,,
,,,,,35439,12.0,12,,,,,,
,,,,,35442,3.0,3,,,,,,
,,,,,35446,4.0,4,,,,,,
,,,,,35454,8.0,8,,,,,,
,,,,,35467,13.0,13,,,,,,
,,,,,35483,16.0,16,,,,,,
,,,,,35490,7.0,7,,,,,,
,,,,,35496,6.0,6,,,,,,
,,,,,35500,4.0,4,,,,,,
,,,,,35506,6.0,6,,,,,,
,,,,,35510,4.0,4,,,,,,
,,,,,35517,7.0,7,,,,,,
,,,,,35527,10.0,10,,,,,,
,,,,,35531,4.0,4,,,,,,
,,,,,35537,6.0,6,,,,,,
,,,,,35547,10.0,10,,,,,,
,,,,,35550,3.0,3,,,,,,
,,,,,35556,6.0,6,,,,,,
,,,,,35560,4.0,4,,,,,,
,,,,,35575,15.0,15,,,,,,
,,,,,35583,8.0,8,,,,,,
,,,,,35586,3.0,3,,,,,,
,,,,,35590,4.0,4,,,,,,
,,,,,35595,5.0,5,,,,,,
,,,,,35599,4.0,4,,,,,,
,,,,,35603,4.0,4,,,,,,
,,,,,35608,5.0,5,,,,,,
,,,,,35614,6.0,6,,,,,,
,,,,,35622,8.0,8,,,,,,
,,,,,35626,4.0,4,,,,,,
,,,,,35630,4.0,4,,,,,,
,,,,,35641,11.0,11,,,,,,
,,,,,35649,8.0,8,,,,,,
,,,,,35660,11.0,11,,,,,,
,,,,,35670,10.0,10,,,,,,
,,,,,35673,3.0,3,,,,,,
,,,,,35681,8.0,8,,,,,,
,,,,,35688,7.0,7,,,,,,
,,,,,35691,3.0,3,,,,,,
,,,,,35696,5.0,5,,,,,,
,,,,,35706,10.0,10,,,,,,
,,,,,35712,6.0,6,,,,,,
,,,,,35719,7.0,7,,,,,,
,,,,,35730,11.0,11,,,,,,
,,,,,35736,6.0,6,,,,,,
,,,,,35739,3.0,3,,,,,,
,,,,,35749,10.0,10,,,,,,
,,,,,35753,4.0,4,,,,,,
,,,,,35759,6.0,6,,,,,,
,,,,,35777,18.0,18,,,,,,
,,,,,35784,7.0,7,,,,,,
,,,,,35791,7.0,7,,,,,,
,,,,,35800,9.0,9,,,,,,
,,,,,35806,6.0,6,,,,,,
,,,,,35813,7.0,7,,,,,,
,,,,,35818,5.0,5,,,,,,
,,,,,35830,12.0,12,,,,,,
,,,,,35848,18.0,18,,,,,,
,,,,,35852,4.0,4,,,,,,
,,,,,35857,5.0,5,,,,,,
,,,,,35863,6.0,6,,,,,,
,,,,,35877,14.0,14,,,,,,
,,,,,35880,3.0,3,,,,,,
,,,,,35886,6.0,6,,,,,,
,,,,,35892,6.0,6,,,,,,
,,,,,35897,5.0,5,,,,,,
,,,,,35905,8.0,8,,,,,,
,,,,,35908,3.0,3,,,,,,
,,,,,35911,3.0,3,,,,,,
,,,,,35914,3.0,3,,,,,,
,,,,,35919,5.0,5,,,,,,
,,,,,35925,6.0,6,,,,,,
,,,,,35936,11.0,11,,,,,,
,,,,,35939,3.0,3,,,,,,
,,,,,35943,4.0,4,,,,,,
,,,,,35949,6.0,6,,,,,,
,,,,,35956,7.0,7,,,,,,
,,,,,35961,5.0,5,,,,,,
,,,,,35968,7.0,7,,,,,,
,,,,,35972,4.0,4,,,,,,
,,,,,35978,6.0,6,,,,,,
,,,,,35985,7.0,7,,,,,,
,,,,,35991,6.0,6,,,,,,
,,,,,35999,8.0,8,,,,,,
,,,,,36000,,,1.8773653507232666,5.050895690917969,5.010985851287842,0.0003,0.0003,0.1
,,,,,36002,3.0,3,,,,,,
,,,,,36005,3.0,3,,,,,,
,,,,,36031,26.0,26,,,,,,
,,,,,36048,17.0,17,,,,,,
,,,,,36062,14.0,14,,,,,,
,,,,,36066,4.0,4,,,,,,
,,,,,36070,4.0,4,,,,,,
,,,,,36073,3.0,3,,,,,,
,,,,,36076,3.0,3,,,,,,
,,,,,36102,26.0,26,,,,,,
,,,,,36110,8.0,8,,,,,,
,,,,,36120,10.0,10,,,,,,
,,,,,36128,8.0,8,,,,,,
,,,,,36132,4.0,4,,,,,,
,,,,,36139,7.0,7,,,,,,
,,,,,36146,7.0,7,,,,,,
,,,,,36149,3.0,3,,,,,,
,,,,,36153,4.0,4,,,,,,
,,,,,36162,9.0,9,,,,,,
,,,,,36165,3.0,3,,,,,,
,,,,,36179,14.0,14,,,,,,
,,,,,36189,10.0,10,,,,,,
,,,,,36203,14.0,14,,,,,,
,,,,,36206,3.0,3,,,,,,
,,,,,36212,6.0,6,,,,,,
,,,,,36218,6.0,6,,,,,,
,,,,,36221,3.0,3,,,,,,
,,,,,36233,12.0,12,,,,,,
,,,,,36255,22.0,22,,,,,,
,,,,,36260,5.0,5,,,,,,
,,,,,36268,8.0,8,,,,,,
,,,,,36271,3.0,3,,,,,,
,,,,,36278,7.0,7,,,,,,
,,,,,36290,12.0,12,,,,,,
,,,,,36301,11.0,11,,,,,,
,,,,,36304,3.0,3,,,,,,
,,,,,36308,4.0,4,,,,,,
,,,,,36312,4.0,4,,,,,,
,,,,,36316,4.0,4,,,,,,
,,,,,36321,5.0,5,,,,,,
,,,,,36331,10.0,10,,,,,,
,,,,,36340,9.0,9,,,,,,
,,,,,36344,4.0,4,,,,,,
,,,,,36347,3.0,3,,,,,,
,,,,,36356,9.0,9,,,,,,
,,,,,36361,5.0,5,,,,,,
,,,,,36376,15.0,15,,,,,,
,,,,,36381,5.0,5,,,,,,
,,,,,36390,9.0,9,,,,,,
,,,,,36400,10.0,10,,,,,,
,,,,,36405,5.0,5,,,,,,
,,,,,36411,6.0,6,,,,,,
,,,,,36415,4.0,4,,,,,,
,,,,,36421,6.0,6,,,,,,
,,,,,36429,8.0,8,,,,,,
,,,,,36433,4.0,4,,,,,,
,,,,,36437,4.0,4,,,,,,
,,,,,36440,3.0,3,,,,,,
,,,,,36443,3.0,3,,,,,,
,,,,,36447,4.0,4,,,,,,
,,,,,36453,6.0,6,,,,,,
,,,,,36461,8.0,8,,,,,,
,,,,,36464,3.0,3,,,,,,
,,,,,36468,4.0,4,,,,,,
,,,,,36473,5.0,5,,,,,,
,,,,,36483,10.0,10,,,,,,
,,,,,36486,3.0,3,,,,,,
,,,,,36489,3.0,3,,,,,,
,,,,,36495,6.0,6,,,,,,
,,,,,36501,6.0,6,,,,,,
,,,,,36505,4.0,4,,,,,,
,,,,,36509,4.0,4,,,,,,
,,,,,36520,11.0,11,,,,,,
,,,,,36523,3.0,3,,,,,,
,,,,,36533,10.0,10,,,,,,
,,,,,36539,6.0,6,,,,,,
,,,,,36543,4.0,4,,,,,,
,,,,,36547,4.0,4,,,,,,
,,,,,36551,4.0,4,,,,,,
,,,,,36559,8.0,8,,,,,,
,,,,,36566,7.0,7,,,,,,
,,,,,36575,9.0,9,,,,,,
,,,,,36580,5.0,5,,,,,,
,,,,,36585,5.0,5,,,,,,
,,,,,36592,7.0,7,,,,,,
,,,,,36597,5.0,5,,,,,,
,,,,,36601,4.0,4,,,,,,
,,,,,36604,3.0,3,,,,,,
,,,,,36614,10.0,10,,,,,,
,,,,,36618,4.0,4,,,,,,
,,,,,36621,3.0,3,,,,,,
,,,,,36633,12.0,12,,,,,,
,,,,,36644,11.0,11,,,,,,
,,,,,36657,13.0,13,,,,,,
,,,,,36661,4.0,4,,,,,,
,,,,,36669,8.0,8,,,,,,
,,,,,36672,3.0,3,,,,,,
,,,,,36676,4.0,4,,,,,,
,,,,,36680,4.0,4,,,,,,
,,,,,36688,8.0,8,,,,,,
,,,,,36692,4.0,4,,,,,,
,,,,,36696,4.0,4,,,,,,
,,,,,36699,3.0,3,,,,,,
,,,,,36705,6.0,6,,,,,,
,,,,,36738,33.0,33,,,,,,
,,,,,36751,13.0,13,,,,,,
,,,,,36768,17.0,17,,,,,,
,,,,,36771,3.0,3,,,,,,
,,,,,36776,5.0,5,,,,,,
,,,,,36782,6.0,6,,,,,,
,,,,,36799,17.0,17,,,,,,
,,,,,36803,4.0,4,,,,,,
,,,,,36812,9.0,9,,,,,,
,,,,,36818,6.0,6,,,,,,
,,,,,36831,13.0,13,,,,,,
,,,,,36835,4.0,4,,,,,,
,,,,,36838,3.0,3,,,,,,
,,,,,36849,11.0,11,,,,,,
,,,,,36862,13.0,13,,,,,,
,,,,,36874,12.0,12,,,,,,
,,,,,36894,20.0,20,,,,,,
,,,,,36898,4.0,4,,,,,,
,,,,,36905,7.0,7,,,,,,
,,,,,36912,7.0,7,,,,,,
,,,,,36915,3.0,3,,,,,,
,,,,,36923,8.0,8,,,,,,
,,,,,36927,4.0,4,,,,,,
,,,,,36933,6.0,6,,,,,,
,,,,,36942,9.0,9,,,,,,
,,,,,36947,5.0,5,,,,,,
,,,,,36950,3.0,3,,,,,,
,,,,,36964,14.0,14,,,,,,
,,,,,36969,5.0,5,,,,,,
,,,,,36973,4.0,4,,,,,,
,,,,,36977,4.0,4,,,,,,
,,,,,36981,4.0,4,,,,,,
,,,,,36988,7.0,7,,,,,,
,,,,,36993,5.0,5,,,,,,
,,,,,36997,4.0,4,,,,,,
,,,,,37000,,,2.488886594772339,5.431033134460449,5.483240127563477,0.0003,0.0003,0.1
,,,,,37001,4.0,4,,,,,,
,,,,,37005,4.0,4,,,,,,
,,,,,37009,4.0,4,,,,,,
,,,,,37013,4.0,4,,,,,,
,,,,,37016,3.0,3,,,,,,
,,,,,37021,5.0,5,,,,,,
,,,,,37025,4.0,4,,,,,,
,,,,,37032,7.0,7,,,,,,
,,,,,37036,4.0,4,,,,,,
,,,,,37040,4.0,4,,,,,,
,,,,,37050,10.0,10,,,,,,
,,,,,37063,13.0,13,,,,,,
,,,,,37068,5.0,5,,,,,,
,,,,,37071,3.0,3,,,,,,
,,,,,37081,10.0,10,,,,,,
,,,,,37088,7.0,7,,,,,,
,,,,,37091,3.0,3,,,,,,
,,,,,37106,15.0,15,,,,,,
,,,,,37116,10.0,10,,,,,,
,,,,,37119,3.0,3,,,,,,
,,,,,37123,4.0,4,,,,,,
,,,,,37127,4.0,4,,,,,,
,,,,,37144,17.0,17,,,,,,
,,,,,37154,10.0,10,,,,,,
,,,,,37169,15.0,15,,,,,,
,,,,,37176,7.0,7,,,,,,
,,,,,37184,8.0,8,,,,,,
,,,,,37189,5.0,5,,,,,,
,,,,,37199,10.0,10,,,,,,
,,,,,37208,9.0,9,,,,,,
,,,,,37211,3.0,3,,,,,,
,,,,,37216,5.0,5,,,,,,
,,,,,37219,3.0,3,,,,,,
,,,,,37222,3.0,3,,,,,,
,,,,,37234,12.0,12,,,,,,
,,,,,37238,4.0,4,,,,,,
,,,,,37241,3.0,3,,,,,,
,,,,,37251,10.0,10,,,,,,
,,,,,37255,4.0,4,,,,,,
,,,,,37258,3.0,3,,,,,,
,,,,,37262,4.0,4,,,,,,
,,,,,37267,5.0,5,,,,,,
,,,,,37272,5.0,5,,,,,,
,,,,,37275,3.0,3,,,,,,
,,,,,37280,5.0,5,,,,,,
,,,,,37285,5.0,5,,,,,,
,,,,,37289,4.0,4,,,,,,
,,,,,37296,7.0,7,,,,,,
,,,,,37302,6.0,6,,,,,,
,,,,,37306,4.0,4,,,,,,
,,,,,37311,5.0,5,,,,,,
,,,,,37322,11.0,11,,,,,,
,,,,,37326,4.0,4,,,,,,
,,,,,37333,7.0,7,,,,,,
,,,,,37337,4.0,4,,,,,,
,,,,,37341,4.0,4,,,,,,
,,,,,37344,3.0,3,,,,,,
,,,,,37349,5.0,5,,,,,,
,,,,,37354,5.0,5,,,,,,
,,,,,37359,5.0,5,,,,,,
,,,,,37366,7.0,7,,,,,,
,,,,,37371,5.0,5,,,,,,
,,,,,37376,5.0,5,,,,,,
,,,,,37383,7.0,7,,,,,,
,,,,,37397,14.0,14,,,,,,
,,,,,37407,10.0,10,,,,,,
,,,,,37413,6.0,6,,,,,,
,,,,,37423,10.0,10,,,,,,
,,,,,37429,6.0,6,,,,,,
,,,,,37438,9.0,9,,,,,,
,,,,,37455,17.0,17,,,,,,
,,,,,37459,4.0,4,,,,,,
,,,,,37470,11.0,11,,,,,,
,,,,,37476,6.0,6,,,,,,
,,,,,37480,4.0,4,,,,,,
,,,,,37489,9.0,9,,,,,,
,,,,,37498,9.0,9,,,,,,
,,,,,37502,4.0,4,,,,,,
,,,,,37506,4.0,4,,,,,,
,,,,,37516,10.0,10,,,,,,
,,,,,37521,5.0,5,,,,,,
,,,,,37524,3.0,3,,,,,,
,,,,,37527,3.0,3,,,,,,
,,,,,37541,14.0,14,,,,,,
,,,,,37561,20.0,20,,,,,,
,,,,,37569,8.0,8,,,,,,
,,,,,37578,9.0,9,,,,,,
,,,,,37595,17.0,17,,,,,,
,,,,,37603,8.0,8,,,,,,
,,,,,37606,3.0,3,,,,,,
,,,,,37612,6.0,6,,,,,,
,,,,,37623,11.0,11,,,,,,
,,,,,37632,9.0,9,,,,,,
,,,,,37636,4.0,4,,,,,,
,,,,,37644,8.0,8,,,,,,
,,,,,37650,6.0,6,,,,,,
,,,,,37660,10.0,10,,,,,,
,,,,,37673,13.0,13,,,,,,
,,,,,37677,4.0,4,,,,,,
,,,,,37688,11.0,11,,,,,,
,,,,,37692,4.0,4,,,,,,
,,,,,37695,3.0,3,,,,,,
,,,,,37700,5.0,5,,,,,,
,,,,,37705,5.0,5,,,,,,
,,,,,37708,3.0,3,,,,,,
,,,,,37712,4.0,4,,,,,,
,,,,,37725,13.0,13,,,,,,
,,,,,37728,3.0,3,,,,,,
,,,,,37732,4.0,4,,,,,,
,,,,,37739,7.0,7,,,,,,
,,,,,37746,7.0,7,,,,,,
,,,,,37760,14.0,14,,,,,,
,,,,,37764,4.0,4,,,,,,
,,,,,37770,6.0,6,,,,,,
,,,,,37777,7.0,7,,,,,,
,,,,,37786,9.0,9,,,,,,
,,,,,37790,4.0,4,,,,,,
,,,,,37795,5.0,5,,,,,,
,,,,,37811,16.0,16,,,,,,
,,,,,37816,5.0,5,,,,,,
,,,,,37822,6.0,6,,,,,,
,,,,,37835,13.0,13,,,,,,
,,,,,37842,7.0,7,,,,,,
,,,,,37848,6.0,6,,,,,,
,,,,,37855,7.0,7,,,,,,
,,,,,37859,4.0,4,,,,,,
,,,,,37862,3.0,3,,,,,,
,,,,,37878,16.0,16,,,,,,
,,,,,37897,19.0,19,,,,,,
,,,,,37901,4.0,4,,,,,,
,,,,,37911,10.0,10,,,,,,
,,,,,37915,4.0,4,,,,,,
,,,,,37919,4.0,4,,,,,,
,,,,,37923,4.0,4,,,,,,
,,,,,37942,19.0,19,,,,,,
,,,,,37947,5.0,5,,,,,,
,,,,,37954,7.0,7,,,,,,
,,,,,37961,7.0,7,,,,,,
,,,,,37967,6.0,6,,,,,,
,,,,,37973,6.0,6,,,,,,
,,,,,37977,4.0,4,,,,,,
,,,,,37981,4.0,4,,,,,,
,,,,,37989,8.0,8,,,,,,
,,,,,37995,6.0,6,,,,,,
,,,,,38000,,,1.8540751934051514,4.707776069641113,4.5832061767578125,0.0003,0.0003,0.1
,,,,,38002,7.0,7,,,,,,
,,,,,38008,6.0,6,,,,,,
,,,,,38015,7.0,7,,,,,,
,,,,,38019,4.0,4,,,,,,
,,,,,38033,14.0,14,,,,,,
,,,,,38036,3.0,3,,,,,,
,,,,,38042,6.0,6,,,,,,
,,,,,38045,3.0,3,,,,,,
,,,,,38053,8.0,8,,,,,,
,,,,,38057,4.0,4,,,,,,
,,,,,38069,12.0,12,,,,,,
,,,,,38076,7.0,7,,,,,,
,,,,,38080,4.0,4,,,,,,
,,,,,38093,13.0,13,,,,,,
,,,,,38106,13.0,13,,,,,,
,,,,,38116,10.0,10,,,,,,
,,,,,38121,5.0,5,,,,,,
,,,,,38125,4.0,4,,,,,,
,,,,,38129,4.0,4,,,,,,
,,,,,38133,4.0,4,,,,,,
,,,,,38143,10.0,10,,,,,,
,,,,,38147,4.0,4,,,,,,
,,,,,38151,4.0,4,,,,,,
,,,,,38161,10.0,10,,,,,,
,,,,,38169,8.0,8,,,,,,
,,,,,38174,5.0,5,,,,,,
,,,,,38177,3.0,3,,,,,,
,,,,,38181,4.0,4,,,,,,
,,,,,38194,13.0,13,,,,,,
,,,,,38200,6.0,6,,,,,,
,,,,,38205,5.0,5,,,,,,
,,,,,38211,6.0,6,,,,,,
,,,,,38222,11.0,11,,,,,,
,,,,,38232,10.0,10,,,,,,
,,,,,38238,6.0,6,,,,,,
,,,,,38242,4.0,4,,,,,,
,,,,,38247,5.0,5,,,,,,
,,,,,38252,5.0,5,,,,,,
,,,,,38258,6.0,6,,,,,,
,,,,,38261,3.0,3,,,,,,
,,,,,38265,4.0,4,,,,,,
,,,,,38270,5.0,5,,,,,,
,,,,,38273,3.0,3,,,,,,
,,,,,38282,9.0,9,,,,,,
,,,,,38288,6.0,6,,,,,,
,,,,,38295,7.0,7,,,,,,
,,,,,38299,4.0,4,,,,,,
,,,,,38302,3.0,3,,,,,,
,,,,,38307,5.0,5,,,,,,
,,,,,38311,4.0,4,,,,,,
,,,,,38324,13.0,13,,,,,,
,,,,,38328,4.0,4,,,,,,
,,,,,38333,5.0,5,,,,,,
,,,,,38338,5.0,5,,,,,,
,,,,,38345,7.0,7,,,,,,
,,,,,38349,4.0,4,,,,,,
,,,,,38356,7.0,7,,,,,,
,,,,,38370,14.0,14,,,,,,
,,,,,38377,7.0,7,,,,,,
,,,,,38386,9.0,9,,,,,,
,,,,,38416,30.0,30,,,,,,
,,,,,38426,10.0,10,,,,,,
,,,,,38429,3.0,3,,,,,,
,,,,,38432,3.0,3,,,,,,
,,,,,38436,4.0,4,,,,,,
,,,,,38443,7.0,7,,,,,,
,,,,,38447,4.0,4,,,,,,
,,,,,38451,4.0,4,,,,,,
,,,,,38458,7.0,7,,,,,,
,,,,,38463,5.0,5,,,,,,
,,,,,38470,7.0,7,,,,,,
,,,,,38480,10.0,10,,,,,,
,,,,,38490,10.0,10,,,,,,
,,,,,38494,4.0,4,,,,,,
,,,,,38511,17.0,17,,,,,,
,,,,,38516,5.0,5,,,,,,
,,,,,38520,4.0,4,,,,,,
,,,,,38525,5.0,5,,,,,,
,,,,,38551,26.0,26,,,,,,
,,,,,38554,3.0,3,,,,,,
,,,,,38559,5.0,5,,,,,,
,,,,,38562,3.0,3,,,,,,
,,,,,38581,19.0,19,,,,,,
,,,,,38588,7.0,7,,,,,,
,,,,,38607,19.0,19,,,,,,
,,,,,38610,3.0,3,,,,,,
,,,,,38613,3.0,3,,,,,,
,,,,,38617,4.0,4,,,,,,
,,,,,38622,5.0,5,,,,,,
,,,,,38626,4.0,4,,,,,,
,,,,,38629,3.0,3,,,,,,
,,,,,38636,7.0,7,,,,,,
,,,,,38644,8.0,8,,,,,,
,,,,,38650,6.0,6,,,,,,
,,,,,38653,3.0,3,,,,,,
,,,,,38656,3.0,3,,,,,,
,,,,,38659,3.0,3,,,,,,
,,,,,38664,5.0,5,,,,,,
,,,,,38673,9.0,9,,,,,,
,,,,,38677,4.0,4,,,,,,
,,,,,38681,4.0,4,,,,,,
,,,,,38689,8.0,8,,,,,,
,,,,,38694,5.0,5,,,,,,
,,,,,38698,4.0,4,,,,,,
,,,,,38705,7.0,7,,,,,,
,,,,,38713,8.0,8,,,,,,
,,,,,38727,14.0,14,,,,,,
,,,,,38730,3.0,3,,,,,,
,,,,,38740,10.0,10,,,,,,
,,,,,38745,5.0,5,,,,,,
,,,,,38754,9.0,9,,,,,,
,,,,,38759,5.0,5,,,,,,
,,,,,38764,5.0,5,,,,,,
,,,,,38775,11.0,11,,,,,,
,,,,,38780,5.0,5,,,,,,
,,,,,38783,3.0,3,,,,,,
,,,,,38789,6.0,6,,,,,,
,,,,,38796,7.0,7,,,,,,
,,,,,38799,3.0,3,,,,,,
,,,,,38805,6.0,6,,,,,,
,,,,,38810,5.0,5,,,,,,
,,,,,38816,6.0,6,,,,,,
,,,,,38827,11.0,11,,,,,,
,,,,,38835,8.0,8,,,,,,
,,,,,38840,5.0,5,,,,,,
,,,,,38844,4.0,4,,,,,,
,,,,,38856,12.0,12,,,,,,
,,,,,38859,3.0,3,,,,,,
,,,,,38870,11.0,11,,,,,,
,,,,,38875,5.0,5,,,,,,
,,,,,38882,7.0,7,,,,,,
,,,,,38890,8.0,8,,,,,,
,,,,,38894,4.0,4,,,,,,
,,,,,38900,6.0,6,,,,,,
,,,,,38907,7.0,7,,,,,,
,,,,,38912,5.0,5,,,,,,
,,,,,38919,7.0,7,,,,,,
,,,,,38931,12.0,12,,,,,,
,,,,,38935,4.0,4,,,,,,
,,,,,38943,8.0,8,,,,,,
,,,,,38951,8.0,8,,,,,,
,,,,,38954,3.0,3,,,,,,
,,,,,38968,14.0,14,,,,,,
,,,,,38972,4.0,4,,,,,,
,,,,,38981,9.0,9,,,,,,
,,,,,38986,5.0,5,,,,,,
,,,,,38994,8.0,8,,,,,,
,,,,,39000,,,1.4820547103881836,4.797202110290527,4.904120445251465,0.0003,0.0003,0.1
,,,,,39002,8.0,8,,,,,,
,,,,,39007,5.0,5,,,,,,
,,,,,39011,4.0,4,,,,,,
,,,,,39016,5.0,5,,,,,,
,,,,,39020,4.0,4,,,,,,
,,,,,39026,6.0,6,,,,,,
,,,,,39038,12.0,12,,,,,,
,,,,,39041,3.0,3,,,,,,
,,,,,39044,3.0,3,,,,,,
,,,,,39055,11.0,11,,,,,,
,,,,,39065,10.0,10,,,,,,
,,,,,39069,4.0,4,,,,,,
,,,,,39073,4.0,4,,,,,,
,,,,,39081,8.0,8,,,,,,
,,,,,39094,13.0,13,,,,,,
,,,,,39098,4.0,4,,,,,,
,,,,,39101,3.0,3,,,,,,
,,,,,39107,6.0,6,,,,,,
,,,,,39110,3.0,3,,,,,,
,,,,,39116,6.0,6,,,,,,
,,,,,39119,3.0,3,,,,,,
,,,,,39122,3.0,3,,,,,,
,,,,,39134,12.0,12,,,,,,
,,,,,39145,11.0,11,,,,,,
,,,,,39149,4.0,4,,,,,,
,,,,,39154,5.0,5,,,,,,
,,,,,39167,13.0,13,,,,,,
,,,,,39172,5.0,5,,,,,,
,,,,,39179,7.0,7,,,,,,
,,,,,39183,4.0,4,,,,,,
,,,,,39186,3.0,3,,,,,,
,,,,,39190,4.0,4,,,,,,
,,,,,39199,9.0,9,,,,,,
,,,,,39204,5.0,5,,,,,,
,,,,,39218,14.0,14,,,,,,
,,,,,39222,4.0,4,,,,,,
,,,,,39231,9.0,9,,,,,,
,,,,,39236,5.0,5,,,,,,
,,,,,39255,19.0,19,,,,,,
,,,,,39274,19.0,19,,,,,,
,,,,,39278,4.0,4,,,,,,
,,,,,39285,7.0,7,,,,,,
,,,,,39293,8.0,8,,,,,,
,,,,,39300,7.0,7,,,,,,
,,,,,39306,6.0,6,,,,,,
,,,,,39311,5.0,5,,,,,,
,,,,,39329,18.0,18,,,,,,
,,,,,39333,4.0,4,,,,,,
,,,,,39339,6.0,6,,,,,,
,,,,,39356,17.0,17,,,,,,
,,,,,39362,6.0,6,,,,,,
,,,,,39366,4.0,4,,,,,,
,,,,,39372,6.0,6,,,,,,
,,,,,39375,3.0,3,,,,,,
,,,,,39379,4.0,4,,,,,,
,,,,,39382,3.0,3,,,,,,
,,,,,39386,4.0,4,,,,,,
,,,,,39392,6.0,6,,,,,,
,,,,,39399,7.0,7,,,,,,
,,,,,39402,3.0,3,,,,,,
,,,,,39413,11.0,11,,,,,,
,,,,,39422,9.0,9,,,,,,
,,,,,39427,5.0,5,,,,,,
,,,,,39438,11.0,11,,,,,,
,,,,,39442,4.0,4,,,,,,
,,,,,39447,5.0,5,,,,,,
,,,,,39458,11.0,11,,,,,,
,,,,,39462,4.0,4,,,,,,
,,,,,39467,5.0,5,,,,,,
,,,,,39471,4.0,4,,,,,,
,,,,,39474,3.0,3,,,,,,
,,,,,39487,13.0,13,,,,,,
,,,,,39493,6.0,6,,,,,,
,,,,,39497,4.0,4,,,,,,
,,,,,39508,11.0,11,,,,,,
,,,,,39521,13.0,13,,,,,,
,,,,,39525,4.0,4,,,,,,
,,,,,39529,4.0,4,,,,,,
,,,,,39533,4.0,4,,,,,,
,,,,,39536,3.0,3,,,,,,
,,,,,39544,8.0,8,,,,,,
,,,,,39552,8.0,8,,,,,,
,,,,,39556,4.0,4,,,,,,
,,,,,39560,4.0,4,,,,,,
,,,,,39564,4.0,4,,,,,,
,,,,,39567,3.0,3,,,,,,
,,,,,39572,5.0,5,,,,,,
,,,,,39582,10.0,10,,,,,,
,,,,,39589,7.0,7,,,,,,
,,,,,39593,4.0,4,,,,,,
,,,,,39596,3.0,3,,,,,,
,,,,,39616,20.0,20,,,,,,
,,,,,39622,6.0,6,,,,,,
,,,,,39629,7.0,7,,,,,,
,,,,,39633,4.0,4,,,,,,
,,,,,39639,6.0,6,,,,,,
,,,,,39646,7.0,7,,,,,,
,,,,,39649,3.0,3,,,,,,
,,,,,39653,4.0,4,,,,,,
,,,,,39658,5.0,5,,,,,,
,,,,,39664,6.0,6,,,,,,
,,,,,39668,4.0,4,,,,,,
,,,,,39686,18.0,18,,,,,,
,,,,,39691,5.0,5,,,,,,
,,,,,39699,8.0,8,,,,,,
,,,,,39702,3.0,3,,,,,,
,,,,,39712,10.0,10,,,,,,
,,,,,39716,4.0,4,,,,,,
,,,,,39722,6.0,6,,,,,,
,,,,,39737,15.0,15,,,,,,
,,,,,39740,3.0,3,,,,,,
,,,,,39746,6.0,6,,,,,,
,,,,,39749,3.0,3,,,,,,
,,,,,39753,4.0,4,,,,,,
,,,,,39760,7.0,7,,,,,,
,,,,,39763,3.0,3,,,,,,
,,,,,39779,16.0,16,,,,,,
,,,,,39799,20.0,20,,,,,,
,,,,,39811,12.0,12,,,,,,
,,,,,39815,4.0,4,,,,,,
,,,,,39819,4.0,4,,,,,,
,,,,,39826,7.0,7,,,,,,
,,,,,39830,4.0,4,,,,,,
,,,,,39834,4.0,4,,,,,,
,,,,,39839,5.0,5,,,,,,
,,,,,39844,5.0,5,,,,,,
,,,,,39849,5.0,5,,,,,,
,,,,,39854,5.0,5,,,,,,
,,,,,39859,5.0,5,,,,,,
,,,,,39865,6.0,6,,,,,,
,,,,,39869,4.0,4,,,,,,
,,,,,39873,4.0,4,,,,,,
,,,,,39876,3.0,3,,,,,,
,,,,,39891,15.0,15,,,,,,
,,,,,39902,11.0,11,,,,,,
,,,,,39907,5.0,5,,,,,,
,,,,,39911,4.0,4,,,,,,
,,,,,39915,4.0,4,,,,,,
,,,,,39922,7.0,7,,,,,,
,,,,,39925,3.0,3,,,,,,
,,,,,39935,10.0,10,,,,,,
,,,,,39943,8.0,8,,,,,,
,,,,,39947,4.0,4,,,,,,
,,,,,39952,5.0,5,,,,,,
,,,,,39972,20.0,20,,,,,,
,,,,,39977,5.0,5,,,,,,
,,,,,39985,8.0,8,,,,,,
,,,,,39988,3.0,3,,,,,,
,,,,,39993,5.0,5,,,,,,
,,,,,39997,4.0,4,,,,,,
8.6,4.363485,15.0,3.0,8.6,40000,,,1.6229979991912842,5.178896427154541,5.2780256271362305,0.0003,0.0003,0.1
,,,,,40008,11.0,11,,,,,,
,,,,,40014,6.0,6,,,,,,
,,,,,40022,8.0,8,,,,,,
,,,,,40026,4.0,4,,,,,,
,,,,,40036,10.0,10,,,,,,
,,,,,40042,6.0,6,,,,,,
,,,,,40058,16.0,16,,,,,,
,,,,,40062,4.0,4,,,,,,
,,,,,40086,24.0,24,,,,,,
,,,,,40091,5.0,5,,,,,,
,,,,,40106,15.0,15,,,,,,
,,,,,40116,10.0,10,,,,,,
,,,,,40121,5.0,5,,,,,,
,,,,,40127,6.0,6,,,,,,
,,,,,40140,13.0,13,,,,,,
,,,,,40145,5.0,5,,,,,,
,,,,,40152,7.0,7,,,,,,
,,,,,40156,4.0,4,,,,,,
,,,,,40159,3.0,3,,,,,,
,,,,,40164,5.0,5,,,,,,
,,,,,40173,9.0,9,,,,,,
,,,,,40185,12.0,12,,,,,,
,,,,,40191,6.0,6,,,,,,
,,,,,40200,9.0,9,,,,,,
,,,,,40211,11.0,11,,,,,,
,,,,,40215,4.0,4,,,,,,
,,,,,40220,5.0,5,,,,,,
,,,,,40226,6.0,6,,,,,,
,,,,,40230,4.0,4,,,,,,
,,,,,40235,5.0,5,,,,,,
,,,,,40242,7.0,7,,,,,,
,,,,,40247,5.0,5,,,,,,
,,,,,40250,3.0,3,,,,,,
,,,,,40256,6.0,6,,,,,,
,,,,,40263,7.0,7,,,,,,
,,,,,40269,6.0,6,,,,,,
,,,,,40273,4.0,4,,,,,,
,,,,,40276,3.0,3,,,,,,
,,,,,40282,6.0,6,,,,,,
,,,,,40293,11.0,11,,,,,,
,,,,,40297,4.0,4,,,,,,
,,,,,40302,5.0,5,,,,,,
,,,,,40306,4.0,4,,,,,,
,,,,,40311,5.0,5,,,,,,
,,,,,40316,5.0,5,,,,,,
,,,,,40325,9.0,9,,,,,,
,,,,,40329,4.0,4,,,,,,
,,,,,40334,5.0,5,,,,,,
,,,,,40337,3.0,3,,,,,,
,,,,,40341,4.0,4,,,,,,
,,,,,40352,11.0,11,,,,,,
,,,,,40365,13.0,13,,,,,,
,,,,,40368,3.0,3,,,,,,
,,,,,40380,12.0,12,,,,,,
,,,,,40390,10.0,10,,,,,,
,,,,,40403,13.0,13,,,,,,
,,,,,40410,7.0,7,,,,,,
,,,,,40416,6.0,6,,,,,,
,,,,,40420,4.0,4,,,,,,
,,,,,40436,16.0,16,,,,,,
,,,,,40445,9.0,9,,,,,,
,,,,,40452,7.0,7,,,,,,
,,,,,40456,4.0,4,,,,,,
,,,,,40459,3.0,3,,,,,,
,,,,,40464,5.0,5,,,,,,
,,,,,40469,5.0,5,,,,,,
,,,,,40476,7.0,7,,,,,,
,,,,,40488,12.0,12,,,,,,
,,,,,40497,9.0,9,,,,,,
,,,,,40512,15.0,15,,,,,,
,,,,,40526,14.0,14,,,,,,
,,,,,40530,4.0,4,,,,,,
,,,,,40535,5.0,5,,,,,,
,,,,,40546,11.0,11,,,,,,
,,,,,40551,5.0,5,,,,,,
,,,,,40557,6.0,6,,,,,,
,,,,,40562,5.0,5,,,,,,
,,,,,40566,4.0,4,,,,,,
,,,,,40573,7.0,7,,,,,,
,,,,,40582,9.0,9,,,,,,
,,,,,40589,7.0,7,,,,,,
,,,,,40595,6.0,6,,,,,,
,,,,,40599,4.0,4,,,,,,
,,,,,40605,6.0,6,,,,,,
,,,,,40610,5.0,5,,,,,,
,,,,,40626,16.0,16,,,,,,
,,,,,40630,4.0,4,,,,,,
,,,,,40642,12.0,12,,,,,,
,,,,,40647,5.0,5,,,,,,
,,,,,40655,8.0,8,,,,,,
,,,,,40662,7.0,7,,,,,,
,,,,,40673,11.0,11,,,,,,
,,,,,40678,5.0,5,,,,,,
,,,,,40682,4.0,4,,,,,,
,,,,,40691,9.0,9,,,,,,
,,,,,40697,6.0,6,,,,,,
,,,,,40701,4.0,4,,,,,,
,,,,,40708,7.0,7,,,,,,
,,,,,40716,8.0,8,,,,,,
,,,,,40720,4.0,4,,,,,,
,,,,,40724,4.0,4,,,,,,
,,,,,40736,12.0,12,,,,,,
,,,,,40747,11.0,11,,,,,,
,,,,,40751,4.0,4,,,,,,
,,,,,40757,6.0,6,,,,,,
,,,,,40761,4.0,4,,,,,,
,,,,,40764,3.0,3,,,,,,
,,,,,40767,3.0,3,,,,,,
,,,,,40771,4.0,4,,,,,,
,,,,,40785,14.0,14,,,,,,
,,,,,40794,9.0,9,,,,,,
,,,,,40801,7.0,7,,,,,,
,,,,,40804,3.0,3,,,,,,
,,,,,40810,6.0,6,,,,,,
,,,,,40821,11.0,11,,,,,,
,,,,,40827,6.0,6,,,,,,
,,,,,40836,9.0,9,,,,,,
,,,,,40858,22.0,22,,,,,,
,,,,,40861,3.0,3,,,,,,
,,,,,40866,5.0,5,,,,,,
,,,,,40870,4.0,4,,,,,,
,,,,,40875,5.0,5,,,,,,
,,,,,40879,4.0,4,,,,,,
,,,,,40885,6.0,6,,,,,,
,,,,,40889,4.0,4,,,,,,
,,,,,40893,4.0,4,,,,,,
,,,,,40897,4.0,4,,,,,,
,,,,,40912,15.0,15,,,,,,
,,,,,40916,4.0,4,,,,,,
,,,,,40926,10.0,10,,,,,,
,,,,,40931,5.0,5,,,,,,
,,,,,40935,4.0,4,,,,,,
,,,,,40941,6.0,6,,,,,,
,,,,,40945,4.0,4,,,,,,
,,,,,40954,9.0,9,,,,,,
,,,,,40960,6.0,6,,,,,,
,,,,,40983,23.0,23,,,,,,
,,,,,40987,4.0,4,,,,,,
,,,,,40999,12.0,12,,,,,,
,,,,,41000,,,2.405125617980957,4.827285289764404,4.736248016357422,0.0003,0.0003,0.1
,,,,,41007,8.0,8,,,,,,
,,,,,41012,5.0,5,,,,,,
,,,,,41018,6.0,6,,,,,,
,,,,,41029,11.0,11,,,,,,
,,,,,41033,4.0,4,,,,,,
,,,,,41043,10.0,10,,,,,,
,,,,,41059,16.0,16,,,,,,
,,,,,41063,4.0,4,,,,,,
,,,,,41072,9.0,9,,,,,,
,,,,,41087,15.0,15,,,,,,
,,,,,41091,4.0,4,,,,,,
,,,,,41100,9.0,9,,,,,,
,,,,,41112,12.0,12,,,,,,
,,,,,41117,5.0,5,,,,,,
,,,,,41121,4.0,4,,,,,,
,,,,,41124,3.0,3,,,,,,
,,,,,41131,7.0,7,,,,,,
,,,,,41138,7.0,7,,,,,,
,,,,,41142,4.0,4,,,,,,
,,,,,41147,5.0,5,,,,,,
,,,,,41151,4.0,4,,,,,,
,,,,,41156,5.0,5,,,,,,
,,,,,41163,7.0,7,,,,,,
,,,,,41169,6.0,6,,,,,,
,,,,,41185,16.0,16,,,,,,
,,,,,41191,6.0,6,,,,,,
,,,,,41194,3.0,3,,,,,,
,,,,,41201,7.0,7,,,,,,
,,,,,41212,11.0,11,,,,,,
,,,,,41220,8.0,8,,,,,,
,,,,,41225,5.0,5,,,,,,
,,,,,41231,6.0,6,,,,,,
,,,,,41269,38.0,38,,,,,,
,,,,,41273,4.0,4,,,,,,
,,,,,41277,4.0,4,,,,,,
,,,,,41282,5.0,5,,,,,,
,,,,,41287,5.0,5,,,,,,
,,,,,41290,3.0,3,,,,,,
,,,,,41298,8.0,8,,,,,,
,,,,,41305,7.0,7,,,,,,
,,,,,41311,6.0,6,,,,,,
,,,,,41315,4.0,4,,,,,,
,,,,,41323,8.0,8,,,,,,
,,,,,41332,9.0,9,,,,,,
,,,,,41337,5.0,5,,,,,,
,,,,,41342,5.0,5,,,,,,
,,,,,41347,5.0,5,,,,,,
,,,,,41350,3.0,3,,,,,,
,,,,,41357,7.0,7,,,,,,
,,,,,41365,8.0,8,,,,,,
,,,,,41377,12.0,12,,,,,,
,,,,,41380,3.0,3,,,,,,
,,,,,41384,4.0,4,,,,,,
,,,,,41397,13.0,13,,,,,,
,,,,,41401,4.0,4,,,,,,
,,,,,41407,6.0,6,,,,,,
,,,,,41411,4.0,4,,,,,,
,,,,,41418,7.0,7,,,,,,
,,,,,41425,7.0,7,,,,,,
,,,,,41439,14.0,14,,,,,,
,,,,,41443,4.0,4,,,,,,
,,,,,41450,7.0,7,,,,,,
,,,,,41461,11.0,11,,,,,,
,,,,,41464,3.0,3,,,,,,
,,,,,41467,3.0,3,,,,,,
,,,,,41470,3.0,3,,,,,,
,,,,,41482,12.0,12,,,,,,
,,,,,41485,3.0,3,,,,,,
,,,,,41492,7.0,7,,,,,,
,,,,,41495,3.0,3,,,,,,
,,,,,41499,4.0,4,,,,,,
,,,,,41502,3.0,3,,,,,,
,,,,,41510,8.0,8,,,,,,
,,,,,41514,4.0,4,,,,,,
,,,,,41517,3.0,3,,,,,,
,,,,,41520,3.0,3,,,,,,
,,,,,41524,4.0,4,,,,,,
,,,,,41527,3.0,3,,,,,,
,,,,,41532,5.0,5,,,,,,
,,,,,41537,5.0,5,,,,,,
,,,,,41542,5.0,5,,,,,,
,,,,,41546,4.0,4,,,,,,
,,,,,41552,6.0,6,,,,,,
,,,,,41558,6.0,6,,,,,,
,,,,,41566,8.0,8,,,,,,
,,,,,41574,8.0,8,,,,,,
,,,,,41579,5.0,5,,,,,,
,,,,,41587,8.0,8,,,,,,
,,,,,41609,22.0,22,,,,,,
,,,,,41621,12.0,12,,,,,,
,,,,,41630,9.0,9,,,,,,
,,,,,41637,7.0,7,,,,,,
,,,,,41642,5.0,5,,,,,,
,,,,,41648,6.0,6,,,,,,
,,,,,41653,5.0,5,,,,,,
,,,,,41658,5.0,5,,,,,,
,,,,,41662,4.0,4,,,,,,
,,,,,41672,10.0,10,,,,,,
,,,,,41675,3.0,3,,,,,,
,,,,,41686,11.0,11,,,,,,
,,,,,41690,4.0,4,,,,,,
,,,,,41696,6.0,6,,,,,,
,,,,,41709,13.0,13,,,,,,
,,,,,41714,5.0,5,,,,,,
,,,,,41720,6.0,6,,,,,,
,,,,,41730,10.0,10,,,,,,
,,,,,41735,5.0,5,,,,,,
,,,,,41745,10.0,10,,,,,,
,,,,,41749,4.0,4,,,,,,
,,,,,41753,4.0,4,,,,,,
,,,,,41763,10.0,10,,,,,,
,,,,,41771,8.0,8,,,,,,
,,,,,41777,6.0,6,,,,,,
,,,,,41780,3.0,3,,,,,,
,,,,,41786,6.0,6,,,,,,
,,,,,41789,3.0,3,,,,,,
,,,,,41792,3.0,3,,,,,,
,,,,,41805,13.0,13,,,,,,
,,,,,41810,5.0,5,,,,,,
,,,,,41828,18.0,18,,,,,,
,,,,,41834,6.0,6,,,,,,
,,,,,41847,13.0,13,,,,,,
,,,,,41852,5.0,5,,,,,,
,,,,,41856,4.0,4,,,,,,
,,,,,41859,3.0,3,,,,,,
,,,,,41863,4.0,4,,,,,,
,,,,,41868,5.0,5,,,,,,
,,,,,41873,5.0,5,,,,,,
,,,,,41886,13.0,13,,,,,,
,,,,,41889,3.0,3,,,,,,
,,,,,41900,11.0,11,,,,,,
,,,,,41904,4.0,4,,,,,,
,,,,,41908,4.0,4,,,,,,
,,,,,41913,5.0,5,,,,,,
,,,,,41916,3.0,3,,,,,,
,,,,,41919,3.0,3,,,,,,
,,,,,41923,4.0,4,,,,,,
,,,,,41931,8.0,8,,,,,,
,,,,,41935,4.0,4,,,,,,
,,,,,41941,6.0,6,,,,,,
,,,,,41960,19.0,19,,,,,,
,,,,,41964,4.0,4,,,,,,
,,,,,41967,3.0,3,,,,,,
,,,,,41971,4.0,4,,,,,,
,,,,,41979,8.0,8,,,,,,
,,,,,41982,3.0,3,,,,,,
,,,,,41992,10.0,10,,,,,,
,,,,,42000,,,2.0944976806640625,4.938092231750488,4.81038761138916,0.0003,0.0003,0.1
,,,,,42008,16.0,16,,,,,,
,,,,,42016,8.0,8,,,,,,
,,,,,42019,3.0,3,,,,,,
,,,,,42024,5.0,5,,,,,,
,,,,,42030,6.0,6,,,,,,
,,,,,42034,4.0,4,,,,,,
,,,,,42045,11.0,11,,,,,,
,,,,,42055,10.0,10,,,,,,
,,,,,42058,3.0,3,,,,,,
,,,,,42062,4.0,4,,,,,,
,,,,,42069,7.0,7,,,,,,
,,,,,42075,6.0,6,,,,,,
,,,,,42082,7.0,7,,,,,,
,,,,,42085,3.0,3,,,,,,
,,,,,42102,17.0,17,,,,,,
,,,,,42105,3.0,3,,,,,,
,,,,,42108,3.0,3,,,,,,
,,,,,42111,3.0,3,,,,,,
,,,,,42116,5.0,5,,,,,,
,,,,,42121,5.0,5,,,,,,
,,,,,42128,7.0,7,,,,,,
,,,,,42139,11.0,11,,,,,,
,,,,,42151,12.0,12,,,,,,
,,,,,42161,10.0,10,,,,,,
,,,,,42170,9.0,9,,,,,,
,,,,,42174,4.0,4,,,,,,
,,,,,42191,17.0,17,,,,,,
,,,,,42209,18.0,18,,,,,,
,,,,,42212,3.0,3,,,,,,
,,,,,42217,5.0,5,,,,,,
,,,,,42242,25.0,25,,,,,,
,,,,,42248,6.0,6,,,,,,
,,,,,42260,12.0,12,,,,,,
,,,,,42264,4.0,4,,,,,,
,,,,,42272,8.0,8,,,,,,
,,,,,42276,4.0,4,,,,,,
,,,,,42281,5.0,5,,,,,,
,,,,,42285,4.0,4,,,,,,
,,,,,42289,4.0,4,,,,,,
,,,,,42295,6.0,6,,,,,,
,,,,,42301,6.0,6,,,,,,
,,,,,42308,7.0,7,,,,,,
,,,,,42312,4.0,4,,,,,,
,,,,,42328,16.0,16,,,,,,
,,,,,42333,5.0,5,,,,,,
,,,,,42336,3.0,3,,,,,,
,,,,,42340,4.0,4,,,,,,
,,,,,42346,6.0,6,,,,,,
,,,,,42356,10.0,10,,,,,,
,,,,,42359,3.0,3,,,,,,
,,,,,42369,10.0,10,,,,,,
,,,,,42384,15.0,15,,,,,,
,,,,,42387,3.0,3,,,,,,
,,,,,42390,3.0,3,,,,,,
,,,,,42395,5.0,5,,,,,,
,,,,,42411,16.0,16,,,,,,
,,,,,42415,4.0,4,,,,,,
,,,,,42422,7.0,7,,,,,,
,,,,,42426,4.0,4,,,,,,
,,,,,42437,11.0,11,,,,,,
,,,,,42443,6.0,6,,,,,,
,,,,,42446,3.0,3,,,,,,
,,,,,42461,15.0,15,,,,,,
,,,,,42466,5.0,5,,,,,,
,,,,,42472,6.0,6,,,,,,
,,,,,42475,3.0,3,,,,,,
,,,,,42483,8.0,8,,,,,,
,,,,,42494,11.0,11,,,,,,
,,,,,42500,6.0,6,,,,,,
,,,,,42519,19.0,19,,,,,,
,,,,,42527,8.0,8,,,,,,
,,,,,42531,4.0,4,,,,,,
,,,,,42538,7.0,7,,,,,,
,,,,,42551,13.0,13,,,,,,
,,,,,42554,3.0,3,,,,,,
,,,,,42557,3.0,3,,,,,,
,,,,,42560,3.0,3,,,,,,
,,,,,42563,3.0,3,,,,,,
,,,,,42568,5.0,5,,,,,,
,,,,,42573,5.0,5,,,,,,
,,,,,42583,10.0,10,,,,,,
,,,,,42601,18.0,18,,,,,,
,,,,,42605,4.0,4,,,,,,
,,,,,42611,6.0,6,,,,,,
,,,,,42618,7.0,7,,,,,,
,,,,,42621,3.0,3,,,,,,
,,,,,42625,4.0,4,,,,,,
,,,,,42641,16.0,16,,,,,,
,,,,,42647,6.0,6,,,,,,
,,,,,42651,4.0,4,,,,,,
,,,,,42661,10.0,10,,,,,,
,,,,,42665,4.0,4,,,,,,
,,,,,42669,4.0,4,,,,,,
,,,,,42676,7.0,7,,,,,,
,,,,,42681,5.0,5,,,,,,
,,,,,42693,12.0,12,,,,,,
,,,,,42696,3.0,3,,,,,,
,,,,,42712,16.0,16,,,,,,
,,,,,42719,7.0,7,,,,,,
,,,,,42739,20.0,20,,,,,,
,,,,,42748,9.0,9,,,,,,
,,,,,42766,18.0,18,,,,,,
,,,,,42771,5.0,5,,,,,,
,,,,,42778,7.0,7,,,,,,
,,,,,42784,6.0,6,,,,,,
,,,,,42800,16.0,16,,,,,,
,,,,,42804,4.0,4,,,,,,
,,,,,42810,6.0,6,,,,,,
,,,,,42822,12.0,12,,,,,,
,,,,,42826,4.0,4,,,,,,
,,,,,42841,15.0,15,,,,,,
,,,,,42846,5.0,5,,,,,,
,,,,,42849,3.0,3,,,,,,
,,,,,42854,5.0,5,,,,,,
,,,,,42857,3.0,3,,,,,,
,,,,,42862,5.0,5,,,,,,
,,,,,42866,4.0,4,,,,,,
,,,,,42870,4.0,4,,,,,,
,,,,,42874,4.0,4,,,,,,
,,,,,42878,4.0,4,,,,,,
,,,,,42881,3.0,3,,,,,,
,,,,,42886,5.0,5,,,,,,
,,,,,42889,3.0,3,,,,,,
,,,,,42893,4.0,4,,,,,,
,,,,,42902,9.0,9,,,,,,
,,,,,42914,12.0,12,,,,,,
,,,,,42924,10.0,10,,,,,,
,,,,,42928,4.0,4,,,,,,
,,,,,42935,7.0,7,,,,,,
,,,,,42953,18.0,18,,,,,,
,,,,,42961,8.0,8,,,,,,
,,,,,42966,5.0,5,,,,,,
,,,,,42973,7.0,7,,,,,,
,,,,,42977,4.0,4,,,,,,
,,,,,42980,3.0,3,,,,,,
,,,,,42985,5.0,5,,,,,,
,,,,,42992,7.0,7,,,,,,
,,,,,42998,6.0,6,,,,,,
,,,,,43000,,,2.41963529586792,5.020817756652832,5.0598464012146,0.0003,0.0003,0.1
,,,,,43001,3.0,3,,,,,,
,,,,,43006,5.0,5,,,,,,
,,,,,43012,6.0,6,,,,,,
,,,,,43016,4.0,4,,,,,,
,,,,,43021,5.0,5,,,,,,
,,,,,43032,11.0,11,,,,,,
,,,,,43037,5.0,5,,,,,,
,,,,,43043,6.0,6,,,,,,
,,,,,43070,27.0,27,,,,,,
,,,,,43077,7.0,7,,,,,,
,,,,,43080,3.0,3,,,,,,
,,,,,43085,5.0,5,,,,,,
,,,,,43090,5.0,5,,,,,,
,,,,,43095,5.0,5,,,,,,
,,,,,43098,3.0,3,,,,,,
,,,,,43102,4.0,4,,,,,,
,,,,,43110,8.0,8,,,,,,
,,,,,43116,6.0,6,,,,,,
,,,,,43121,5.0,5,,,,,,
,,,,,43125,4.0,4,,,,,,
,,,,,43134,9.0,9,,,,,,
,,,,,43137,3.0,3,,,,,,
,,,,,43150,13.0,13,,,,,,
,,,,,43160,10.0,10,,,,,,
,,,,,43172,12.0,12,,,,,,
,,,,,43177,5.0,5,,,,,,
,,,,,43181,4.0,4,,,,,,
,,,,,43190,9.0,9,,,,,,
,,,,,43193,3.0,3,,,,,,
,,,,,43199,6.0,6,,,,,,
,,,,,43203,4.0,4,,,,,,
,,,,,43206,3.0,3,,,,,,
,,,,,43209,3.0,3,,,,,,
,,,,,43213,4.0,4,,,,,,
,,,,,43226,13.0,13,,,,,,
,,,,,43232,6.0,6,,,,,,
,,,,,43239,7.0,7,,,,,,
,,,,,43242,3.0,3,,,,,,
,,,,,43247,5.0,5,,,,,,
,,,,,43259,12.0,12,,,,,,
,,,,,43267,8.0,8,,,,,,
,,,,,43270,3.0,3,,,,,,
,,,,,43275,5.0,5,,,,,,
,,,,,43286,11.0,11,,,,,,
,,,,,43291,5.0,5,,,,,,
,,,,,43298,7.0,7,,,,,,
,,,,,43301,3.0,3,,,,,,
,,,,,43306,5.0,5,,,,,,
,,,,,43310,4.0,4,,,,,,
,,,,,43313,3.0,3,,,,,,
,,,,,43320,7.0,7,,,,,,
,,,,,43332,12.0,12,,,,,,
,,,,,43338,6.0,6,,,,,,
,,,,,43349,11.0,11,,,,,,
,,,,,43355,6.0,6,,,,,,
,,,,,43365,10.0,10,,,,,,
,,,,,43376,11.0,11,,,,,,
,,,,,43380,4.0,4,,,,,,
,,,,,43389,9.0,9,,,,,,
,,,,,43412,23.0,23,,,,,,
,,,,,43416,4.0,4,,,,,,
,,,,,43430,14.0,14,,,,,,
,,,,,43438,8.0,8,,,,,,
,,,,,43449,11.0,11,,,,,,
,,,,,43452,3.0,3,,,,,,
,,,,,43455,3.0,3,,,,,,
,,,,,43462,7.0,7,,,,,,
,,,,,43465,3.0,3,,,,,,
,,,,,43470,5.0,5,,,,,,
,,,,,43479,9.0,9,,,,,,
,,,,,43483,4.0,4,,,,,,
,,,,,43492,9.0,9,,,,,,
,,,,,43498,6.0,6,,,,,,
,,,,,43504,6.0,6,,,,,,
,,,,,43521,17.0,17,,,,,,
,,,,,43537,16.0,16,,,,,,
,,,,,43543,6.0,6,,,,,,
,,,,,43547,4.0,4,,,,,,
,,,,,43556,9.0,9,,,,,,
,,,,,43561,5.0,5,,,,,,
,,,,,43572,11.0,11,,,,,,
,,,,,43577,5.0,5,,,,,,
,,,,,43588,11.0,11,,,,,,
,,,,,43593,5.0,5,,,,,,
,,,,,43605,12.0,12,,,,,,
,,,,,43623,18.0,18,,,,,,
,,,,,43629,6.0,6,,,,,,
,,,,,43636,7.0,7,,,,,,
,,,,,43639,3.0,3,,,,,,
,,,,,43652,13.0,13,,,,,,
,,,,,43662,10.0,10,,,,,,
,,,,,43667,5.0,5,,,,,,
,,,,,43679,12.0,12,,,,,,
,,,,,43689,10.0,10,,,,,,
,,,,,43693,4.0,4,,,,,,
,,,,,43696,3.0,3,,,,,,
,,,,,43700,4.0,4,,,,,,
,,,,,43704,4.0,4,,,,,,
,,,,,43710,6.0,6,,,,,,
,,,,,43715,5.0,5,,,,,,
,,,,,43726,11.0,11,,,,,,
,,,,,43735,9.0,9,,,,,,
,,,,,43738,3.0,3,,,,,,
,,,,,43742,4.0,4,,,,,,
,,,,,43751,9.0,9,,,,,,
,,,,,43760,9.0,9,,,,,,
,,,,,43770,10.0,10,,,,,,
,,,,,43777,7.0,7,,,,,,
,,,,,43785,8.0,8,,,,,,
,,,,,43805,20.0,20,,,,,,
,,,,,43814,9.0,9,,,,,,
,,,,,43818,4.0,4,,,,,,
,,,,,43821,3.0,3,,,,,,
,,,,,43824,3.0,3,,,,,,
,,,,,43842,18.0,18,,,,,,
,,,,,43849,7.0,7,,,,,,
,,,,,43854,5.0,5,,,,,,
,,,,,43864,10.0,10,,,,,,
,,,,,43868,4.0,4,,,,,,
,,,,,43873,5.0,5,,,,,,
,,,,,43883,10.0,10,,,,,,
,,,,,43888,5.0,5,,,,,,
,,,,,43893,5.0,5,,,,,,
,,,,,43897,4.0,4,,,,,,
,,,,,43907,10.0,10,,,,,,
,,,,,43913,6.0,6,,,,,,
,,,,,43916,3.0,3,,,,,,
,,,,,43920,4.0,4,,,,,,
,,,,,43947,27.0,27,,,,,,
,,,,,43952,5.0,5,,,,,,
,,,,,43955,3.0,3,,,,,,
,,,,,43967,12.0,12,,,,,,
,,,,,43971,4.0,4,,,,,,
,,,,,43975,4.0,4,,,,,,
,,,,,43982,7.0,7,,,,,,
,,,,,43987,5.0,5,,,,,,
,,,,,43993,6.0,6,,,,,,
,,,,,44000,,,1.7871482372283936,5.057021141052246,4.945611000061035,0.0003,0.0003,0.1
,,,,,44003,10.0,10,,,,,,
,,,,,44009,6.0,6,,,,,,
,,,,,44013,4.0,4,,,,,,
,,,,,44016,3.0,3,,,,,,
,,,,,44022,6.0,6,,,,,,
,,,,,44027,5.0,5,,,,,,
,,,,,44039,12.0,12,,,,,,
,,,,,44057,18.0,18,,,,,,
,,,,,44060,3.0,3,,,,,,
,,,,,44064,4.0,4,,,,,,
,,,,,44069,5.0,5,,,,,,
,,,,,44072,3.0,3,,,,,,
,,,,,44079,7.0,7,,,,,,
,,,,,44086,7.0,7,,,,,,
,,,,,44096,10.0,10,,,,,,
,,,,,44108,12.0,12,,,,,,
,,,,,44112,4.0,4,,,,,,
,,,,,44116,4.0,4,,,,,,
,,,,,44134,18.0,18,,,,,,
,,,,,44145,11.0,11,,,,,,
,,,,,44150,5.0,5,,,,,,
,,,,,44153,3.0,3,,,,,,
,,,,,44158,5.0,5,,,,,,
,,,,,44173,15.0,15,,,,,,
,,,,,44176,3.0,3,,,,,,
,,,,,44180,4.0,4,,,,,,
,,,,,44183,3.0,3,,,,,,
,,,,,44189,6.0,6,,,,,,
,,,,,44194,5.0,5,,,,,,
,,,,,44198,4.0,4,,,,,,
,,,,,44202,4.0,4,,,,,,
,,,,,44210,8.0,8,,,,,,
,,,,,44214,4.0,4,,,,,,
,,,,,44219,5.0,5,,,,,,
,,,,,44223,4.0,4,,,,,,
,,,,,44227,4.0,4,,,,,,
,,,,,44232,5.0,5,,,,,,
,,,,,44241,9.0,9,,,,,,
,,,,,44248,7.0,7,,,,,,
,,,,,44255,7.0,7,,,,,,
,,,,,44260,5.0,5,,,,,,
,,,,,44272,12.0,12,,,,,,
,,,,,44278,6.0,6,,,,,,
,,,,,44284,6.0,6,,,,,,
,,,,,44290,6.0,6,,,,,,
,,,,,44306,16.0,16,,,,,,
,,,,,44311,5.0,5,,,,,,
,,,,,44314,3.0,3,,,,,,
,,,,,44317,3.0,3,,,,,,
,,,,,44320,3.0,3,,,,,,
,,,,,44328,8.0,8,,,,,,
,,,,,44335,7.0,7,,,,,,
,,,,,44340,5.0,5,,,,,,
,,,,,44349,9.0,9,,,,,,
,,,,,44352,3.0,3,,,,,,
,,,,,44356,4.0,4,,,,,,
,,,,,44369,13.0,13,,,,,,
,,,,,44378,9.0,9,,,,,,
,,,,,44381,3.0,3,,,,,,
,,,,,44384,3.0,3,,,,,,
,,,,,44398,14.0,14,,,,,,
,,,,,44402,4.0,4,,,,,,
,,,,,44406,4.0,4,,,,,,
,,,,,44411,5.0,5,,,,,,
,,,,,44417,6.0,6,,,,,,
,,,,,44424,7.0,7,,,,,,
,,,,,44430,6.0,6,,,,,,
,,,,,44446,16.0,16,,,,,,
,,,,,44451,5.0,5,,,,,,
,,,,,44454,3.0,3,,,,,,
,,,,,44464,10.0,10,,,,,,
,,,,,44470,6.0,6,,,,,,
,,,,,44473,3.0,3,,,,,,
,,,,,44478,5.0,5,,,,,,
,,,,,44486,8.0,8,,,,,,
,,,,,44489,3.0,3,,,,,,
,,,,,44494,5.0,5,,,,,,
,,,,,44499,5.0,5,,,,,,
,,,,,44507,8.0,8,,,,,,
,,,,,44510,3.0,3,,,,,,
,,,,,44514,4.0,4,,,,,,
,,,,,44535,21.0,21,,,,,,
,,,,,44538,3.0,3,,,,,,
,,,,,44543,5.0,5,,,,,,
,,,,,44548,5.0,5,,,,,,
,,,,,44552,4.0,4,,,,,,
,,,,,44557,5.0,5,,,,,,
,,,,,44562,5.0,5,,,,,,
,,,,,44565,3.0,3,,,,,,
,,,,,44574,9.0,9,,,,,,
,,,,,44584,10.0,10,,,,,,
,,,,,44587,3.0,3,,,,,,
,,,,,44591,4.0,4,,,,,,
,,,,,44595,4.0,4,,,,,,
,,,,,44599,4.0,4,,,,,,
,,,,,44605,6.0,6,,,,,,
,,,,,44610,5.0,5,,,,,,
,,,,,44614,4.0,4,,,,,,
,,,,,44619,5.0,5,,,,,,
,,,,,44627,8.0,8,,,,,,
,,,,,44637,10.0,10,,,,,,
,,,,,44649,12.0,12,,,,,,
,,,,,44656,7.0,7,,,,,,
,,,,,44663,7.0,7,,,,,,
,,,,,44667,4.0,4,,,,,,
,,,,,44673,6.0,6,,,,,,
,,,,,44677,4.0,4,,,,,,
,,,,,44687,10.0,10,,,,,,
,,,,,44697,10.0,10,,,,,,
,,,,,44712,15.0,15,,,,,,
,,,,,44716,4.0,4,,,,,,
,,,,,44719,3.0,3,,,,,,
,,,,,44725,6.0,6,,,,,,
,,,,,44733,8.0,8,,,,,,
,,,,,44741,8.0,8,,,,,,
,,,,,44745,4.0,4,,,,,,
,,,,,44748,3.0,3,,,,,,
,,,,,44759,11.0,11,,,,,,
,,,,,44763,4.0,4,,,,,,
,,,,,44767,4.0,4,,,,,,
,,,,,44776,9.0,9,,,,,,
,,,,,44779,3.0,3,,,,,,
,,,,,44785,6.0,6,,,,,,
,,,,,44788,3.0,3,,,,,,
,,,,,44798,10.0,10,,,,,,
,,,,,44802,4.0,4,,,,,,
,,,,,44810,8.0,8,,,,,,
,,,,,44822,12.0,12,,,,,,
,,,,,44826,4.0,4,,,,,,
,,,,,44834,8.0,8,,,,,,
,,,,,44844,10.0,10,,,,,,
,,,,,44851,7.0,7,,,,,,
,,,,,44858,7.0,7,,,,,,
,,,,,44861,3.0,3,,,,,,
,,,,,44864,3.0,3,,,,,,
,,,,,44867,3.0,3,,,,,,
,,,,,44875,8.0,8,,,,,,
,,,,,44879,4.0,4,,,,,,
,,,,,44888,9.0,9,,,,,,
,,,,,44891,3.0,3,,,,,,
,,,,,44899,8.0,8,,,,,,
,,,,,44908,9.0,9,,,,,,
,,,,,44915,7.0,7,,,,,,
,,,,,44923,8.0,8,,,,,,
,,,,,44928,5.0,5,,,,,,
,,,,,44933,5.0,5,,,,,,
,,,,,44942,9.0,9,,,,,,
,,,,,44951,9.0,9,,,,,,
,,,,,44954,3.0,3,,,,,,
,,,,,44958,4.0,4,,,,,,
,,,,,44962,4.0,4,,,,,,
,,,,,44969,7.0,7,,,,,,
,,,,,44975,6.0,6,,,,,,
,,,,,44979,4.0,4,,,,,,
,,,,,44983,4.0,4,,,,,,
,,,,,44988,5.0,5,,,,,,
,,,,,44992,4.0,4,,,,,,
,,,,,44995,3.0,3,,,,,,
,,,,,44998,3.0,3,,,,,,
7.1,3.9610605,14.0,3.0,7.1,45000,,,1.6411281824111938,4.8868937492370605,5.007023811340332,0.0003,0.0003,0.1
,,,,,45001,3.0,3,,,,,,
,,,,,45008,7.0,7,,,,,,
,,,,,45016,8.0,8,,,,,,
,,,,,45024,8.0,8,,,,,,
,,,,,45028,4.0,4,,,,,,
,,,,,45032,4.0,4,,,,,,
,,,,,45037,5.0,5,,,,,,
,,,,,45041,4.0,4,,,,,,
,,,,,45045,4.0,4,,,,,,
,,,,,45049,4.0,4,,,,,,
,,,,,45064,15.0,15,,,,,,
,,,,,45067,3.0,3,,,,,,
,,,,,45071,4.0,4,,,,,,
,,,,,45081,10.0,10,,,,,,
,,,,,45087,6.0,6,,,,,,
,,,,,45091,4.0,4,,,,,,
,,,,,45099,8.0,8,,,,,,
,,,,,45105,6.0,6,,,,,,
,,,,,45113,8.0,8,,,,,,
,,,,,45116,3.0,3,,,,,,
,,,,,45122,6.0,6,,,,,,
,,,,,45129,7.0,7,,,,,,
,,,,,45140,11.0,11,,,,,,
,,,,,45143,3.0,3,,,,,,
,,,,,45147,4.0,4,,,,,,
,,,,,45155,8.0,8,,,,,,
,,,,,45163,8.0,8,,,,,,
,,,,,45167,4.0,4,,,,,,
,,,,,45178,11.0,11,,,,,,
,,,,,45184,6.0,6,,,,,,
,,,,,45188,4.0,4,,,,,,
,,,,,45194,6.0,6,,,,,,
,,,,,45197,3.0,3,,,,,,
,,,,,45204,7.0,7,,,,,,
,,,,,45219,15.0,15,,,,,,
,,,,,45229,10.0,10,,,,,,
,,,,,45233,4.0,4,,,,,,
,,,,,45252,19.0,19,,,,,,
,,,,,45259,7.0,7,,,,,,
,,,,,45264,5.0,5,,,,,,
,,,,,45277,13.0,13,,,,,,
,,,,,45280,3.0,3,,,,,,
,,,,,45291,11.0,11,,,,,,
,,,,,45295,4.0,4,,,,,,
,,,,,45299,4.0,4,,,,,,
,,,,,45310,11.0,11,,,,,,
,,,,,45313,3.0,3,,,,,,
,,,,,45322,9.0,9,,,,,,
,,,,,45330,8.0,8,,,,,,
,,,,,45334,4.0,4,,,,,,
,,,,,45337,3.0,3,,,,,,
,,,,,45346,9.0,9,,,,,,
,,,,,45351,5.0,5,,,,,,
,,,,,45362,11.0,11,,,,,,
,,,,,45369,7.0,7,,,,,,
,,,,,45373,4.0,4,,,,,,
,,,,,45378,5.0,5,,,,,,
,,,,,45381,3.0,3,,,,,,
,,,,,45386,5.0,5,,,,,,
,,,,,45390,4.0,4,,,,,,
,,,,,45393,3.0,3,,,,,,
,,,,,45397,4.0,4,,,,,,
,,,,,45400,3.0,3,,,,,,
,,,,,45407,7.0,7,,,,,,
,,,,,45413,6.0,6,,,,,,
,,,,,45419,6.0,6,,,,,,
,,,,,45423,4.0,4,,,,,,
,,,,,45440,17.0,17,,,,,,
,,,,,45445,5.0,5,,,,,,
,,,,,45448,3.0,3,,,,,,
,,,,,45461,13.0,13,,,,,,
,,,,,45471,10.0,10,,,,,,
,,,,,45475,4.0,4,,,,,,
,,,,,45478,3.0,3,,,,,,
,,,,,45488,10.0,10,,,,,,
,,,,,45497,9.0,9,,,,,,
,,,,,45500,3.0,3,,,,,,
,,,,,45513,13.0,13,,,,,,
,,,,,45532,19.0,19,,,,,,
,,,,,45544,12.0,12,,,,,,
,,,,,45549,5.0,5,,,,,,
,,,,,45557,8.0,8,,,,,,
,,,,,45561,4.0,4,,,,,,
,,,,,45564,3.0,3,,,,,,
,,,,,45576,12.0,12,,,,,,
,,,,,45580,4.0,4,,,,,,
,,,,,45593,13.0,13,,,,,,
,,,,,45603,10.0,10,,,,,,
,,,,,45607,4.0,4,,,,,,
,,,,,45611,4.0,4,,,,,,
,,,,,45615,4.0,4,,,,,,
,,,,,45619,4.0,4,,,,,,
,,,,,45627,8.0,8,,,,,,
,,,,,45636,9.0,9,,,,,,
,,,,,45640,4.0,4,,,,,,
,,,,,45645,5.0,5,,,,,,
,,,,,45648,3.0,3,,,,,,
,,,,,45667,19.0,19,,,,,,
,,,,,45674,7.0,7,,,,,,
,,,,,45683,9.0,9,,,,,,
,,,,,45692,9.0,9,,,,,,
,,,,,45695,3.0,3,,,,,,
,,,,,45701,6.0,6,,,,,,
,,,,,45705,4.0,4,,,,,,
,,,,,45710,5.0,5,,,,,,
,,,,,45714,4.0,4,,,,,,
,,,,,45721,7.0,7,,,,,,
,,,,,45725,4.0,4,,,,,,
,,,,,45735,10.0,10,,,,,,
,,,,,45747,12.0,12,,,,,,
,,,,,45753,6.0,6,,,,,,
,,,,,45758,5.0,5,,,,,,
,,,,,45768,10.0,10,,,,,,
,,,,,45772,4.0,4,,,,,,
,,,,,45781,9.0,9,,,,,,
,,,,,45786,5.0,5,,,,,,
,,,,,45789,3.0,3,,,,,,
,,,,,45795,6.0,6,,,,,,
,,,,,45808,13.0,13,,,,,,
,,,,,45811,3.0,3,,,,,,
,,,,,45822,11.0,11,,,,,,
,,,,,45826,4.0,4,,,,,,
,,,,,45829,3.0,3,,,,,,
,,,,,45833,4.0,4,,,,,,
,,,,,45836,3.0,3,,,,,,
,,,,,45845,9.0,9,,,,,,
,,,,,45849,4.0,4,,,,,,
,,,,,45864,15.0,15,,,,,,
,,,,,45868,4.0,4,,,,,,
,,,,,45874,6.0,6,,,,,,
,,,,,45877,3.0,3,,,,,,
,,,,,45880,3.0,3,,,,,,
,,,,,45884,4.0,4,,,,,,
,,,,,45890,6.0,6,,,,,,
,,,,,45901,11.0,11,,,,,,
,,,,,45934,33.0,33,,,,,,
,,,,,45937,3.0,3,,,,,,
,,,,,45946,9.0,9,,,,,,
,,,,,45958,12.0,12,,,,,,
,,,,,45971,13.0,13,,,,,,
,,,,,45975,4.0,4,,,,,,
,,,,,45984,9.0,9,,,,,,
,,,,,45988,4.0,4,,,,,,
,,,,,45994,6.0,6,,,,,,
,,,,,45999,5.0,5,,,,,,
,,,,,46000,,,2.3004002571105957,5.3652849197387695,5.279915809631348,0.0003,0.0003,0.1
,,,,,46004,5.0,5,,,,,,
,,,,,46009,5.0,5,,,,,,
,,,,,46016,7.0,7,,,,,,
,,,,,46021,5.0,5,,,,,,
,,,,,46030,9.0,9,,,,,,
,,,,,46033,3.0,3,,,,,,
,,,,,46052,19.0,19,,,,,,
,,,,,46060,8.0,8,,,,,,
,,,,,46070,10.0,10,,,,,,
,,,,,46083,13.0,13,,,,,,
,,,,,46091,8.0,8,,,,,,
,,,,,46100,9.0,9,,,,,,
,,,,,46104,4.0,4,,,,,,
,,,,,46108,4.0,4,,,,,,
,,,,,46130,22.0,22,,,,,,
,,,,,46135,5.0,5,,,,,,
,,,,,46140,5.0,5,,,,,,
,,,,,46150,10.0,10,,,,,,
,,,,,46154,4.0,4,,,,,,
,,,,,46171,17.0,17,,,,,,
,,,,,46186,15.0,15,,,,,,
,,,,,46198,12.0,12,,,,,,
,,,,,46201,3.0,3,,,,,,
,,,,,46207,6.0,6,,,,,,
,,,,,46214,7.0,7,,,,,,
,,,,,46219,5.0,5,,,,,,
,,,,,46227,8.0,8,,,,,,
,,,,,46230,3.0,3,,,,,,
,,,,,46234,4.0,4,,,,,,
,,,,,46246,12.0,12,,,,,,
,,,,,46250,4.0,4,,,,,,
,,,,,46253,3.0,3,,,,,,
,,,,,46258,5.0,5,,,,,,
,,,,,46265,7.0,7,,,,,,
,,,,,46271,6.0,6,,,,,,
,,,,,46275,4.0,4,,,,,,
,,,,,46290,15.0,15,,,,,,
,,,,,46293,3.0,3,,,,,,
,,,,,46300,7.0,7,,,,,,
,,,,,46307,7.0,7,,,,,,
,,,,,46315,8.0,8,,,,,,
,,,,,46320,5.0,5,,,,,,
,,,,,46332,12.0,12,,,,,,
,,,,,46336,4.0,4,,,,,,
,,,,,46339,3.0,3,,,,,,
,,,,,46352,13.0,13,,,,,,
,,,,,46357,5.0,5,,,,,,
,,,,,46364,7.0,7,,,,,,
,,,,,46375,11.0,11,,,,,,
,,,,,46378,3.0,3,,,,,,
,,,,,46386,8.0,8,,,,,,
,,,,,46390,4.0,4,,,,,,
,,,,,46394,4.0,4,,,,,,
,,,,,46401,7.0,7,,,,,,
,,,,,46415,14.0,14,,,,,,
,,,,,46421,6.0,6,,,,,,
,,,,,46425,4.0,4,,,,,,
,,,,,46442,17.0,17,,,,,,
,,,,,46449,7.0,7,,,,,,
,,,,,46458,9.0,9,,,,,,
,,,,,46469,11.0,11,,,,,,
,,,,,46475,6.0,6,,,,,,
,,,,,46485,10.0,10,,,,,,
,,,,,46491,6.0,6,,,,,,
,,,,,46498,7.0,7,,,,,,
,,,,,46510,12.0,12,,,,,,
,,,,,46513,3.0,3,,,,,,
,,,,,46518,5.0,5,,,,,,
,,,,,46522,4.0,4,,,,,,
,,,,,46535,13.0,13,,,,,,
,,,,,46543,8.0,8,,,,,,
,,,,,46546,3.0,3,,,,,,
,,,,,46555,9.0,9,,,,,,
,,,,,46559,4.0,4,,,,,,
,,,,,46564,5.0,5,,,,,,
,,,,,46575,11.0,11,,,,,,
,,,,,46586,11.0,11,,,,,,
,,,,,46591,5.0,5,,,,,,
,,,,,46596,5.0,5,,,,,,
,,,,,46602,6.0,6,,,,,,
,,,,,46610,8.0,8,,,,,,
,,,,,46614,4.0,4,,,,,,
,,,,,46624,10.0,10,,,,,,
,,,,,46627,3.0,3,,,,,,
,,,,,46634,7.0,7,,,,,,
,,,,,46637,3.0,3,,,,,,
,,,,,46641,4.0,4,,,,,,
,,,,,46648,7.0,7,,,,,,
,,,,,46656,8.0,8,,,,,,
,,,,,46676,20.0,20,,,,,,
,,,,,46681,5.0,5,,,,,,
,,,,,46689,8.0,8,,,,,,
,,,,,46701,12.0,12,,,,,,
,,,,,46705,4.0,4,,,,,,
,,,,,46711,6.0,6,,,,,,
,,,,,46717,6.0,6,,,,,,
,,,,,46726,9.0,9,,,,,,
,,,,,46732,6.0,6,,,,,,
,,,,,46749,17.0,17,,,,,,
,,,,,46767,18.0,18,,,,,,
,,,,,46770,3.0,3,,,,,,
,,,,,46782,12.0,12,,,,,,
,,,,,46791,9.0,9,,,,,,
,,,,,46797,6.0,6,,,,,,
,,,,,46803,6.0,6,,,,,,
,,,,,46807,4.0,4,,,,,,
,,,,,46819,12.0,12,,,,,,
,,,,,46822,3.0,3,,,,,,
,,,,,46834,12.0,12,,,,,,
,,,,,46839,5.0,5,,,,,,
,,,,,46843,4.0,4,,,,,,
,,,,,46849,6.0,6,,,,,,
,,,,,46853,4.0,4,,,,,,
,,,,,46860,7.0,7,,,,,,
,,,,,46877,17.0,17,,,,,,
,,,,,46882,5.0,5,,,,,,
,,,,,46889,7.0,7,,,,,,
,,,,,46893,4.0,4,,,,,,
,,,,,46902,9.0,9,,,,,,
,,,,,46905,3.0,3,,,,,,
,,,,,46912,7.0,7,,,,,,
,,,,,46917,5.0,5,,,,,,
,,,,,46925,8.0,8,,,,,,
,,,,,46931,6.0,6,,,,,,
,,,,,46934,3.0,3,,,,,,
,,,,,46941,7.0,7,,,,,,
,,,,,46944,3.0,3,,,,,,
,,,,,46950,6.0,6,,,,,,
,,,,,46955,5.0,5,,,,,,
,,,,,46959,4.0,4,,,,,,
,,,,,46968,9.0,9,,,,,,
,,,,,46975,7.0,7,,,,,,
,,,,,46979,4.0,4,,,,,,
,,,,,46984,5.0,5,,,,,,
,,,,,46987,3.0,3,,,,,,
,,,,,46991,4.0,4,,,,,,
,,,,,46994,3.0,3,,,,,,
,,,,,46998,4.0,4,,,,,,
,,,,,47000,,,1.888643503189087,4.809972763061523,4.682849407196045,0.0003,0.0003,0.1
,,,,,47001,3.0,3,,,,,,
,,,,,47008,7.0,7,,,,,,
,,,,,47012,4.0,4,,,,,,
,,,,,47026,14.0,14,,,,,,
,,,,,47030,4.0,4,,,,,,
,,,,,47044,14.0,14,,,,,,
,,,,,47069,25.0,25,,,,,,
,,,,,47074,5.0,5,,,,,,
,,,,,47077,3.0,3,,,,,,
,,,,,47085,8.0,8,,,,,,
,,,,,47097,12.0,12,,,,,,
,,,,,47102,5.0,5,,,,,,
,,,,,47107,5.0,5,,,,,,
,,,,,47116,9.0,9,,,,,,
,,,,,47127,11.0,11,,,,,,
,,,,,47142,15.0,15,,,,,,
,,,,,47146,4.0,4,,,,,,
,,,,,47161,15.0,15,,,,,,
,,,,,47171,10.0,10,,,,,,
,,,,,47179,8.0,8,,,,,,
,,,,,47184,5.0,5,,,,,,
,,,,,47187,3.0,3,,,,,,
,,,,,47196,9.0,9,,,,,,
,,,,,47208,12.0,12,,,,,,
,,,,,47214,6.0,6,,,,,,
,,,,,47220,6.0,6,,,,,,
,,,,,47223,3.0,3,,,,,,
,,,,,47228,5.0,5,,,,,,
,,,,,47233,5.0,5,,,,,,
,,,,,47242,9.0,9,,,,,,
,,,,,47251,9.0,9,,,,,,
,,,,,47259,8.0,8,,,,,,
,,,,,47263,4.0,4,,,,,,
,,,,,47267,4.0,4,,,,,,
,,,,,47273,6.0,6,,,,,,
,,,,,47278,5.0,5,,,,,,
,,,,,47281,3.0,3,,,,,,
,,,,,47288,7.0,7,,,,,,
,,,,,47296,8.0,8,,,,,,
,,,,,47300,4.0,4,,,,,,
,,,,,47306,6.0,6,,,,,,
,,,,,47311,5.0,5,,,,,,
,,,,,47316,5.0,5,,,,,,
,,,,,47321,5.0,5,,,,,,
,,,,,47328,7.0,7,,,,,,
,,,,,47334,6.0,6,,,,,,
,,,,,47341,7.0,7,,,,,,
,,,,,47344,3.0,3,,,,,,
,,,,,47348,4.0,4,,,,,,
,,,,,47352,4.0,4,,,,,,
,,,,,47356,4.0,4,,,,,,
,,,,,47363,7.0,7,,,,,,
,,,,,47375,12.0,12,,,,,,
,,,,,47381,6.0,6,,,,,,
,,,,,47386,5.0,5,,,,,,
,,,,,47389,3.0,3,,,,,,
,,,,,47397,8.0,8,,,,,,
,,,,,47405,8.0,8,,,,,,
,,,,,47409,4.0,4,,,,,,
,,,,,47414,5.0,5,,,,,,
,,,,,47420,6.0,6,,,,,,
,,,,,47427,7.0,7,,,,,,
,,,,,47431,4.0,4,,,,,,
,,,,,47435,4.0,4,,,,,,
,,,,,47443,8.0,8,,,,,,
,,,,,47448,5.0,5,,,,,,
,,,,,47452,4.0,4,,,,,,
,,,,,47463,11.0,11,,,,,,
,,,,,47466,3.0,3,,,,,,
,,,,,47473,7.0,7,,,,,,
,,,,,47480,7.0,7,,,,,,
,,,,,47490,10.0,10,,,,,,
,,,,,47493,3.0,3,,,,,,
,,,,,47502,9.0,9,,,,,,
,,,,,47523,21.0,21,,,,,,
,,,,,47526,3.0,3,,,,,,
,,,,,47533,7.0,7,,,,,,
,,,,,47536,3.0,3,,,,,,
,,,,,47546,10.0,10,,,,,,
,,,,,47550,4.0,4,,,,,,
,,,,,47554,4.0,4,,,,,,
,,,,,47558,4.0,4,,,,,,
,,,,,47564,6.0,6,,,,,,
,,,,,47571,7.0,7,,,,,,
,,,,,47577,6.0,6,,,,,,
,,,,,47580,3.0,3,,,,,,
,,,,,47587,7.0,7,,,,,,
,,,,,47593,6.0,6,,,,,,
,,,,,47610,17.0,17,,,,,,
,,,,,47622,12.0,12,,,,,,
,,,,,47628,6.0,6,,,,,,
,,,,,47645,17.0,17,,,,,,
,,,,,47652,7.0,7,,,,,,
,,,,,47656,4.0,4,,,,,,
,,,,,47662,6.0,6,,,,,,
,,,,,47665,3.0,3,,,,,,
,,,,,47681,16.0,16,,,,,,
,,,,,47685,4.0,4,,,,,,
,,,,,47693,8.0,8,,,,,,
,,,,,47700,7.0,7,,,,,,
,,,,,47705,5.0,5,,,,,,
,,,,,47709,4.0,4,,,,,,
,,,,,47719,10.0,10,,,,,,
,,,,,47724,5.0,5,,,,,,
,,,,,47727,3.0,3,,,,,,
,,,,,47739,12.0,12,,,,,,
,,,,,47744,5.0,5,,,,,,
,,,,,47748,4.0,4,,,,,,
,,,,,47751,3.0,3,,,,,,
,,,,,47754,3.0,3,,,,,,
,,,,,47759,5.0,5,,,,,,
,,,,,47764,5.0,5,,,,,,
,,,,,47767,3.0,3,,,,,,
,,,,,47773,6.0,6,,,,,,
,,,,,47777,4.0,4,,,,,,
,,,,,47799,22.0,22,,,,,,
,,,,,47804,5.0,5,,,,,,
,,,,,47810,6.0,6,,,,,,
,,,,,47815,5.0,5,,,,,,
,,,,,47828,13.0,13,,,,,,
,,,,,47834,6.0,6,,,,,,
,,,,,47837,3.0,3,,,,,,
,,,,,47845,8.0,8,,,,,,
,,,,,47850,5.0,5,,,,,,
,,,,,47853,3.0,3,,,,,,
,,,,,47859,6.0,6,,,,,,
,,,,,47863,4.0,4,,,,,,
,,,,,47871,8.0,8,,,,,,
,,,,,47875,4.0,4,,,,,,
,,,,,47881,6.0,6,,,,,,
,,,,,47890,9.0,9,,,,,,
,,,,,47894,4.0,4,,,,,,
,,,,,47898,4.0,4,,,,,,
,,,,,47906,8.0,8,,,,,,
,,,,,47913,7.0,7,,,,,,
,,,,,47916,3.0,3,,,,,,
,,,,,47920,4.0,4,,,,,,
,,,,,47924,4.0,4,,,,,,
,,,,,47928,4.0,4,,,,,,
,,,,,47939,11.0,11,,,,,,
,,,,,47948,9.0,9,,,,,,
,,,,,47952,4.0,4,,,,,,
,,,,,47963,11.0,11,,,,,,
,,,,,47969,6.0,6,,,,,,
,,,,,47973,4.0,4,,,,,,
,,,,,47982,9.0,9,,,,,,
,,,,,47991,9.0,9,,,,,,
,,,,,47996,5.0,5,,,,,,
,,,,,48000,,,2.110424041748047,4.953400611877441,4.9615936279296875,0.0003,0.0003,0.1
,,,,,48006,10.0,10,,,,,,
,,,,,48012,6.0,6,,,,,,
,,,,,48015,3.0,3,,,,,,
,,,,,48018,3.0,3,,,,,,
,,,,,48021,3.0,3,,,,,,
,,,,,48028,7.0,7,,,,,,
,,,,,48032,4.0,4,,,,,,
,,,,,48035,3.0,3,,,,,,
,,,,,48043,8.0,8,,,,,,
,,,,,48050,7.0,7,,,,,,
,,,,,48053,3.0,3,,,,,,
,,,,,48063,10.0,10,,,,,,
,,,,,48066,3.0,3,,,,,,
,,,,,48070,4.0,4,,,,,,
,,,,,48077,7.0,7,,,,,,
,,,,,48080,3.0,3,,,,,,
,,,,,48086,6.0,6,,,,,,
,,,,,48090,4.0,4,,,,,,
,,,,,48093,3.0,3,,,,,,
,,,,,48099,6.0,6,,,,,,
,,,,,48102,3.0,3,,,,,,
,,,,,48110,8.0,8,,,,,,
,,,,,48116,6.0,6,,,,,,
,,,,,48120,4.0,4,,,,,,
,,,,,48129,9.0,9,,,,,,
,,,,,48136,7.0,7,,,,,,
,,,,,48142,6.0,6,,,,,,
,,,,,48147,5.0,5,,,,,,
,,,,,48157,10.0,10,,,,,,
,,,,,48164,7.0,7,,,,,,
,,,,,48170,6.0,6,,,,,,
,,,,,48175,5.0,5,,,,,,
,,,,,48181,6.0,6,,,,,,
,,,,,48192,11.0,11,,,,,,
,,,,,48197,5.0,5,,,,,,
,,,,,48208,11.0,11,,,,,,
,,,,,48211,3.0,3,,,,,,
,,,,,48214,3.0,3,,,,,,
,,,,,48217,3.0,3,,,,,,
,,,,,48225,8.0,8,,,,,,
,,,,,48232,7.0,7,,,,,,
,,,,,48240,8.0,8,,,,,,
,,,,,48245,5.0,5,,,,,,
,,,,,48255,10.0,10,,,,,,
,,,,,48259,4.0,4,,,,,,
,,,,,48279,20.0,20,,,,,,
,,,,,48282,3.0,3,,,,,,
,,,,,48296,14.0,14,,,,,,
,,,,,48301,5.0,5,,,,,,
,,,,,48306,5.0,5,,,,,,
,,,,,48333,27.0,27,,,,,,
,,,,,48338,5.0,5,,,,,,
,,,,,48342,4.0,4,,,,,,
,,,,,48358,16.0,16,,,,,,
,,,,,48372,14.0,14,,,,,,
,,,,,48385,13.0,13,,,,,,
,,,,,48409,24.0,24,,,,,,
,,,,,48422,13.0,13,,,,,,
,,,,,48426,4.0,4,,,,,,
,,,,,48442,16.0,16,,,,,,
,,,,,48450,8.0,8,,,,,,
,,,,,48455,5.0,5,,,,,,
,,,,,48462,7.0,7,,,,,,
,,,,,48467,5.0,5,,,,,,
,,,,,48472,5.0,5,,,,,,
,,,,,48479,7.0,7,,,,,,
,,,,,48482,3.0,3,,,,,,
,,,,,48493,11.0,11,,,,,,
,,,,,48497,4.0,4,,,,,,
,,,,,48505,8.0,8,,,,,,
,,,,,48517,12.0,12,,,,,,
,,,,,48529,12.0,12,,,,,,
,,,,,48542,13.0,13,,,,,,
,,,,,48546,4.0,4,,,,,,
,,,,,48556,10.0,10,,,,,,
,,,,,48561,5.0,5,,,,,,
,,,,,48579,18.0,18,,,,,,
,,,,,48590,11.0,11,,,,,,
,,,,,48593,3.0,3,,,,,,
,,,,,48599,6.0,6,,,,,,
,,,,,48604,5.0,5,,,,,,
,,,,,48612,8.0,8,,,,,,
,,,,,48615,3.0,3,,,,,,
,,,,,48634,19.0,19,,,,,,
,,,,,48638,4.0,4,,,,,,
,,,,,48668,30.0,30,,,,,,
,,,,,48672,4.0,4,,,,,,
,,,,,48677,5.0,5,,,,,,
,,,,,48680,3.0,3,,,,,,
,,,,,48686,6.0,6,,,,,,
,,,,,48693,7.0,7,,,,,,
,,,,,48709,16.0,16,,,,,,
,,,,,48714,5.0,5,,,,,,
,,,,,48731,17.0,17,,,,,,
,,,,,48747,16.0,16,,,,,,
,,,,,48754,7.0,7,,,,,,
,,,,,48760,6.0,6,,,,,,
,,,,,48766,6.0,6,,,,,,
,,,,,48780,14.0,14,,,,,,
,,,,,48784,4.0,4,,,,,,
,,,,,48794,10.0,10,,,,,,
,,,,,48801,7.0,7,,,,,,
,,,,,48804,3.0,3,,,,,,
,,,,,48812,8.0,8,,,,,,
,,,,,48828,16.0,16,,,,,,
,,,,,48832,4.0,4,,,,,,
,,,,,48845,13.0,13,,,,,,
,,,,,48850,5.0,5,,,,,,
,,,,,48857,7.0,7,,,,,,
,,,,,48865,8.0,8,,,,,,
,,,,,48875,10.0,10,,,,,,
,,,,,48879,4.0,4,,,,,,
,,,,,48884,5.0,5,,,,,,
,,,,,48889,5.0,5,,,,,,
,,,,,48896,7.0,7,,,,,,
,,,,,48901,5.0,5,,,,,,
,,,,,48906,5.0,5,,,,,,
,,,,,48911,5.0,5,,,,,,
,,,,,48922,11.0,11,,,,,,
,,,,,48926,4.0,4,,,,,,
,,,,,48936,10.0,10,,,,,,
,,,,,48940,4.0,4,,,,,,
,,,,,48947,7.0,7,,,,,,
,,,,,48954,7.0,7,,,,,,
,,,,,48958,4.0,4,,,,,,
,,,,,48962,4.0,4,,,,,,
,,,,,48975,13.0,13,,,,,,
,,,,,48987,12.0,12,,,,,,
,,,,,48990,3.0,3,,,,,,
,,,,,48995,5.0,5,,,,,,
,,,,,48999,4.0,4,,,,,,
,,,,,49000,,,2.0557589530944824,4.905025482177734,5.057199954986572,0.0003,0.0003,0.1
,,,,,49002,3.0,3,,,,,,
,,,,,49006,4.0,4,,,,,,
,,,,,49009,3.0,3,,,,,,
,,,,,49015,6.0,6,,,,,,
,,,,,49024,9.0,9,,,,,,
,,,,,49030,6.0,6,,,,,,
,,,,,49039,9.0,9,,,,,,
,,,,,49043,4.0,4,,,,,,
,,,,,49046,3.0,3,,,,,,
,,,,,49051,5.0,5,,,,,,
,,,,,49061,10.0,10,,,,,,
,,,,,49064,3.0,3,,,,,,
,,,,,49072,8.0,8,,,,,,
,,,,,49075,3.0,3,,,,,,
,,,,,49082,7.0,7,,,,,,
,,,,,49085,3.0,3,,,,,,
,,,,,49089,4.0,4,,,,,,
,,,,,49094,5.0,5,,,,,,
,,,,,49099,5.0,5,,,,,,
,,,,,49103,4.0,4,,,,,,
,,,,,49111,8.0,8,,,,,,
,,,,,49114,3.0,3,,,,,,
,,,,,49124,10.0,10,,,,,,
,,,,,49128,4.0,4,,,,,,
,,,,,49133,5.0,5,,,,,,
,,,,,49151,18.0,18,,,,,,
,,,,,49155,4.0,4,,,,,,
,,,,,49159,4.0,4,,,,,,
,,,,,49164,5.0,5,,,,,,
,,,,,49169,5.0,5,,,,,,
,,,,,49178,9.0,9,,,,,,
,,,,,49183,5.0,5,,,,,,
,,,,,49195,12.0,12,,,,,,
,,,,,49202,7.0,7,,,,,,
,,,,,49208,6.0,6,,,,,,
,,,,,49214,6.0,6,,,,,,
,,,,,49220,6.0,6,,,,,,
,,,,,49232,12.0,12,,,,,,
,,,,,49235,3.0,3,,,,,,
,,,,,49241,6.0,6,,,,,,
,,,,,49253,12.0,12,,,,,,
,,,,,49260,7.0,7,,,,,,
,,,,,49263,3.0,3,,,,,,
,,,,,49271,8.0,8,,,,,,
,,,,,49274,3.0,3,,,,,,
,,,,,49287,13.0,13,,,,,,
,,,,,49300,13.0,13,,,,,,
,,,,,49304,4.0,4,,,,,,
,,,,,49312,8.0,8,,,,,,
,,,,,49315,3.0,3,,,,,,
,,,,,49327,12.0,12,,,,,,
,,,,,49345,18.0,18,,,,,,
,,,,,49351,6.0,6,,,,,,
,,,,,49367,16.0,16,,,,,,
,,,,,49377,10.0,10,,,,,,
,,,,,49383,6.0,6,,,,,,
,,,,,49388,5.0,5,,,,,,
,,,,,49394,6.0,6,,,,,,
,,,,,49397,3.0,3,,,,,,
,,,,,49405,8.0,8,,,,,,
,,,,,49408,3.0,3,,,,,,
,,,,,49412,4.0,4,,,,,,
,,,,,49416,4.0,4,,,,,,
,,,,,49429,13.0,13,,,,,,
,,,,,49446,17.0,17,,,,,,
,,,,,49449,3.0,3,,,,,,
,,,,,49457,8.0,8,,,,,,
,,,,,49467,10.0,10,,,,,,
,,,,,49474,7.0,7,,,,,,
,,,,,49479,5.0,5,,,,,,
,,,,,49490,11.0,11,,,,,,
,,,,,49493,3.0,3,,,,,,
,,,,,49497,4.0,4,,,,,,
,,,,,49501,4.0,4,,,,,,
,,,,,49510,9.0,9,,,,,,
,,,,,49520,10.0,10,,,,,,
,,,,,49524,4.0,4,,,,,,
,,,,,49528,4.0,4,,,,,,
,,,,,49534,6.0,6,,,,,,
,,,,,49539,5.0,5,,,,,,
,,,,,49543,4.0,4,,,,,,
,,,,,49546,3.0,3,,,,,,
,,,,,49549,3.0,3,,,,,,
,,,,,49553,4.0,4,,,,,,
,,,,,49558,5.0,5,,,,,,
,,,,,49565,7.0,7,,,,,,
,,,,,49570,5.0,5,,,,,,
,,,,,49579,9.0,9,,,,,,
,,,,,49584,5.0,5,,,,,,
,,,,,49595,11.0,11,,,,,,
,,,,,49599,4.0,4,,,,,,
,,,,,49605,6.0,6,,,,,,
,,,,,49609,4.0,4,,,,,,
,,,,,49613,4.0,4,,,,,,
,,,,,49618,5.0,5,,,,,,
,,,,,49623,5.0,5,,,,,,
,,,,,49627,4.0,4,,,,,,
,,,,,49642,15.0,15,,,,,,
,,,,,49649,7.0,7,,,,,,
,,,,,49652,3.0,3,,,,,,
,,,,,49661,9.0,9,,,,,,
,,,,,49667,6.0,6,,,,,,
,,,,,49670,3.0,3,,,,,,
,,,,,49676,6.0,6,,,,,,
,,,,,49686,10.0,10,,,,,,
,,,,,49693,7.0,7,,,,,,
,,,,,49698,5.0,5,,,,,,
,,,,,49726,28.0,28,,,,,,
,,,,,49732,6.0,6,,,,,,
,,,,,49735,3.0,3,,,,,,
,,,,,49741,6.0,6,,,,,,
,,,,,49753,12.0,12,,,,,,
,,,,,49758,5.0,5,,,,,,
,,,,,49761,3.0,3,,,,,,
,,,,,49766,5.0,5,,,,,,
,,,,,49773,7.0,7,,,,,,
,,,,,49777,4.0,4,,,,,,
,,,,,49783,6.0,6,,,,,,
,,,,,49786,3.0,3,,,,,,
,,,,,49795,9.0,9,,,,,,
,,,,,49805,10.0,10,,,,,,
,,,,,49809,4.0,4,,,,,,
,,,,,49816,7.0,7,,,,,,
,,,,,49819,3.0,3,,,,,,
,,,,,49830,11.0,11,,,,,,
,,,,,49833,3.0,3,,,,,,
,,,,,49843,10.0,10,,,,,,
,,,,,49847,4.0,4,,,,,,
,,,,,49850,3.0,3,,,,,,
,,,,,49855,5.0,5,,,,,,
,,,,,49865,10.0,10,,,,,,
,,,,,49876,11.0,11,,,,,,
,,,,,49883,7.0,7,,,,,,
,,,,,49890,7.0,7,,,,,,
,,,,,49897,7.0,7,,,,,,
,,,,,49903,6.0,6,,,,,,
,,,,,49907,4.0,4,,,,,,
,,,,,49914,7.0,7,,,,,,
,,,,,49919,5.0,5,,,,,,
,,,,,49924,5.0,5,,,,,,
,,,,,49939,15.0,15,,,,,,
,,,,,49944,5.0,5,,,,,,
,,,,,49947,3.0,3,,,,,,
,,,,,49952,5.0,5,,,,,,
,,,,,49956,4.0,4,,,,,,
,,,,,49960,4.0,4,,,,,,
,,,,,49969,9.0,9,,,,,,
,,,,,49976,7.0,7,,,,,,
,,,,,49979,3.0,3,,,,,,
,,,,,49986,7.0,7,,,,,,
,,,,,49993,7.0,7,,,,,,
