Eval_AverageReturn,Eval_StdReturn,Eval_MaxReturn,Eval_MinReturn,Eval_AverageEpLen,step,Train_EpisodeReturn,Train_EpisodeLen,critic_loss,q_values,target_values,grad_norm,epsilon,lr
-1114.4026,479.87567,-487.22076,-1934.6194,130.6,0,,,,,,,,
,,,,,82,-90.2401,83,,,,,,
,,,,,165,-113.796036,83,,,,,,
,,,,,230,-66.62244,65,,,,,,
,,,,,297,-139.68445,67,,,,,,
,,,,,359,-176.65063,62,,,,,,
,,,,,449,-375.7606,90,,,,,,
,,,,,529,-91.32929,80,,,,,,
,,,,,637,-250.02525,108,,,,,,
,,,,,743,-260.9366,106,,,,,,
,,,,,814,-125.583145,71,,,,,,
,,,,,926,-226.37964,112,,,,,,
,,,,,1005,-144.94846,79,,,,,,
,,,,,1078,-104.25092,73,,,,,,
,,,,,1141,-82.01962,63,,,,,,
,,,,,1230,-110.1378,89,,,,,,
,,,,,1311,-146.99817,81,,,,,,
,,,,,1413,-398.08307,102,,,,,,
,,,,,1508,-441.2466,95,,,,,,
,,,,,1646,13.987556,138,,,,,,
,,,,,1733,-73.98144,87,,,,,,
,,,,,1826,-122.99419,93,,,,,,
,,,,,1910,-98.34402,84,,,,,,
,,,,,2019,-409.22275,109,,,,,,
,,,,,2101,-238.43727,82,,,,,,
,,,,,2168,-102.39223,67,,,,,,
,,,,,2226,-61.710037,58,,,,,,
,,,,,2330,-121.8288,104,,,,,,
,,,,,2434,-140.8746,104,,,,,,
,,,,,2533,16.9505,99,,,,,,
,,,,,2642,-156.36563,109,,,,,,
,,,,,2708,-71.08979,66,,,,,,
,,,,,2770,-84.3955,62,,,,,,
,,,,,2869,-133.706,99,,,,,,
,,,,,2945,-99.22577,76,,,,,,
,,,,,3006,-71.251915,61,,,,,,
,,,,,3091,-167.81534,85,,,,,,
,,,,,3184,-197.29279,93,,,,,,
,,,,,3317,-114.00958,133,,,,,,
,,,,,3431,-386.8441,114,,,,,,
,,,,,3559,-175.47452,128,,,,,,
,,,,,3645,-75.46854,86,,,,,,
,,,,,3749,-299.1283,104,,,,,,
,,,,,3815,-83.340164,66,,,,,,
,,,,,3898,-292.54056,83,,,,,,
,,,,,3979,-80.541916,81,,,,,,
,,,,,4077,-137.45486,98,,,,,,
,,,,,4143,-92.03837,66,,,,,,
,,,,,4264,-482.27972,121,,,,,,
,,,,,4375,-107.663666,111,,,,,,
,,,,,4490,-330.106,115,,,,,,
,,,,,4599,-133.67749,109,,,,,,
,,,,,4698,-221.64111,99,,,,,,
,,,,,4797,-334.59253,99,,,,,,
,,,,,4912,-145.23999,115,,,,,,
,,,,,4990,-99.188416,78,,,,,,
,,,,,5077,-300.92358,87,,,,,,
,,,,,5151,-80.40829,74,,,,,,
,,,,,5290,-162.89072,139,,,,,,
,,,,,5375,-100.454285,85,,,,,,
,,,,,5463,-227.87851,88,,,,,,
,,,,,5544,-262.1341,81,,,,,,
,,,,,5657,-356.97043,113,,,,,,
,,,,,5720,-65.05123,63,,,,,,
,,,,,5818,-109.69103,98,,,,,,
,,,,,5927,-169.81839,109,,,,,,
,,,,,6041,-130.81136,114,,,,,,
,,,,,6145,-284.61942,104,,,,,,
,,,,,6267,-156.50684,122,,,,,,
,,,,,6369,-464.36844,102,,,,,,
,,,,,6483,-279.92395,114,,,,,,
,,,,,6584,-279.6745,101,,,,,,
,,,,,6697,-208.36224,113,,,,,,
,,,,,6817,-148.98994,120,,,,,,
,,,,,6883,-118.35972,66,,,,,,
,,,,,6975,-330.78516,92,,,,,,
,,,,,7040,-71.619965,65,,,,,,
,,,,,7127,-114.881546,87,,,,,,
,,,,,7235,-497.88522,108,,,,,,
,,,,,7306,-125.86907,71,,,,,,
,,,,,7431,-335.3896,125,,,,,,
,,,,,7508,-183.46751,77,,,,,,
,,,,,7600,-54.068573,92,,,,,,
,,,,,7672,-134.76141,72,,,,,,
,,,,,7785,-98.17459,113,,,,,,
,,,,,7891,-108.65946,106,,,,,,
,,,,,8001,-130.4997,110,,,,,,
,,,,,8088,-85.563736,87,,,,,,
,,,,,8162,-340.3531,74,,,,,,
,,,,,8250,-136.69934,88,,,,,,
,,,,,8324,-97.913185,74,,,,,,
,,,,,8416,-86.961914,92,,,,,,
,,,,,8506,-153.39638,90,,,,,,
,,,,,8577,-22.879318,71,,,,,,
,,,,,8685,-250.1996,108,,,,,,
,,,,,8818,-440.77457,133,,,,,,
,,,,,8932,-97.68574,114,,,,,,
,,,,,9012,-243.93219,80,,,,,,
,,,,,9095,-140.24005,83,,,,,,
,,,,,9186,-198.70639,91,,,,,,
,,,,,9249,-20.480194,63,,,,,,
,,,,,9339,-128.82216,90,,,,,,
,,,,,9416,-290.2401,77,,,,,,
,,,,,9522,-304.73514,106,,,,,,
,,,,,9656,-453.16245,134,,,,,,
,,,,,9750,-215.48544,94,,,,,,
,,,,,9828,-203.44418,78,,,,,,
,,,,,9930,-325.36664,102,,,,,,
-663.7565,208.2605,-435.01028,-1061.7644,93.9,10000,,,,,,,,
,,,,,10043,-381.02722,113,,,,,,
,,,,,10152,-434.16263,109,,,,,,
,,,,,10220,-185.27437,68,,,,,,
,,,,,10300,-336.91534,80,,,,,,
,,,,,10409,-393.94604,109,,,,,,
,,,,,10555,-263.04337,146,,,,,,
,,,,,10656,-231.89417,101,,,,,,
,,,,,10782,-140.51366,126,,,,,,
,,,,,10898,-184.8406,116,,,,,,
,,,,,11010,-394.57742,112,,,,,,
,,,,,11094,-118.67819,84,,,,,,
,,,,,11206,-95.18481,112,,,,,,
,,,,,11296,-103.92356,90,,,,,,
,,,,,12296,17.048592,1000,,,,,,
,,,,,12401,-235.48428,105,,,,,,
,,,,,12526,-103.6896,125,,,,,,
,,,,,12658,-280.6556,132,,,,,,
,,,,,12749,-183.54611,91,,,,,,
,,,,,12835,-175.34749,86,,,,,,
,,,,,12945,-379.29346,110,,,,,,
,,,,,13064,-241.567,119,,,,,,
,,,,,13178,-366.36212,114,,,,,,
,,,,,13282,-47.369606,104,,,,,,
,,,,,13352,-57.247406,70,,,,,,
,,,,,13482,-33.972504,130,,,,,,
,,,,,13556,-222.01749,74,,,,,,
,,,,,13645,9.080383,89,,,,,,
,,,,,13739,-140.31622,94,,,,,,
,,,,,13810,-213.44727,71,,,,,,
,,,,,13916,-145.04803,106,,,,,,
,,,,,14048,-180.41956,132,,,,,,
,,,,,14147,-145.78522,99,,,,,,
,,,,,14237,-3.1420288,90,,,,,,
,,,,,14321,-367.26218,84,,,,,,
,,,,,14452,-148.94221,131,,,,,,
,,,,,14531,-257.91998,79,,,,,,
,,,,,14627,-444.94977,96,,,,,,
,,,,,14696,-163.43866,69,,,,,,
,,,,,14769,-112.025475,73,,,,,,
,,,,,14856,-178.5755,87,,,,,,
,,,,,14926,-84.11556,70,,,,,,
,,,,,15009,-215.7273,83,,,,,,
,,,,,15121,-119.57505,112,,,,,,
,,,,,15266,-388.7218,145,,,,,,
,,,,,15366,-273.58423,100,,,,,,
,,,,,15442,-82.50719,76,,,,,,
,,,,,15562,-112.999695,120,,,,,,
,,,,,15638,-123.748405,76,,,,,,
,,,,,15736,-305.84277,98,,,,,,
,,,,,15839,-298.2254,103,,,,,,
,,,,,15964,-387.1745,125,,,,,,
,,,,,16053,-82.17586,89,,,,,,
,,,,,16118,-136.86319,65,,,,,,
,,,,,16183,-141.11603,65,,,,,,
,,,,,16288,-268.9682,105,,,,,,
,,,,,16377,-147.8028,89,,,,,,
,,,,,16487,-155.82889,110,,,,,,
,,,,,16637,-343.0136,150,,,,,,
,,,,,16733,-195.87115,96,,,,,,
,,,,,16808,-91.08774,75,,,,,,
,,,,,16897,12.579788,89,,,,,,
,,,,,16990,-111.22777,93,,,,,,
,,,,,17054,-85.45898,64,,,,,,
,,,,,17138,-119.42781,84,,,,,,
,,,,,17298,-311.03992,160,,,,,,
,,,,,17393,-277.3902,95,,,,,,
,,,,,17537,-176.27058,144,,,,,,
,,,,,17635,-339.92975,98,,,,,,
,,,,,17698,-140.49496,63,,,,,,
,,,,,17780,-258.11993,82,,,,,,
,,,,,17837,-193.65306,57,,,,,,
,,,,,17970,-499.2969,133,,,,,,
,,,,,18093,-267.40894,123,,,,,,
,,,,,18175,-130.9564,82,,,,,,
,,,,,18291,17.661217,116,,,,,,
,,,,,18401,-514.30896,110,,,,,,
,,,,,18531,-363.2823,130,,,,,,
,,,,,18612,-219.8525,81,,,,,,
,,,,,18733,-143.00345,121,,,,,,
,,,,,18834,-243.32365,101,,,,,,
,,,,,18908,-222.48788,74,,,,,,
,,,,,18972,-79.35144,64,,,,,,
,,,,,19038,-38.56246,66,,,,,,
,,,,,19131,-72.06955,93,,,,,,
,,,,,19224,-435.50272,93,,,,,,
,,,,,19321,-93.704956,97,,,,,,
,,,,,19398,-118.814,77,,,,,,
,,,,,19481,-65.54379,83,,,,,,
,,,,,19574,14.099655,93,,,,,,
,,,,,19658,-511.85855,84,,,,,,
,,,,,19743,-424.91937,85,,,,,,
,,,,,19817,-113.09366,74,,,,,,
,,,,,19891,-78.37227,74,,,,,,
,,,,,19988,-536.7676,97,,,,,,
-990.7704,439.90332,-519.80225,-2046.2826,127.8,20000,,,10.652202606201172,-0.03491251543164253,-1.0023423433303833,6.707629680633545,0.88,0.0003
,,,,,20070,-486.79965,82,,,,,,
,,,,,20168,-461.5093,98,,,,,,
,,,,,20305,-195.02014,137,,,,,,
,,,,,20440,-112.59293,135,,,,,,
,,,,,20528,-344.4912,88,,,,,,
,,,,,20624,-199.64104,96,,,,,,
,,,,,20707,-79.19223,83,,,,,,
,,,,,20802,-13.165092,95,,,,,,
,,,,,20906,-458.93448,104,,,,,,
,,,,,21000,,,164.4466094970703,-1.90816330909729,-2.066779613494873,41.44203186035156,0.874,0.0003
,,,,,21013,-188.58655,107,,,,,,
,,,,,21099,-224.51547,86,,,,,,
,,,,,21199,-242.36116,100,,,,,,
,,,,,21303,-195.1213,104,,,,,,
,,,,,21421,-300.35196,118,,,,,,
,,,,,22000,,,36.637351989746094,-2.8564276695251465,-1.7394073009490967,26.859766006469727,0.868,0.0003
,,,,,22106,-162.22047,685,,,,,,
,,,,,22207,-263.6768,101,,,,,,
,,,,,22308,-194.57196,101,,,,,,
,,,,,22393,-127.809586,85,,,,,,
,,,,,22490,-175.55847,97,,,,,,
,,,,,22606,-71.84743,116,,,,,,
,,,,,22666,-85.40236,60,,,,,,
,,,,,22747,-219.48923,81,,,,,,
,,,,,22857,-111.118004,110,,,,,,
,,,,,22936,-50.939034,79,,,,,,
,,,,,23000,,,16.82935333251953,-2.9765095710754395,-2.7388057708740234,17.133081436157227,0.862,0.0003
,,,,,23010,-36.824684,74,,,,,,
,,,,,23126,-147.21533,116,,,,,,
,,,,,23196,-95.87488,70,,,,,,
,,,,,23262,-64.91357,66,,,,,,
,,,,,23362,-115.65362,100,,,,,,
,,,,,23435,-57.48044,73,,,,,,
,,,,,23542,-207.7536,107,,,,,,
,,,,,23670,-150.02069,128,,,,,,
,,,,,23791,-196.12206,121,,,,,,
,,,,,23880,-186.988,89,,,,,,
,,,,,23954,-49.951244,74,,,,,,
,,,,,24000,,,348.91937255859375,-5.648423194885254,-6.6296281814575195,46.685874938964844,0.856,0.0003
,,,,,24080,-119.239494,126,,,,,,
,,,,,24205,-114.82629,125,,,,,,
,,,,,24321,-108.47661,116,,,,,,
,,,,,24415,-144.58919,94,,,,,,
,,,,,24515,-124.41963,100,,,,,,
,,,,,24639,-29.34439,124,,,,,,
,,,,,24745,-255.84764,106,,,,,,
,,,,,24872,-180.16113,127,,,,,,
,,,,,24973,-113.91913,101,,,,,,
,,,,,25000,,,41.540611267089844,-3.8263063430786133,-4.343977928161621,41.53550338745117,0.85,0.0003
,,,,,25097,-93.57754,124,,,,,,
,,,,,25180,-198.04361,83,,,,,,
,,,,,25299,-155.3779,119,,,,,,
,,,,,25369,-70.64218,70,,,,,,
,,,,,25456,-59.959393,87,,,,,,
,,,,,25564,-123.52803,108,,,,,,
,,,,,25643,-129.52328,79,,,,,,
,,,,,25777,-153.70755,134,,,,,,
,,,,,25875,-127.45893,98,,,,,,
,,,,,25987,-132.00047,112,,,,,,
,,,,,26000,,,70.41007232666016,-2.582817554473877,-3.8242251873016357,86.96245574951172,0.844,0.0003
,,,,,26077,-37.266106,90,,,,,,
,,,,,26208,-157.61981,131,,,,,,
,,,,,26321,-132.5841,113,,,,,,
,,,,,26445,-53.554504,124,,,,,,
,,,,,26520,-130.2758,75,,,,,,
,,,,,26615,-93.20779,95,,,,,,
,,,,,26685,-119.13629,70,,,,,,
,,,,,26802,-103.97218,117,,,,,,
,,,,,26897,-81.628624,95,,,,,,
,,,,,26965,-106.79102,68,,,,,,
,,,,,27000,,,2.49926495552063,-1.6041240692138672,-1.111680507659912,34.40631103515625,0.838,0.0003
,,,,,27080,-202.47112,115,,,,,,
,,,,,27208,-84.29133,128,,,,,,
,,,,,27340,-56.099632,132,,,,,,
,,,,,27439,38.66278,99,,,,,,
,,,,,27581,-95.96863,142,,,,,,
,,,,,27703,-178.84225,122,,,,,,
,,,,,27796,-35.492035,93,,,,,,
,,,,,27908,-68.375114,112,,,,,,
,,,,,28000,,,5.537477970123291,-2.3663601875305176,-2.5444841384887695,14.940442085266113,0.832,0.0003
,,,,,28004,-173.02457,96,,,,,,
,,,,,28097,-153.90805,93,,,,,,
,,,,,28195,-98.92145,98,,,,,,
,,,,,28268,-85.45275,73,,,,,,
,,,,,28390,-173.35133,122,,,,,,
,,,,,28461,-85.0177,71,,,,,,
,,,,,28551,-88.89228,90,,,,,,
,,,,,28634,-42.625275,83,,,,,,
,,,,,28735,-338.44144,101,,,,,,
,,,,,28820,-65.10431,85,,,,,,
,,,,,28963,-136.30945,143,,,,,,
,,,,,29000,,,15.008602142333984,-3.7094202041625977,-3.9406166076660156,72.00724029541016,0.8260000000000001,0.0003
,,,,,29088,-233.72583,125,,,,,,
,,,,,29172,-87.12655,84,,,,,,
,,,,,29281,-126.890045,109,,,,,,
,,,,,29389,-134.81064,108,,,,,,
,,,,,29508,-110.04178,119,,,,,,
,,,,,29625,-88.97192,117,,,,,,
,,,,,29696,-111.6261,71,,,,,,
,,,,,29813,-252.0434,117,,,,,,
,,,,,29928,-151.90656,115,,,,,,
-135.53252,86.008545,-31.798607,-283.37567,415.4,30000,,,23.94133758544922,-4.13568639755249,-4.921935081481934,60.77058410644531,0.82,0.0003
,,,,,30052,-132.01942,124,,,,,,
,,,,,30184,-62.838066,132,,,,,,
,,,,,30266,-99.35351,82,,,,,,
,,,,,30424,-83.90696,158,,,,,,
,,,,,30594,-40.38412,170,,,,,,
,,,,,30695,-80.575775,101,,,,,,
,,,,,30819,-128.57446,124,,,,,,
,,,,,30882,-83.42583,63,,,,,,
,,,,,30977,-158.24464,95,,,,,,
,,,,,31000,,,1.7578511238098145,1.720834732055664,1.6288058757781982,25.114110946655273,0.8140000000000001,0.0003
,,,,,31091,-187.63396,114,,,,,,
,,,,,31169,-81.016235,78,,,,,,
,,,,,31245,-79.93832,76,,,,,,
,,,,,31330,-129.22824,85,,,,,,
,,,,,31410,-106.91491,80,,,,,,
,,,,,31484,-40.061817,74,,,,,,
,,,,,31587,-104.59404,103,,,,,,
,,,,,31712,-113.85455,125,,,,,,
,,,,,31804,-109.84258,92,,,,,,
,,,,,31913,-100.02056,109,,,,,,
,,,,,31994,-460.19354,81,,,,,,
,,,,,32000,,,50.54217529296875,-0.38672053813934326,-0.22115588188171387,126.78221893310547,0.808,0.0003
,,,,,32101,-104.99492,107,,,,,,
,,,,,32244,-113.35096,143,,,,,,
,,,,,32320,-30.100311,76,,,,,,
,,,,,32423,-153.2355,103,,,,,,
,,,,,32523,-62.895004,100,,,,,,
,,,,,32628,-69.922104,105,,,,,,
,,,,,32728,-149.76949,100,,,,,,
,,,,,32789,-98.042336,61,,,,,,
,,,,,32908,-313.2965,119,,,,,,
,,,,,33000,,,14.271445274353027,-1.873249888420105,-1.8338068723678589,56.910301208496094,0.802,0.0003
,,,,,33059,-36.502934,151,,,,,,
,,,,,33171,9.407417,112,,,,,,
,,,,,33260,-45.981403,89,,,,,,
,,,,,33359,-114.786606,99,,,,,,
,,,,,33482,-84.27799,123,,,,,,
,,,,,33603,-95.55521,121,,,,,,
,,,,,33693,-157.86308,90,,,,,,
,,,,,33794,-103.829475,101,,,,,,
,,,,,33933,-298.10468,139,,,,,,
,,,,,34000,,,14.315034866333008,-10.990994453430176,-11.607547760009766,50.90724563598633,0.796,0.0003
,,,,,34002,-30.460175,69,,,,,,
,,,,,34084,-214.30154,82,,,,,,
,,,,,34188,-77.04619,104,,,,,,
,,,,,34306,-125.36842,118,,,,,,
,,,,,34482,-66.72668,176,,,,,,
,,,,,34595,-180.72615,113,,,,,,
,,,,,34679,-91.76674,84,,,,,,
,,,,,34770,-103.5044,91,,,,,,
,,,,,34841,-81.96294,71,,,,,,
,,,,,34954,-155.88681,113,,,,,,
,,,,,35000,,,128.74671936035156,-2.2018637657165527,-1.329845666885376,107.12120819091797,0.79,0.0003
,,,,,35105,-373.64,151,,,,,,
,,,,,35189,-127.55956,84,,,,,,
,,,,,35278,-136.63498,89,,,,,,
,,,,,35357,-48.09666,79,,,,,,
,,,,,35467,-105.19019,110,,,,,,
,,,,,35593,-55.824547,126,,,,,,
,,,,,35667,-98.58231,74,,,,,,
,,,,,35730,-92.683685,63,,,,,,
,,,,,35855,48.37735,125,,,,,,
,,,,,35981,-112.16554,126,,,,,,
,,,,,36000,,,6.443521499633789,-5.661087989807129,-5.589661598205566,45.26820755004883,0.784,0.0003
,,,,,36055,-31.391747,74,,,,,,
,,,,,36133,-33.859383,78,,,,,,
,,,,,36220,-118.76235,87,,,,,,
,,,,,36319,-80.196526,99,,,,,,
,,,,,36387,-72.50169,68,,,,,,
,,,,,36478,-92.46598,91,,,,,,
,,,,,36608,-49.076065,130,,,,,,
,,,,,36710,-51.442917,102,,,,,,
,,,,,36785,-95.85503,75,,,,,,
,,,,,36897,-126.371506,112,,,,,,
,,,,,36979,-69.15221,82,,,,,,
,,,,,37000,,,24.398273468017578,-1.9781973361968994,-2.94711971282959,84.16303253173828,0.778,0.0003
,,,,,37127,-102.94189,148,,,,,,
,,,,,37237,-84.12199,110,,,,,,
,,,,,37311,-62.382534,74,,,,,,
,,,,,37373,-65.648415,62,,,,,,
,,,,,37451,-120.31261,78,,,,,,
,,,,,37614,-245.65118,163,,,,,,
,,,,,37752,-110.35885,138,,,,,,
,,,,,37830,-124.32003,78,,,,,,
,,,,,37946,-98.68522,116,,,,,,
,,,,,38000,,,6.074572563171387,-3.6682686805725098,-4.133490085601807,40.8968620300293,0.772,0.0003
,,,,,38092,-84.85494,146,,,,,,
,,,,,38181,-76.0652,89,,,,,,
,,,,,38303,-15.839035,122,,,,,,
,,,,,38401,-70.04311,98,,,,,,
,,,,,38536,-110.61221,135,,,,,,
,,,,,38598,-86.69553,62,,,,,,
,,,,,38759,-44.983574,161,,,,,,
,,,,,38866,-90.02074,107,,,,,,
,,,,,38940,-16.151016,74,,,,,,
,,,,,39000,,,13.576269149780273,-2.6088500022888184,-1.8751285076141357,67.20216369628906,0.766,0.0003
,,,,,39053,-117.71265,113,,,,,,
,,,,,39143,-48.088425,90,,,,,,
,,,,,39282,-43.57225,139,,,,,,
,,,,,39349,-60.128445,67,,,,,,
,,,,,39456,-185.46123,107,,,,,,
,,,,,39579,-60.255764,123,,,,,,
,,,,,39685,-114.389114,106,,,,,,
,,,,,39847,-50.43366,162,,,,,,
,,,,,39948,-272.96057,101,,,,,,
-212.88663,38.17964,-152.79602,-269.92633,656.0,40000,,,3.8650410175323486,-7.722546100616455,-7.349997520446777,51.2924690246582,0.76,0.0003
,,,,,40067,-21.106834,119,,,,,,
,,,,,40182,-74.18791,115,,,,,,
,,,,,40337,-45.519703,155,,,,,,
,,,,,40455,-111.81417,118,,,,,,
,,,,,40572,-183.88515,117,,,,,,
,,,,,40672,-85.27885,100,,,,,,
,,,,,40787,-55.372932,115,,,,,,
,,,,,40881,-46.040062,94,,,,,,
,,,,,40983,-101.28706,102,,,,,,
,,,,,41000,,,240.78939819335938,-1.2246603965759277,0.7781873345375061,198.19668579101562,0.754,0.0003
,,,,,41104,-49.10149,121,,,,,,
,,,,,41198,-72.64746,94,,,,,,
,,,,,41307,-249.09502,109,,,,,,
,,,,,41404,-177.42981,97,,,,,,
,,,,,41560,-60.33759,156,,,,,,
,,,,,41671,-98.16874,111,,,,,,
,,,,,41799,-111.59216,128,,,,,,
,,,,,41888,-117.930664,89,,,,,,
,,,,,41972,-66.62013,84,,,,,,
,,,,,42000,,,27.79473304748535,3.1147871017456055,3.6182355880737305,105.13365936279297,0.748,0.0003
,,,,,42102,-93.48547,130,,,,,,
,,,,,42213,-44.935787,111,,,,,,
,,,,,42341,-73.38331,128,,,,,,
,,,,,42435,-245.55595,94,,,,,,
,,,,,42577,-172.38976,142,,,,,,
,,,,,42660,-107.1028,83,,,,,,
,,,,,42782,28.758377,122,,,,,,
,,,,,42892,-144.64746,110,,,,,,
,,,,,43000,,,5.174973487854004,-4.6598920822143555,-4.418614864349365,35.26897048950195,0.742,0.0003
,,,,,43038,-33.37297,146,,,,,,
,,,,,43191,-33.164764,153,,,,,,
,,,,,43344,-72.87297,153,,,,,,
,,,,,43426,-106.13309,82,,,,,,
,,,,,43538,-42.239502,112,,,,,,
,,,,,43657,-67.12612,119,,,,,,
,,,,,43793,-68.28484,136,,,,,,
,,,,,43859,-73.19126,66,,,,,,
,,,,,43997,-29.929817,138,,,,,,
,,,,,44000,,,1.2613468170166016,8.905712127685547,8.840106010437012,27.793174743652344,0.736,0.0003
,,,,,44076,-99.12831,79,,,,,,
,,,,,44146,-102.12614,70,,,,,,
,,,,,44280,-14.440132,134,,,,,,
,,,,,44366,-88.80854,86,,,,,,
,,,,,44437,-18.16124,71,,,,,,
,,,,,44548,-118.53978,111,,,,,,
,,,,,44624,-47.0203,76,,,,,,
,,,,,44755,-36.71942,131,,,,,,
,,,,,44918,-83.35244,163,,,,,,
,,,,,45000,,,1.3737963438034058,8.360376358032227,8.525087356567383,33.180450439453125,0.73,0.0003
,,,,,45062,-145.9884,144,,,,,,
,,,,,45171,-42.02206,109,,,,,,
,,,,,45278,-99.8404,107,,,,,,
,,,,,45404,-61.89019,126,,,,,,
,,,,,45484,-112.96291,80,,,,,,
,,,,,45629,-47.013927,145,,,,,,
,,,,,45712,-12.9665985,83,,,,,,
,,,,,45809,-56.29595,97,,,,,,
,,,,,45950,-6.122818,141,,,,,,
,,,,,46000,,,22.563243865966797,4.039668083190918,4.098460674285889,69.4529037475586,0.724,0.0003
,,,,,46048,-120.61232,98,,,,,,
,,,,,46149,-33.801804,101,,,,,,
,,,,,46241,-60.367737,92,,,,,,
,,,,,46332,-196.91568,91,,,,,,
,,,,,46510,-79.96471,178,,,,,,
,,,,,46578,-89.56038,68,,,,,,
,,,,,46708,-59.99868,130,,,,,,
,,,,,46810,-41.079132,102,,,,,,
,,,,,46911,-91.417465,101,,,,,,
,,,,,47000,,,19.436620712280273,0.10598719120025635,0.4890381097793579,70.336669921875,0.718,0.0003
,,,,,47017,-67.40859,106,,,,,,
,,,,,47142,-99.03022,125,,,,,,
,,,,,47231,-90.15016,89,,,,,,
,,,,,47332,-31.737556,101,,,,,,
,,,,,47516,-85.404564,184,,,,,,
,,,,,47643,-82.24681,127,,,,,,
,,,,,47737,-76.61856,94,,,,,,
,,,,,47823,-21.589325,86,,,,,,
,,,,,47964,-75.87175,141,,,,,,
,,,,,48000,,,2.14906644821167,7.1566667556762695,7.246667385101318,41.97264862060547,0.712,0.0003
,,,,,48054,-46.5812,90,,,,,,
,,,,,48205,-57.03707,151,,,,,,
,,,,,48367,-97.92649,162,,,,,,
,,,,,48468,-230.95877,101,,,,,,
,,,,,48597,-77.9689,129,,,,,,
,,,,,48704,-54.355946,107,,,,,,
,,,,,48810,-122.75769,106,,,,,,
,,,,,48915,-29.536018,105,,,,,,
,,,,,49000,,,1.7328137159347534,9.820783615112305,10.315134048461914,87.42474365234375,0.706,0.0003
,,,,,49039,-56.297897,124,,,,,,
,,,,,49120,-144.32541,81,,,,,,
,,,,,49218,-198.65192,98,,,,,,
,,,,,49338,-83.07643,120,,,,,,
,,,,,49511,-75.21437,173,,,,,,
,,,,,49640,-211.37773,129,,,,,,
,,,,,49733,-50.924397,93,,,,,,
,,,,,49835,-58.429085,102,,,,,,
,,,,,49910,-55.785904,75,,,,,,
-145.00015,41.905838,-73.88658,-214.0112,907.0,50000,,,22.69814109802246,0.48187029361724854,1.2200322151184082,95.37581634521484,0.7,0.0003
,,,,,50028,-90.490776,118,,,,,,
,,,,,50118,-48.410988,90,,,,,,
,,,,,50216,-40.866405,98,,,,,,
,,,,,50304,-100.68813,88,,,,,,
,,,,,50401,-86.46493,97,,,,,,
,,,,,50502,-55.12099,101,,,,,,
,,,,,50584,-13.451492,82,,,,,,
,,,,,50654,-65.90595,70,,,,,,
,,,,,50748,-16.273834,94,,,,,,
,,,,,50893,-7.631256,145,,,,,,
,,,,,51000,,,3.6447832584381104,5.033699989318848,4.870393753051758,35.54737091064453,0.694,0.0003
,,,,,51024,-64.56418,131,,,,,,
,,,,,51146,-13.350212,122,,,,,,
,,,,,51261,-45.414566,115,,,,,,
,,,,,51391,-82.9425,130,,,,,,
,,,,,51512,-72.70978,121,,,,,,
,,,,,51618,-125.32263,106,,,,,,
,,,,,51717,-86.925,99,,,,,,
,,,,,51863,-68.444534,146,,,,,,
,,,,,51983,-22.89759,120,,,,,,
,,,,,52000,,,131.05796813964844,4.674447536468506,6.985743999481201,308.5300598144531,0.688,0.0003
,,,,,52065,-64.27699,82,,,,,,
,,,,,52191,-91.76102,126,,,,,,
,,,,,52343,-111.971405,152,,,,,,
,,,,,52453,-283.947,110,,,,,,
,,,,,52604,-39.117245,151,,,,,,
,,,,,52685,-55.0616,81,,,,,,
,,,,,52767,-32.631775,82,,,,,,
,,,,,52885,-87.72279,118,,,,,,
,,,,,53000,,,23.72503662109375,2.9512829780578613,3.7426953315734863,123.71611785888672,0.6819999999999999,0.0003
,,,,,53015,-89.431145,130,,,,,,
,,,,,53134,-66.44368,119,,,,,,
,,,,,53244,-64.42459,110,,,,,,
,,,,,53356,-121.348656,112,,,,,,
,,,,,53454,-23.268295,98,,,,,,
,,,,,53554,-69.066734,100,,,,,,
,,,,,53639,-61.514534,85,,,,,,
,,,,,53752,-36.6983,113,,,,,,
,,,,,53843,12.212181,91,,,,,,
,,,,,53963,-88.44499,120,,,,,,
,,,,,54000,,,1.7250540256500244,13.040971755981445,13.07289981842041,23.721399307250977,0.6759999999999999,0.0003
,,,,,54067,-95.62773,104,,,,,,
,,,,,54186,-76.287895,119,,,,,,
,,,,,54281,-30.125084,95,,,,,,
,,,,,54386,-69.42269,105,,,,,,
,,,,,54542,-80.68643,156,,,,,,
,,,,,54629,-110.08383,87,,,,,,
,,,,,54759,-34.54518,130,,,,,,
,,,,,54861,-59.420303,102,,,,,,
,,,,,54945,-82.593994,84,,,,,,
,,,,,55000,,,4.816428184509277,13.525901794433594,12.930463790893555,82.17875671386719,0.67,0.0003
,,,,,55079,-116.46972,134,,,,,,
,,,,,55224,-13.950539,145,,,,,,
,,,,,55323,-38.928352,99,,,,,,
,,,,,55448,-224.43764,125,,,,,,
,,,,,55604,-15.776489,156,,,,,,
,,,,,55685,-39.515995,81,,,,,,
,,,,,55808,-134.99942,123,,,,,,
,,,,,55893,-60.488186,85,,,,,,
,,,,,56000,,,13.575935363769531,15.435818672180176,15.415099143981934,84.79810333251953,0.6639999999999999,0.0003
,,,,,56038,-94.901405,145,,,,,,
,,,,,56138,-50.778744,100,,,,,,
,,,,,56239,-20.829727,101,,,,,,
,,,,,56330,-75.96141,91,,,,,,
,,,,,56424,-128.85489,94,,,,,,
,,,,,56506,-65.960464,82,,,,,,
,,,,,56601,-36.64098,95,,,,,,
,,,,,56701,-104.030655,100,,,,,,
,,,,,56861,-46.353603,160,,,,,,
,,,,,56980,-24.46009,119,,,,,,
,,,,,57000,,,23.038185119628906,5.870811939239502,6.686330795288086,98.1967544555664,0.6579999999999999,0.0003
,,,,,57110,-92.495735,130,,,,,,
,,,,,57210,-32.56785,100,,,,,,
,,,,,57300,-46.782536,90,,,,,,
,,,,,57429,-45.619576,129,,,,,,
,,,,,57514,-25.203438,85,,,,,,
,,,,,57662,-95.32691,148,,,,,,
,,,,,57774,-39.274868,112,,,,,,
,,,,,57899,-89.32793,125,,,,,,
,,,,,57987,-107.0246,88,,,,,,
,,,,,58000,,,9.598674774169922,9.937224388122559,9.406250953674316,67.0827865600586,0.652,0.0003
,,,,,58084,-118.10351,97,,,,,,
,,,,,58166,-49.074966,82,,,,,,
,,,,,58255,-44.99578,89,,,,,,
,,,,,58384,-58.69633,129,,,,,,
,,,,,58482,-76.18525,98,,,,,,
,,,,,58591,-97.888596,109,,,,,,
,,,,,58694,-86.52965,103,,,,,,
,,,,,58785,-77.21189,91,,,,,,
,,,,,58900,-28.422775,115,,,,,,
,,,,,59000,,,5.305752277374268,14.919395446777344,14.60776138305664,64.6108627319336,0.646,0.0003
,,,,,59033,-77.900406,133,,,,,,
,,,,,59119,-94.29504,86,,,,,,
,,,,,59185,-23.478714,66,,,,,,
,,,,,59344,-103.231636,159,,,,,,
,,,,,59431,-55.70897,87,,,,,,
,,,,,59547,-74.37753,116,,,,,,
,,,,,59649,-12.075119,102,,,,,,
,,,,,59740,-75.55321,91,,,,,,
,,,,,59847,-79.46768,107,,,,,,
,,,,,59926,-66.60103,79,,,,,,
-202.61328,63.215202,-87.38551,-279.96558,416.9,60000,,,21.62247085571289,5.852944374084473,5.935482978820801,78.89263153076172,0.6399999999999999,0.0003
,,,,,60058,-68.60564,132,,,,,,
,,,,,60167,-56.473164,109,,,,,,
,,,,,60257,-53.987274,90,,,,,,
,,,,,60402,-38.62988,145,,,,,,
,,,,,60513,-54.90837,111,,,,,,
,,,,,60609,-52.64941,96,,,,,,
,,,,,60718,-58.22812,109,,,,,,
,,,,,60838,-66.36487,120,,,,,,
,,,,,61000,,,4.04014778137207,3.5740134716033936,3.443190336227417,48.89169692993164,0.634,0.0003
,,,,,61038,-9.334976,200,,,,,,
,,,,,61158,-70.04889,120,,,,,,
,,,,,61266,-42.03979,108,,,,,,
,,,,,61390,-58.448982,124,,,,,,
,,,,,61481,-110.69386,91,,,,,,
,,,,,61585,-68.947296,104,,,,,,
,,,,,61698,-109.76318,113,,,,,,
,,,,,61846,-24.688545,148,,,,,,
,,,,,61933,40.610733,87,,,,,,
,,,,,62000,,,2.9432806968688965,23.276819229125977,23.597362518310547,71.68547821044922,0.628,0.0003
,,,,,62065,-83.34912,132,,,,,,
,,,,,62254,15.68998,189,,,,,,
,,,,,62325,-82.7868,71,,,,,,
,,,,,62464,-18.881638,139,,,,,,
,,,,,62562,-32.94748,98,,,,,,
,,,,,62662,-91.13439,100,,,,,,
,,,,,62744,-70.83728,82,,,,,,
,,,,,62834,-42.884075,90,,,,,,
,,,,,62955,-81.53989,121,,,,,,
,,,,,63000,,,3.68220591545105,22.164241790771484,22.53668212890625,65.31607818603516,0.622,0.0003
,,,,,63077,-56.43798,122,,,,,,
,,,,,63200,-101.76702,123,,,,,,
,,,,,63303,-130.98352,103,,,,,,
,,,,,63429,-112.712296,126,,,,,,
,,,,,63546,-113.64784,117,,,,,,
,,,,,63682,-45.931194,136,,,,,,
,,,,,63768,-136.46442,86,,,,,,
,,,,,63893,-38.19364,125,,,,,,
,,,,,64000,,,6.713132858276367,17.74366569519043,17.668643951416016,46.4752082824707,0.616,0.0003
,,,,,64065,-132.6861,172,,,,,,
,,,,,64145,-46.23409,80,,,,,,
,,,,,64246,-33.030647,101,,,,,,
,,,,,65000,,,11.29833698272705,21.674713134765625,21.18543815612793,95.54335021972656,0.61,0.0003
,,,,,65246,15.780367,1000,,,,,,
,,,,,65368,-26.982132,122,,,,,,
,,,,,65475,-57.557396,107,,,,,,
,,,,,65752,-212.99368,277,,,,,,
,,,,,65842,-68.889755,90,,,,,,
,,,,,65956,-62.03546,114,,,,,,
,,,,,66000,,,2.196430206298828,17.59132194519043,17.67898178100586,37.56380844116211,0.604,0.0003
,,,,,66070,-56.259285,114,,,,,,
,,,,,66165,-69.79773,95,,,,,,
,,,,,66253,-94.32176,88,,,,,,
,,,,,66382,-127.37236,129,,,,,,
,,,,,66468,-21.767494,86,,,,,,
,,,,,66582,-86.10033,114,,,,,,
,,,,,66673,-3.926239,91,,,,,,
,,,,,66787,-70.17436,114,,,,,,
,,,,,66875,-84.2799,88,,,,,,
,,,,,66981,-79.70031,106,,,,,,
,,,,,67000,,,2.736666679382324,5.98237943649292,5.561490058898926,60.63956832885742,0.598,0.0003
,,,,,67096,-38.092407,115,,,,,,
,,,,,67193,-76.37541,97,,,,,,
,,,,,67289,-56.54981,96,,,,,,
,,,,,67403,-97.076584,114,,,,,,
,,,,,67511,-106.098785,108,,,,,,
,,,,,67621,-45.632465,110,,,,,,
,,,,,67813,10.370605,192,,,,,,
,,,,,68000,,,6.091568946838379,2.1282742023468018,2.4437978267669678,49.59975051879883,0.5920000000000001,0.0003
,,,,,68320,-23.181908,507,,,,,,
,,,,,68453,-51.25744,133,,,,,,
,,,,,68546,-2.0333633,93,,,,,,
,,,,,68682,-81.26075,136,,,,,,
,,,,,68801,-50.144657,119,,,,,,
,,,,,68923,-98.88431,122,,,,,,
,,,,,69000,,,7.9446563720703125,21.18227767944336,21.63892364501953,62.82754135131836,0.586,0.0003
,,,,,69049,-60.139297,126,,,,,,
,,,,,69162,-64.15682,113,,,,,,
,,,,,69277,-68.656204,115,,,,,,
,,,,,69360,-31.949753,83,,,,,,
,,,,,69453,-52.108223,93,,,,,,
,,,,,69583,-85.16153,130,,,,,,
,,,,,69671,-78.29332,88,,,,,,
,,,,,69756,-81.76306,85,,,,,,
,,,,,69906,-41.858692,150,,,,,,
-166.80939,35.351845,-90.90884,-223.4408,486.2,70000,,,26.033863067626953,13.953353881835938,14.780644416809082,184.8907470703125,0.58,0.0003
,,,,,70043,-76.85663,137,,,,,,
,,,,,70135,-36.638084,92,,,,,,
,,,,,70258,42.429947,123,,,,,,
,,,,,70396,1.276413,138,,,,,,
,,,,,70499,-33.09996,103,,,,,,
,,,,,70578,38.30356,79,,,,,,
,,,,,70715,-52.430767,137,,,,,,
,,,,,70806,-75.604965,91,,,,,,
,,,,,70945,-230.64795,139,,,,,,
,,,,,71000,,,19.532608032226562,22.048133850097656,22.151866912841797,123.83069610595703,0.5740000000000001,0.0003
,,,,,71038,-41.94111,93,,,,,,
,,,,,71182,-79.954124,144,,,,,,
,,,,,71986,-77.197495,804,,,,,,
,,,,,72000,,,14.050222396850586,24.747241973876953,23.115901947021484,235.85549926757812,0.5680000000000001,0.0003
,,,,,72357,-261.31885,371,,,,,,
,,,,,72434,-4.3200226,77,,,,,,
,,,,,72537,-48.347572,103,,,,,,
,,,,,72631,-66.56318,94,,,,,,
,,,,,72755,-81.1727,124,,,,,,
,,,,,72880,-44.317326,125,,,,,,
,,,,,73000,,,14.395265579223633,16.919048309326172,16.69521713256836,129.10601806640625,0.5619999999999999,0.0003
,,,,,73015,-50.518387,135,,,,,,
,,,,,73117,-54.566994,102,,,,,,
,,,,,73212,-34.36921,95,,,,,,
,,,,,73344,-64.73915,132,,,,,,
,,,,,73462,-83.398895,118,,,,,,
,,,,,73580,-44.685753,118,,,,,,
,,,,,73707,-45.20487,127,,,,,,
,,,,,73824,21.592201,117,,,,,,
,,,,,73926,-76.4442,102,,,,,,
,,,,,74000,,,23.773181915283203,21.508102416992188,20.942405700683594,124.44546508789062,0.556,0.0003
,,,,,74005,-42.080708,79,,,,,,
,,,,,74101,-48.02139,96,,,,,,
,,,,,74207,-66.06859,106,,,,,,
,,,,,74263,-51.850014,56,,,,,,
,,,,,74357,-72.19274,94,,,,,,
,,,,,74441,-60.82481,84,,,,,,
,,,,,74557,-94.7011,116,,,,,,
,,,,,74686,-41.352497,129,,,,,,
,,,,,74820,-90.04382,134,,,,,,
,,,,,74907,-86.821976,87,,,,,,
,,,,,75000,,,67.03379821777344,20.838729858398438,19.78727149963379,173.1660614013672,0.55,0.0003
,,,,,75037,-97.46796,130,,,,,,
,,,,,75152,-45.947594,115,,,,,,
,,,,,75230,-65.95038,78,,,,,,
,,,,,75356,-147.0513,126,,,,,,
,,,,,75455,-14.641129,99,,,,,,
,,,,,75535,-56.24774,80,,,,,,
,,,,,76000,,,12.093873977661133,20.285959243774414,20.981151580810547,108.95836639404297,0.5439999999999999,0.0003
,,,,,76535,117.96946,1000,,,,,,
,,,,,76926,188.26306,391,,,,,,
,,,,,77000,,,5.447503089904785,13.470500946044922,13.797842025756836,72.11924743652344,0.538,0.0003
,,,,,77043,-76.56717,117,,,,,,
,,,,,77415,-86.75381,372,,,,,,
,,,,,77551,-60.854584,136,,,,,,
,,,,,77660,25.105064,109,,,,,,
,,,,,77786,-86.857285,126,,,,,,
,,,,,77874,-63.190136,88,,,,,,
,,,,,77949,-80.580215,75,,,,,,
,,,,,78000,,,15.20230770111084,24.230440139770508,24.802885055541992,72.86077880859375,0.532,0.0003
,,,,,78083,12.485626,134,,,,,,
,,,,,78198,-9.810196,115,,,,,,
,,,,,78315,-31.656937,117,,,,,,
,,,,,78411,-37.910748,96,,,,,,
,,,,,78521,-78.06006,110,,,,,,
,,,,,78624,-40.47426,103,,,,,,
,,,,,78761,-101.80293,137,,,,,,
,,,,,78897,-201.10109,136,,,,,,
,,,,,79000,,,13.503713607788086,23.487661361694336,23.95487403869629,69.89554595947266,0.526,0.0003
,,,,,79002,-43.425415,105,,,,,,
,,,,,79164,-57.974297,162,,,,,,
,,,,,79253,-30.738632,89,,,,,,
,,,,,79347,-60.80867,94,,,,,,
,,,,,79461,-102.21639,114,,,,,,
,,,,,79584,-41.983234,123,,,,,,
,,,,,79672,-60.170513,88,,,,,,
,,,,,79796,-139.00682,124,,,,,,
,,,,,79906,-57.336285,110,,,,,,
,,,,,79993,-45.20521,87,,,,,,
-123.857315,49.25062,-67.80057,-258.0015,444.5,80000,,,3.6580400466918945,26.21306037902832,25.693531036376953,97.29814147949219,0.52,0.0003
,,,,,80155,15.135788,162,,,,,,
,,,,,80282,-53.00416,127,,,,,,
,,,,,80405,-142.20981,123,,,,,,
,,,,,80704,-243.81339,299,,,,,,
,,,,,81000,,,6.047183990478516,23.692596435546875,23.73370361328125,50.24250411987305,0.514,0.0003
,,,,,81704,78.73422,1000,,,,,,
,,,,,81777,-14.904541,73,,,,,,
,,,,,81900,-51.10997,123,,,,,,
,,,,,81990,22.054123,90,,,,,,
,,,,,82000,,,3.196248769760132,23.605892181396484,22.88365936279297,91.76558685302734,0.508,0.0003
,,,,,82133,-155.41971,143,,,,,,
,,,,,82246,17.773514,113,,,,,,
,,,,,83000,,,6.060340881347656,27.272361755371094,27.292518615722656,51.768192291259766,0.502,0.0003
,,,,,83246,42.32932,1000,,,,,,
,,,,,83352,53.011642,106,,,,,,
,,,,,83484,-6.826126,132,,,,,,
,,,,,83588,-37.375797,104,,,,,,
,,,,,83717,-54.771835,129,,,,,,
,,,,,83869,-196.79689,152,,,,,,
,,,,,83979,-29.98043,110,,,,,,
,,,,,84000,,,10.019723892211914,26.442251205444336,27.259742736816406,96.01026916503906,0.4959999999999999,0.0003
,,,,,84098,-6.3784637,119,,,,,,
,,,,,84209,-97.367065,111,,,,,,
,,,,,84315,-39.21163,106,,,,,,
,,,,,84432,-106.059616,117,,,,,,
,,,,,84548,-13.396675,116,,,,,,
,,,,,84657,-83.93199,109,,,,,,
,,,,,84792,-35.43139,135,,,,,,
,,,,,84881,4.271454,89,,,,,,
,,,,,85000,,,3.8646936416625977,18.977773666381836,18.897186279296875,46.059146881103516,0.49,0.0003
,,,,,85881,111.85735,1000,,,,,,
,,,,,85979,-0.99799347,98,,,,,,
,,,,,86000,,,5.405284881591797,28.41497802734375,28.42120361328125,41.957984924316406,0.484,0.0003
,,,,,86097,-16.584503,118,,,,,,
,,,,,86203,-49.381516,106,,,,,,
,,,,,86314,-43.10164,111,,,,,,
,,,,,87000,,,182.41073608398438,12.182591438293457,14.411993026733398,348.07476806640625,0.478,0.0003
,,,,,87314,91.30943,1000,,,,,,
,,,,,87489,-181.8086,175,,,,,,
,,,,,87601,-65.335434,112,,,,,,
,,,,,87701,-29.739891,100,,,,,,
,,,,,87791,-66.864,90,,,,,,
,,,,,87934,24.059189,143,,,,,,
,,,,,88000,,,14.165489196777344,20.61551284790039,21.575458526611328,165.16448974609375,0.472,0.0003
,,,,,88934,19.894257,1000,,,,,,
,,,,,88998,-52.82153,64,,,,,,
,,,,,89000,,,1.992069959640503,30.793676376342773,30.678512573242188,26.466777801513672,0.46599999999999997,0.0003
,,,,,89117,-82.16791,119,,,,,,
,,,,,89246,-30.82544,129,,,,,,
,,,,,89358,18.195015,112,,,,,,
,,,,,89455,-16.142967,97,,,,,,
,,,,,89570,-6.3691025,115,,,,,,
,,,,,89679,-69.34822,109,,,,,,
,,,,,89799,-85.54974,120,,,,,,
,,,,,89958,-19.986671,159,,,,,,
-14.046911,159.90051,166.18805,-298.16376,650.8,90000,,,4.584089279174805,36.993064880371094,37.11575698852539,43.222782135009766,0.45999999999999996,0.0003
,,,,,90057,-42.197956,99,,,,,,
,,,,,91000,,,14.237908363342285,16.412343978881836,17.676441192626953,157.04507446289062,0.45399999999999996,0.0003
,,,,,91057,116.9849,1000,,,,,,
,,,,,91223,14.494232,166,,,,,,
,,,,,91372,-4.6139297,149,,,,,,
,,,,,91602,-21.281189,230,,,,,,
,,,,,92000,,,9.053654670715332,33.17261505126953,32.645259857177734,65.06034088134766,0.44800000000000006,0.0003
,,,,,92602,87.985634,1000,,,,,,
,,,,,92712,14.045311,110,,,,,,
,,,,,92859,-66.52951,147,,,,,,
,,,,,92950,-24.48175,91,,,,,,
,,,,,93000,,,2.0690040588378906,33.2197265625,32.95490646362305,51.882755279541016,0.44199999999999995,0.0003
,,,,,93062,1.4865265,112,,,,,,
,,,,,93154,-44.452866,92,,,,,,
,,,,,93246,-36.814705,92,,,,,,
,,,,,94000,,,3.670304775238037,34.55388641357422,34.491783142089844,51.93495559692383,0.43599999999999994,0.0003
,,,,,94246,-1.4049222,1000,,,,,,
,,,,,94426,25.691666,180,,,,,,
,,,,,94540,31.971375,114,,,,,,
,,,,,94886,-126.70648,346,,,,,,
,,,,,95000,,,28.515962600708008,41.423316955566406,40.631927490234375,178.5358428955078,0.43000000000000005,0.0003
,,,,,95015,-13.038742,129,,,,,,
,,,,,95140,-40.663574,125,,,,,,
,,,,,95242,-38.626457,102,,,,,,
,,,,,95347,-54.332108,105,,,,,,
,,,,,96000,,,5.5917649269104,26.96978187561035,27.636384963989258,79.5359878540039,0.42399999999999993,0.0003
,,,,,96347,88.65604,1000,,,,,,
,,,,,96429,-7.784813,82,,,,,,
,,,,,97000,,,131.22079467773438,18.032886505126953,19.76963233947754,252.10304260253906,0.41800000000000004,0.0003
,,,,,97429,47.580345,1000,,,,,,
,,,,,97525,21.308258,96,,,,,,
,,,,,98000,,,216.6744842529297,25.209999084472656,26.747352600097656,304.8575134277344,0.41200000000000003,0.0003
,,,,,98525,71.025215,1000,,,,,,
,,,,,99000,,,7.613830089569092,37.349021911621094,36.795265197753906,91.58003997802734,0.4059999999999999,0.0003
,,,,,99525,46.206356,1000,,,,,,
96.14338,88.38363,199.45209,-67.5141,827.5,100000,,,9.83062744140625,35.073699951171875,34.9210319519043,67.55911254882812,0.4,0.0003
,,,,,100004,-144.7306,479,,,,,,
,,,,,100115,2.6161728,111,,,,,,
,,,,,101000,,,8.621437072753906,27.693222045898438,27.092613220214844,51.976966857910156,0.394,0.0003
,,,,,101091,-334.19348,976,,,,,,
,,,,,102000,,,11.107738494873047,39.8260498046875,39.505462646484375,72.73126983642578,0.3879999999999999,0.0003
,,,,,102091,148.7639,1000,,,,,,
,,,,,103000,,,3.8448667526245117,26.256629943847656,26.316566467285156,46.06901168823242,0.382,0.0003
,,,,,103091,25.155272,1000,,,,,,
,,,,,103203,33.024246,112,,,,,,
,,,,,104000,,,4.436629295349121,42.857276916503906,43.19152069091797,43.64052963256836,0.376,0.0003
,,,,,104203,23.748901,1000,,,,,,
,,,,,104568,-141.16843,365,,,,,,
,,,,,105000,,,6.713542461395264,29.34099006652832,29.471317291259766,47.01736831665039,0.37,0.0003
,,,,,105568,66.02088,1000,,,,,,
,,,,,105698,-23.79963,130,,,,,,
,,,,,105831,-54.583374,133,,,,,,
,,,,,105994,8.794434,163,,,,,,
,,,,,106000,,,9.460832595825195,41.96070098876953,42.60500717163086,104.98489379882812,0.364,0.0003
,,,,,106994,87.24898,1000,,,,,,
,,,,,107000,,,14.14108943939209,32.57307815551758,32.820369720458984,74.52761840820312,0.358,0.0003
,,,,,107293,-128.195,299,,,,,,
,,,,,107407,39.394104,114,,,,,,
,,,,,107501,-13.970764,94,,,,,,
,,,,,108000,,,3.340786933898926,46.22624588012695,46.63119888305664,89.75458526611328,0.352,0.0003
,,,,,108501,103.12256,1000,,,,,,
,,,,,109000,,,3.7148654460906982,42.48776626586914,42.73959732055664,61.322235107421875,0.346,0.0003
,,,,,109501,33.83292,1000,,,,,,
188.73251,30.493313,219.92993,121.98131,450.3,110000,,,3.1815593242645264,33.78718566894531,34.50341796875,79.91159057617188,0.3400000000000001,0.0003
,,,,,110501,141.25317,1000,,,,,,
,,,,,111000,,,22.049053192138672,44.68832778930664,45.28810119628906,83.96075439453125,0.33399999999999996,0.0003
,,,,,111501,104.33358,1000,,,,,,
,,,,,112000,,,3.443147659301758,30.280311584472656,30.503711700439453,79.46307373046875,0.32799999999999996,0.0003
,,,,,112501,147.2856,1000,,,,,,
,,,,,113000,,,9.391783714294434,38.16977310180664,37.915313720703125,77.67589569091797,0.32200000000000006,0.0003
,,,,,113501,90.89526,1000,,,,,,
,,,,,114000,,,1.7187024354934692,43.982460021972656,44.070289611816406,39.22233963012695,0.31599999999999995,0.0003
,,,,,114501,84.493645,1000,,,,,,
,,,,,114605,51.979706,104,,,,,,
,,,,,115000,,,200.6759796142578,48.74897003173828,47.29529571533203,187.48922729492188,0.30999999999999994,0.0003
,,,,,115605,71.632095,1000,,,,,,
,,,,,116000,,,3.773832321166992,39.66410827636719,40.06563949584961,72.95442199707031,0.30400000000000005,0.0003
,,,,,116605,60.53648,1000,,,,,,
,,,,,117000,,,40.47496795654297,42.910057067871094,43.44373321533203,115.74284362792969,0.29799999999999993,0.0003
,,,,,117119,-171.45874,514,,,,,,
,,,,,118000,,,24.71906280517578,43.0189208984375,42.59755325317383,83.40088653564453,0.29200000000000004,0.0003
,,,,,118119,127.313484,1000,,,,,,
,,,,,119000,,,69.66637420654297,49.462890625,51.29901885986328,237.34605407714844,0.28600000000000003,0.0003
,,,,,119119,30.63067,1000,,,,,,
26.020252,120.80408,207.59555,-170.55084,798.0,120000,,,2.462249517440796,53.70130157470703,53.32167053222656,67.78736114501953,0.2799999999999999,0.0003
,,,,,120119,61.04362,1000,,,,,,
,,,,,121000,,,6.7944722175598145,51.44622039794922,51.65266799926758,86.25834655761719,0.274,0.0003
,,,,,121119,57.532608,1000,,,,,,
,,,,,122000,,,6.54920768737793,46.31674575805664,46.361324310302734,50.3383903503418,0.268,0.0003
,,,,,122119,-42.631905,1000,,,,,,
,,,,,123000,,,3.126617431640625,40.28411102294922,40.73356246948242,75.59903717041016,0.262,0.0003
,,,,,123119,67.066635,1000,,,,,,
,,,,,124000,,,15.653053283691406,29.902732849121094,30.646800994873047,106.4427490234375,0.256,0.0003
,,,,,124119,125.499054,1000,,,,,,
,,,,,125000,,,13.193397521972656,34.79278564453125,34.04178237915039,107.11502838134766,0.25,0.0003
,,,,,125119,103.548805,1000,,,,,,
,,,,,125437,-296.84872,318,,,,,,
,,,,,126000,,,4.954222679138184,49.23434066772461,49.03059005737305,54.06272506713867,0.244,0.0003
,,,,,126437,23.964218,1000,,,,,,
,,,,,127000,,,95.10507202148438,37.35918045043945,36.22320556640625,490.5359802246094,0.238,0.0003
,,,,,127437,168.0568,1000,,,,,,
,,,,,128000,,,4.338726997375488,36.31674575805664,36.44914245605469,47.15304183959961,0.23199999999999998,0.0003
,,,,,128437,53.8318,1000,,,,,,
,,,,,129000,,,2.7336435317993164,44.34046173095703,44.24882507324219,31.569822311401367,0.22599999999999998,0.0003
,,,,,129437,45.65763,1000,,,,,,
137.737,84.219604,238.76106,-12.308205,662.0,130000,,,103.55061340332031,40.799896240234375,41.774131774902344,141.6433868408203,0.21999999999999997,0.0003
,,,,,130437,96.70923,1000,,,,,,
,,,,,130926,198.4814,489,,,,,,
,,,,,131000,,,6.123952865600586,47.783695220947266,48.28271484375,96.98381805419922,0.21399999999999997,0.0003
,,,,,131926,96.56383,1000,,,,,,
,,,,,132000,,,3.8978869915008545,50.304595947265625,50.66453170776367,51.80780029296875,0.20799999999999996,0.0003
,,,,,132926,150.4896,1000,,,,,,
,,,,,133000,,,115.01410675048828,42.53702163696289,43.37681579589844,232.2709197998047,0.20199999999999996,0.0003
,,,,,133926,-21.82629,1000,,,,,,
,,,,,134000,,,2.2995967864990234,43.69844055175781,43.568355560302734,30.485607147216797,0.19599999999999995,0.0003
,,,,,134573,267.78537,647,,,,,,
,,,,,135000,,,4.733381271362305,46.010986328125,46.764556884765625,85.18002319335938,0.18999999999999995,0.0003
,,,,,135573,105.801346,1000,,,,,,
,,,,,135900,250.11177,327,,,,,,
,,,,,136000,,,6.342208385467529,52.338558197021484,52.98540496826172,88.56988525390625,0.18400000000000005,0.0003
,,,,,136900,16.9432,1000,,,,,,
,,,,,137000,,,7.8189849853515625,50.113128662109375,49.88873291015625,52.66233825683594,0.17799999999999994,0.0003
,,,,,137299,283.21753,399,,,,,,
,,,,,138000,,,5.7403154373168945,57.84184265136719,57.76321029663086,59.7436408996582,0.17199999999999993,0.0003
,,,,,138299,95.23554,1000,,,,,,
,,,,,139000,,,2.736279010772705,32.842201232910156,32.533599853515625,45.84962463378906,0.16600000000000004,0.0003
,,,,,139207,219.36069,908,,,,,,
168.86026,51.937767,212.00468,24.46939,775.4,140000,,,8.717369079589844,46.635738372802734,46.40673065185547,72.37112426757812,0.15999999999999992,0.0003
,,,,,140083,258.40652,876,,,,,,
,,,,,140453,279.7224,370,,,,,,
,,,,,141000,,,43.62066650390625,42.56001281738281,43.25855255126953,135.01702880859375,0.15400000000000003,0.0003
,,,,,141280,-203.43002,827,,,,,,
,,,,,142000,,,24.268230438232422,49.09656524658203,49.685035705566406,187.98745727539062,0.14800000000000002,0.0003
,,,,,142280,69.98176,1000,,,,,,
,,,,,143000,,,4.806679725646973,37.10360336303711,37.56235885620117,59.983272552490234,0.1419999999999999,0.0003
,,,,,143280,126.398964,1000,,,,,,
,,,,,143628,241.50125,348,,,,,,
,,,,,144000,,,14.272235870361328,36.998077392578125,37.45225143432617,88.42469787597656,0.136,0.0003
,,,,,144159,221.02478,531,,,,,,
,,,,,145000,,,8.14832592010498,45.343894958496094,45.46072006225586,49.331268310546875,0.13,0.0003
,,,,,145159,-39.964184,1000,,,,,,
,,,,,146000,,,2.501762628555298,37.39116668701172,37.47481918334961,28.36351203918457,0.12399999999999989,0.0003
,,,,,146159,-39.28512,1000,,,,,,
,,,,,147000,,,4.441067695617676,28.312541961669922,28.67690658569336,80.24028015136719,0.118,0.0003
,,,,,147051,165.99835,892,,,,,,
,,,,,148000,,,12.098602294921875,47.00461959838867,47.67039489746094,107.03474426269531,0.11199999999999999,0.0003
,,,,,148051,-109.56567,1000,,,,,,
,,,,,148453,243.98685,402,,,,,,
,,,,,149000,,,48.531044006347656,28.827701568603516,28.14923858642578,338.82965087890625,0.10599999999999998,0.0003
,,,,,149453,54.17229,1000,,,,,,
49.71946,107.037186,234.05573,-39.620544,833.6,150000,,,2.6880502700805664,42.694236755371094,42.7750244140625,31.905122756958008,0.1,0.0003
,,,,,150425,177.1591,972,,,,,,
,,,,,151000,,,17.463029861450195,44.08390808105469,43.475120544433594,103.56043243408203,0.09946666666666668,0.0003
,,,,,151144,161.77878,719,,,,,,
,,,,,151484,215.85304,340,,,,,,
,,,,,151911,245.53334,427,,,,,,
,,,,,152000,,,4.308250904083252,54.16543197631836,53.74634552001953,57.11873245239258,0.09893333333333335,0.0003
,,,,,152325,230.94266,414,,,,,,
,,,,,152748,208.15216,423,,,,,,
,,,,,153000,,,20.26325798034668,45.25907516479492,44.340599060058594,152.0862579345703,0.0984,0.0003
,,,,,153167,203.04903,419,,,,,,
,,,,,154000,,,225.29592895507812,60.15033721923828,58.46923065185547,229.89410400390625,0.09786666666666667,0.0003
,,,,,154167,20.893585,1000,,,,,,
,,,,,154797,182.96687,630,,,,,,
,,,,,155000,,,4.249659061431885,42.87455749511719,42.995635986328125,47.86555099487305,0.09733333333333334,0.0003
,,,,,155018,-8.791977,221,,,,,,
,,,,,155622,186.15016,604,,,,,,
,,,,,156000,,,136.87896728515625,49.701690673828125,50.73431396484375,223.36996459960938,0.09680000000000001,0.0003
,,,,,156104,234.8488,482,,,,,,
,,,,,156691,200.23859,587,,,,,,
,,,,,157000,,,3.502000331878662,47.95220947265625,47.18830871582031,90.6255874633789,0.09626666666666667,0.0003
,,,,,157382,194.99017,691,,,,,,
,,,,,158000,,,3.1240739822387695,44.94000244140625,44.91168975830078,44.066402435302734,0.09573333333333334,0.0003
,,,,,158072,172.8887,690,,,,,,
,,,,,158400,240.07759,328,,,,,,
,,,,,159000,,,8.722328186035156,58.44113540649414,58.696998596191406,68.21222686767578,0.0952,0.0003
,,,,,159400,-35.748062,1000,,,,,,
,,,,,159633,215.56354,233,,,,,,
,,,,,159919,261.30618,286,,,,,,
183.28531,87.72122,244.22276,-64.438034,489.6,160000,,,28.22379493713379,51.672950744628906,52.31073760986328,70.61785888671875,0.09466666666666668,0.0003
,,,,,160423,205.31113,504,,,,,,
,,,,,160779,-110.776474,356,,,,,,
,,,,,161000,,,6.33250093460083,51.11207580566406,51.45409393310547,64.25898742675781,0.09413333333333333,0.0003
,,,,,161151,258.77905,372,,,,,,
,,,,,161720,256.9074,569,,,,,,
,,,,,162000,,,15.70666217803955,42.6737060546875,42.56006622314453,95.65995025634766,0.0936,0.0003
,,,,,162115,259.62027,395,,,,,,
,,,,,162561,218.72955,446,,,,,,
,,,,,162869,233.3516,308,,,,,,
,,,,,163000,,,13.627853393554688,44.23978805541992,44.833984375,81.0853271484375,0.09306666666666667,0.0003
,,,,,163342,207.61615,473,,,,,,
,,,,,163669,235.02754,327,,,,,,
,,,,,164000,,,2.3050875663757324,60.100364685058594,60.18436813354492,33.314884185791016,0.09253333333333334,0.0003
,,,,,164142,228.92627,473,,,,,,
,,,,,164408,278.23422,266,,,,,,
,,,,,165000,,,1.9802515506744385,50.2080078125,50.04243850708008,33.52798843383789,0.092,0.0003
,,,,,165408,-53.047516,1000,,,,,,
,,,,,165582,33.682938,174,,,,,,
,,,,,166000,,,4.910959720611572,43.34251403808594,42.95398712158203,48.566497802734375,0.09146666666666667,0.0003
,,,,,166224,223.97498,642,,,,,,
,,,,,166699,219.66565,475,,,,,,
,,,,,167000,,,11.631658554077148,35.341949462890625,36.045257568359375,136.0962371826172,0.09093333333333334,0.0003
,,,,,167162,220.94305,463,,,,,,
,,,,,167698,266.8381,536,,,,,,
,,,,,168000,,,7.493425369262695,44.99953842163086,44.96031188964844,76.54362487792969,0.09040000000000001,0.0003
,,,,,168088,255.10957,390,,,,,,
,,,,,169000,,,38.2586669921875,49.27606201171875,48.49974822998047,153.70455932617188,0.08986666666666668,0.0003
,,,,,169088,50.916973,1000,,,,,,
,,,,,169424,243.3071,336,,,,,,
,,,,,169868,243.81297,444,,,,,,
217.84457,35.04107,252.16553,130.2859,526.3,170000,,,4.51616907119751,49.142356872558594,48.78049850463867,78.51042175292969,0.08933333333333333,0.0003
,,,,,170192,257.85983,324,,,,,,
,,,,,170604,267.82428,412,,,,,,
,,,,,170807,263.91986,203,,,,,,
,,,,,171000,,,3.2320563793182373,54.005043029785156,54.012908935546875,31.663551330566406,0.0888,0.0003
,,,,,171200,254.93875,393,,,,,,
,,,,,171552,230.75818,352,,,,,,
,,,,,172000,,,2.9486796855926514,59.346160888671875,59.195831298828125,35.64368438720703,0.08826666666666667,0.0003
,,,,,172552,52.933685,1000,,,,,,
,,,,,172978,269.47247,426,,,,,,
,,,,,173000,,,3.4227871894836426,52.386871337890625,52.33395767211914,28.18250274658203,0.08773333333333334,0.0003
,,,,,173267,236.38278,289,,,,,,
,,,,,173568,-75.13672,301,,,,,,
,,,,,173873,194.89551,305,,,,,,
,,,,,174000,,,2.2244184017181396,47.37499237060547,47.379451751708984,33.304813385009766,0.0872,0.0003
,,,,,174873,-21.69962,1000,,,,,,
,,,,,175000,,,4.733532428741455,49.3822135925293,49.38359832763672,65.49887084960938,0.08666666666666667,0.0003
,,,,,175189,-53.215202,316,,,,,,
,,,,,175878,207.63632,689,,,,,,
,,,,,176000,,,13.489099502563477,61.60895538330078,61.335784912109375,103.23169708251953,0.08613333333333334,0.0003
,,,,,176122,263.96378,244,,,,,,
,,,,,176443,230.17392,321,,,,,,
,,,,,176967,237.3945,524,,,,,,
,,,,,177000,,,14.45450496673584,58.48223876953125,58.84843444824219,106.82369232177734,0.08560000000000001,0.0003
,,,,,177365,247.41948,398,,,,,,
,,,,,178000,,,1.7887518405914307,53.02410125732422,53.01320266723633,19.34023094177246,0.08506666666666667,0.0003
,,,,,178202,149.65857,837,,,,,,
,,,,,178580,250.34798,378,,,,,,
,,,,,179000,,,7.481342792510986,50.73307418823242,50.486656188964844,79.8194808959961,0.08453333333333334,0.0003
,,,,,179029,276.09595,449,,,,,,
,,,,,179734,218.09753,705,,,,,,
234.40486,23.59708,269.99,196.8551,442.5,180000,,,10.262565612792969,68.08262634277344,67.71426391601562,80.1445541381836,0.084,0.0003
,,,,,180460,208.75055,726,,,,,,
,,,,,181000,,,5.760995864868164,53.46479034423828,53.95868682861328,50.05757522583008,0.08346666666666668,0.0003
,,,,,181250,173.70833,790,,,,,,
,,,,,181609,244.25826,359,,,,,,
,,,,,182000,,,5.810161590576172,49.28179168701172,49.408897399902344,43.16383743286133,0.08293333333333333,0.0003
,,,,,182607,143.48412,998,,,,,,
,,,,,182965,233.42653,358,,,,,,
,,,,,183000,,,2.410233974456787,52.52967834472656,52.57434844970703,23.046052932739258,0.0824,0.0003
,,,,,183241,278.03366,276,,,,,,
,,,,,183653,298.0941,412,,,,,,
,,,,,184000,,,4.527134895324707,62.04144287109375,61.71979522705078,39.864654541015625,0.08186666666666667,0.0003
,,,,,184321,166.79315,668,,,,,,
,,,,,184643,249.22134,322,,,,,,
,,,,,184911,307.63428,268,,,,,,
,,,,,185000,,,301.7355041503906,42.73721694946289,45.48676681518555,516.6949462890625,0.08133333333333334,0.0003
,,,,,185341,237.75966,430,,,,,,
,,,,,185780,229.26176,439,,,,,,
,,,,,186000,,,18.513906478881836,51.902069091796875,51.18226623535156,116.7974853515625,0.08080000000000001,0.0003
,,,,,186247,224.17159,467,,,,,,
,,,,,186729,228.63014,482,,,,,,
,,,,,186994,260.63474,265,,,,,,
,,,,,187000,,,104.26763153076172,52.59156036376953,51.09221649169922,213.9402313232422,0.08026666666666667,0.0003
,,,,,187337,240.85071,343,,,,,,
,,,,,187570,285.48993,233,,,,,,
,,,,,187958,199.03151,388,,,,,,
,,,,,188000,,,3.122011184692383,54.32838439941406,53.909576416015625,60.581966400146484,0.07973333333333334,0.0003
,,,,,188532,-291.46512,574,,,,,,
,,,,,188946,219.37933,414,,,,,,
,,,,,189000,,,10.161559104919434,46.295475006103516,46.44977569580078,70.4458236694336,0.0792,0.0003
,,,,,189356,214.48013,410,,,,,,
,,,,,189684,281.75357,328,,,,,,
164.70767,130.87558,275.325,-62.930878,451.4,190000,,,1.501155138015747,54.06037139892578,54.021629333496094,28.164159774780273,0.07866666666666668,0.0003
,,,,,190280,169.46817,596,,,,,,
,,,,,190831,243.37726,551,,,,,,
,,,,,191000,,,5.0465874671936035,52.59031295776367,52.64131164550781,43.018516540527344,0.07813333333333333,0.0003
,,,,,191284,243.33516,453,,,,,,
,,,,,191556,259.34653,272,,,,,,
,,,,,191871,259.0475,315,,,,,,
,,,,,192000,,,22.438236236572266,48.830116271972656,49.78135299682617,119.43684387207031,0.0776,0.0003
,,,,,192163,255.69308,292,,,,,,
,,,,,192396,245.63176,233,,,,,,
,,,,,192679,219.74506,283,,,,,,
,,,,,193000,,,3.687223434448242,42.899600982666016,42.75126647949219,46.827850341796875,0.07706666666666667,0.0003
,,,,,193301,207.02744,622,,,,,,
,,,,,193863,265.05853,562,,,,,,
,,,,,194000,,,7.982608795166016,54.2586784362793,53.483482360839844,129.91847229003906,0.07653333333333334,0.0003
,,,,,194229,246.2236,366,,,,,,
,,,,,194581,263.82062,352,,,,,,
,,,,,195000,,,94.20885467529297,56.23229217529297,57.22945785522461,90.52932739257812,0.07600000000000001,0.0003
,,,,,195581,-25.554329,1000,,,,,,
,,,,,195934,194.28308,353,,,,,,
,,,,,196000,,,3.5453968048095703,61.997222900390625,61.82057189941406,66.28878021240234,0.07546666666666668,0.0003
,,,,,196251,214.32095,317,,,,,,
,,,,,197000,,,2.661283493041992,63.9356575012207,64.08747100830078,52.98616027832031,0.07493333333333334,0.0003
,,,,,197251,16.50403,1000,,,,,,
,,,,,197441,274.05853,190,,,,,,
,,,,,197635,267.4944,194,,,,,,
,,,,,198000,,,8.217706680297852,51.47559356689453,51.483917236328125,84.06837463378906,0.07440000000000001,0.0003
,,,,,198011,245.92844,376,,,,,,
,,,,,198379,238.24402,368,,,,,,
,,,,,198683,218.80167,304,,,,,,
,,,,,198888,265.76654,205,,,,,,
,,,,,199000,,,4.146703720092773,54.49989318847656,54.512813568115234,40.025264739990234,0.07386666666666666,0.0003
,,,,,199178,211.52089,290,,,,,,
,,,,,199609,246.60349,431,,,,,,
,,,,,199899,272.37524,290,,,,,,
197.81801,72.68981,273.616,47.47899,404.7,200000,,,15.404085159301758,55.45679473876953,55.90104293823242,97.3387222290039,0.07333333333333333,0.0003
,,,,,200377,276.31854,478,,,,,,
,,,,,200891,238.08766,514,,,,,,
,,,,,201000,,,13.546996116638184,62.824859619140625,62.8194580078125,93.98538970947266,0.0728,0.0003
,,,,,201134,269.7647,243,,,,,,
,,,,,201486,268.80826,352,,,,,,
,,,,,201795,253.24419,309,,,,,,
,,,,,201907,2.025711,112,,,,,,
,,,,,202000,,,3.3228237628936768,58.83672332763672,58.4305534362793,56.02388381958008,0.07226666666666667,0.0003
,,,,,202147,271.6134,240,,,,,,
,,,,,202398,242.10648,251,,,,,,
,,,,,202623,308.97232,225,,,,,,
,,,,,202887,250.8713,264,,,,,,
,,,,,203000,,,2.669719696044922,57.30039978027344,57.537635803222656,52.833553314208984,0.07173333333333334,0.0003
,,,,,203887,133.5197,1000,,,,,,
,,,,,204000,,,2.4385781288146973,56.62156677246094,56.457542419433594,32.18577194213867,0.07120000000000001,0.0003
,,,,,204083,259.25177,196,,,,,,
,,,,,204434,258.48114,351,,,,,,
,,,,,204659,248.20819,225,,,,,,
,,,,,205000,,,20.938013076782227,56.4864501953125,56.46809005737305,174.71719360351562,0.07066666666666667,0.0003
,,,,,205021,184.72699,362,,,,,,
,,,,,205308,258.6718,287,,,,,,
,,,,,205826,189.87852,518,,,,,,
,,,,,206000,,,4.34573221206665,52.334922790527344,52.55370330810547,40.23102569580078,0.07013333333333334,0.0003
,,,,,206053,261.44232,227,,,,,,
,,,,,206844,161.85925,791,,,,,,
,,,,,207000,,,4.941023826599121,52.85986328125,53.17884063720703,94.8961181640625,0.06960000000000001,0.0003
,,,,,207344,253.77145,500,,,,,,
,,,,,207824,192.53488,480,,,,,,
,,,,,208000,,,368.635498046875,56.69857406616211,59.42997741699219,623.6376953125,0.06906666666666667,0.0003
,,,,,208088,286.92242,264,,,,,,
,,,,,208467,281.46097,379,,,,,,
,,,,,208919,275.99957,452,,,,,,
,,,,,209000,,,7.4965643882751465,60.75189208984375,60.12897872924805,84.0201187133789,0.06853333333333333,0.0003
,,,,,209456,271.09027,537,,,,,,
,,,,,209773,244.13045,317,,,,,,
175.23828,90.68675,296.90472,-7.9755898,624.8,210000,,,13.236082077026367,53.531280517578125,53.469112396240234,81.32861328125,0.068,0.0003
,,,,,210035,218.79123,262,,,,,,
,,,,,210350,225.21858,315,,,,,,
,,,,,210667,257.23227,317,,,,,,
,,,,,210975,250.66144,308,,,,,,
,,,,,211000,,,2.445204734802246,53.604103088378906,53.26982498168945,29.93560028076172,0.06746666666666667,0.0003
,,,,,211234,245.45021,259,,,,,,
,,,,,211514,242.51999,280,,,,,,
,,,,,211800,314.312,286,,,,,,
,,,,,212000,,,6.205833911895752,58.08992004394531,57.50403594970703,66.79544830322266,0.06693333333333334,0.0003
,,,,,212071,250.99568,271,,,,,,
,,,,,213000,,,8.56520938873291,53.644508361816406,54.13142013549805,74.60741424560547,0.06640000000000001,0.0003
,,,,,213071,80.206795,1000,,,,,,
,,,,,213331,287.21783,260,,,,,,
,,,,,213549,263.63733,218,,,,,,
,,,,,213839,256.6152,290,,,,,,
,,,,,214000,,,7.632165431976318,61.277015686035156,60.97077178955078,63.87847137451172,0.06586666666666667,0.0003
,,,,,214051,247.62596,212,,,,,,
,,,,,214315,250.71451,264,,,,,,
,,,,,214736,230.7906,421,,,,,,
,,,,,214931,266.75275,195,,,,,,
,,,,,215000,,,78.50119018554688,59.10378646850586,57.76841735839844,305.07275390625,0.06533333333333333,0.0003
,,,,,215898,229.19333,967,,,,,,
,,,,,216000,,,18.367366790771484,58.70460891723633,58.230712890625,104.3638916015625,0.0648,0.0003
,,,,,216686,277.92313,788,,,,,,
,,,,,216926,251.91814,240,,,,,,
,,,,,217000,,,6.394635200500488,70.37284851074219,70.12907409667969,61.91960906982422,0.06426666666666667,0.0003
,,,,,217341,264.001,415,,,,,,
,,,,,217631,242.76485,290,,,,,,
,,,,,217945,290.5545,314,,,,,,
,,,,,218000,,,118.08320617675781,50.58324432373047,52.111907958984375,424.6744689941406,0.06373333333333334,0.0003
,,,,,218192,281.66025,247,,,,,,
,,,,,218409,277.98273,217,,,,,,
,,,,,219000,,,89.52882385253906,53.0738525390625,53.75853729248047,103.44023132324219,0.0632,0.0003
,,,,,219036,217.146,627,,,,,,
235.78178,62.71447,296.6133,110.108376,399.4,220000,,,306.22454833984375,61.44377136230469,63.78228759765625,545.6045532226562,0.06266666666666668,0.0003
,,,,,220011,219.07138,975,,,,,,
,,,,,220504,248.35046,493,,,,,,
,,,,,220848,249.10133,344,,,,,,
,,,,,221000,,,74.7180404663086,68.08194732666016,69.22976684570312,90.9966049194336,0.06213333333333334,0.0003
,,,,,221125,262.41486,277,,,,,,
,,,,,221622,199.79956,497,,,,,,
,,,,,221848,246.78792,226,,,,,,
,,,,,222000,,,3.4649758338928223,71.4124755859375,71.4586181640625,34.17058563232422,0.06160000000000001,0.0003
,,,,,222189,271.39758,341,,,,,,
,,,,,222440,283.5141,251,,,,,,
,,,,,222944,274.80157,504,,,,,,
,,,,,223000,,,4.16506290435791,56.693328857421875,56.664764404296875,37.01415252685547,0.06106666666666667,0.0003
,,,,,223149,271.51904,205,,,,,,
,,,,,223369,256.30933,220,,,,,,
,,,,,223577,244.56584,208,,,,,,
,,,,,223767,284.49307,190,,,,,,
,,,,,224000,,,9.859967231750488,59.79564666748047,60.03705596923828,68.76830291748047,0.060533333333333335,0.0003
,,,,,224284,227.82388,517,,,,,,
,,,,,224515,249.28052,231,,,,,,
,,,,,224835,254.72954,320,,,,,,
,,,,,225000,,,55.15162658691406,60.92192459106445,61.38248062133789,195.47244262695312,0.060000000000000005,0.0003
,,,,,225108,280.80817,273,,,,,,
,,,,,225410,227.06657,302,,,,,,
,,,,,225704,248.20107,294,,,,,,
,,,,,225999,305.9555,295,,,,,,
,,,,,226000,,,2.1793644428253174,61.01994323730469,60.67266082763672,43.141502380371094,0.05946666666666667,0.0003
,,,,,226252,225.64874,253,,,,,,
,,,,,226515,285.13568,263,,,,,,
,,,,,226743,250.72269,228,,,,,,
,,,,,227000,,,70.43795013427734,53.07048034667969,54.229705810546875,117.88574981689453,0.05893333333333334,0.0003
,,,,,227019,250.64948,276,,,,,,
,,,,,227411,281.6593,392,,,,,,
,,,,,227689,265.77438,278,,,,,,
,,,,,228000,,,45.330257415771484,67.81022644042969,68.49809265136719,92.7479476928711,0.0584,0.0003
,,,,,228020,-226.26122,331,,,,,,
,,,,,228386,260.19446,366,,,,,,
,,,,,228679,248.33957,293,,,,,,
,,,,,228884,262.0157,205,,,,,,
,,,,,229000,,,3.6526474952697754,71.2939453125,71.26521301269531,47.75608825683594,0.05786666666666668,0.0003
,,,,,229076,24.242317,192,,,,,,
,,,,,229383,260.38986,307,,,,,,
,,,,,229582,228.73137,199,,,,,,
,,,,,229704,-29.863106,122,,,,,,
239.51823,49.902596,283.5289,115.84421,451.3,230000,,,6.817286014556885,66.85723114013672,66.36370849609375,85.7926254272461,0.05733333333333334,0.0003
,,,,,230004,264.61365,300,,,,,,
,,,,,230203,253.00235,199,,,,,,
,,,,,230526,250.27643,323,,,,,,
,,,,,230811,273.2713,285,,,,,,
,,,,,231000,,,2.3144514560699463,69.41829681396484,69.63676452636719,43.68049240112305,0.0568,0.0003
,,,,,231032,268.3208,221,,,,,,
,,,,,231262,260.14655,230,,,,,,
,,,,,231502,268.96002,240,,,,,,
,,,,,231681,270.63696,179,,,,,,
,,,,,231911,277.42938,230,,,,,,
,,,,,232000,,,4.845314025878906,60.93647766113281,61.366905212402344,54.536720275878906,0.05626666666666667,0.0003
,,,,,232174,242.92677,263,,,,,,
,,,,,232395,262.54053,221,,,,,,
,,,,,232674,254.80585,279,,,,,,
,,,,,232967,280.62906,293,,,,,,
,,,,,233000,,,4.609463214874268,59.489715576171875,59.23282241821289,57.9134407043457,0.055733333333333336,0.0003
,,,,,233141,261.02655,174,,,,,,
,,,,,233378,282.972,237,,,,,,
,,,,,233645,217.80527,267,,,,,,
,,,,,233900,233.86026,255,,,,,,
,,,,,234000,,,22.908565521240234,48.106956481933594,48.436763763427734,104.72827911376953,0.0552,0.0003
,,,,,234162,271.425,262,,,,,,
,,,,,234416,283.4251,254,,,,,,
,,,,,234649,225.77283,233,,,,,,
,,,,,234883,264.98938,234,,,,,,
,,,,,235000,,,1.931983232498169,63.43920135498047,63.67945861816406,29.107309341430664,0.054666666666666676,0.0003
,,,,,235389,257.28784,506,,,,,,
,,,,,235777,226.86923,388,,,,,,
,,,,,236000,,,4.416049957275391,70.47982025146484,70.88088989257812,69.88467407226562,0.05413333333333334,0.0003
,,,,,236072,240.82047,295,,,,,,
,,,,,236295,250.48718,223,,,,,,
,,,,,236509,276.53473,214,,,,,,
,,,,,236832,222.03668,323,,,,,,
,,,,,237000,,,4.115710258483887,57.00004959106445,57.14527130126953,40.68367385864258,0.05360000000000001,0.0003
,,,,,237470,223.37766,638,,,,,,
,,,,,237667,256.4656,197,,,,,,
,,,,,238000,,,2.5057945251464844,70.94157409667969,71.39419555664062,54.143218994140625,0.05306666666666667,0.0003
,,,,,238514,214.39595,847,,,,,,
,,,,,238834,256.05804,320,,,,,,
,,,,,239000,,,6.266727447509766,49.17268753051758,49.20093536376953,56.85560607910156,0.052533333333333335,0.0003
,,,,,239098,-2.9853973,264,,,,,,
,,,,,239466,286.91226,368,,,,,,
,,,,,239669,232.86624,203,,,,,,
222.09543,87.68875,296.28516,-28.477737,256.7,240000,,,1.8853204250335693,56.300575256347656,56.51512145996094,32.462074279785156,0.052000000000000005,0.0003
,,,,,240172,248.92146,503,,,,,,
,,,,,240348,242.21432,176,,,,,,
,,,,,240591,244.55939,243,,,,,,
,,,,,240837,271.63654,246,,,,,,
,,,,,241000,,,4.344429016113281,55.360111236572266,55.23686218261719,42.93618392944336,0.05146666666666667,0.0003
,,,,,241093,274.08148,256,,,,,,
,,,,,241489,213.14273,396,,,,,,
,,,,,241726,258.28345,237,,,,,,
,,,,,241963,256.97406,237,,,,,,
,,,,,242000,,,66.4842300415039,70.19723510742188,71.15017700195312,84.17864990234375,0.050933333333333344,0.0003
,,,,,242256,272.7393,293,,,,,,
,,,,,242537,241.19511,281,,,,,,
,,,,,242764,291.93256,227,,,,,,
,,,,,243000,,,2.0746078491210938,63.877349853515625,63.954444885253906,37.713340759277344,0.05040000000000001,0.0003
,,,,,243043,257.84125,279,,,,,,
,,,,,243435,222.17905,392,,,,,,
,,,,,243835,257.6468,400,,,,,,
,,,,,244000,,,7.655118942260742,64.42144012451172,64.12109375,85.1908187866211,0.04986666666666667,0.0003
,,,,,244657,130.395,822,,,,,,
,,,,,245000,,,6.648846626281738,67.01569366455078,66.90646362304688,52.97168731689453,0.04933333333333334,0.0003
,,,,,245155,246.8242,498,,,,,,
,,,,,245472,265.3147,317,,,,,,
,,,,,245750,264.05707,278,,,,,,
,,,,,246000,,,11.089645385742188,54.17548751831055,53.96696090698242,103.92134094238281,0.0488,0.0003
,,,,,246006,278.42712,256,,,,,,
,,,,,246378,205.74133,372,,,,,,
,,,,,246585,270.65558,207,,,,,,
,,,,,246812,274.3636,227,,,,,,
,,,,,247000,,,9.938705444335938,56.151588439941406,56.129905700683594,114.10186767578125,0.04826666666666667,0.0003
,,,,,247121,262.3425,309,,,,,,
,,,,,247390,280.59146,269,,,,,,
,,,,,247690,219.87857,300,,,,,,
,,,,,248000,,,7.553045272827148,63.3744010925293,64.00469207763672,78.73269653320312,0.047733333333333336,0.0003
,,,,,248082,249.46819,392,,,,,,
,,,,,248319,251.02058,237,,,,,,
,,,,,249000,,,95.38705444335938,47.160118103027344,45.377418518066406,502.8924560546875,0.0472,0.0003
,,,,,249283,235.32718,964,,,,,,
,,,,,249580,235.68985,297,,,,,,
,,,,,249842,234.5983,262,,,,,,
180.76407,51.90357,259.59158,108.05426,631.7,250000,,,2.7267346382141113,46.889244079589844,46.91581726074219,39.20148468017578,0.046666666666666676,0.0003
,,,,,250129,239.14735,287,,,,,,
,,,,,250740,223.47052,611,,,,,,
,,,,,250997,241.80563,257,,,,,,
,,,,,251000,,,62.00499725341797,56.52424621582031,55.12189483642578,432.46026611328125,0.04613333333333334,0.0003
,,,,,251208,260.40637,211,,,,,,
,,,,,251517,246.28477,309,,,,,,
,,,,,251789,270.73813,272,,,,,,
,,,,,252000,,,11.532246589660645,65.80880737304688,65.34757995605469,98.42384338378906,0.0456,0.0003
,,,,,252114,225.23605,325,,,,,,
,,,,,252612,205.97058,498,,,,,,
,,,,,252849,242.12999,237,,,,,,
,,,,,253000,,,9.927289962768555,66.31111145019531,66.10215759277344,116.4101333618164,0.04506666666666667,0.0003
,,,,,253097,251.19775,248,,,,,,
,,,,,253449,288.04675,352,,,,,,
,,,,,253636,240.023,187,,,,,,
,,,,,253954,222.4585,318,,,,,,
,,,,,254000,,,3.34506893157959,60.9697265625,60.760108947753906,39.564449310302734,0.044533333333333334,0.0003
,,,,,254313,237.89026,359,,,,,,
,,,,,254501,270.14795,188,,,,,,
,,,,,254799,242.46768,298,,,,,,
,,,,,255000,,,4.427335739135742,60.34689712524414,60.308345794677734,52.838802337646484,0.04400000000000001,0.0003
,,,,,255617,229.5521,818,,,,,,
,,,,,256000,,,29.322307586669922,57.93775177001953,57.36890411376953,152.18357849121094,0.043466666666666674,0.0003
,,,,,256231,186.13768,614,,,,,,
,,,,,256543,238.56296,312,,,,,,
,,,,,256773,301.42053,230,,,,,,
,,,,,257000,,,3.395684242248535,57.26278305053711,57.306396484375,34.3486328125,0.04293333333333334,0.0003
,,,,,257030,217.61417,257,,,,,,
,,,,,257330,-123.88108,300,,,,,,
,,,,,257574,202.44882,244,,,,,,
,,,,,257878,258.56763,304,,,,,,
,,,,,258000,,,84.40997314453125,59.57948303222656,59.747650146484375,129.21841430664062,0.04240000000000001,0.0003
,,,,,258142,257.76813,264,,,,,,
,,,,,258854,198.83199,712,,,,,,
,,,,,259000,,,2.0251152515411377,67.46514892578125,67.34835052490234,29.393383026123047,0.04186666666666667,0.0003
,,,,,259200,236.55602,346,,,,,,
,,,,,259907,227.86003,707,,,,,,
232.4519,52.713074,296.6845,127.076195,399.6,260000,,,6.979996681213379,48.68000030517578,48.1978759765625,61.03816223144531,0.04133333333333334,0.0003
,,,,,260414,189.82124,507,,,,,,
,,,,,260639,241.77852,225,,,,,,
,,,,,261000,,,10.616406440734863,65.11994934082031,65.50993347167969,128.85601806640625,0.0408,0.0003
,,,,,261033,250.11511,394,,,,,,
,,,,,261293,243.04727,260,,,,,,
,,,,,261437,53.45851,144,,,,,,
,,,,,261757,237.8331,320,,,,,,
,,,,,262000,,,5.155598163604736,54.3890380859375,54.24538803100586,79.00597381591797,0.040266666666666666,0.0003
,,,,,262016,219.78877,259,,,,,,
,,,,,262741,253.74277,725,,,,,,
,,,,,263000,,,2.226674795150757,61.77248001098633,61.360374450683594,46.93380355834961,0.03973333333333334,0.0003
,,,,,263066,248.92607,325,,,,,,
,,,,,263370,243.93808,304,,,,,,
,,,,,263815,223.445,445,,,,,,
,,,,,264000,,,72.91495513916016,62.2508544921875,61.02650451660156,315.76959228515625,0.039200000000000006,0.0003
,,,,,264026,289.92517,211,,,,,,
,,,,,264210,287.612,184,,,,,,
,,,,,264772,183.05267,562,,,,,,
,,,,,264895,-2.3434753,123,,,,,,
,,,,,265000,,,46.14998245239258,62.89246368408203,63.25276184082031,92.18899536132812,0.03866666666666667,0.0003
,,,,,265895,-7.645662,1000,,,,,,
,,,,,266000,,,1.343839168548584,64.05110931396484,63.851280212402344,28.18307876586914,0.03813333333333334,0.0003
,,,,,266180,299.61432,285,,,,,,
,,,,,266592,201.7912,412,,,,,,
,,,,,266854,240.06223,262,,,,,,
,,,,,267000,,,4.742754936218262,52.541748046875,52.64793395996094,29.533628463745117,0.0376,0.0003
,,,,,267566,138.75194,712,,,,,,
,,,,,267808,239.54056,242,,,,,,
,,,,,267914,5.4095535,106,,,,,,
,,,,,268000,,,4.229705333709717,63.56889343261719,63.09400939941406,59.91061019897461,0.03706666666666668,0.0003
,,,,,268318,238.87169,404,,,,,,
,,,,,268553,263.7343,235,,,,,,
,,,,,268837,252.24368,284,,,,,,
,,,,,269000,,,2.606022357940674,60.65892028808594,60.47418212890625,26.546844482421875,0.036533333333333334,0.0003
,,,,,269794,175.31564,957,,,,,,
212.06033,63.120487,280.39957,119.46627,543.9,270000,,,6.837381839752197,66.29710388183594,66.55870056152344,144.11941528320312,0.036000000000000004,0.0003
,,,,,270012,272.6377,218,,,,,,
,,,,,270242,305.72498,230,,,,,,
,,,,,270476,249.35419,234,,,,,,
,,,,,270662,273.56244,186,,,,,,
,,,,,270968,243.30359,306,,,,,,
,,,,,271000,,,6.083603858947754,60.107574462890625,60.29323196411133,59.74447250366211,0.035466666666666674,0.0003
,,,,,271253,238.29337,285,,,,,,
,,,,,271479,193.4212,226,,,,,,
,,,,,271865,244.09274,386,,,,,,
,,,,,272000,,,37.68511199951172,67.54342651367188,67.7440414428711,187.92709350585938,0.03493333333333333,0.0003
,,,,,272133,250.50731,268,,,,,,
,,,,,272415,271.9616,282,,,,,,
,,,,,272719,276.19598,304,,,,,,
,,,,,272903,274.74008,184,,,,,,
,,,,,273000,,,2.863471508026123,65.95532989501953,66.37167358398438,45.69711685180664,0.034400000000000014,0.0003
,,,,,273296,251.42229,393,,,,,,
,,,,,273690,210.10458,394,,,,,,
,,,,,273902,286.36795,212,,,,,,
,,,,,274000,,,2.2808752059936523,65.62931060791016,65.68134307861328,31.60293960571289,0.03386666666666667,0.0003
,,,,,274015,25.649086,113,,,,,,
,,,,,274294,271.94885,279,,,,,,
,,,,,274554,271.7443,260,,,,,,
,,,,,274835,252.87358,281,,,,,,
,,,,,274967,24.397934,132,,,,,,
,,,,,275000,,,14.620442390441895,58.669166564941406,58.297454833984375,106.13731384277344,0.03333333333333334,0.0003
,,,,,275188,273.6685,221,,,,,,
,,,,,275418,250.2878,230,,,,,,
,,,,,275661,262.10052,243,,,,,,
,,,,,275883,240.20071,222,,,,,,
,,,,,276000,,,3.000150680541992,59.534664154052734,59.083953857421875,53.168701171875,0.03280000000000001,0.0003
,,,,,276191,263.90082,308,,,,,,
,,,,,276514,260.99347,323,,,,,,
,,,,,276815,259.92502,301,,,,,,
,,,,,277000,,,6.116903781890869,50.367610931396484,50.14141845703125,53.90217590332031,0.032266666666666666,0.0003
,,,,,277420,220.86069,605,,,,,,
,,,,,277728,228.4702,308,,,,,,
,,,,,278000,,,8.375753402709961,69.58599090576172,69.79682922363281,80.49852752685547,0.031733333333333336,0.0003
,,,,,278041,215.28098,313,,,,,,
,,,,,278305,252.37355,264,,,,,,
,,,,,278708,251.18454,403,,,,,,
,,,,,278924,254.10399,216,,,,,,
,,,,,279000,,,4.160473346710205,56.189796447753906,56.151771545410156,46.35715103149414,0.031200000000000006,0.0003
,,,,,279165,252.33144,241,,,,,,
,,,,,279416,236.38287,251,,,,,,
,,,,,279742,250.20859,326,,,,,,
236.14322,64.72184,306.87137,64.45735,269.5,280000,,,28.50333023071289,60.57952117919922,59.64440155029297,187.42005920410156,0.03066666666666666,0.0003
,,,,,280742,142.90997,1000,,,,,,
,,,,,281000,,,2.049377679824829,55.711158752441406,55.949607849121094,26.58740997314453,0.030133333333333345,0.0003
,,,,,281362,240.77501,620,,,,,,
,,,,,281662,245.556,300,,,,,,
,,,,,282000,,,64.94161224365234,63.36228942871094,64.2220230102539,83.64019775390625,0.0296,0.0003
,,,,,282027,244.768,365,,,,,,
,,,,,282453,268.33228,426,,,,,,
,,,,,282781,183.90083,328,,,,,,
,,,,,283000,,,23.873023986816406,54.86139678955078,56.216835021972656,232.5513916015625,0.02906666666666667,0.0003
,,,,,283068,222.5647,287,,,,,,
,,,,,283331,231.06407,263,,,,,,
,,,,,283580,242.52837,249,,,,,,
,,,,,283932,292.771,352,,,,,,
,,,,,284000,,,83.35372924804688,56.980369567871094,58.456565856933594,200.90992736816406,0.02853333333333334,0.0003
,,,,,284227,219.72119,295,,,,,,
,,,,,284441,249.55907,214,,,,,,
,,,,,284781,227.91132,340,,,,,,
,,,,,285000,,,64.23779296875,72.80670928955078,73.81840515136719,113.70600128173828,0.027999999999999997,0.0003
,,,,,285076,203.58331,295,,,,,,
,,,,,285282,252.92427,206,,,,,,
,,,,,285854,212.34247,572,,,,,,
,,,,,286000,,,54.41798400878906,58.15801239013672,58.86447525024414,67.71113586425781,0.02746666666666668,0.0003
,,,,,286056,276.38165,202,,,,,,
,,,,,286338,245.53944,282,,,,,,
,,,,,286691,242.32254,353,,,,,,
,,,,,286966,259.11884,275,,,,,,
,,,,,287000,,,9.392210006713867,60.988433837890625,60.96887969970703,66.79629516601562,0.026933333333333337,0.0003
,,,,,287772,198.41257,806,,,,,,
,,,,,287988,243.2489,216,,,,,,
,,,,,288000,,,3.9792561531066895,58.60428237915039,58.346370697021484,71.15963745117188,0.026400000000000007,0.0003
,,,,,288250,263.61987,262,,,,,,
,,,,,288444,230.77498,194,,,,,,
,,,,,288804,207.39389,360,,,,,,
,,,,,289000,,,2.8346524238586426,68.69651794433594,68.050537109375,72.06936645507812,0.025866666666666677,0.0003
,,,,,289007,262.5315,203,,,,,,
,,,,,289449,220.79366,442,,,,,,
,,,,,289718,252.46585,269,,,,,,
,,,,,289927,7.731819,209,,,,,,
230.14384,51.830696,296.0534,128.93799,462.4,290000,,,5.737283229827881,66.04107666015625,66.34185028076172,44.78229904174805,0.025333333333333333,0.0003
,,,,,290124,238.40665,197,,,,,,
,,,,,290341,235.47838,217,,,,,,
,,,,,290805,180.13669,464,,,,,,
,,,,,291000,,,2.2433536052703857,56.68880081176758,56.39606475830078,37.13825225830078,0.024800000000000003,0.0003
,,,,,291025,258.62653,220,,,,,,
,,,,,291290,219.35968,265,,,,,,
,,,,,291539,242.47519,249,,,,,,
,,,,,291884,225.9819,345,,,,,,
,,,,,292000,,,4.782713413238525,62.56354522705078,62.644142150878906,44.79587173461914,0.024266666666666672,0.0003
,,,,,292124,221.71965,240,,,,,,
,,,,,292943,125.63068,819,,,,,,
,,,,,293000,,,9.772542953491211,56.03861999511719,55.25067901611328,124.46048736572266,0.02373333333333333,0.0003
,,,,,293114,-92.50316,171,,,,,,
,,,,,293337,259.41522,223,,,,,,
,,,,,293564,218.22047,227,,,,,,
,,,,,293979,201.24721,415,,,,,,
,,,,,294000,,,2.215719699859619,67.0255126953125,67.37657928466797,40.38843536376953,0.023200000000000012,0.0003
,,,,,294262,280.72668,283,,,,,,
,,,,,294504,252.16823,242,,,,,,
,,,,,294816,256.3235,312,,,,,,
,,,,,295000,,,5.674282073974609,57.904090881347656,57.59390640258789,87.09457397460938,0.02266666666666667,0.0003
,,,,,295080,259.16565,264,,,,,,
,,,,,295306,255.21028,226,,,,,,
,,,,,295573,253.05812,267,,,,,,
,,,,,295924,248.34363,351,,,,,,
,,,,,296000,,,2.4692187309265137,68.56830596923828,68.79895782470703,32.09915542602539,0.022133333333333338,0.0003
,,,,,296165,-143.67708,241,,,,,,
,,,,,296513,241.23618,348,,,,,,
,,,,,297000,,,11.127433776855469,57.690799713134766,58.39623260498047,117.15788269042969,0.021600000000000008,0.0003
,,,,,297026,266.2813,513,,,,,,
,,,,,297271,231.3276,245,,,,,,
,,,,,297389,24.838799,118,,,,,,
,,,,,297746,247.49985,357,,,,,,
,,,,,298000,,,11.190410614013672,55.44687271118164,55.80025100708008,119.67568969726562,0.021066666666666664,0.0003
,,,,,298018,255.58998,272,,,,,,
,,,,,298299,261.5694,281,,,,,,
,,,,,298505,261.32776,206,,,,,,
,,,,,298803,231.55064,298,,,,,,
,,,,,299000,,,2.6882684230804443,71.05659484863281,71.0908203125,32.026405334472656,0.020533333333333334,0.0003
,,,,,299038,260.66763,235,,,,,,
,,,,,299285,276.66254,247,,,,,,
,,,,,299612,239.39465,327,,,,,,
,,,,,299874,274.0513,262,,,,,,
180.31488,111.13992,276.7354,-116.24075,394.9,300000,,,6.898540496826172,61.08909606933594,60.78307342529297,68.96532440185547,0.02,0.0003
,,,,,300103,226.69647,229,,,,,,
,,,,,300321,284.41818,218,,,,,,
,,,,,300601,259.10028,280,,,,,,
,,,,,300814,248.84882,213,,,,,,
,,,,,301000,,,2.993101119995117,60.125152587890625,59.55873107910156,49.84369659423828,0.02,0.0003
,,,,,301003,271.08478,189,,,,,,
,,,,,301326,220.73087,323,,,,,,
,,,,,302000,,,334.17681884765625,58.528480529785156,56.349853515625,275.8003845214844,0.02,0.0003
,,,,,302232,215.93015,906,,,,,,
,,,,,302522,235.3784,290,,,,,,
,,,,,302823,297.74347,301,,,,,,
,,,,,303000,,,3.867082118988037,62.95151901245117,63.57573699951172,64.9498062133789,0.02,0.0003
,,,,,303823,-27.993553,1000,,,,,,
,,,,,304000,,,4.951160430908203,56.882484436035156,56.36870574951172,82.5153579711914,0.02,0.0003
,,,,,304102,253.18153,279,,,,,,
,,,,,304371,237.26962,269,,,,,,
,,,,,304495,35.758087,124,,,,,,
,,,,,304953,231.54663,458,,,,,,
,,,,,305000,,,2.5357284545898438,71.59872436523438,71.45147705078125,33.50545120239258,0.02,0.0003
,,,,,305152,255.57594,199,,,,,,
,,,,,305422,257.14832,270,,,,,,
,,,,,305647,284.1753,225,,,,,,
,,,,,305865,240.62671,218,,,,,,
,,,,,306000,,,2.755420684814453,61.733787536621094,61.91404724121094,27.55558967590332,0.02,0.0003
,,,,,306351,250.51102,486,,,,,,
,,,,,306589,300.83054,238,,,,,,
,,,,,306817,239.13033,228,,,,,,
,,,,,307000,,,15.250505447387695,54.4205322265625,54.90081024169922,110.29664611816406,0.02,0.0003
,,,,,307065,285.28473,248,,,,,,
,,,,,307320,271.4542,255,,,,,,
,,,,,307558,306.4084,238,,,,,,
,,,,,307780,251.67473,222,,,,,,
,,,,,307981,262.36935,201,,,,,,
,,,,,308000,,,4.879619598388672,61.571346282958984,62.06875991821289,78.29340362548828,0.02,0.0003
,,,,,308212,242.21553,231,,,,,,
,,,,,308421,281.34302,209,,,,,,
,,,,,308678,267.45105,257,,,,,,
,,,,,308948,265.05798,270,,,,,,
,,,,,309000,,,4.31076192855835,58.69157791137695,58.38368606567383,49.356536865234375,0.02,0.0003
,,,,,309163,269.6021,215,,,,,,
,,,,,309407,228.95247,244,,,,,,
,,,,,309675,252.00731,268,,,,,,
243.0693,42.439327,295.02676,146.89345,463.6,310000,,,8.592472076416016,54.289817810058594,54.38725280761719,69.71804809570312,0.02,0.0003
,,,,,310012,276.3994,337,,,,,,
,,,,,310628,209.926,616,,,,,,
,,,,,310884,262.15796,256,,,,,,
,,,,,311000,,,2.4809608459472656,57.81816101074219,57.72355651855469,36.28572463989258,0.02,0.0003
,,,,,311052,286.33926,168,,,,,,
,,,,,311254,263.2856,202,,,,,,
,,,,,311645,227.6936,391,,,,,,
,,,,,312000,,,2.9060349464416504,61.29109191894531,61.27574157714844,44.061317443847656,0.02,0.0003
,,,,,312051,285.4967,406,,,,,,
,,,,,312244,276.31378,193,,,,,,
,,,,,312450,250.18678,206,,,,,,
,,,,,312683,245.35841,233,,,,,,
,,,,,312903,281.5345,220,,,,,,
,,,,,313000,,,8.4047269821167,56.93367004394531,56.433570861816406,73.76596069335938,0.02,0.0003
,,,,,313188,260.49963,285,,,,,,
,,,,,313636,243.70056,448,,,,,,
,,,,,313872,247.7626,236,,,,,,
,,,,,314000,,,4.254457473754883,72.58641815185547,72.86302947998047,74.35006713867188,0.02,0.0003
,,,,,314872,-44.431835,1000,,,,,,
,,,,,315000,,,186.026611328125,59.88964080810547,61.56549072265625,333.8811950683594,0.02,0.0003
,,,,,315164,249.20874,292,,,,,,
,,,,,315435,249.8671,271,,,,,,
,,,,,315673,255.38467,238,,,,,,
,,,,,316000,,,4.49169397354126,56.42722702026367,56.57598876953125,33.47688674926758,0.02,0.0003
,,,,,316046,233.20729,373,,,,,,
,,,,,316288,233.20671,242,,,,,,
,,,,,316598,-253.15492,310,,,,,,
,,,,,316815,299.84198,217,,,,,,
,,,,,317000,,,4.222811222076416,58.961578369140625,59.27364730834961,69.04100799560547,0.02,0.0003
,,,,,317120,236.71371,305,,,,,,
,,,,,317421,229.43848,301,,,,,,
,,,,,317631,245.18726,210,,,,,,
,,,,,318000,,,9.294010162353516,58.26373291015625,57.548851013183594,80.51428985595703,0.02,0.0003
,,,,,318055,181.0766,424,,,,,,
,,,,,318423,224.46875,368,,,,,,
,,,,,318614,237.7464,191,,,,,,
,,,,,318846,261.80615,232,,,,,,
,,,,,319000,,,1.890302300453186,57.9392204284668,58.05331039428711,24.92924690246582,0.02,0.0003
,,,,,319151,254.0355,305,,,,,,
,,,,,319395,237.15184,244,,,,,,
,,,,,319571,253.62267,176,,,,,,
,,,,,319913,265.21442,342,,,,,,
214.74902,72.28163,285.04694,48.232544,522.4,320000,,,24.896442413330078,67.33392333984375,67.96171569824219,173.0763702392578,0.02,0.0003
,,,,,320215,291.89206,302,,,,,,
,,,,,320433,283.5514,218,,,,,,
,,,,,320643,265.12396,210,,,,,,
,,,,,320852,257.95233,209,,,,,,
,,,,,321000,,,5.12740421295166,55.05832290649414,54.199981689453125,70.6607666015625,0.02,0.0003
,,,,,321037,280.4525,185,,,,,,
,,,,,321255,276.69037,218,,,,,,
,,,,,321448,256.60495,193,,,,,,
,,,,,321844,217.6315,396,,,,,,
,,,,,322000,,,5.700421333312988,65.32953643798828,65.28195190429688,79.14839172363281,0.02,0.0003
,,,,,322123,210.07474,279,,,,,,
,,,,,322401,251.69235,278,,,,,,
,,,,,322900,238.26262,499,,,,,,
,,,,,323000,,,3.3699634075164795,67.60020446777344,68.00387573242188,40.91493606567383,0.02,0.0003
,,,,,323096,253.11467,196,,,,,,
,,,,,323294,246.84634,198,,,,,,
,,,,,323528,250.97879,234,,,,,,
,,,,,323795,309.39215,267,,,,,,
,,,,,323989,265.86572,194,,,,,,
,,,,,324000,,,5.4008378982543945,56.436370849609375,56.65602111816406,53.2625617980957,0.02,0.0003
,,,,,324166,267.28076,177,,,,,,
,,,,,324395,245.0095,229,,,,,,
,,,,,325000,,,10.081707000732422,57.352542877197266,57.68180847167969,130.36785888671875,0.02,0.0003
,,,,,325395,149.37836,1000,,,,,,
,,,,,325627,261.9469,232,,,,,,
,,,,,325855,251.10997,228,,,,,,
,,,,,326000,,,4.092911243438721,64.27294921875,63.96931457519531,63.065216064453125,0.02,0.0003
,,,,,326104,253.25583,249,,,,,,
,,,,,326286,266.8689,182,,,,,,
,,,,,326488,260.92053,202,,,,,,
,,,,,326662,252.77081,174,,,,,,
,,,,,327000,,,3.9330806732177734,65.58541870117188,65.17457580566406,57.78459167480469,0.02,0.0003
,,,,,327662,110.285,1000,,,,,,
,,,,,327828,282.60266,166,,,,,,
,,,,,328000,,,5.2340240478515625,59.538673400878906,59.1109619140625,82.18972778320312,0.02,0.0003
,,,,,328057,258.42566,229,,,,,,
,,,,,328365,260.40344,308,,,,,,
,,,,,329000,,,4.2813615798950195,60.63477325439453,60.68885803222656,39.5094108581543,0.02,0.0003
,,,,,329194,184.25247,829,,,,,,
,,,,,329419,272.02454,225,,,,,,
,,,,,329739,255.52461,320,,,,,,
236.84933,45.287987,282.86322,111.51043,300.3,330000,,,8.063443183898926,69.250732421875,67.94853210449219,101.57475280761719,0.02,0.0003
,,,,,330003,230.02106,264,,,,,,
,,,,,330288,238.38942,285,,,,,,
,,,,,330553,257.12628,265,,,,,,
,,,,,330784,261.29846,231,,,,,,
,,,,,330983,271.60754,199,,,,,,
,,,,,331000,,,135.34788513183594,67.83326721191406,66.56781768798828,396.636962890625,0.02,0.0003
,,,,,331225,253.05452,242,,,,,,
,,,,,331421,244.27335,196,,,,,,
,,,,,331601,256.0629,180,,,,,,
,,,,,331825,301.7113,224,,,,,,
,,,,,332000,,,2.582505226135254,73.06875610351562,73.3421630859375,28.581613540649414,0.02,0.0003
,,,,,332287,245.76617,462,,,,,,
,,,,,332537,255.36232,250,,,,,,
,,,,,332666,-19.84571,129,,,,,,
,,,,,332863,243.84818,197,,,,,,
,,,,,333000,,,4.657276153564453,59.21294403076172,59.00679016113281,63.95338439941406,0.02,0.0003
,,,,,333261,198.50525,398,,,,,,
,,,,,333469,265.8404,208,,,,,,
,,,,,333711,264.47284,242,,,,,,
,,,,,333902,287.9945,191,,,,,,
,,,,,334000,,,10.119415283203125,57.17967224121094,57.15412902832031,60.069435119628906,0.02,0.0003
,,,,,334066,279.22314,164,,,,,,
,,,,,334351,256.74396,285,,,,,,
,,,,,334590,277.66,239,,,,,,
,,,,,334936,230.63828,346,,,,,,
,,,,,335000,,,4.053726673126221,62.34675598144531,61.864891052246094,49.483829498291016,0.02,0.0003
,,,,,335181,253.9486,245,,,,,,
,,,,,335396,247.27368,215,,,,,,
,,,,,335798,269.49902,402,,,,,,
,,,,,336000,,,2.158548355102539,66.65601348876953,66.58859252929688,31.11983871459961,0.02,0.0003
,,,,,336303,267.71707,505,,,,,,
,,,,,336532,258.0591,229,,,,,,
,,,,,337000,,,2.2386860847473145,71.52938842773438,71.32821655273438,26.805654525756836,0.02,0.0003
,,,,,337022,235.04541,490,,,,,,
,,,,,337127,9.135246,105,,,,,,
,,,,,337339,298.60315,212,,,,,,
,,,,,337850,234.76009,511,,,,,,
,,,,,338000,,,47.131065368652344,60.70307159423828,61.0863037109375,83.78380584716797,0.02,0.0003
,,,,,338079,239.02913,229,,,,,,
,,,,,338441,258.8371,362,,,,,,
,,,,,338683,-22.661964,242,,,,,,
,,,,,338845,30.179504,162,,,,,,
,,,,,339000,,,2.5650224685668945,64.7804946899414,64.75190734863281,26.34967041015625,0.02,0.0003
,,,,,339131,239.22478,286,,,,,,
,,,,,339463,238.91266,332,,,,,,
,,,,,339726,226.02625,263,,,,,,
,,,,,339874,262.2809,148,,,,,,
218.5601,61.518867,279.72266,123.12193,484.7,340000,,,52.718170166015625,65.77229309082031,66.96330261230469,137.9700469970703,0.02,0.0003
,,,,,340709,224.15671,835,,,,,,
,,,,,340884,282.4195,175,,,,,,
,,,,,341000,,,22.471351623535156,60.54667663574219,61.41035461425781,142.4989013671875,0.02,0.0003
,,,,,341012,8.720802,128,,,,,,
,,,,,341197,277.96463,185,,,,,,
,,,,,341454,215.12973,257,,,,,,
,,,,,342000,,,246.84356689453125,65.95527648925781,64.09432983398438,236.55203247070312,0.02,0.0003
,,,,,342201,150.2918,747,,,,,,
,,,,,342621,249.99976,420,,,,,,
,,,,,343000,,,13.220399856567383,61.95081329345703,62.41069793701172,111.7502670288086,0.02,0.0003
,,,,,343005,182.44824,384,,,,,,
,,,,,343191,241.82472,186,,,,,,
,,,,,343867,212.27444,676,,,,,,
,,,,,344000,,,24.000078201293945,64.43934631347656,64.82513427734375,131.8358154296875,0.02,0.0003
,,,,,344867,75.78949,1000,,,,,,
,,,,,345000,,,9.788629531860352,60.839637756347656,60.4754638671875,100.18162536621094,0.02,0.0003
,,,,,345090,245.64012,223,,,,,,
,,,,,345314,260.15955,224,,,,,,
,,,,,345567,282.59827,253,,,,,,
,,,,,345869,241.36589,302,,,,,,
,,,,,346000,,,4.726280212402344,60.10318374633789,60.103179931640625,44.52783203125,0.02,0.0003
,,,,,346057,268.5647,188,,,,,,
,,,,,346291,263.6551,234,,,,,,
,,,,,346560,270.1123,269,,,,,,
,,,,,346848,253.95978,288,,,,,,
,,,,,347000,,,2.244872570037842,62.96772003173828,62.0557746887207,79.06531524658203,0.02,0.0003
,,,,,347097,240.09883,249,,,,,,
,,,,,347353,304.44778,256,,,,,,
,,,,,347576,249.05743,223,,,,,,
,,,,,347754,243.69092,178,,,,,,
,,,,,348000,,,2.2419586181640625,66.67330932617188,66.61750030517578,28.129865646362305,0.02,0.0003
,,,,,348149,262.2647,395,,,,,,
,,,,,348328,266.01834,179,,,,,,
,,,,,348561,256.11243,233,,,,,,
,,,,,348753,251.14445,192,,,,,,
,,,,,348899,49.143494,146,,,,,,
,,,,,349000,,,54.444541931152344,64.8399429321289,64.44638061523438,219.68951416015625,0.02,0.0003
,,,,,349073,256.15796,174,,,,,,
,,,,,349304,239.15233,231,,,,,,
,,,,,349485,279.05,181,,,,,,
,,,,,349730,248.78673,245,,,,,,
190.23007,123.047035,275.92642,-97.49045,274.1,350000,,,11.16332721710205,64.15576934814453,64.66888427734375,80.68008422851562,0.02,0.0003
,,,,,350005,224.25203,275,,,,,,
,,,,,350161,20.880562,156,,,,,,
,,,,,350426,250.07759,265,,,,,,
,,,,,350648,253.15106,222,,,,,,
,,,,,350867,235.00859,219,,,,,,
,,,,,351000,,,4.245264053344727,61.7388916015625,61.77366256713867,47.91154861450195,0.02,0.0003
,,,,,351100,255.43712,233,,,,,,
,,,,,351355,236.39255,255,,,,,,
,,,,,351541,274.50394,186,,,,,,
,,,,,351792,226.6261,251,,,,,,
,,,,,352000,,,4.15157413482666,62.034976959228516,61.70427703857422,63.577144622802734,0.02,0.0003
,,,,,352034,252.79568,242,,,,,,
,,,,,352238,283.1906,204,,,,,,
,,,,,352482,241.62595,244,,,,,,
,,,,,352674,248.51598,192,,,,,,
,,,,,352853,257.79913,179,,,,,,
,,,,,353000,,,55.59341049194336,69.71186065673828,70.34038543701172,116.67781066894531,0.02,0.0003
,,,,,353114,273.04022,261,,,,,,
,,,,,353267,-23.431732,153,,,,,,
,,,,,353502,283.66104,235,,,,,,
,,,,,353659,14.179222,157,,,,,,
,,,,,353859,286.882,200,,,,,,
,,,,,354000,,,7.019612789154053,62.213401794433594,62.15904998779297,49.22414016723633,0.02,0.0003
,,,,,354032,248.05675,173,,,,,,
,,,,,354204,296.69525,172,,,,,,
,,,,,354734,213.2281,530,,,,,,
,,,,,355000,,,9.650449752807617,58.99829864501953,58.80036163330078,56.25542449951172,0.02,0.0003
,,,,,355090,220.2998,356,,,,,,
,,,,,355588,266.0655,498,,,,,,
,,,,,355810,282.97998,222,,,,,,
,,,,,356000,,,40.580501556396484,68.44186401367188,68.82207489013672,65.2381362915039,0.02,0.0003
,,,,,356286,239.88725,476,,,,,,
,,,,,356504,295.6546,218,,,,,,
,,,,,356940,222.41467,436,,,,,,
,,,,,357000,,,1.3725943565368652,68.96998596191406,68.76225280761719,23.089223861694336,0.02,0.0003
,,,,,357413,168.81778,473,,,,,,
,,,,,357584,15.252907,171,,,,,,
,,,,,357870,285.19147,286,,,,,,
,,,,,358000,,,9.056011199951172,61.82719802856445,61.33372497558594,82.29515838623047,0.02,0.0003
,,,,,358231,233.50298,361,,,,,,
,,,,,358471,263.13965,240,,,,,,
,,,,,358670,249.1697,199,,,,,,
,,,,,358937,273.07928,267,,,,,,
,,,,,359000,,,8.434874534606934,67.19271850585938,66.97966003417969,58.96670913696289,0.02,0.0003
,,,,,359230,283.39044,293,,,,,,
,,,,,359408,247.20007,178,,,,,,
,,,,,359649,282.54156,241,,,,,,
,,,,,359850,303.00128,201,,,,,,
267.28592,26.434948,297.8234,222.94043,215.0,360000,,,1.9291149377822876,65.36798858642578,64.92078399658203,43.60483169555664,0.02,0.0003
,,,,,360040,248.98225,190,,,,,,
,,,,,360229,206.25348,189,,,,,,
,,,,,360491,286.34167,262,,,,,,
,,,,,360711,253.52339,220,,,,,,
,,,,,361000,,,5.2640228271484375,62.70783996582031,62.19884490966797,89.45750427246094,0.02,0.0003
,,,,,361017,280.19427,306,,,,,,
,,,,,361291,206.03049,274,,,,,,
,,,,,361585,289.11755,294,,,,,,
,,,,,361882,273.84387,297,,,,,,
,,,,,362000,,,35.26133728027344,62.928951263427734,62.132240295410156,146.435546875,0.02,0.0003
,,,,,362074,303.7386,192,,,,,,
,,,,,362287,285.49472,213,,,,,,
,,,,,362535,258.10687,248,,,,,,
,,,,,362760,308.99155,225,,,,,,
,,,,,363000,,,31.363834381103516,67.21939086914062,68.02452087402344,94.31620025634766,0.02,0.0003
,,,,,363525,-152.56868,765,,,,,,
,,,,,363744,297.2705,219,,,,,,
,,,,,363988,280.02686,244,,,,,,
,,,,,364000,,,2.2135822772979736,65.70355987548828,65.71110534667969,25.413528442382812,0.02,0.0003
,,,,,364216,282.4778,228,,,,,,
,,,,,364384,238.54617,168,,,,,,
,,,,,364838,250.56052,454,,,,,,
,,,,,365000,,,11.185199737548828,65.30553436279297,64.68999481201172,85.7267074584961,0.02,0.0003
,,,,,365086,294.83636,248,,,,,,
,,,,,365570,189.21815,484,,,,,,
,,,,,366000,,,8.750605583190918,71.05482482910156,70.38191223144531,88.86854553222656,0.02,0.0003
,,,,,366005,-69.29822,435,,,,,,
,,,,,366288,218.82352,283,,,,,,
,,,,,366787,243.26318,499,,,,,,
,,,,,367000,,,2.0877845287323,61.34992218017578,61.14120101928711,46.6549072265625,0.02,0.0003
,,,,,367103,174.46701,316,,,,,,
,,,,,367348,304.43158,245,,,,,,
,,,,,367641,-72.19481,293,,,,,,
,,,,,367970,233.06126,329,,,,,,
,,,,,368000,,,7.74738883972168,67.52452087402344,67.82685852050781,75.71592712402344,0.02,0.0003
,,,,,368197,228.63057,227,,,,,,
,,,,,368453,259.53918,256,,,,,,
,,,,,368643,299.02832,190,,,,,,
,,,,,368850,268.3598,207,,,,,,
,,,,,369000,,,3.9860758781433105,73.48576354980469,73.5057144165039,42.44533920288086,0.02,0.0003
,,,,,369094,298.73923,244,,,,,,
,,,,,369407,245.03346,313,,,,,,
,,,,,369641,268.5318,234,,,,,,
,,,,,369845,233.15588,204,,,,,,
232.8062,42.56669,294.81128,128.99594,349.7,370000,,,30.327993392944336,65.71211242675781,66.55935668945312,164.19979858398438,0.02,0.0003
,,,,,370131,265.3228,286,,,,,,
,,,,,370342,248.93034,211,,,,,,
,,,,,370720,256.60486,378,,,,,,
,,,,,370963,245.15038,243,,,,,,
,,,,,371000,,,61.16926193237305,70.11831665039062,70.90626525878906,79.3249740600586,0.02,0.0003
,,,,,371055,3.7712479,92,,,,,,
,,,,,371272,285.50226,217,,,,,,
,,,,,371549,238.2478,277,,,,,,
,,,,,371744,260.6983,195,,,,,,
,,,,,371949,283.2638,205,,,,,,
,,,,,372000,,,1.9854375123977661,59.838321685791016,59.699737548828125,36.642173767089844,0.02,0.0003
,,,,,372236,202.03453,287,,,,,,
,,,,,372489,222.72427,253,,,,,,
,,,,,372693,281.5359,204,,,,,,
,,,,,372957,231.97475,264,,,,,,
,,,,,373000,,,59.112945556640625,68.86972045898438,69.88682556152344,113.09037017822266,0.02,0.0003
,,,,,373193,269.18286,236,,,,,,
,,,,,373474,223.62009,281,,,,,,
,,,,,373787,277.45062,313,,,,,,
,,,,,374000,,,2.4146671295166016,64.98875427246094,65.06146240234375,29.725605010986328,0.02,0.0003
,,,,,374005,276.74945,218,,,,,,
,,,,,374397,218.7829,392,,,,,,
,,,,,374590,251.31474,193,,,,,,
,,,,,374864,232.34941,274,,,,,,
,,,,,375000,,,2.558260202407837,69.07638549804688,69.33427429199219,38.61064147949219,0.02,0.0003
,,,,,375440,228.6084,576,,,,,,
,,,,,375750,172.02603,310,,,,,,
,,,,,376000,,,24.924846649169922,67.41593170166016,67.94456481933594,188.51730346679688,0.02,0.0003
,,,,,376024,271.86447,274,,,,,,
,,,,,376222,247.51979,198,,,,,,
,,,,,376873,270.72296,651,,,,,,
,,,,,377000,,,2.7635107040405273,63.50619888305664,62.933738708496094,63.074684143066406,0.02,0.0003
,,,,,377156,276.69833,283,,,,,,
,,,,,377377,276.701,221,,,,,,
,,,,,377626,271.57227,249,,,,,,
,,,,,377805,243.71266,179,,,,,,
,,,,,378000,,,2.9014198780059814,63.512908935546875,63.390811920166016,29.836524963378906,0.02,0.0003
,,,,,378035,272.701,230,,,,,,
,,,,,378269,249.98279,234,,,,,,
,,,,,378479,277.2336,210,,,,,,
,,,,,378835,286.89642,356,,,,,,
,,,,,379000,,,2.0735507011413574,61.80924987792969,61.67377471923828,31.37070655822754,0.02,0.0003
,,,,,379323,216.1955,488,,,,,,
,,,,,379596,307.78183,273,,,,,,
,,,,,379811,246.73259,215,,,,,,
246.327,33.856625,307.47577,177.08923,258.6,380000,,,18.151866912841797,62.28520202636719,61.212867736816406,193.67459106445312,0.02,0.0003
,,,,,380008,249.84593,197,,,,,,
,,,,,380263,286.3258,255,,,,,,
,,,,,380471,273.81024,208,,,,,,
,,,,,381000,,,75.82252502441406,67.64686584472656,66.47935485839844,351.71124267578125,0.02,0.0003
,,,,,381130,244.5796,659,,,,,,
,,,,,381395,204.87311,265,,,,,,
,,,,,381687,261.205,292,,,,,,
,,,,,381882,294.46558,195,,,,,,
,,,,,382000,,,5.232400894165039,71.12176513671875,70.66063690185547,40.63758850097656,0.02,0.0003
,,,,,382093,286.82837,211,,,,,,
,,,,,382200,0.93161774,107,,,,,,
,,,,,382426,295.12204,226,,,,,,
,,,,,382863,185.22845,437,,,,,,
,,,,,383000,,,3.1730751991271973,67.13058471679688,67.07337951660156,49.943607330322266,0.02,0.0003
,,,,,383083,250.23805,220,,,,,,
,,,,,383278,240.64299,195,,,,,,
,,,,,383373,31.88623,95,,,,,,
,,,,,383621,301.13364,248,,,,,,
,,,,,383950,259.39758,329,,,,,,
,,,,,384000,,,2.0729494094848633,72.51101684570312,72.31874084472656,35.19806671142578,0.02,0.0003
,,,,,384149,263.65332,199,,,,,,
,,,,,384339,291.65814,190,,,,,,
,,,,,384524,262.59607,185,,,,,,
,,,,,384647,-21.569954,123,,,,,,
,,,,,384841,234.94264,194,,,,,,
,,,,,385000,,,3.849562168121338,73.69249725341797,74.04409790039062,49.403404235839844,0.02,0.0003
,,,,,385058,225.63232,217,,,,,,
,,,,,385330,248.17949,272,,,,,,
,,,,,385551,290.64975,221,,,,,,
,,,,,385730,268.18298,179,,,,,,
,,,,,385924,253.00357,194,,,,,,
,,,,,386000,,,26.50402069091797,65.2479248046875,65.29302978515625,98.81181335449219,0.02,0.0003
,,,,,386124,245.6292,200,,,,,,
,,,,,386328,289.02417,204,,,,,,
,,,,,386762,244.0187,434,,,,,,
,,,,,387000,,,7.173188209533691,79.2539291381836,79.02617645263672,60.70492935180664,0.02,0.0003
,,,,,387364,250.48326,602,,,,,,
,,,,,387608,246.6807,244,,,,,,
,,,,,387860,221.0853,252,,,,,,
,,,,,388000,,,5.245859622955322,63.22549819946289,62.88062286376953,62.34400939941406,0.02,0.0003
,,,,,388207,248.84499,347,,,,,,
,,,,,388450,292.24405,243,,,,,,
,,,,,388654,268.54877,204,,,,,,
,,,,,388825,287.9817,171,,,,,,
,,,,,389000,,,2.97326397895813,71.48213195800781,71.06637573242188,46.93943786621094,0.02,0.0003
,,,,,389441,256.6726,616,,,,,,
,,,,,389768,-89.95707,327,,,,,,
,,,,,389991,271.7627,223,,,,,,
213.94223,138.7365,295.17377,-192.1003,266.4,390000,,,1.7530667781829834,69.837890625,69.88636779785156,23.526817321777344,0.02,0.0003
,,,,,390189,301.3971,198,,,,,,
,,,,,390447,259.03522,258,,,,,,
,,,,,390704,291.64633,257,,,,,,
,,,,,391000,,,27.63358497619629,72.07401275634766,73.11585998535156,93.25125885009766,0.02,0.0003
,,,,,391123,223.08472,419,,,,,,
,,,,,391336,306.41553,213,,,,,,
,,,,,391509,252.75851,173,,,,,,
,,,,,391729,269.24524,220,,,,,,
,,,,,391986,262.2721,257,,,,,,
,,,,,392000,,,2.7877652645111084,66.78263092041016,66.58747100830078,42.238624572753906,0.02,0.0003
,,,,,392289,231.80722,303,,,,,,
,,,,,392562,273.16138,273,,,,,,
,,,,,392755,278.57883,193,,,,,,
,,,,,393000,,,31.016983032226562,69.216552734375,69.64250183105469,73.31280517578125,0.02,0.0003
,,,,,393717,201.41733,962,,,,,,
,,,,,393880,293.2356,163,,,,,,
,,,,,394000,,,253.7229766845703,66.60797119140625,65.45974731445312,290.4753112792969,0.02,0.0003
,,,,,394143,300.4324,263,,,,,,
,,,,,394361,272.9618,218,,,,,,
,,,,,394540,286.28436,179,,,,,,
,,,,,394780,291.04572,240,,,,,,
,,,,,394954,270.71298,174,,,,,,
,,,,,395000,,,2.9724984169006348,62.349082946777344,62.133514404296875,47.88166809082031,0.02,0.0003
,,,,,395148,287.1391,194,,,,,,
,,,,,395501,306.58484,353,,,,,,
,,,,,395712,262.15356,211,,,,,,
,,,,,395922,278.79483,210,,,,,,
,,,,,396000,,,32.640018463134766,73.11328887939453,73.43189239501953,76.10740661621094,0.02,0.0003
,,,,,396177,271.96475,255,,,,,,
,,,,,397000,,,12.1217679977417,66.33301544189453,66.85608673095703,93.4562759399414,0.02,0.0003
,,,,,397032,209.22118,855,,,,,,
,,,,,397228,237.96214,196,,,,,,
,,,,,397470,263.22797,242,,,,,,
,,,,,397719,273.716,249,,,,,,
,,,,,398000,,,3.0771303176879883,68.33313751220703,68.78888702392578,54.83056640625,0.02,0.0003
,,,,,398004,261.4134,285,,,,,,
,,,,,398193,279.96063,189,,,,,,
,,,,,398375,292.62195,182,,,,,,
,,,,,399000,,,3.545793056488037,65.97048950195312,66.03884887695312,36.62859344482422,0.02,0.0003
,,,,,399004,234.50562,629,,,,,,
,,,,,399173,24.392616,169,,,,,,
,,,,,399411,255.7648,238,,,,,,
,,,,,399594,284.33673,183,,,,,,
,,,,,399837,289.01703,243,,,,,,
231.29715,46.562187,295.14264,140.08676,403.3,400000,,,7.840301513671875,71.52047729492188,71.82136535644531,87.8778305053711,0.02,0.0003
,,,,,400010,271.14764,173,,,,,,
,,,,,400245,263.3788,235,,,,,,
,,,,,400544,258.8365,299,,,,,,
,,,,,400667,28.682648,123,,,,,,
,,,,,400843,264.61975,176,,,,,,
,,,,,401000,,,6.686912536621094,63.683807373046875,63.23818588256836,91.51152038574219,0.02,0.0003
,,,,,401156,228.49496,313,,,,,,
,,,,,401448,270.2448,292,,,,,,
,,,,,401647,291.03384,199,,,,,,
,,,,,401912,249.29993,265,,,,,,
,,,,,402000,,,2.4131810665130615,67.60884094238281,67.7381591796875,35.21987533569336,0.02,0.0003
,,,,,402118,222.60837,206,,,,,,
,,,,,402313,266.69794,195,,,,,,
,,,,,402477,274.37738,164,,,,,,
,,,,,402714,270.49664,237,,,,,,
,,,,,402940,262.3379,226,,,,,,
,,,,,403000,,,106.56254577636719,69.33355712890625,67.49127960205078,955.4307250976562,0.02,0.0003
,,,,,403113,258.25546,173,,,,,,
,,,,,403339,275.2117,226,,,,,,
,,,,,403527,282.90125,188,,,,,,
,,,,,403729,281.92117,202,,,,,,
,,,,,404000,,,4.556893348693848,65.03398132324219,64.61528778076172,51.619754791259766,0.02,0.0003
,,,,,404067,245.9054,338,,,,,,
,,,,,404257,238.05247,190,,,,,,
,,,,,404452,270.5467,195,,,,,,
,,,,,404703,272.3377,251,,,,,,
,,,,,405000,270.77765,297,,,,,,
,,,,,405000,,,1.0972850322723389,73.34713745117188,73.13225555419922,27.319747924804688,0.02,0.0003
,,,,,405224,237.17314,224,,,,,,
,,,,,405431,278.2074,207,,,,,,
,,,,,405642,283.21515,211,,,,,,
,,,,,405782,282.72266,140,,,,,,
,,,,,405956,263.96942,174,,,,,,
,,,,,406000,,,7.417891979217529,64.25146484375,64.23542022705078,49.315338134765625,0.02,0.0003
,,,,,406208,253.40395,252,,,,,,
,,,,,406450,268.68298,242,,,,,,
,,,,,406650,254.44934,200,,,,,,
,,,,,406897,226.0976,247,,,,,,
,,,,,407000,,,6.318406105041504,70.00221252441406,70.0797119140625,56.914329528808594,0.02,0.0003
,,,,,407102,247.68431,205,,,,,,
,,,,,407311,297.67148,209,,,,,,
,,,,,407596,268.419,285,,,,,,
,,,,,407870,251.78343,274,,,,,,
,,,,,408000,,,8.064468383789062,72.5663833618164,72.46702575683594,51.77571487426758,0.02,0.0003
,,,,,408062,264.04596,192,,,,,,
,,,,,408321,268.43646,259,,,,,,
,,,,,408991,269.5622,670,,,,,,
,,,,,409000,,,1.840733528137207,71.99327087402344,71.55361938476562,36.792930603027344,0.02,0.0003
,,,,,409258,282.99103,267,,,,,,
,,,,,409885,200.79001,627,,,,,,
239.72505,50.43477,292.65207,143.06808,347.2,410000,,,2.690782070159912,70.99493408203125,70.9447021484375,37.57743453979492,0.02,0.0003
,,,,,410041,264.0368,156,,,,,,
,,,,,410219,276.5935,178,,,,,,
,,,,,410421,283.0326,202,,,,,,
,,,,,410686,301.48288,265,,,,,,
,,,,,410977,283.78888,291,,,,,,
,,,,,411000,,,3.1220922470092773,68.53585815429688,68.69183349609375,41.812538146972656,0.02,0.0003
,,,,,411148,255.94064,171,,,,,,
,,,,,411496,-116.040535,348,,,,,,
,,,,,411661,258.9311,165,,,,,,
,,,,,411832,289.1939,171,,,,,,
,,,,,412000,,,3.0029726028442383,68.91399383544922,68.71223449707031,43.00042724609375,0.02,0.0003
,,,,,412359,247.0359,527,,,,,,
,,,,,412492,11.01371,133,,,,,,
,,,,,412708,-76.17093,216,,,,,,
,,,,,412963,223.27573,255,,,,,,
,,,,,413000,,,8.384622573852539,74.40818786621094,74.98507690429688,94.17626190185547,0.02,0.0003
,,,,,413736,209.01965,773,,,,,,
,,,,,414000,,,3.7826242446899414,67.97051239013672,67.48776245117188,49.196044921875,0.02,0.0003
,,,,,414015,220.39755,279,,,,,,
,,,,,414217,-56.720753,202,,,,,,
,,,,,414515,241.82791,298,,,,,,
,,,,,414704,270.8454,189,,,,,,
,,,,,415000,,,36.68315887451172,67.14471435546875,67.83952331542969,98.12789916992188,0.02,0.0003
,,,,,415118,259.63275,414,,,,,,
,,,,,415314,233.82329,196,,,,,,
,,,,,415494,261.7941,180,,,,,,
,,,,,415664,233.4823,170,,,,,,
,,,,,415830,277.54138,166,,,,,,
,,,,,416000,,,35.516273498535156,73.84506225585938,74.23751068115234,86.81742095947266,0.02,0.0003
,,,,,416148,278.96198,318,,,,,,
,,,,,416319,264.26416,171,,,,,,
,,,,,416796,221.20319,477,,,,,,
,,,,,417000,,,2.59104323387146,70.38202667236328,69.75264739990234,56.29730987548828,0.02,0.0003
,,,,,417186,228.81712,390,,,,,,
,,,,,417347,257.29926,161,,,,,,
,,,,,417715,259.10278,368,,,,,,
,,,,,417944,274.90717,229,,,,,,
,,,,,418000,,,7.434532165527344,66.18256378173828,66.54314422607422,79.95382690429688,0.02,0.0003
,,,,,418214,261.21896,270,,,,,,
,,,,,418397,228.11127,183,,,,,,
,,,,,418614,37.172806,217,,,,,,
,,,,,418821,268.69733,207,,,,,,
,,,,,419000,,,1.5409709215164185,69.54115295410156,68.994384765625,43.773681640625,0.02,0.0003
,,,,,419073,286.70514,252,,,,,,
,,,,,419276,262.7614,203,,,,,,
,,,,,419520,260.86798,244,,,,,,
,,,,,419735,234.50513,215,,,,,,
,,,,,419909,242.65901,174,,,,,,
199.55783,111.65534,279.34113,-87.37128,361.9,420000,,,2.7342352867126465,76.64379119873047,76.81482696533203,54.56168746948242,0.02,0.0003
,,,,,420115,286.6514,206,,,,,,
,,,,,420483,232.15543,368,,,,,,
,,,,,420637,2.730896,154,,,,,,
,,,,,420936,224.77603,299,,,,,,
,,,,,421000,,,2.7672314643859863,75.98100280761719,76.75274658203125,72.9015884399414,0.02,0.0003
,,,,,421194,230.81511,258,,,,,,
,,,,,421522,-164.10782,328,,,,,,
,,,,,421722,260.03784,200,,,,,,
,,,,,422000,,,2.747265338897705,72.36044311523438,71.80604553222656,44.38407897949219,0.02,0.0003
,,,,,422255,238.39264,533,,,,,,
,,,,,422581,284.8001,326,,,,,,
,,,,,422904,250.42316,323,,,,,,
,,,,,423000,,,126.10302734375,69.48956298828125,67.96157836914062,385.6628723144531,0.02,0.0003
,,,,,423068,252.24265,164,,,,,,
,,,,,423228,18.440315,160,,,,,,
,,,,,423545,238.55098,317,,,,,,
,,,,,423863,223.7189,318,,,,,,
,,,,,423988,8.888969,125,,,,,,
,,,,,424000,,,2.1933963298797607,78.47254943847656,78.83982849121094,46.880123138427734,0.02,0.0003
,,,,,424364,265.18726,376,,,,,,
,,,,,424985,217.5474,621,,,,,,
,,,,,425000,,,5.660097599029541,70.46946716308594,70.51213836669922,73.49134063720703,0.02,0.0003
,,,,,425150,284.92654,165,,,,,,
,,,,,425336,228.70183,186,,,,,,
,,,,,425522,264.96143,186,,,,,,
,,,,,425717,264.47412,195,,,,,,
,,,,,425804,20.019653,87,,,,,,
,,,,,426000,,,9.213051795959473,74.70915222167969,74.13251495361328,74.20889282226562,0.02,0.0003
,,,,,426268,-173.7378,464,,,,,,
,,,,,426610,210.4177,342,,,,,,
,,,,,426833,217.01933,223,,,,,,
,,,,,427000,,,43.02174377441406,67.58177185058594,66.77056884765625,304.91949462890625,0.02,0.0003
,,,,,427019,263.06873,186,,,,,,
,,,,,427430,241.77002,411,,,,,,
,,,,,427615,268.57697,185,,,,,,
,,,,,427814,247.40047,199,,,,,,
,,,,,427906,14.440323,92,,,,,,
,,,,,428000,,,2.142317295074463,75.77528381347656,75.8034896850586,30.28675651550293,0.02,0.0003
,,,,,428271,215.39731,365,,,,,,
,,,,,428437,274.8912,166,,,,,,
,,,,,428602,255.93234,165,,,,,,
,,,,,429000,,,46.10184097290039,69.20353698730469,70.03823852539062,171.9668731689453,0.02,0.0003
,,,,,429265,212.5567,663,,,,,,
,,,,,429432,40.038025,167,,,,,,
,,,,,429608,259.39438,176,,,,,,
,,,,,429802,268.20972,194,,,,,,
131.07097,148.27412,293.3623,-98.685585,362.8,430000,,,3.007523536682129,76.74287414550781,76.42571258544922,30.525863647460938,0.02,0.0003
,,,,,430209,245.66032,407,,,,,,
,,,,,430407,-10.225723,198,,,,,,
,,,,,430597,275.9749,190,,,,,,
,,,,,430803,-78.6768,206,,,,,,
,,,,,431000,,,2.537003755569458,69.11747741699219,69.27438354492188,35.01823806762695,0.02,0.0003
,,,,,431098,270.3199,295,,,,,,
,,,,,431457,186.00598,359,,,,,,
,,,,,431742,226.98825,285,,,,,,
,,,,,432000,,,7.250314235687256,65.17123413085938,64.93946838378906,47.434539794921875,0.02,0.0003
,,,,,432036,-74.67476,294,,,,,,
,,,,,432224,251.88026,188,,,,,,
,,,,,432388,251.47198,164,,,,,,
,,,,,432811,-112.08947,423,,,,,,
,,,,,433000,,,4.346681594848633,75.76785278320312,75.93828582763672,67.27881622314453,0.02,0.0003
,,,,,433038,305.30777,227,,,,,,
,,,,,433218,281.64917,180,,,,,,
,,,,,433372,241.73901,154,,,,,,
,,,,,433710,290.1015,338,,,,,,
,,,,,433917,280.97205,207,,,,,,
,,,,,434000,,,2.8326478004455566,71.95394897460938,71.8096923828125,34.61872100830078,0.02,0.0003
,,,,,434118,266.44373,201,,,,,,
,,,,,434482,252.6264,364,,,,,,
,,,,,434673,252.47835,191,,,,,,
,,,,,434923,-89.65545,250,,,,,,
,,,,,435000,,,27.59799575805664,74.75338745117188,75.12522888183594,62.395591735839844,0.02,0.0003
,,,,,435083,257.63403,160,,,,,,
,,,,,435450,-97.33178,367,,,,,,
,,,,,435728,243.99191,278,,,,,,
,,,,,436000,,,3.925407886505127,71.60540771484375,71.49414825439453,35.46932601928711,0.02,0.0003
,,,,,436076,251.84491,348,,,,,,
,,,,,436419,-78.02402,343,,,,,,
,,,,,436617,217.96828,198,,,,,,
,,,,,437000,190.90582,383,,,,,,
,,,,,437000,,,23.567516326904297,74.80146789550781,75.02790069580078,33.030662536621094,0.02,0.0003
,,,,,437280,228.21887,280,,,,,,
,,,,,437590,-103.75765,310,,,,,,
,,,,,437954,-87.75056,364,,,,,,
,,,,,438000,,,4.908409118652344,75.77910614013672,75.65586853027344,46.6179313659668,0.02,0.0003
,,,,,438227,255.2685,273,,,,,,
,,,,,438549,232.97214,322,,,,,,
,,,,,438736,239.95505,187,,,,,,
,,,,,439000,,,7.245067596435547,73.98009490966797,73.75309753417969,91.19348907470703,0.02,0.0003
,,,,,439123,245.72534,387,,,,,,
,,,,,439316,257.6392,193,,,,,,
,,,,,439508,245.01363,192,,,,,,
214.99028,96.49819,292.94128,-52.537132,414.4,440000,,,71.6961898803711,58.59386444091797,60.4754524230957,120.43963623046875,0.02,0.0003
,,,,,440508,-7.6409807,1000,,,,,,
,,,,,440875,-110.327354,367,,,,,,
,,,,,441000,,,3.7591071128845215,72.89469909667969,72.91073608398438,49.86473083496094,0.02,0.0003
,,,,,441654,225.2316,779,,,,,,
,,,,,441817,251.04295,163,,,,,,
,,,,,442000,,,4.219894886016846,72.12152099609375,72.43164825439453,49.072261810302734,0.02,0.0003
,,,,,442274,249.16228,457,,,,,,
,,,,,442747,249.70894,473,,,,,,
,,,,,443000,,,3.418728828430176,73.1814193725586,73.74012756347656,58.65296173095703,0.02,0.0003
,,,,,443263,-128.35953,516,,,,,,
,,,,,444000,,,15.456779479980469,60.747535705566406,60.597660064697266,144.83346557617188,0.02,0.0003
,,,,,444058,223.07053,795,,,,,,
,,,,,444527,-134.81476,469,,,,,,
,,,,,444719,248.34784,192,,,,,,
,,,,,445000,,,4.744142532348633,75.41458129882812,74.98043823242188,49.22453689575195,0.02,0.0003
,,,,,445068,237.7985,349,,,,,,
,,,,,445358,222.82767,290,,,,,,
,,,,,445767,273.0416,409,,,,,,
,,,,,446000,,,2.5895321369171143,76.71629333496094,76.32402801513672,36.625732421875,0.02,0.0003
,,,,,446014,302.7022,247,,,,,,
,,,,,446343,-103.12741,329,,,,,,
,,,,,446667,210.22748,324,,,,,,
,,,,,447000,,,2.1974267959594727,73.2755355834961,73.42436981201172,37.76816940307617,0.02,0.0003
,,,,,447070,-117.83487,403,,,,,,
,,,,,447360,256.87885,290,,,,,,
,,,,,447617,273.48102,257,,,,,,
,,,,,447914,263.7508,297,,,,,,
,,,,,448000,,,3.160879611968994,65.5621337890625,65.70488739013672,38.75038528442383,0.02,0.0003
,,,,,448664,207.74948,750,,,,,,
,,,,,448943,266.17282,279,,,,,,
,,,,,449000,,,2.1235241889953613,62.55641174316406,62.3670654296875,30.16152572631836,0.02,0.0003
,,,,,449260,269.39883,317,,,,,,
,,,,,449555,267.65448,295,,,,,,
,,,,,449813,280.52185,258,,,,,,
,,,,,449906,0.49913788,93,,,,,,
235.02554,54.500404,302.77057,99.554596,387.7,450000,,,6.514759540557861,76.84626007080078,77.13835144042969,54.63985061645508,0.02,0.0003
,,,,,450193,263.15747,287,,,,,,
,,,,,450846,-232.58057,653,,,,,,
,,,,,451000,,,2.207955837249756,71.90929412841797,71.61044311523438,30.601484298706055,0.02,0.0003
,,,,,451238,247.3494,392,,,,,,
,,,,,451401,282.35632,163,,,,,,
,,,,,451582,264.56345,181,,,,,,
,,,,,451856,281.5691,274,,,,,,
,,,,,452000,,,161.21044921875,69.765625,70.98818969726562,874.493896484375,0.02,0.0003
,,,,,452075,267.52625,219,,,,,,
,,,,,452372,263.3471,297,,,,,,
,,,,,452679,300.55008,307,,,,,,
,,,,,453000,,,2.903779983520508,70.04396057128906,70.72608947753906,61.70671844482422,0.02,0.0003
,,,,,453021,215.84288,342,,,,,,
,,,,,453284,211.58926,263,,,,,,
,,,,,453688,270.2992,404,,,,,,
,,,,,454000,,,5.845839023590088,69.44509887695312,69.6642074584961,45.03203201293945,0.02,0.0003
,,,,,454086,225.38501,398,,,,,,
,,,,,454300,265.41882,214,,,,,,
,,,,,454749,-151.49521,449,,,,,,
,,,,,455000,,,3.617725133895874,70.28524017333984,70.3726806640625,43.361473083496094,0.02,0.0003
,,,,,455086,260.1054,337,,,,,,
,,,,,455367,284.4558,281,,,,,,
,,,,,455640,266.41888,273,,,,,,
,,,,,455866,235.95378,226,,,,,,
,,,,,456000,,,3.50980281829834,67.39141845703125,67.19131469726562,52.329856872558594,0.02,0.0003
,,,,,456149,210.97058,283,,,,,,
,,,,,456696,135.8873,547,,,,,,
,,,,,456916,258.56897,220,,,,,,
,,,,,457000,,,1.8721940517425537,71.41754913330078,71.69510650634766,33.36957550048828,0.02,0.0003
,,,,,457226,288.37314,310,,,,,,
,,,,,457479,226.72586,253,,,,,,
,,,,,457670,245.96985,191,,,,,,
,,,,,458000,,,17.749189376831055,71.625732421875,71.35548400878906,101.31011962890625,0.02,0.0003
,,,,,458312,-260.75452,642,,,,,,
,,,,,458588,267.4555,276,,,,,,
,,,,,459000,,,54.15058898925781,73.26815795898438,71.78280639648438,211.0277099609375,0.02,0.0003
,,,,,459504,234.81123,916,,,,,,
,,,,,459763,249.06352,259,,,,,,
246.75533,23.63693,285.72992,201.64412,283.2,460000,,,5.662930965423584,80.56317901611328,80.83894348144531,56.115970611572266,0.02,0.0003
,,,,,460050,240.53139,287,,,,,,
,,,,,461000,,,1.775372862815857,71.84373474121094,71.70405578613281,26.596752166748047,0.02,0.0003
,,,,,461050,-42.98536,1000,,,,,,
,,,,,461442,238.06984,392,,,,,,
,,,,,462000,,,25.39219093322754,67.46248626708984,67.79012298583984,75.69661712646484,0.02,0.0003
,,,,,462030,201.92546,588,,,,,,
,,,,,462263,252.36034,233,,,,,,
,,,,,462437,275.78137,174,,,,,,
,,,,,462729,251.41426,292,,,,,,
,,,,,462953,272.88678,224,,,,,,
,,,,,463000,,,2.0751233100891113,72.2093505859375,71.75245666503906,43.48829650878906,0.02,0.0003
,,,,,463179,264.04584,226,,,,,,
,,,,,463530,264.6471,351,,,,,,
,,,,,463731,262.03625,201,,,,,,
,,,,,463943,259.7952,212,,,,,,
,,,,,464000,,,4.530725955963135,73.88379669189453,73.94126892089844,51.2702522277832,0.02,0.0003
,,,,,464216,253.12592,273,,,,,,
,,,,,464574,247.61508,358,,,,,,
,,,,,464961,217.995,387,,,,,,
,,,,,465000,,,8.856830596923828,64.58628845214844,64.94194793701172,108.54734802246094,0.02,0.0003
,,,,,465157,268.30573,196,,,,,,
,,,,,465332,242.81866,175,,,,,,
,,,,,465488,6.549797,156,,,,,,
,,,,,465741,267.42435,253,,,,,,
,,,,,466000,,,25.25360870361328,68.31134033203125,68.95805358886719,70.7406234741211,0.02,0.0003
,,,,,466208,203.8489,467,,,,,,
,,,,,466408,268.00714,200,,,,,,
,,,,,466672,270.2303,264,,,,,,
,,,,,466983,294.64673,311,,,,,,
,,,,,467000,,,5.5009846687316895,65.68940734863281,66.16319274902344,67.60210418701172,0.02,0.0003
,,,,,467271,291.00684,288,,,,,,
,,,,,467478,235.2181,207,,,,,,
,,,,,467709,249.03421,231,,,,,,
,,,,,467929,282.1123,220,,,,,,
,,,,,468000,,,4.422275543212891,70.73847961425781,70.11323547363281,83.00175476074219,0.02,0.0003
,,,,,468175,259.51324,246,,,,,,
,,,,,468367,232.47202,192,,,,,,
,,,,,469000,,,1.9366450309753418,77.98347473144531,77.81478881835938,25.954662322998047,0.02,0.0003
,,,,,469167,249.65474,800,,,,,,
,,,,,469354,261.31903,187,,,,,,
,,,,,469568,272.5194,214,,,,,,
,,,,,469838,226.94473,270,,,,,,
196.81473,134.6537,281.68884,-199.75911,294.2,470000,,,5.030148506164551,69.27224731445312,68.79811096191406,55.85416793823242,0.02,0.0003
,,,,,470067,260.68896,229,,,,,,
,,,,,470291,265.21844,224,,,,,,
,,,,,470554,257.6755,263,,,,,,
,,,,,470833,301.83154,279,,,,,,
,,,,,471000,,,94.76823425292969,63.438385009765625,64.22834777832031,299.0572509765625,0.02,0.0003
,,,,,471397,254.25217,564,,,,,,
,,,,,471751,232.97409,354,,,,,,
,,,,,471960,261.9766,209,,,,,,
,,,,,472000,,,6.966317176818848,75.61290740966797,75.21945190429688,64.06501007080078,0.02,0.0003
,,,,,472960,9.5319805,1000,,,,,,
,,,,,473000,,,3.02225923538208,61.73392868041992,61.60837173461914,36.57441329956055,0.02,0.0003
,,,,,473232,187.86377,272,,,,,,
,,,,,473398,239.01031,166,,,,,,
,,,,,473749,279.03284,351,,,,,,
,,,,,473944,259.89288,195,,,,,,
,,,,,474000,,,4.01878547668457,57.33407211303711,57.26234436035156,46.24907684326172,0.02,0.0003
,,,,,474304,275.04254,360,,,,,,
,,,,,474480,254.97511,176,,,,,,
,,,,,474818,286.54968,338,,,,,,
,,,,,475000,,,1.5299303531646729,69.72883605957031,69.92594909667969,33.19794464111328,0.02,0.0003
,,,,,475031,245.17087,213,,,,,,
,,,,,475200,261.46228,169,,,,,,
,,,,,476000,,,25.733688354492188,73.02332305908203,73.33739471435547,64.76485443115234,0.02,0.0003
,,,,,476200,102.50651,1000,,,,,,
,,,,,476356,249.20865,156,,,,,,
,,,,,476542,260.4847,186,,,,,,
,,,,,476911,254.35678,369,,,,,,
,,,,,477000,,,4.602609634399414,70.82270812988281,70.37276458740234,50.72998046875,0.02,0.0003
,,,,,477105,237.47136,194,,,,,,
,,,,,477274,261.60608,169,,,,,,
,,,,,477502,239.72345,228,,,,,,
,,,,,477731,284.35663,229,,,,,,
,,,,,477909,247.93483,178,,,,,,
,,,,,478000,,,2.043602466583252,81.04209899902344,80.82069396972656,41.36655044555664,0.02,0.0003
,,,,,478078,268.1775,169,,,,,,
,,,,,478332,259.1756,254,,,,,,
,,,,,478648,-79.3811,316,,,,,,
,,,,,478863,292.2533,215,,,,,,
,,,,,479000,,,3.579563856124878,66.8662109375,67.39457702636719,53.85931396484375,0.02,0.0003
,,,,,479083,278.96277,220,,,,,,
,,,,,479274,267.04388,191,,,,,,
,,,,,479762,272.27795,488,,,,,,
208.67436,93.51521,286.1626,-37.135887,486.6,480000,,,26.700786590576172,64.93656921386719,64.82710266113281,86.68399047851562,0.02,0.0003
,,,,,480024,271.6607,262,,,,,,
,,,,,480206,250.1761,182,,,,,,
,,,,,480563,-275.9535,357,,,,,,
,,,,,480780,260.60028,217,,,,,,
,,,,,481000,,,15.565112113952637,75.0366439819336,74.10475158691406,115.39567565917969,0.02,0.0003
,,,,,481293,283.57043,513,,,,,,
,,,,,481527,233.46432,234,,,,,,
,,,,,481680,-56.461826,153,,,,,,
,,,,,481904,284.68082,224,,,,,,
,,,,,482000,,,29.98546028137207,72.56817626953125,72.63902282714844,88.12813568115234,0.02,0.0003
,,,,,482129,294.37543,225,,,,,,
,,,,,482405,303.4823,276,,,,,,
,,,,,482766,-60.707638,361,,,,,,
,,,,,482953,261.57733,187,,,,,,
,,,,,483000,,,2.105407476425171,74.66911315917969,74.31401824951172,52.17813491821289,0.02,0.0003
,,,,,483182,241.3867,229,,,,,,
,,,,,483296,45.085236,114,,,,,,
,,,,,483522,258.5017,226,,,,,,
,,,,,483716,284.5573,194,,,,,,
,,,,,483985,279.06354,269,,,,,,
,,,,,484000,,,3.5269899368286133,72.70533752441406,71.76313781738281,101.14373016357422,0.02,0.0003
,,,,,484174,256.05048,189,,,,,,
,,,,,484385,286.4938,211,,,,,,
,,,,,484632,253.54466,247,,,,,,
,,,,,484865,229.66484,233,,,,,,
,,,,,485000,,,2.2246346473693848,76.54316711425781,76.39788818359375,39.68257522583008,0.02,0.0003
,,,,,485668,116.64267,803,,,,,,
,,,,,485875,272.46194,207,,,,,,
,,,,,486000,,,2.4224157333374023,74.54124450683594,75.18852233886719,72.03209686279297,0.02,0.0003
,,,,,486311,283.147,436,,,,,,
,,,,,486948,245.26653,637,,,,,,
,,,,,487000,,,2.733370304107666,66.81842041015625,67.04388427734375,52.02397537231445,0.02,0.0003
,,,,,487556,214.8284,608,,,,,,
,,,,,487945,229.45258,389,,,,,,
,,,,,488000,,,32.379554748535156,64.11317443847656,64.3282470703125,85.08934783935547,0.02,0.0003
,,,,,488297,240.94702,352,,,,,,
,,,,,488488,274.87848,191,,,,,,
,,,,,489000,,,5.454014778137207,74.51864624023438,74.04197692871094,54.816436767578125,0.02,0.0003
,,,,,489214,205.81653,726,,,,,,
,,,,,489451,263.07376,237,,,,,,
225.24536,58.049286,299.59778,104.9114,438.0,490000,,,3.167316436767578,63.86649703979492,64.05044555664062,41.84553527832031,0.02,0.0003
,,,,,490451,-94.39336,1000,,,,,,
,,,,,490880,238.15623,429,,,,,,
,,,,,491000,,,2.41253924369812,71.44762420654297,71.31758117675781,27.693370819091797,0.02,0.0003
,,,,,491077,268.1855,197,,,,,,
,,,,,491299,254.03078,222,,,,,,
,,,,,491623,239.98633,324,,,,,,
,,,,,492000,,,37.7422981262207,79.16459655761719,80.01630401611328,148.0211944580078,0.02,0.0003
,,,,,492120,186.70029,497,,,,,,
,,,,,493000,,,3.941103458404541,76.89237976074219,76.73576354980469,44.497528076171875,0.02,0.0003
,,,,,493120,-43.835087,1000,,,,,,
,,,,,493323,272.68753,203,,,,,,
,,,,,493509,245.92224,186,,,,,,
,,,,,493772,279.1714,263,,,,,,
,,,,,493959,246.18372,187,,,,,,
,,,,,494000,,,4.466682434082031,75.15434265136719,75.30755615234375,69.11723327636719,0.02,0.0003
,,,,,494240,243.22493,281,,,,,,
,,,,,494557,296.1533,317,,,,,,
,,,,,494798,253.00188,241,,,,,,
,,,,,494943,263.47992,145,,,,,,
,,,,,495000,,,55.01693344116211,74.72653198242188,75.70482635498047,104.51304626464844,0.02,0.0003
,,,,,495177,270.35074,234,,,,,,
,,,,,495392,227.65744,215,,,,,,
,,,,,496000,,,5.5067033767700195,74.98184204101562,74.73272705078125,46.3660774230957,0.02,0.0003
,,,,,496392,51.313435,1000,,,,,,
,,,,,496639,256.32684,247,,,,,,
,,,,,497000,,,12.377815246582031,68.4754638671875,68.84049987792969,146.5646209716797,0.02,0.0003
,,,,,497639,153.48903,1000,,,,,,
,,,,,497922,255.43877,283,,,,,,
,,,,,498000,,,10.843707084655762,68.24149322509766,68.01307678222656,104.2300796508789,0.02,0.0003
,,,,,498208,255.29382,286,,,,,,
,,,,,498554,253.74478,346,,,,,,
,,,,,498742,262.5869,188,,,,,,
,,,,,498962,266.2652,220,,,,,,
,,,,,499000,,,3.9466965198516846,66.75546264648438,66.2513198852539,53.88583755493164,0.02,0.0003
,,,,,499316,228.58012,354,,,,,,
,,,,,499507,252.06895,191,,,,,,
,,,,,499718,256.9474,211,,,,,,
