Eval_AverageReturn,Eval_StdReturn,Eval_MaxReturn,Eval_MinReturn,Eval_AverageEpLen,step,Train_EpisodeReturn,Train_EpisodeLen,critic_loss,q_values,target_values,grad_norm,epsilon,lr
-1164.6311,749.5253,-388.15005,-3017.5884,149.9,0,,,,,,,,
,,,,,113,-137.6508,114,,,,,,
,,,,,180,-80.589134,67,,,,,,
,,,,,266,-376.66183,86,,,,,,
,,,,,368,-383.4969,102,,,,,,
,,,,,444,-59.016075,76,,,,,,
,,,,,522,-220.05316,78,,,,,,
,,,,,613,-106.6368,91,,,,,,
,,,,,719,-333.38217,106,,,,,,
,,,,,842,-188.08809,123,,,,,,
,,,,,971,-165.39919,129,,,,,,
,,,,,1061,-189.49408,90,,,,,,
,,,,,1148,-98.56554,87,,,,,,
,,,,,1211,-80.3648,63,,,,,,
,,,,,1316,-154.45918,105,,,,,,
,,,,,1440,-519.3441,124,,,,,,
,,,,,1521,-141.98965,81,,,,,,
,,,,,1636,-227.28383,115,,,,,,
,,,,,1715,-76.47142,79,,,,,,
,,,,,1781,-37.3898,66,,,,,,
,,,,,1846,-74.068665,65,,,,,,
,,,,,1988,-491.0582,142,,,,,,
,,,,,2106,-218.41165,118,,,,,,
,,,,,2176,-82.64417,70,,,,,,
,,,,,2262,-124.823685,86,,,,,,
,,,,,2327,19.910873,65,,,,,,
,,,,,2443,-49.15773,116,,,,,,
,,,,,2525,-120.50117,82,,,,,,
,,,,,2633,-253.35402,108,,,,,,
,,,,,2696,-128.29236,63,,,,,,
,,,,,2776,-96.67854,80,,,,,,
,,,,,2890,-95.70575,114,,,,,,
,,,,,2998,-105.483986,108,,,,,,
,,,,,3098,-220.09976,100,,,,,,
,,,,,3200,-11.850967,102,,,,,,
,,,,,3269,-305.21933,69,,,,,,
,,,,,3375,-100.78886,106,,,,,,
,,,,,3460,-354.34085,85,,,,,,
,,,,,3557,-296.04962,97,,,,,,
,,,,,3659,-124.161156,102,,,,,,
,,,,,3752,-133.52576,93,,,,,,
,,,,,3862,-150.25931,110,,,,,,
,,,,,3923,-130.30702,61,,,,,,
,,,,,4019,-211.71548,96,,,,,,
,,,,,4093,-102.09999,74,,,,,,
,,,,,4165,-163.51785,72,,,,,,
,,,,,4228,-37.206253,63,,,,,,
,,,,,4330,-326.11996,102,,,,,,
,,,,,4446,-140.11575,116,,,,,,
,,,,,4569,-120.80968,123,,,,,,
,,,,,4677,-113.40976,108,,,,,,
,,,,,4747,-5.4984894,70,,,,,,
,,,,,4841,-211.76025,94,,,,,,
,,,,,4918,-110.78515,77,,,,,,
,,,,,4991,-175.7482,73,,,,,,
,,,,,5078,-122.36574,87,,,,,,
,,,,,5147,-154.6035,69,,,,,,
,,,,,5254,-375.75604,107,,,,,,
,,,,,5353,-233.00674,99,,,,,,
,,,,,5445,-90.1208,92,,,,,,
,,,,,5506,-79.33687,61,,,,,,
,,,,,5582,-91.265015,76,,,,,,
,,,,,5691,-77.53412,109,,,,,,
,,,,,5754,-99.65623,63,,,,,,
,,,,,5874,-214.66731,120,,,,,,
,,,,,5969,-140.30774,95,,,,,,
,,,,,6066,-101.69052,97,,,,,,
,,,,,6154,-150.57008,88,,,,,,
,,,,,6272,-168.97903,118,,,,,,
,,,,,6369,-81.44551,97,,,,,,
,,,,,6504,-221.47699,135,,,,,,
,,,,,6573,-240.24448,69,,,,,,
,,,,,6660,-114.366745,87,,,,,,
,,,,,6780,-82.79843,120,,,,,,
,,,,,6918,-149.40747,138,,,,,,
,,,,,6988,-72.150024,70,,,,,,
,,,,,7103,-57.676987,115,,,,,,
,,,,,7214,-60.19214,111,,,,,,
,,,,,7305,-366.63467,91,,,,,,
,,,,,7400,-353.1722,95,,,,,,
,,,,,7506,-169.91058,106,,,,,,
,,,,,7637,-187.72488,131,,,,,,
,,,,,7720,-176.03653,83,,,,,,
,,,,,7828,-359.62335,108,,,,,,
,,,,,7907,-72.50141,79,,,,,,
,,,,,8014,-240.71506,107,,,,,,
,,,,,8078,-129.22977,64,,,,,,
,,,,,8172,-382.1957,94,,,,,,
,,,,,8267,-224.51697,95,,,,,,
,,,,,8445,-166.31866,178,,,,,,
,,,,,8531,-171.50266,86,,,,,,
,,,,,8605,-88.126915,74,,,,,,
,,,,,8722,-507.3584,117,,,,,,
,,,,,8832,-238.62904,110,,,,,,
,,,,,8917,-238.29196,85,,,,,,
,,,,,9017,-601.9699,100,,,,,,
,,,,,9095,-251.38297,78,,,,,,
,,,,,9230,-142.81522,135,,,,,,
,,,,,9350,-206.54333,120,,,,,,
,,,,,9451,-113.82701,101,,,,,,
,,,,,9578,-366.72653,127,,,,,,
,,,,,9720,-187.67154,142,,,,,,
,,,,,9822,-297.38675,102,,,,,,
,,,,,9902,-262.97266,80,,,,,,
,,,,,9998,-77.63333,96,,,,,,
-817.3146,443.9849,-390.65234,-2035.5854,106.9,10000,,,,,,,,
,,,,,10074,-80.31326,76,,,,,,
,,,,,10140,-202.0955,66,,,,,,
,,,,,10205,-245.60947,65,,,,,,
,,,,,10268,-241.97693,63,,,,,,
,,,,,10347,-340.17578,79,,,,,,
,,,,,10486,-100.08286,139,,,,,,
,,,,,10572,-190.97736,86,,,,,,
,,,,,10660,-334.55237,88,,,,,,
,,,,,10781,-152.72491,121,,,,,,
,,,,,10879,-113.07572,98,,,,,,
,,,,,11012,-354.93152,133,,,,,,
,,,,,11144,-346.9876,132,,,,,,
,,,,,11206,-75.18152,62,,,,,,
,,,,,11345,-124.95127,139,,,,,,
,,,,,11436,-224.09561,91,,,,,,
,,,,,11530,-167.73065,94,,,,,,
,,,,,11613,-412.87186,83,,,,,,
,,,,,11682,-131.65598,69,,,,,,
,,,,,11811,-297.95502,129,,,,,,
,,,,,11891,-137.61108,80,,,,,,
,,,,,11995,-199.46918,104,,,,,,
,,,,,12085,-158.33397,90,,,,,,
,,,,,12181,-342.21988,96,,,,,,
,,,,,12270,-431.60803,89,,,,,,
,,,,,12339,-200.2093,69,,,,,,
,,,,,12404,-119.108215,65,,,,,,
,,,,,12493,-306.61316,89,,,,,,
,,,,,12595,-233.84105,102,,,,,,
,,,,,12711,-330.7379,116,,,,,,
,,,,,12781,-123.84834,70,,,,,,
,,,,,12851,-130.66959,70,,,,,,
,,,,,12911,-264.398,60,,,,,,
,,,,,12988,-118.93062,77,,,,,,
,,,,,13072,-127.5869,84,,,,,,
,,,,,13162,-348.19604,90,,,,,,
,,,,,13233,-237.33038,71,,,,,,
,,,,,13427,-38.335125,194,,,,,,
,,,,,13530,-243.5834,103,,,,,,
,,,,,13620,-296.55847,90,,,,,,
,,,,,13696,-316.95453,76,,,,,,
,,,,,13777,-212.55508,81,,,,,,
,,,,,13915,-219.61407,138,,,,,,
,,,,,14064,-351.61273,149,,,,,,
,,,,,14135,-73.20381,71,,,,,,
,,,,,14287,-347.563,152,,,,,,
,,,,,14394,-317.88287,107,,,,,,
,,,,,14491,-376.7576,97,,,,,,
,,,,,14576,-334.89392,85,,,,,,
,,,,,14696,-151.27429,120,,,,,,
,,,,,14814,-138.26297,118,,,,,,
,,,,,14896,-163.03514,82,,,,,,
,,,,,14996,-417.56628,100,,,,,,
,,,,,15076,-37.342567,80,,,,,,
,,,,,15176,-219.24402,100,,,,,,
,,,,,15286,-527.3024,110,,,,,,
,,,,,15378,-145.66864,92,,,,,,
,,,,,15467,-402.18027,89,,,,,,
,,,,,15563,-366.03146,96,,,,,,
,,,,,15660,-375.78052,97,,,,,,
,,,,,15762,-330.26468,102,,,,,,
,,,,,15832,-268.7044,70,,,,,,
,,,,,15930,-146.93723,98,,,,,,
,,,,,15999,-71.80121,69,,,,,,
,,,,,16093,-203.5662,94,,,,,,
,,,,,16203,-153.87749,110,,,,,,
,,,,,16295,-10.55423,92,,,,,,
,,,,,16383,-104.419495,88,,,,,,
,,,,,16517,-312.9582,134,,,,,,
,,,,,16618,-206.24513,101,,,,,,
,,,,,16721,-177.70737,103,,,,,,
,,,,,16813,-264.67,92,,,,,,
,,,,,16925,-298.877,112,,,,,,
,,,,,17087,-138.82787,162,,,,,,
,,,,,17154,-73.197044,67,,,,,,
,,,,,17259,-410.95697,105,,,,,,
,,,,,17338,-323.91437,79,,,,,,
,,,,,17442,-383.64395,104,,,,,,
,,,,,17515,-89.29317,73,,,,,,
,,,,,17634,-141.66862,119,,,,,,
,,,,,17698,-67.9852,64,,,,,,
,,,,,17800,-381.62265,102,,,,,,
,,,,,17906,-361.11328,106,,,,,,
,,,,,18002,-361.85394,96,,,,,,
,,,,,18085,-411.11087,83,,,,,,
,,,,,18155,-216.10794,70,,,,,,
,,,,,18272,-81.86271,117,,,,,,
,,,,,18366,-90.39107,94,,,,,,
,,,,,18478,-347.5108,112,,,,,,
,,,,,18614,-200.98772,136,,,,,,
,,,,,18724,-80.42213,110,,,,,,
,,,,,18846,-147.76448,122,,,,,,
,,,,,18929,-290.80222,83,,,,,,
,,,,,18995,-195.76666,66,,,,,,
,,,,,19073,-85.24748,78,,,,,,
,,,,,19163,-364.3315,90,,,,,,
,,,,,19260,-39.548164,97,,,,,,
,,,,,19331,-222.99748,71,,,,,,
,,,,,19439,-234.95332,108,,,,,,
,,,,,19542,-126.76417,103,,,,,,
,,,,,19654,-388.85046,112,,,,,,
,,,,,19754,-452.98633,100,,,,,,
,,,,,19852,-97.26749,98,,,,,,
,,,,,19948,-250.64102,96,,,,,,
-700.18713,42.63971,-594.4362,-750.63074,106.6,20000,,,185.73513793945312,-0.05525559186935425,-2.739698886871338,18.82331657409668,0.88,0.003
,,,,,20060,-366.01007,112,,,,,,
,,,,,20125,-229.40486,65,,,,,,
,,,,,20246,-155.058,121,,,,,,
,,,,,20356,-212.3646,110,,,,,,
,,,,,20436,-87.84801,80,,,,,,
,,,,,20552,-138.93942,116,,,,,,
,,,,,20630,-118.025734,78,,,,,,
,,,,,20735,-106.34233,105,,,,,,
,,,,,20826,-82.91607,91,,,,,,
,,,,,20905,-55.504715,79,,,,,,
,,,,,21000,,,142.76075744628906,-1.4783241748809814,-2.1723175048828125,56.78066635131836,0.874,0.003
,,,,,21025,-437.0864,120,,,,,,
,,,,,21117,-300.68713,92,,,,,,
,,,,,21233,-175.85222,116,,,,,,
,,,,,21352,-7.1150513,119,,,,,,
,,,,,21419,-85.802864,67,,,,,,
,,,,,21548,-111.97012,129,,,,,,
,,,,,21648,-119.43216,100,,,,,,
,,,,,21739,-111.68851,91,,,,,,
,,,,,21828,-101.23145,89,,,,,,
,,,,,21914,-231.6244,86,,,,,,
,,,,,21985,-91.03177,71,,,,,,
,,,,,22000,,,55.78120803833008,-4.960603713989258,-2.860633134841919,43.421875,0.868,0.003
,,,,,22105,-76.75331,120,,,,,,
,,,,,22216,-92.12778,111,,,,,,
,,,,,22282,-115.90657,66,,,,,,
,,,,,22388,-443.694,106,,,,,,
,,,,,22506,-114.79708,118,,,,,,
,,,,,22633,-73.69657,127,,,,,,
,,,,,22724,-355.34244,91,,,,,,
,,,,,22846,-137.79623,122,,,,,,
,,,,,22921,-63.105286,75,,,,,,
,,,,,23000,-142.35529,79,,,,,,
,,,,,23000,,,52.886619567871094,-4.047721862792969,-3.1724143028259277,37.95206832885742,0.862,0.003
,,,,,23153,-105.26387,153,,,,,,
,,,,,23242,-155.17915,89,,,,,,
,,,,,23308,-119.46719,66,,,,,,
,,,,,23385,-192.41104,77,,,,,,
,,,,,23474,-86.779274,89,,,,,,
,,,,,23558,-156.34348,84,,,,,,
,,,,,23685,-171.33914,127,,,,,,
,,,,,23782,-168.30478,97,,,,,,
,,,,,23871,-146.41351,89,,,,,,
,,,,,23941,-104.78345,70,,,,,,
,,,,,24000,,,71.85846710205078,-2.4130051136016846,-3.392670154571533,40.483768463134766,0.856,0.003
,,,,,24032,-71.090576,91,,,,,,
,,,,,24101,-80.40609,69,,,,,,
,,,,,24163,-57.897324,62,,,,,,
,,,,,24266,-232.524,103,,,,,,
,,,,,24360,-56.960636,94,,,,,,
,,,,,24437,-95.92046,77,,,,,,
,,,,,24534,-83.13539,97,,,,,,
,,,,,24658,-128.1677,124,,,,,,
,,,,,24747,-151.82011,89,,,,,,
,,,,,24831,-96.876945,84,,,,,,
,,,,,24948,-112.82431,117,,,,,,
,,,,,25000,,,17.17068099975586,-5.731729507446289,-5.244212627410889,37.9770393371582,0.85,0.003
,,,,,25085,-66.06467,137,,,,,,
,,,,,25163,-99.483055,78,,,,,,
,,,,,25266,-72.804115,103,,,,,,
,,,,,25334,-107.92055,68,,,,,,
,,,,,25453,-127.506485,119,,,,,,
,,,,,25527,-79.051216,74,,,,,,
,,,,,25603,-116.10102,76,,,,,,
,,,,,25702,-78.758545,99,,,,,,
,,,,,25805,-174.47424,103,,,,,,
,,,,,25880,-120.98188,75,,,,,,
,,,,,25955,-160.58688,75,,,,,,
,,,,,26000,,,5.905970096588135,-3.6472015380859375,-3.247159242630005,25.462148666381836,0.844,0.003
,,,,,26070,-154.91669,115,,,,,,
,,,,,26186,-84.83783,116,,,,,,
,,,,,26288,-61.14644,102,,,,,,
,,,,,26387,-148.63864,99,,,,,,
,,,,,26496,-125.34744,109,,,,,,
,,,,,26635,-95.18076,139,,,,,,
,,,,,26726,-111.255424,91,,,,,,
,,,,,26790,-107.669754,64,,,,,,
,,,,,26898,-94.89197,108,,,,,,
,,,,,27000,,,5.48906946182251,-0.43312978744506836,-0.8236707448959351,41.346580505371094,0.838,0.003
,,,,,27001,-105.34529,103,,,,,,
,,,,,27116,-28.72586,115,,,,,,
,,,,,27246,-198.86803,130,,,,,,
,,,,,27336,-54.551163,90,,,,,,
,,,,,27418,-128.58757,82,,,,,,
,,,,,27550,8.840088,132,,,,,,
,,,,,27640,-36.891125,90,,,,,,
,,,,,27703,-63.7843,63,,,,,,
,,,,,27778,-42.953728,75,,,,,,
,,,,,27920,-351.70105,142,,,,,,
,,,,,28000,,,32.04721450805664,-6.986309051513672,-6.724853515625,54.15744400024414,0.832,0.003
,,,,,28028,-142.41368,108,,,,,,
,,,,,28092,-95.20939,64,,,,,,
,,,,,28187,-93.02986,95,,,,,,
,,,,,28257,-97.47814,70,,,,,,
,,,,,28329,-91.7963,72,,,,,,
,,,,,28404,-94.1263,75,,,,,,
,,,,,28481,-85.02074,77,,,,,,
,,,,,28597,-97.35242,116,,,,,,
,,,,,28707,-163.76564,110,,,,,,
,,,,,28771,-130.40929,64,,,,,,
,,,,,28902,-93.2072,131,,,,,,
,,,,,28983,-42.61255,81,,,,,,
,,,,,29000,,,90.34095764160156,-7.282033920288086,-5.636980056762695,68.56743621826172,0.8260000000000001,0.003
,,,,,29076,-90.10082,93,,,,,,
,,,,,29179,-85.13187,103,,,,,,
,,,,,29261,-81.42724,82,,,,,,
,,,,,29324,-56.276966,63,,,,,,
,,,,,29443,-107.69002,119,,,,,,
,,,,,29541,-83.59706,98,,,,,,
,,,,,29636,-81.57008,95,,,,,,
,,,,,29720,-96.45242,84,,,,,,
,,,,,29832,-160.61223,112,,,,,,
,,,,,29975,-93.92999,143,,,,,,
-148.80734,80.01965,-63.734665,-329.31073,859.3,30000,,,8.487253189086914,-7.65187406539917,-8.217874526977539,25.529842376708984,0.82,0.003
,,,,,30066,-152.16556,91,,,,,,
,,,,,30199,-75.04696,133,,,,,,
,,,,,30360,-194.46814,161,,,,,,
,,,,,30452,-97.37874,92,,,,,,
,,,,,30566,-119.8048,114,,,,,,
,,,,,30689,-89.66307,123,,,,,,
,,,,,30806,-97.64026,117,,,,,,
,,,,,30881,-61.76436,75,,,,,,
,,,,,31000,,,13.969417572021484,-7.154463768005371,-7.42208194732666,38.814945220947266,0.8140000000000001,0.003
,,,,,31017,-191.6715,136,,,,,,
,,,,,31132,-130.0153,115,,,,,,
,,,,,31236,-106.589424,104,,,,,,
,,,,,31330,-102.947716,94,,,,,,
,,,,,31437,-97.581406,107,,,,,,
,,,,,31553,-118.386635,116,,,,,,
,,,,,31644,-100.837,91,,,,,,
,,,,,31729,-98.818954,85,,,,,,
,,,,,31829,-94.20267,100,,,,,,
,,,,,31916,-34.644897,87,,,,,,
,,,,,31978,-117.93408,62,,,,,,
,,,,,32000,,,9.538277626037598,-2.468754291534424,-2.328011989593506,48.187870025634766,0.808,0.003
,,,,,32078,-167.09064,100,,,,,,
,,,,,32174,-136.79938,96,,,,,,
,,,,,32294,-134.5588,120,,,,,,
,,,,,32404,-70.21949,110,,,,,,
,,,,,32534,-37.860348,130,,,,,,
,,,,,32638,-103.05863,104,,,,,,
,,,,,32710,-99.956696,72,,,,,,
,,,,,32806,-95.5336,96,,,,,,
,,,,,32887,-82.70416,81,,,,,,
,,,,,32994,-66.97383,107,,,,,,
,,,,,33000,,,22.84832763671875,-5.5237908363342285,-6.233283042907715,47.32756805419922,0.802,0.003
,,,,,33123,-132.94589,129,,,,,,
,,,,,33210,-79.64041,87,,,,,,
,,,,,33355,-27.098091,145,,,,,,
,,,,,33426,-31.462334,71,,,,,,
,,,,,33543,-146.94267,117,,,,,,
,,,,,33624,-84.253586,81,,,,,,
,,,,,33698,-177.79575,74,,,,,,
,,,,,33835,-125.75737,137,,,,,,
,,,,,34000,,,7.289047718048096,9.512219429016113,9.038630485534668,24.557836532592773,0.796,0.003
,,,,,34006,-280.71405,171,,,,,,
,,,,,34104,-114.47034,98,,,,,,
,,,,,34206,-81.58252,102,,,,,,
,,,,,34284,17.215332,78,,,,,,
,,,,,34446,-64.123955,162,,,,,,
,,,,,34548,-87.217865,102,,,,,,
,,,,,34626,-67.12418,78,,,,,,
,,,,,34732,-89.589615,106,,,,,,
,,,,,34817,-48.77169,85,,,,,,
,,,,,34911,-100.77555,94,,,,,,
,,,,,35000,,,99.22735595703125,-7.0850725173950195,-5.993197441101074,91.28496551513672,0.79,0.003
,,,,,35002,-148.8079,91,,,,,,
,,,,,35092,-72.265114,90,,,,,,
,,,,,35208,-107.93653,116,,,,,,
,,,,,35291,-118.50445,83,,,,,,
,,,,,35429,-161.17798,138,,,,,,
,,,,,35531,-50.812813,102,,,,,,
,,,,,35648,-92.94125,117,,,,,,
,,,,,35721,-75.291664,73,,,,,,
,,,,,35845,4.3611526,124,,,,,,
,,,,,35915,-54.84761,70,,,,,,
,,,,,35990,-34.99185,75,,,,,,
,,,,,36000,,,2.705214262008667,2.6231305599212646,2.362900733947754,15.402178764343262,0.784,0.003
,,,,,36062,-80.789665,72,,,,,,
,,,,,36177,-189.99994,115,,,,,,
,,,,,36293,-65.43941,116,,,,,,
,,,,,36360,-99.4803,67,,,,,,
,,,,,36434,-57.627525,74,,,,,,
,,,,,36542,-78.84147,108,,,,,,
,,,,,36674,-29.539886,132,,,,,,
,,,,,36800,-112.377914,126,,,,,,
,,,,,36902,-88.99023,102,,,,,,
,,,,,36992,-130.45189,90,,,,,,
,,,,,37000,,,21.250890731811523,3.7752296924591064,4.431249141693115,44.72011184692383,0.778,0.003
,,,,,37110,-87.32856,118,,,,,,
,,,,,37226,-48.914635,116,,,,,,
,,,,,37318,-58.365086,92,,,,,,
,,,,,37396,-72.317245,78,,,,,,
,,,,,37489,-62.285217,93,,,,,,
,,,,,37587,-330.2436,98,,,,,,
,,,,,37671,23.98732,84,,,,,,
,,,,,37771,-95.08477,100,,,,,,
,,,,,37886,-81.83988,115,,,,,,
,,,,,37959,-28.007195,73,,,,,,
,,,,,38000,,,7.061779499053955,4.289920806884766,4.4488444328308105,32.05225372314453,0.772,0.003
,,,,,38049,-93.60098,90,,,,,,
,,,,,38127,-75.186874,78,,,,,,
,,,,,38224,-70.116516,97,,,,,,
,,,,,38360,-125.50717,136,,,,,,
,,,,,38447,-82.51503,87,,,,,,
,,,,,38552,-104.90028,105,,,,,,
,,,,,38653,-69.31262,101,,,,,,
,,,,,38782,-23.041733,129,,,,,,
,,,,,38856,-66.63669,74,,,,,,
,,,,,38960,-5.0302505,104,,,,,,
,,,,,39000,,,6.45904016494751,4.568672180175781,5.168143272399902,39.06665802001953,0.766,0.003
,,,,,39036,-55.533363,76,,,,,,
,,,,,39106,-86.85738,70,,,,,,
,,,,,39179,-49.554684,73,,,,,,
,,,,,39278,-114.18135,99,,,,,,
,,,,,39412,-176.55045,134,,,,,,
,,,,,39530,-80.68841,118,,,,,,
,,,,,39606,-64.35959,76,,,,,,
,,,,,39693,-119.42857,87,,,,,,
,,,,,39760,-68.89457,67,,,,,,
,,,,,39871,-367.41977,111,,,,,,
-334.77106,353.81097,-114.124825,-1284.7205,534.1,40000,,,5.004683971405029,12.128994941711426,11.982731819152832,25.173585891723633,0.76,0.003
,,,,,40037,-36.308018,166,,,,,,
,,,,,40110,-42.26458,73,,,,,,
,,,,,40210,0.777771,100,,,,,,
,,,,,40297,-106.87786,87,,,,,,
,,,,,40380,-106.684326,83,,,,,,
,,,,,40485,-126.93919,105,,,,,,
,,,,,40558,-43.592697,73,,,,,,
,,,,,40638,-111.21599,80,,,,,,
,,,,,40702,-90.42092,64,,,,,,
,,,,,40789,-41.606308,87,,,,,,
,,,,,40925,-58.99199,136,,,,,,
,,,,,41000,,,28.372703552246094,4.428266525268555,5.469786167144775,60.057212829589844,0.754,0.003
,,,,,41058,-90.63272,133,,,,,,
,,,,,41146,-12.692459,88,,,,,,
,,,,,41251,-1.1016159,105,,,,,,
,,,,,41350,-236.11108,99,,,,,,
,,,,,41475,-59.46772,125,,,,,,
,,,,,41596,-54.45266,121,,,,,,
,,,,,41660,-90.50612,64,,,,,,
,,,,,41766,-31.315704,106,,,,,,
,,,,,41906,-13.248726,140,,,,,,
,,,,,42000,,,27.79825210571289,4.8562798500061035,4.3675127029418945,89.64094543457031,0.748,0.003
,,,,,42067,-56.263866,161,,,,,,
,,,,,42161,-35.361565,94,,,,,,
,,,,,42268,-36.281013,107,,,,,,
,,,,,42370,-96.80919,102,,,,,,
,,,,,42464,-47.317646,94,,,,,,
,,,,,42546,-63.75288,82,,,,,,
,,,,,42637,-21.024132,91,,,,,,
,,,,,42741,-85.20326,104,,,,,,
,,,,,42821,-135.78967,80,,,,,,
,,,,,42894,-68.03704,73,,,,,,
,,,,,42990,-59.065502,96,,,,,,
,,,,,43000,,,13.629780769348145,5.795341968536377,4.96721076965332,49.50741195678711,0.742,0.003
,,,,,43079,-79.645546,89,,,,,,
,,,,,43219,-54.318497,140,,,,,,
,,,,,43305,-100.696976,86,,,,,,
,,,,,43386,-55.754406,81,,,,,,
,,,,,43499,-127.259254,113,,,,,,
,,,,,43597,-95.29471,98,,,,,,
,,,,,43669,-46.30912,72,,,,,,
,,,,,43746,-110.64905,77,,,,,,
,,,,,43861,-10.674713,115,,,,,,
,,,,,43983,-73.13785,122,,,,,,
,,,,,44000,,,9.919037818908691,9.419586181640625,9.861679077148438,35.667076110839844,0.736,0.003
,,,,,44083,-74.11184,100,,,,,,
,,,,,44184,-102.90573,101,,,,,,
,,,,,44304,-52.976276,120,,,,,,
,,,,,44426,-109.04593,122,,,,,,
,,,,,44557,-76.55845,131,,,,,,
,,,,,44675,-64.432465,118,,,,,,
,,,,,44756,-50.872696,81,,,,,,
,,,,,44822,-41.31135,66,,,,,,
,,,,,44923,-34.231346,101,,,,,,
,,,,,45000,,,10.863123893737793,9.732675552368164,10.195089340209961,37.66764450073242,0.73,0.003
,,,,,45017,-62.352947,94,,,,,,
,,,,,45125,-98.3727,108,,,,,,
,,,,,45220,-61.27092,95,,,,,,
,,,,,45355,-213.8713,135,,,,,,
,,,,,45493,-88.36898,138,,,,,,
,,,,,45591,-98.544334,98,,,,,,
,,,,,45671,-49.664555,80,,,,,,
,,,,,45787,-82.680374,116,,,,,,
,,,,,45902,-39.865677,115,,,,,,
,,,,,46000,,,15.383049011230469,2.4892945289611816,4.098570823669434,66.65107727050781,0.724,0.003
,,,,,46530,-79.22815,628,,,,,,
,,,,,46662,-115.701584,132,,,,,,
,,,,,46780,-19.663513,118,,,,,,
,,,,,46892,-75.39075,112,,,,,,
,,,,,47000,,,69.80113220214844,-2.89697527885437,-4.827820777893066,162.15992736816406,0.718,0.003
,,,,,47018,-25.421738,126,,,,,,
,,,,,47102,-8.829468,84,,,,,,
,,,,,47226,-75.663765,124,,,,,,
,,,,,47313,-113.61005,87,,,,,,
,,,,,47446,-104.293106,133,,,,,,
,,,,,47597,-209.32501,151,,,,,,
,,,,,47665,-52.52493,68,,,,,,
,,,,,47761,-135.88869,96,,,,,,
,,,,,47850,-74.2242,89,,,,,,
,,,,,47921,-56.430412,71,,,,,,
,,,,,48000,,,29.20245361328125,11.713614463806152,12.323532104492188,90.22689056396484,0.712,0.003
,,,,,48042,-56.51403,121,,,,,,
,,,,,48110,-31.187332,68,,,,,,
,,,,,48232,-70.85406,122,,,,,,
,,,,,48360,-59.867615,128,,,,,,
,,,,,48456,-68.041046,96,,,,,,
,,,,,48541,-50.203384,85,,,,,,
,,,,,48617,-68.55058,76,,,,,,
,,,,,48702,-69.10556,85,,,,,,
,,,,,48850,-61.675156,148,,,,,,
,,,,,48954,-35.376915,104,,,,,,
,,,,,49000,,,10.50102710723877,9.848602294921875,10.185888290405273,47.37077331542969,0.706,0.003
,,,,,49017,-135.91272,63,,,,,,
,,,,,49127,-121.601524,110,,,,,,
,,,,,49269,-50.560078,142,,,,,,
,,,,,49352,-20.15828,83,,,,,,
,,,,,49485,-62.517265,133,,,,,,
,,,,,49591,-84.4556,106,,,,,,
,,,,,49681,-93.91564,90,,,,,,
,,,,,49801,-81.56239,120,,,,,,
,,,,,49876,-81.22598,75,,,,,,
,,,,,49987,-92.64276,111,,,,,,
-595.02936,379.70605,-251.47816,-1405.9033,242.8,50000,,,47.38695526123047,17.59601593017578,18.621150970458984,96.3458023071289,0.7,0.003
,,,,,50089,-108.109375,102,,,,,,
,,,,,50240,-254.92331,151,,,,,,
,,,,,50338,-87.106926,98,,,,,,
,,,,,50407,-120.40863,69,,,,,,
,,,,,50488,-122.83572,81,,,,,,
,,,,,50599,-99.82696,111,,,,,,
,,,,,50673,-98.51622,74,,,,,,
,,,,,50796,-60.971455,123,,,,,,
,,,,,50937,-48.093033,141,,,,,,
,,,,,51000,,,7.9878082275390625,16.72869300842285,16.68182373046875,51.2955322265625,0.694,0.003
,,,,,51034,-85.057304,97,,,,,,
,,,,,51123,-95.0353,89,,,,,,
,,,,,51195,-35.404358,72,,,,,,
,,,,,51269,-46.133137,74,,,,,,
,,,,,51379,-21.124039,110,,,,,,
,,,,,51493,-89.95553,114,,,,,,
,,,,,51601,-66.039276,108,,,,,,
,,,,,51722,-61.775364,121,,,,,,
,,,,,51833,-90.278625,111,,,,,,
,,,,,51922,-73.58585,89,,,,,,
,,,,,51999,-62.88123,77,,,,,,
,,,,,52000,,,7.055768013000488,13.943395614624023,13.754573822021484,33.42898178100586,0.688,0.003
,,,,,52103,-85.91029,104,,,,,,
,,,,,52232,-43.342064,129,,,,,,
,,,,,52351,-98.870445,119,,,,,,
,,,,,52417,-65.19172,66,,,,,,
,,,,,52514,-60.903915,97,,,,,,
,,,,,52586,-60.53292,72,,,,,,
,,,,,52698,-72.652695,112,,,,,,
,,,,,52776,-65.11237,78,,,,,,
,,,,,52859,-74.571205,83,,,,,,
,,,,,52958,-48.47707,99,,,,,,
,,,,,53000,,,18.57548713684082,10.038228988647461,9.859128952026367,60.16721725463867,0.6819999999999999,0.003
,,,,,53057,-60.002426,99,,,,,,
,,,,,53168,-79.964584,111,,,,,,
,,,,,53268,-111.234566,100,,,,,,
,,,,,53357,-88.419754,89,,,,,,
,,,,,53447,-84.492004,90,,,,,,
,,,,,53525,-66.36372,78,,,,,,
,,,,,53595,-103.08908,70,,,,,,
,,,,,53703,-117.67834,108,,,,,,
,,,,,53808,-60.593178,105,,,,,,
,,,,,53917,-51.959133,109,,,,,,
,,,,,54000,,,9.61198902130127,13.104772567749023,12.919916152954102,45.26493835449219,0.6759999999999999,0.003
,,,,,54027,-90.75717,110,,,,,,
,,,,,54141,-106.44846,114,,,,,,
,,,,,54233,-71.35232,92,,,,,,
,,,,,54323,-68.406,90,,,,,,
,,,,,54399,-67.59513,76,,,,,,
,,,,,54491,-101.37486,92,,,,,,
,,,,,54570,-43.472103,79,,,,,,
,,,,,54698,-13.817085,128,,,,,,
,,,,,54812,-96.031364,114,,,,,,
,,,,,54906,-115.52002,94,,,,,,
,,,,,55000,,,32.252281188964844,11.088261604309082,9.857108116149902,88.55455780029297,0.67,0.003
,,,,,55014,-171.77974,108,,,,,,
,,,,,55125,-51.32622,111,,,,,,
,,,,,55195,-38.498554,70,,,,,,
,,,,,55300,-89.999695,105,,,,,,
,,,,,55368,-54.97932,68,,,,,,
,,,,,55525,-0.561821,157,,,,,,
,,,,,55666,-136.95639,141,,,,,,
,,,,,55778,-24.964706,112,,,,,,
,,,,,55849,-60.75845,71,,,,,,
,,,,,55945,-100.06507,96,,,,,,
,,,,,56000,,,14.033252716064453,7.58698844909668,7.775360107421875,44.901031494140625,0.6639999999999999,0.003
,,,,,56022,-100.688576,77,,,,,,
,,,,,56105,-71.01446,83,,,,,,
,,,,,56174,-49.954674,69,,,,,,
,,,,,56274,-94.07089,100,,,,,,
,,,,,56362,-49.934628,88,,,,,,
,,,,,56434,-91.03362,72,,,,,,
,,,,,56496,-128.18854,62,,,,,,
,,,,,56560,-85.833664,64,,,,,,
,,,,,56681,-82.24408,121,,,,,,
,,,,,56791,-91.37476,110,,,,,,
,,,,,56863,-67.456764,72,,,,,,
,,,,,56986,-49.36373,123,,,,,,
,,,,,57000,,,95.81060791015625,28.398052215576172,27.401931762695312,93.95542907714844,0.6579999999999999,0.003
,,,,,57083,-51.644917,97,,,,,,
,,,,,57178,-43.573936,95,,,,,,
,,,,,57301,-125.057236,123,,,,,,
,,,,,57399,-81.264366,98,,,,,,
,,,,,57494,-56.1566,95,,,,,,
,,,,,57589,-59.407387,95,,,,,,
,,,,,57681,-3.9372864,92,,,,,,
,,,,,57751,-22.459068,70,,,,,,
,,,,,57821,-67.87294,70,,,,,,
,,,,,57939,-113.362045,118,,,,,,
,,,,,58000,,,11.086810111999512,13.824682235717773,13.790078163146973,46.519859313964844,0.652,0.003
,,,,,58029,-74.75244,90,,,,,,
,,,,,58142,-38.994675,113,,,,,,
,,,,,58280,-72.89852,138,,,,,,
,,,,,58372,-41.754482,92,,,,,,
,,,,,58461,-134.18475,89,,,,,,
,,,,,58546,-24.421791,85,,,,,,
,,,,,58624,-48.45116,78,,,,,,
,,,,,58699,-33.328964,75,,,,,,
,,,,,58804,-49.0593,105,,,,,,
,,,,,58891,-53.415173,87,,,,,,
,,,,,58974,13.019875,83,,,,,,
,,,,,59000,,,13.352517127990723,9.39521312713623,9.122267723083496,61.07889938354492,0.646,0.003
,,,,,59052,-28.152779,78,,,,,,
,,,,,59135,-2.7473373,83,,,,,,
,,,,,59228,-20.866867,93,,,,,,
,,,,,59344,-104.009346,116,,,,,,
,,,,,59430,-2.1615143,86,,,,,,
,,,,,59539,-52.88485,109,,,,,,
,,,,,59609,-26.757225,70,,,,,,
,,,,,59721,-64.078094,112,,,,,,
,,,,,59862,-41.001366,141,,,,,,
,,,,,59965,-63.924515,103,,,,,,
-930.4129,455.14227,-175.77403,-1954.9296,359.4,60000,,,9.043450355529785,16.101665496826172,15.77688980102539,41.16242599487305,0.6399999999999999,0.003
,,,,,60067,-69.9131,102,,,,,,
,,,,,60135,-28.872444,68,,,,,,
,,,,,60207,-57.957523,72,,,,,,
,,,,,60299,-24.090714,92,,,,,,
,,,,,60398,-40.372143,99,,,,,,
,,,,,60497,-257.55023,99,,,,,,
,,,,,60619,-64.40181,122,,,,,,
,,,,,60731,-83.44922,112,,,,,,
,,,,,60827,-116.977615,96,,,,,,
,,,,,60921,-63.12264,94,,,,,,
,,,,,61000,,,8.836143493652344,19.361133575439453,19.116636276245117,40.7974853515625,0.634,0.003
,,,,,61069,-119.6337,148,,,,,,
,,,,,61142,-55.154686,73,,,,,,
,,,,,61253,-29.9572,111,,,,,,
,,,,,61332,-94.50366,79,,,,,,
,,,,,61470,-52.706593,138,,,,,,
,,,,,61570,-100.06195,100,,,,,,
,,,,,61662,-41.336433,92,,,,,,
,,,,,61741,-69.597534,79,,,,,,
,,,,,61872,-120.93781,131,,,,,,
,,,,,61958,-48.427116,86,,,,,,
,,,,,62000,,,10.801750183105469,32.292137145996094,31.866680145263672,53.12409973144531,0.628,0.003
,,,,,62068,-23.708595,110,,,,,,
,,,,,62152,-23.506699,84,,,,,,
,,,,,62256,-42.02227,104,,,,,,
,,,,,62356,-22.22213,100,,,,,,
,,,,,62468,-47.27219,112,,,,,,
,,,,,62564,-50.2035,96,,,,,,
,,,,,62645,-62.868713,81,,,,,,
,,,,,62744,-44.762264,99,,,,,,
,,,,,62879,-85.9748,135,,,,,,
,,,,,63000,,,23.393522262573242,25.35720443725586,25.113914489746094,78.47027587890625,0.622,0.003
,,,,,63008,-46.54436,129,,,,,,
,,,,,63165,-10.88575,157,,,,,,
,,,,,63263,-47.258392,98,,,,,,
,,,,,63330,-68.61645,67,,,,,,
,,,,,63409,-26.75644,79,,,,,,
,,,,,63542,-40.99546,133,,,,,,
,,,,,63612,-119.2027,70,,,,,,
,,,,,63736,-52.671925,124,,,,,,
,,,,,63991,-282.98785,255,,,,,,
,,,,,64000,,,40.02217102050781,21.961809158325195,20.770280838012695,191.6402130126953,0.616,0.003
,,,,,64084,-80.59163,93,,,,,,
,,,,,64196,-58.377537,112,,,,,,
,,,,,64324,-79.0854,128,,,,,,
,,,,,64438,-43.31703,114,,,,,,
,,,,,64560,-120.450134,122,,,,,,
,,,,,64677,-69.89301,117,,,,,,
,,,,,64787,-57.10886,110,,,,,,
,,,,,64890,-49.496624,103,,,,,,
,,,,,64992,-193.5236,102,,,,,,
,,,,,65000,,,11.478841781616211,27.359745025634766,27.009929656982422,38.388458251953125,0.61,0.003
,,,,,65067,-71.50634,75,,,,,,
,,,,,65175,-104.763596,108,,,,,,
,,,,,65313,-49.72227,138,,,,,,
,,,,,65438,-56.597225,125,,,,,,
,,,,,65521,-20.67907,83,,,,,,
,,,,,65586,-72.01035,65,,,,,,
,,,,,65709,3.8858566,123,,,,,,
,,,,,65846,-0.29366302,137,,,,,,
,,,,,65948,-90.03554,102,,,,,,
,,,,,66000,,,13.271167755126953,25.838462829589844,26.344451904296875,58.56022262573242,0.604,0.003
,,,,,66066,-21.864151,118,,,,,,
,,,,,66176,-71.9087,110,,,,,,
,,,,,66306,-56.23177,130,,,,,,
,,,,,66384,-61.50767,78,,,,,,
,,,,,66483,-43.942673,99,,,,,,
,,,,,66588,-47.75329,105,,,,,,
,,,,,66674,-44.797005,86,,,,,,
,,,,,66748,-22.507195,74,,,,,,
,,,,,66840,-3.8677597,92,,,,,,
,,,,,66965,-178.51443,125,,,,,,
,,,,,67000,,,8.297304153442383,29.79202651977539,29.764467239379883,39.65400695800781,0.598,0.003
,,,,,67054,30.734207,89,,,,,,
,,,,,67120,-61.01082,66,,,,,,
,,,,,67201,-34.80842,81,,,,,,
,,,,,67299,-114.63039,98,,,,,,
,,,,,67417,-61.01866,118,,,,,,
,,,,,67508,-26.924713,91,,,,,,
,,,,,67626,-76.44897,118,,,,,,
,,,,,67740,-88.24847,114,,,,,,
,,,,,67821,-16.863205,81,,,,,,
,,,,,67926,-29.159798,105,,,,,,
,,,,,68000,,,276.9172668457031,28.57778549194336,31.190349578857422,451.17388916015625,0.5920000000000001,0.003
,,,,,68060,-35.566933,134,,,,,,
,,,,,68130,-131.30695,70,,,,,,
,,,,,68204,-14.865776,74,,,,,,
,,,,,68341,-21.567764,137,,,,,,
,,,,,68417,-44.917976,76,,,,,,
,,,,,68508,-68.90235,91,,,,,,
,,,,,68620,-34.27623,112,,,,,,
,,,,,68754,-83.91802,134,,,,,,
,,,,,68847,-60.645,93,,,,,,
,,,,,68960,-49.185005,113,,,,,,
,,,,,69000,,,5.8657307624816895,31.303424835205078,31.03374481201172,33.291255950927734,0.586,0.003
,,,,,69053,-63.700027,93,,,,,,
,,,,,69147,-80.505356,94,,,,,,
,,,,,69223,-88.555305,76,,,,,,
,,,,,69301,-69.68324,78,,,,,,
,,,,,69392,-85.855354,91,,,,,,
,,,,,69507,-52.70638,115,,,,,,
,,,,,69837,-184.04443,330,,,,,,
,,,,,69964,-32.905197,127,,,,,,
-367.82144,224.61513,-104.249954,-660.4771,193.1,70000,,,20.1835994720459,18.29766082763672,19.268041610717773,81.89322662353516,0.58,0.003
,,,,,70103,-31.12017,139,,,,,,
,,,,,70202,-40.902325,99,,,,,,
,,,,,70270,-58.843063,68,,,,,,
,,,,,70390,-70.31264,120,,,,,,
,,,,,70501,-25.67096,111,,,,,,
,,,,,70596,-88.98287,95,,,,,,
,,,,,70719,-40.948875,123,,,,,,
,,,,,70850,-75.58455,131,,,,,,
,,,,,71000,,,11.01849365234375,26.624343872070312,26.108457565307617,44.49142837524414,0.5740000000000001,0.003
,,,,,71012,-69.4816,162,,,,,,
,,,,,71136,-9.014709,124,,,,,,
,,,,,71219,-18.37082,83,,,,,,
,,,,,71312,-26.790276,93,,,,,,
,,,,,71412,-73.98802,100,,,,,,
,,,,,71508,11.345757,96,,,,,,
,,,,,71639,19.627808,131,,,,,,
,,,,,71773,-4.543457,134,,,,,,
,,,,,71863,-55.585117,90,,,,,,
,,,,,71976,10.149963,113,,,,,,
,,,,,72000,,,8.717717170715332,17.708993911743164,17.828903198242188,56.83545684814453,0.5680000000000001,0.003
,,,,,72107,-2.8412323,131,,,,,,
,,,,,72203,-82.805405,96,,,,,,
,,,,,72279,-35.25891,76,,,,,,
,,,,,72381,-34.246437,102,,,,,,
,,,,,72469,-32.257874,88,,,,,,
,,,,,72623,-218.74474,154,,,,,,
,,,,,72756,-30.522896,133,,,,,,
,,,,,72894,-5.719208,138,,,,,,
,,,,,72990,-67.01509,96,,,,,,
,,,,,73000,,,23.084821701049805,24.73885726928711,24.530031204223633,84.9640884399414,0.5619999999999999,0.003
,,,,,73068,-122.08325,78,,,,,,
,,,,,73166,-52.75299,98,,,,,,
,,,,,73289,-60.779556,123,,,,,,
,,,,,73396,-97.91392,107,,,,,,
,,,,,73509,-111.44192,113,,,,,,
,,,,,73599,-36.00186,90,,,,,,
,,,,,73677,-27.16481,78,,,,,,
,,,,,73808,-43.998688,131,,,,,,
,,,,,73885,-5.0876083,77,,,,,,
,,,,,73972,-95.05837,87,,,,,,
,,,,,74000,,,38.117435455322266,22.419750213623047,23.08684539794922,80.06626892089844,0.556,0.003
,,,,,74080,-51.82365,108,,,,,,
,,,,,74166,-85.22275,86,,,,,,
,,,,,74292,-28.15799,126,,,,,,
,,,,,74422,-36.417465,130,,,,,,
,,,,,74511,-18.405777,89,,,,,,
,,,,,74602,-63.61887,91,,,,,,
,,,,,74719,-57.44603,117,,,,,,
,,,,,74790,-45.273376,71,,,,,,
,,,,,74908,-61.43424,118,,,,,,
,,,,,75000,,,6.888116836547852,33.56202697753906,33.757469177246094,39.56743621826172,0.55,0.003
,,,,,75004,-25.676971,96,,,,,,
,,,,,75118,-30.135384,114,,,,,,
,,,,,75208,-30.043686,90,,,,,,
,,,,,75334,30.565582,126,,,,,,
,,,,,75475,50.605118,141,,,,,,
,,,,,75600,-47.538677,125,,,,,,
,,,,,75846,-111.04046,246,,,,,,
,,,,,75949,-61.916176,103,,,,,,
,,,,,76000,,,16.628345489501953,31.927228927612305,31.82196044921875,60.454978942871094,0.5439999999999999,0.003
,,,,,76076,-20.888756,127,,,,,,
,,,,,76201,-35.735092,125,,,,,,
,,,,,76325,-9.836456,124,,,,,,
,,,,,76396,-53.880417,71,,,,,,
,,,,,76534,-17.800743,138,,,,,,
,,,,,76617,-17.487846,83,,,,,,
,,,,,76680,-81.30034,63,,,,,,
,,,,,76777,-44.908802,97,,,,,,
,,,,,76880,-110.92609,103,,,,,,
,,,,,76999,-47.47273,119,,,,,,
,,,,,77000,,,18.86247444152832,34.26156234741211,34.01910400390625,83.22422790527344,0.538,0.003
,,,,,77108,-4.76091,109,,,,,,
,,,,,77205,-72.64247,97,,,,,,
,,,,,77303,-28.281425,98,,,,,,
,,,,,77387,-16.843384,84,,,,,,
,,,,,77475,-62.544064,88,,,,,,
,,,,,77609,-13.916206,134,,,,,,
,,,,,77711,-54.189228,102,,,,,,
,,,,,77799,-108.36166,88,,,,,,
,,,,,77906,17.325119,107,,,,,,
,,,,,78000,,,95.69225311279297,37.234214782714844,36.03614807128906,103.82048034667969,0.532,0.003
,,,,,78016,-57.523804,110,,,,,,
,,,,,78138,-21.820427,122,,,,,,
,,,,,78280,-49.21908,142,,,,,,
,,,,,78351,-38.519943,71,,,,,,
,,,,,78446,-39.672928,95,,,,,,
,,,,,78559,-71.645004,113,,,,,,
,,,,,78637,-41.45731,78,,,,,,
,,,,,78751,-24.647026,114,,,,,,
,,,,,78882,-54.23002,131,,,,,,
,,,,,78948,-17.83603,66,,,,,,
,,,,,79000,,,366.5419006347656,43.504661560058594,47.989749908447266,239.29750061035156,0.526,0.003
,,,,,79071,-6.9440155,123,,,,,,
,,,,,79162,14.0566025,91,,,,,,
,,,,,79300,0.7480774,138,,,,,,
,,,,,79412,-46.898476,112,,,,,,
,,,,,79519,-42.30401,107,,,,,,
,,,,,79686,-52.68479,167,,,,,,
,,,,,79763,-51.498066,77,,,,,,
,,,,,79868,-27.468613,105,,,,,,
,,,,,79952,14.182083,84,,,,,,
-246.11299,125.63833,-111.70861,-472.439,544.2,80000,,,12.664243698120117,37.97736740112305,38.22091293334961,58.60099792480469,0.52,0.003
,,,,,80076,-13.495697,124,,,,,,
,,,,,80180,-50.46647,104,,,,,,
,,,,,80279,-11.213181,99,,,,,,
,,,,,80381,-73.339615,102,,,,,,
,,,,,80499,-75.43981,118,,,,,,
,,,,,80657,-88.212006,158,,,,,,
,,,,,80775,3.6065598,118,,,,,,
,,,,,80903,-79.563866,128,,,,,,
,,,,,80988,-1.6111755,85,,,,,,
,,,,,81000,,,21.59290885925293,31.064044952392578,31.83254623413086,78.9156723022461,0.514,0.003
,,,,,81076,-19.593147,88,,,,,,
,,,,,81187,-51.8778,111,,,,,,
,,,,,81299,-17.863945,112,,,,,,
,,,,,81409,-110.55984,110,,,,,,
,,,,,81513,-19.68457,104,,,,,,
,,,,,81596,2.834755,83,,,,,,
,,,,,81696,-153.47423,100,,,,,,
,,,,,81782,-23.200775,86,,,,,,
,,,,,81909,-6.9676437,127,,,,,,
,,,,,81975,-49.948826,66,,,,,,
,,,,,82000,,,45.82504653930664,22.68284034729004,23.052207946777344,82.9656982421875,0.508,0.003
,,,,,82090,-41.073437,115,,,,,,
,,,,,82194,-95.050446,104,,,,,,
,,,,,82287,-19.292221,93,,,,,,
,,,,,82416,-22.99736,129,,,,,,
,,,,,82542,-89.1661,126,,,,,,
,,,,,82767,-181.54742,225,,,,,,
,,,,,82878,-82.75853,111,,,,,,
,,,,,82982,-61.73746,104,,,,,,
,,,,,83000,,,23.081327438354492,21.63896942138672,22.59072494506836,70.39644622802734,0.502,0.003
,,,,,83090,-72.4413,108,,,,,,
,,,,,83221,-39.51135,131,,,,,,
,,,,,83315,-41.079147,94,,,,,,
,,,,,83392,-18.458122,77,,,,,,
,,,,,83504,-35.317245,112,,,,,,
,,,,,83615,-25.445473,111,,,,,,
,,,,,83693,-10.220345,78,,,,,,
,,,,,83780,-34.47885,87,,,,,,
,,,,,83950,43.13797,170,,,,,,
,,,,,84000,,,16.06068992614746,29.383811950683594,29.841035842895508,69.89173126220703,0.4959999999999999,0.003
,,,,,84188,-234.38734,238,,,,,,
,,,,,84292,-49.395462,104,,,,,,
,,,,,84797,-167.61304,505,,,,,,
,,,,,84880,-2.834076,83,,,,,,
,,,,,84983,-72.66368,103,,,,,,
,,,,,85000,,,117.22222137451172,24.527326583862305,26.410892486572266,76.8691177368164,0.49,0.003
,,,,,85077,5.398346,94,,,,,,
,,,,,85230,-132.82452,153,,,,,,
,,,,,85345,-23.677055,115,,,,,,
,,,,,85430,-33.64949,85,,,,,,
,,,,,85583,-109.991356,153,,,,,,
,,,,,85696,-60.478252,113,,,,,,
,,,,,85784,-61.554043,88,,,,,,
,,,,,85878,-45.26021,94,,,,,,
,,,,,85999,-33.91462,121,,,,,,
,,,,,86000,,,296.63397216796875,43.91403579711914,40.631126403808594,277.35089111328125,0.484,0.003
,,,,,86113,-12.78569,114,,,,,,
,,,,,86206,21.143097,93,,,,,,
,,,,,86545,-209.65762,339,,,,,,
,,,,,86627,-23.314049,82,,,,,,
,,,,,86758,18.868866,131,,,,,,
,,,,,86877,2.5359192,119,,,,,,
,,,,,87000,,,14.523347854614258,43.80249786376953,44.621124267578125,63.365962982177734,0.478,0.003
,,,,,87010,14.299927,133,,,,,,
,,,,,87125,-15.791748,115,,,,,,
,,,,,87263,14.086487,138,,,,,,
,,,,,88000,,,22.64668846130371,40.1053581237793,40.09919738769531,44.054832458496094,0.472,0.003
,,,,,88198,-419.7116,935,,,,,,
,,,,,88651,-228.0261,453,,,,,,
,,,,,89000,,,51.62572479248047,36.574302673339844,35.8885383605957,137.49374389648438,0.46599999999999997,0.003
,,,,,89013,-110.39011,362,,,,,,
,,,,,89108,33.79962,95,,,,,,
,,,,,89194,-33.091568,86,,,,,,
,,,,,89274,-52.320847,80,,,,,,
,,,,,89374,-63.0559,100,,,,,,
,,,,,89495,6.046776,121,,,,,,
,,,,,89637,-101.730225,142,,,,,,
,,,,,89742,-46.948296,105,,,,,,
,,,,,89838,9.159805,96,,,,,,
,,,,,89932,-13.548935,94,,,,,,
-261.49274,211.9308,-80.47319,-828.30273,453.1,90000,,,45.00658416748047,45.975765228271484,44.30868148803711,102.97818756103516,0.45999999999999996,0.003
,,,,,90024,-40.75083,92,,,,,,
,,,,,90856,-361.45023,832,,,,,,
,,,,,90965,-59.56064,109,,,,,,
,,,,,91000,,,25.58126449584961,26.528459548950195,26.01025390625,73.49221801757812,0.45399999999999996,0.003
,,,,,91059,-14.929413,94,,,,,,
,,,,,91707,-47.27693,648,,,,,,
,,,,,91959,-229.44579,252,,,,,,
,,,,,92000,,,15.748332977294922,49.25979232788086,48.49323272705078,49.162109375,0.44800000000000006,0.003
,,,,,92209,-306.81906,250,,,,,,
,,,,,92534,-208.5065,325,,,,,,
,,,,,92638,-42.111534,104,,,,,,
,,,,,92719,-78.37551,81,,,,,,
,,,,,92837,-86.17962,118,,,,,,
,,,,,92954,-88.88775,117,,,,,,
,,,,,93000,,,11.63886833190918,45.44202423095703,45.82441711425781,47.59010314941406,0.44199999999999995,0.003
,,,,,93043,-22.10141,89,,,,,,
,,,,,93141,4.0603943,98,,,,,,
,,,,,94000,,,11.868379592895508,47.875633239746094,47.53837966918945,54.52566909790039,0.43599999999999994,0.003
,,,,,94141,-31.589922,1000,,,,,,
,,,,,94239,-67.93123,98,,,,,,
,,,,,95000,,,20.613096237182617,48.06696319580078,49.611690521240234,142.81637573242188,0.43000000000000005,0.003
,,,,,95239,-30.642761,1000,,,,,,
,,,,,95525,-214.24991,286,,,,,,
,,,,,96000,,,22.96364974975586,37.23758316040039,36.97172164916992,79.31692504882812,0.42399999999999993,0.003
,,,,,96525,-22.509865,1000,,,,,,
,,,,,96670,-51.378498,145,,,,,,
,,,,,96759,-63.467194,89,,,,,,
,,,,,96855,-44.44574,96,,,,,,
,,,,,96977,-12.369621,122,,,,,,
,,,,,97000,,,20.284774780273438,56.160987854003906,56.23997116088867,85.3627700805664,0.41800000000000004,0.003
,,,,,97095,-6.668564,118,,,,,,
,,,,,97209,-33.60647,114,,,,,,
,,,,,97322,-150.75644,113,,,,,,
,,,,,97443,-44.568027,121,,,,,,
,,,,,97535,-27.560242,92,,,,,,
,,,,,97899,11.586716,364,,,,,,
,,,,,97999,29.497696,100,,,,,,
,,,,,98000,,,33.386070251464844,47.908512115478516,48.506439208984375,85.42328643798828,0.41200000000000003,0.003
,,,,,98730,-76.876816,731,,,,,,
,,,,,98851,-36.00533,121,,,,,,
,,,,,99000,,,20.038427352905273,49.55129623413086,49.36109161376953,65.02503204345703,0.4059999999999999,0.003
,,,,,99665,-326.24625,814,,,,,,
,,,,,99791,-17.278198,126,,,,,,
,,,,,99917,-87.76373,126,,,,,,
-284.30756,159.25208,-132.62355,-611.4396,587.4,100000,,,21.210073471069336,46.204444885253906,46.51634216308594,69.63612365722656,0.4,0.003
,,,,,100917,58.55734,1000,,,,,,
,,,,,101000,,,17.998653411865234,49.72172164916992,48.712982177734375,61.79755401611328,0.394,0.003
,,,,,101049,29.487228,132,,,,,,
,,,,,101567,-111.308075,518,,,,,,
,,,,,101741,15.025749,174,,,,,,
,,,,,101886,55.85663,145,,,,,,
,,,,,102000,,,20.63956069946289,65.60664367675781,66.01931762695312,67.38964080810547,0.3879999999999999,0.003
,,,,,102005,8.612503,119,,,,,,
,,,,,102685,-80.37782,680,,,,,,
,,,,,102763,-33.846535,78,,,,,,
,,,,,102839,-52.709133,76,,,,,,
,,,,,102960,-19.731339,121,,,,,,
,,,,,103000,,,18.565338134765625,46.081214904785156,45.64030456542969,60.336822509765625,0.382,0.003
,,,,,103090,-24.943527,130,,,,,,
,,,,,103211,-24.9236,121,,,,,,
,,,,,103339,-24.557686,128,,,,,,
,,,,,103457,-17.31488,118,,,,,,
,,,,,103573,-33.768646,116,,,,,,
,,,,,104000,,,20.864503860473633,45.45563507080078,43.95663833618164,102.95374298095703,0.376,0.003
,,,,,104573,-65.22219,1000,,,,,,
,,,,,104686,-53.12977,113,,,,,,
,,,,,104998,-3.0811768,312,,,,,,
,,,,,105000,,,59.75603485107422,48.903533935546875,49.32843780517578,184.95565795898438,0.37,0.003
,,,,,105358,-79.96763,360,,,,,,
,,,,,105479,-4.718033,121,,,,,,
,,,,,106000,,,65.65646362304688,60.144718170166016,59.825408935546875,133.90731811523438,0.364,0.003
,,,,,106033,-194.57147,554,,,,,,
,,,,,106115,-7.525429,82,,,,,,
,,,,,106245,-58.466774,130,,,,,,
,,,,,107000,,,29.749011993408203,53.06139373779297,53.28165817260742,72.22745513916016,0.358,0.003
,,,,,107245,20.466906,1000,,,,,,
,,,,,108000,,,37.67332077026367,56.01894760131836,54.990352630615234,81.99691772460938,0.352,0.003
,,,,,108245,-42.285084,1000,,,,,,
,,,,,108398,54.153748,153,,,,,,
,,,,,108636,-234.55229,238,,,,,,
,,,,,109000,,,27.930978775024414,45.570011138916016,44.91505432128906,71.13094329833984,0.346,0.003
,,,,,109411,-102.52939,775,,,,,,
,,,,,109545,56.403625,134,,,,,,
,,,,,109679,8.526543,134,,,,,,
-62.032593,108.514336,186.7288,-235.35648,653.2,110000,,,15.721259117126465,59.410308837890625,60.03690719604492,62.06321334838867,0.3400000000000001,0.003
,,,,,110131,-165.2377,452,,,,,,
,,,,,110422,-124.21979,291,,,,,,
,,,,,111000,,,16.688167572021484,59.70722198486328,59.942626953125,57.15896224975586,0.33399999999999996,0.003
,,,,,111422,54.057327,1000,,,,,,
,,,,,112000,,,17.098480224609375,61.86407470703125,61.61676788330078,62.02113723754883,0.32799999999999996,0.003
,,,,,112422,-1.2272029,1000,,,,,,
,,,,,112523,-6.080078,101,,,,,,
,,,,,113000,,,35.04698944091797,60.51765441894531,59.97539138793945,95.94270324707031,0.32200000000000006,0.003
,,,,,113523,89.81813,1000,,,,,,
,,,,,113657,19.224182,134,,,,,,
,,,,,113790,-72.25806,133,,,,,,
,,,,,114000,,,40.091556549072266,66.48628234863281,66.80572509765625,79.7779769897461,0.31599999999999995,0.003
,,,,,114790,26.841833,1000,,,,,,
,,,,,114892,-26.618637,102,,,,,,
,,,,,115000,,,35.36838912963867,74.46426391601562,73.16712951660156,85.91065216064453,0.30999999999999994,0.003
,,,,,115010,-82.02244,118,,,,,,
,,,,,116000,,,29.18559455871582,69.77276611328125,69.84002685546875,82.57022094726562,0.30400000000000005,0.003
,,,,,116010,-16.067116,1000,,,,,,
,,,,,116118,-100.432556,108,,,,,,
,,,,,117000,,,145.95443725585938,57.27084732055664,57.567626953125,137.6754150390625,0.29799999999999993,0.003
,,,,,117118,97.69679,1000,,,,,,
,,,,,118000,,,38.39734649658203,60.98253631591797,59.54137420654297,96.59319305419922,0.29200000000000004,0.003
,,,,,118118,-19.072132,1000,,,,,,
,,,,,118535,-132.31796,417,,,,,,
,,,,,119000,,,101.36904907226562,67.04613494873047,69.346923828125,244.69378662109375,0.28600000000000003,0.003
,,,,,119535,-40.014824,1000,,,,,,
,,,,,119739,-56.22935,204,,,,,,
-83.66221,90.193184,0.31849766,-297.2094,944.0,120000,,,50.936363220214844,75.68385314941406,74.59959411621094,111.20458984375,0.2799999999999999,0.003
,,,,,120160,-232.91579,421,,,,,,
,,,,,121000,,,20.703018188476562,67.45470428466797,66.73275756835938,72.84004974365234,0.274,0.003
,,,,,121160,-19.082941,1000,,,,,,
,,,,,122000,,,10.635799407958984,70.01675415039062,70.99900817871094,58.29964065551758,0.268,0.003
,,,,,122160,-31.319378,1000,,,,,,
,,,,,122286,42.078003,126,,,,,,
,,,,,123000,,,34.75581741333008,70.17800903320312,69.79393005371094,69.29596710205078,0.262,0.003
,,,,,123286,-20.212564,1000,,,,,,
,,,,,124000,,,162.045654296875,71.12249755859375,72.97297668457031,283.1681213378906,0.256,0.003
,,,,,124286,48.91282,1000,,,,,,
,,,,,125000,,,27.887001037597656,71.37548828125,71.28601837158203,75.66124725341797,0.25,0.003
,,,,,125286,26.554192,1000,,,,,,
,,,,,126000,,,49.22146987915039,72.69686889648438,71.79421997070312,73.5280990600586,0.244,0.003
,,,,,126286,-13.499769,1000,,,,,,
,,,,,127000,,,99.26889038085938,73.22157287597656,74.57220458984375,192.6377410888672,0.238,0.003
,,,,,127286,39.482292,1000,,,,,,
,,,,,128000,,,223.08782958984375,70.43058013916016,70.39378356933594,161.73394775390625,0.23199999999999998,0.003
,,,,,128286,-87.941574,1000,,,,,,
,,,,,129000,,,46.90874099731445,79.16960144042969,80.148193359375,109.78106689453125,0.22599999999999998,0.003
,,,,,129286,-71.78266,1000,,,,,,
-41.68698,155.13881,234.22449,-266.1785,585.6,130000,,,13.044168472290039,75.87522888183594,74.84022521972656,49.405452728271484,0.21999999999999997,0.003
,,,,,130286,54.56453,1000,,,,,,
,,,,,131000,,,15.153786659240723,80.29796600341797,79.74000549316406,50.96582794189453,0.21399999999999997,0.003
,,,,,131286,58.788483,1000,,,,,,
,,,,,131741,-183.39551,455,,,,,,
,,,,,131883,-17.028824,142,,,,,,
,,,,,132000,,,19.733070373535156,69.42918395996094,68.61283874511719,56.088016510009766,0.20799999999999996,0.003
,,,,,132883,64.669525,1000,,,,,,
,,,,,133000,,,20.60849380493164,78.80455017089844,79.28733825683594,59.354766845703125,0.20199999999999996,0.003
,,,,,133341,15.449219,458,,,,,,
,,,,,134000,,,14.43716049194336,67.09857940673828,66.99147033691406,51.91048812866211,0.19599999999999995,0.003
,,,,,134341,89.055504,1000,,,,,,
,,,,,135000,,,23.41490936279297,62.664703369140625,62.69344711303711,65.34735870361328,0.18999999999999995,0.003
,,,,,135341,-4.1011834,1000,,,,,,
,,,,,135488,-86.61938,147,,,,,,
,,,,,135659,-107.76889,171,,,,,,
,,,,,136000,,,21.351058959960938,82.93403625488281,83.22169494628906,58.52267074584961,0.18400000000000005,0.003
,,,,,136659,-83.664505,1000,,,,,,
,,,,,137000,,,15.719352722167969,86.8443603515625,86.67426300048828,56.85428237915039,0.17799999999999994,0.003
,,,,,137659,-8.211885,1000,,,,,,
,,,,,138000,,,24.527042388916016,83.10830688476562,83.51773834228516,88.10295867919922,0.17199999999999993,0.003
,,,,,138099,-130.18716,440,,,,,,
,,,,,139000,,,52.31797409057617,81.75288391113281,81.19425201416016,79.74496459960938,0.16600000000000004,0.003
,,,,,139099,62.29679,1000,,,,,,
15.694136,157.55699,231.12477,-235.0223,367.6,140000,,,19.859716415405273,94.19750213623047,94.61719512939453,57.32511901855469,0.15999999999999992,0.003
,,,,,140099,16.86924,1000,,,,,,
,,,,,141000,,,29.075172424316406,69.52427673339844,69.2120590209961,99.00738525390625,0.15400000000000003,0.003
,,,,,141099,-4.3324766,1000,,,,,,
,,,,,142000,,,60.21159362792969,67.51087188720703,67.36949157714844,73.52079010009766,0.14800000000000002,0.003
,,,,,142099,-30.244034,1000,,,,,,
,,,,,143000,,,17.27370834350586,66.62667083740234,65.78030395507812,46.6124382019043,0.1419999999999999,0.003
,,,,,143099,9.986939,1000,,,,,,
,,,,,143433,-2.904808,334,,,,,,
,,,,,143825,-72.36594,392,,,,,,
,,,,,144000,,,16.75748062133789,80.65711975097656,81.1881332397461,46.78279495239258,0.136,0.003
,,,,,144134,-119.308304,309,,,,,,
,,,,,144565,-166.18466,431,,,,,,
,,,,,144745,-39.33027,180,,,,,,
,,,,,145000,,,22.217220306396484,82.6171875,83.77323913574219,85.27033233642578,0.13,0.003
,,,,,145745,56.4397,1000,,,,,,
,,,,,145952,-8.964844,207,,,,,,
,,,,,146000,,,43.70243453979492,65.24844360351562,66.78202819824219,86.79850006103516,0.12399999999999989,0.003
,,,,,146952,98.35619,1000,,,,,,
,,,,,147000,,,40.38380432128906,67.15481567382812,68.88227844238281,107.56018829345703,0.118,0.003
,,,,,147952,-22.253544,1000,,,,,,
,,,,,148000,,,18.982704162597656,74.95991516113281,74.38626098632812,60.674293518066406,0.11199999999999999,0.003
,,,,,148144,-90.52124,192,,,,,,
,,,,,148760,75.75419,616,,,,,,
,,,,,149000,,,28.89385986328125,76.82244110107422,78.06221008300781,72.48771667480469,0.10599999999999998,0.003
,,,,,149095,145.6215,335,,,,,,
,,,,,149221,4.452774,126,,,,,,
114.851234,82.031136,239.16881,-61.87363,743.4,150000,,,251.20559692382812,71.42860412597656,70.56536865234375,206.1116180419922,0.1,0.003
,,,,,150221,-38.906918,1000,,,,,,
,,,,,150890,-231.94743,669,,,,,,
,,,,,151000,,,48.89753341674805,88.24768829345703,88.67352294921875,94.5906753540039,0.09946666666666668,0.003
,,,,,151787,-255.9894,897,,,,,,
,,,,,152000,,,55.87036895751953,69.69597625732422,70.95059204101562,106.22380828857422,0.09893333333333335,0.003
,,,,,152671,204.33194,884,,,,,,
,,,,,153000,,,34.48061752319336,77.24219512939453,76.9947738647461,105.74763488769531,0.0984,0.003
,,,,,153671,62.232204,1000,,,,,,
,,,,,154000,,,13.973907470703125,83.60678100585938,83.67135620117188,55.93037796020508,0.09786666666666667,0.003
,,,,,154671,26.21151,1000,,,,,,
,,,,,155000,,,103.61665344238281,86.99209594726562,87.71829986572266,169.0323028564453,0.09733333333333334,0.003
,,,,,155671,-53.140305,1000,,,,,,
,,,,,156000,,,14.295614242553711,92.6915283203125,92.322265625,53.83647537231445,0.09680000000000001,0.003
,,,,,156671,1.7200989,1000,,,,,,
,,,,,157000,,,33.787471771240234,75.10792541503906,75.7552719116211,112.91199493408203,0.09626666666666667,0.003
,,,,,157671,34.931118,1000,,,,,,
,,,,,158000,,,53.03327941894531,73.71924591064453,72.24932098388672,110.9315414428711,0.09573333333333334,0.003
,,,,,158671,73.634705,1000,,,,,,
,,,,,159000,,,18.348337173461914,72.74729919433594,71.73334503173828,70.48526000976562,0.0952,0.003
,,,,,159671,-57.90129,1000,,,,,,
172.00531,110.87088,264.5265,-143.47424,517.6,160000,,,31.556127548217773,69.81314086914062,69.39070892333984,56.7311897277832,0.09466666666666668,0.003
,,,,,160558,127.029305,887,,,,,,
,,,,,161000,,,9.852994918823242,84.7899169921875,84.41273498535156,41.54269027709961,0.09413333333333333,0.003
,,,,,161558,10.498244,1000,,,,,,
,,,,,161954,-187.30789,396,,,,,,
,,,,,162000,,,37.069313049316406,84.94859313964844,85.72666931152344,67.36250305175781,0.0936,0.003
,,,,,162954,-83.21645,1000,,,,,,
,,,,,163000,,,21.86328125,69.77484893798828,69.13522338867188,66.8281021118164,0.09306666666666667,0.003
,,,,,163954,-20.620832,1000,,,,,,
,,,,,164000,,,23.951313018798828,74.88125610351562,74.75213623046875,51.29851531982422,0.09253333333333334,0.003
,,,,,164215,-68.14943,261,,,,,,
,,,,,165000,,,25.784547805786133,77.36741638183594,76.89630889892578,94.29608154296875,0.092,0.003
,,,,,165215,8.12572,1000,,,,,,
,,,,,166000,,,356.0384826660156,77.91812133789062,75.88410949707031,182.15078735351562,0.09146666666666667,0.003
,,,,,166215,91.02955,1000,,,,,,
,,,,,166945,14.786011,730,,,,,,
,,,,,167000,,,7.937580108642578,91.72378540039062,92.21650695800781,33.14762496948242,0.09093333333333334,0.003
,,,,,167945,-5.52479,1000,,,,,,
,,,,,168000,,,62.023292541503906,82.22826385498047,83.53954315185547,120.6590805053711,0.09040000000000001,0.003
,,,,,168588,234.90302,643,,,,,,
,,,,,169000,,,17.391090393066406,68.98823547363281,68.41682434082031,77.28280639648438,0.08986666666666668,0.003
,,,,,169376,219.94785,788,,,,,,
50.385326,93.839355,231.49876,-86.864365,858.1,170000,,,15.978923797607422,83.51797485351562,83.6222915649414,47.484840393066406,0.08933333333333333,0.003
,,,,,170376,51.81177,1000,,,,,,
,,,,,171000,,,22.450801849365234,76.41564178466797,77.49494934082031,63.15529251098633,0.0888,0.003
,,,,,171260,258.81403,884,,,,,,
,,,,,172000,,,23.375913619995117,85.84053802490234,85.997802734375,46.6361198425293,0.08826666666666667,0.003
,,,,,172260,39.91124,1000,,,,,,
,,,,,173000,,,26.419267654418945,77.66754150390625,78.85684204101562,91.71321105957031,0.08773333333333334,0.003
,,,,,173209,200.40138,949,,,,,,
,,,,,173861,223.78497,652,,,,,,
,,,,,174000,,,38.13632583618164,64.77306365966797,65.39913940429688,48.63341522216797,0.0872,0.003
,,,,,174426,197.70044,565,,,,,,
,,,,,174833,181.03253,407,,,,,,
,,,,,175000,,,38.999237060546875,77.15595245361328,76.57025909423828,63.048526763916016,0.08666666666666667,0.003
,,,,,175014,-96.45477,181,,,,,,
,,,,,175413,209.3746,399,,,,,,
,,,,,176000,,,34.70359420776367,56.98443603515625,57.65808868408203,75.14627075195312,0.08613333333333334,0.003
,,,,,176413,113.36078,1000,,,,,,
,,,,,176975,228.27475,562,,,,,,
,,,,,177000,,,13.465275764465332,82.34077453613281,83.2334976196289,41.21135330200195,0.08560000000000001,0.003
,,,,,177975,79.492676,1000,,,,,,
,,,,,178000,,,58.07298278808594,76.57042694091797,75.64582824707031,87.45608520507812,0.08506666666666667,0.003
,,,,,178537,222.70862,562,,,,,,
,,,,,179000,,,17.335540771484375,81.25668334960938,80.94578552246094,65.64466857910156,0.08453333333333334,0.003
,,,,,179537,117.79018,1000,,,,,,
-105.80437,114.20953,220.43182,-199.14148,892.2,180000,,,20.884597778320312,77.43064880371094,78.2103042602539,51.79728317260742,0.084,0.003
,,,,,180537,104.07204,1000,,,,,,
,,,,,180786,198.14267,249,,,,,,
,,,,,181000,,,38.77370834350586,71.55919647216797,71.37336730957031,51.020259857177734,0.08346666666666668,0.003
,,,,,181013,290.89923,227,,,,,,
,,,,,181914,226.17308,901,,,,,,
,,,,,182000,,,11.008674621582031,76.1700439453125,76.44963073730469,42.1077766418457,0.08293333333333333,0.003
,,,,,182426,222.27878,512,,,,,,
,,,,,182805,222.37988,379,,,,,,
,,,,,183000,,,10.597517967224121,87.49330139160156,87.78341674804688,32.964874267578125,0.0824,0.003
,,,,,183349,231.41872,544,,,,,,
,,,,,183954,-189.53252,605,,,,,,
,,,,,184000,,,26.235116958618164,76.04885864257812,75.85995483398438,72.9075927734375,0.08186666666666667,0.003
,,,,,184139,-7.9763184,185,,,,,,
,,,,,184729,151.78107,590,,,,,,
,,,,,184999,-145.86528,270,,,,,,
,,,,,185000,,,13.457906723022461,80.54531860351562,80.54375457763672,62.63201141357422,0.08133333333333334,0.003
,,,,,185144,29.815048,145,,,,,,
,,,,,185992,222.9574,848,,,,,,
,,,,,186000,,,10.401208877563477,81.34478759765625,81.27754211425781,38.029296875,0.08080000000000001,0.003
,,,,,186399,273.87204,407,,,,,,
,,,,,187000,,,21.638370513916016,81.81023406982422,82.69985961914062,59.428550720214844,0.08026666666666667,0.003
,,,,,187360,213.08487,961,,,,,,
,,,,,187574,-253.67603,214,,,,,,
,,,,,188000,,,47.70766067504883,76.91549682617188,76.42214965820312,142.29074096679688,0.07973333333333334,0.003
,,,,,188148,231.50221,574,,,,,,
,,,,,188749,139.36559,601,,,,,,
,,,,,189000,,,83.50458526611328,70.22010803222656,70.90870666503906,114.45872497558594,0.0792,0.003
,,,,,189116,234.33522,367,,,,,,
,,,,,189444,240.80779,328,,,,,,
,,,,,189728,235.2941,284,,,,,,
151.62054,96.621414,254.71114,-68.15672,641.1,190000,,,25.251522064208984,63.80215072631836,64.92868041992188,50.055999755859375,0.07866666666666668,0.003
,,,,,190030,255.60403,302,,,,,,
,,,,,191000,,,27.06255340576172,51.4639778137207,49.563201904296875,81.11550903320312,0.07813333333333333,0.003
,,,,,191030,117.6972,1000,,,,,,
,,,,,192000,,,129.90927124023438,65.83367919921875,64.3870849609375,315.9403991699219,0.0776,0.003
,,,,,192030,148.86153,1000,,,,,,
,,,,,192373,253.13533,343,,,,,,
,,,,,192813,236.35559,440,,,,,,
,,,,,193000,,,16.001771926879883,80.85882568359375,81.48635864257812,66.84282684326172,0.07706666666666667,0.003
,,,,,193399,211.93585,586,,,,,,
,,,,,193986,271.03528,587,,,,,,
,,,,,194000,,,17.95455551147461,73.04875183105469,72.90406036376953,61.82353973388672,0.07653333333333334,0.003
,,,,,194986,165.56456,1000,,,,,,
,,,,,195000,,,34.40537643432617,76.79301452636719,76.05055236816406,71.32781982421875,0.07600000000000001,0.003
,,,,,195741,162.3132,755,,,,,,
,,,,,196000,,,10.439380645751953,85.10076904296875,84.10821533203125,37.869293212890625,0.07546666666666668,0.003
,,,,,196098,246.33658,357,,,,,,
,,,,,196575,289.444,477,,,,,,
,,,,,197000,,,13.379339218139648,84.90899658203125,85.08649444580078,47.32943344116211,0.07493333333333334,0.003
,,,,,197541,241.92764,966,,,,,,
,,,,,197907,286.83667,366,,,,,,
,,,,,198000,,,11.691003799438477,73.82891845703125,74.08272552490234,60.88190460205078,0.07440000000000001,0.003
,,,,,198093,-13.919167,186,,,,,,
,,,,,198304,286.359,211,,,,,,
,,,,,198597,246.89464,293,,,,,,
,,,,,198913,297.023,316,,,,,,
,,,,,199000,,,13.098881721496582,64.37348937988281,64.45924377441406,46.51488494873047,0.07386666666666666,0.003
,,,,,199449,248.35536,536,,,,,,
,,,,,199855,252.586,406,,,,,,
75.74766,199.02837,274.1717,-204.97327,472.0,200000,,,15.07302474975586,72.54171752929688,72.16378784179688,66.23481750488281,0.07333333333333333,0.003
,,,,,200527,152.56317,672,,,,,,
,,,,,201000,,,13.42045783996582,72.50131225585938,72.39547729492188,36.667720794677734,0.0728,0.003
,,,,,201093,264.46954,566,,,,,,
,,,,,202000,,,62.44306945800781,81.51268005371094,82.80244445800781,61.53914260864258,0.07226666666666667,0.003
,,,,,202093,143.06029,1000,,,,,,
,,,,,202941,191.40216,848,,,,,,
,,,,,203000,,,21.860301971435547,78.00872802734375,77.95513916015625,75.28433227539062,0.07173333333333334,0.003
,,,,,203294,267.24384,353,,,,,,
,,,,,203594,286.97784,300,,,,,,
,,,,,204000,,,7.039863586425781,85.19010925292969,84.95450592041016,31.466455459594727,0.07120000000000001,0.003
,,,,,204004,270.30444,410,,,,,,
,,,,,204314,242.81918,310,,,,,,
,,,,,204730,259.38046,416,,,,,,
,,,,,205000,,,14.653663635253906,50.06911849975586,50.41156768798828,44.70087814331055,0.07066666666666667,0.003
,,,,,205259,250.1378,529,,,,,,
,,,,,205655,245.117,396,,,,,,
,,,,,206000,,,52.22050094604492,67.902587890625,68.31062316894531,115.23677825927734,0.07013333333333334,0.003
,,,,,206111,-41.512142,456,,,,,,
,,,,,206637,237.06842,526,,,,,,
,,,,,206944,267.44077,307,,,,,,
,,,,,207000,,,11.81379508972168,71.13056945800781,71.46652221679688,44.668556213378906,0.06960000000000001,0.003
,,,,,207757,217.62784,813,,,,,,
,,,,,208000,,,17.31877899169922,80.25242614746094,79.78857421875,61.390403747558594,0.06906666666666667,0.003
,,,,,208164,249.85538,407,,,,,,
,,,,,209000,,,113.63253021240234,68.86859130859375,66.79493713378906,192.5583038330078,0.06853333333333333,0.003
,,,,,209164,119.69953,1000,,,,,,
,,,,,209466,250.2469,302,,,,,,
,,,,,209926,242.5169,460,,,,,,
-53.969727,141.7146,222.02652,-202.98547,903.7,210000,,,31.97217559814453,60.950164794921875,59.941349029541016,49.37473678588867,0.068,0.003
,,,,,210263,273.3047,337,,,,,,
,,,,,210463,12.755264,200,,,,,,
,,,,,210966,217.29599,503,,,,,,
,,,,,211000,,,12.060937881469727,61.48309326171875,60.883880615234375,30.025028228759766,0.06746666666666667,0.003
,,,,,211747,258.91943,781,,,,,,
,,,,,212000,,,175.4264678955078,76.30036926269531,75.28155517578125,118.86140441894531,0.06693333333333334,0.003
,,,,,212431,219.02188,684,,,,,,
,,,,,212614,58.593887,183,,,,,,
,,,,,212792,53.967834,178,,,,,,
,,,,,213000,,,20.030155181884766,68.55523681640625,69.59120178222656,79.87837219238281,0.06640000000000001,0.003
,,,,,213792,64.80476,1000,,,,,,
,,,,,214000,,,33.99137496948242,61.786407470703125,63.076663970947266,134.28839111328125,0.06586666666666667,0.003
,,,,,214257,263.19672,465,,,,,,
,,,,,214630,232.57745,373,,,,,,
,,,,,215000,,,11.30538272857666,66.51371002197266,66.21641540527344,39.66933822631836,0.06533333333333333,0.003
,,,,,215328,234.08768,698,,,,,,
,,,,,216000,,,16.395931243896484,63.62156677246094,63.90657043457031,52.51702117919922,0.0648,0.003
,,,,,216101,185.35635,773,,,,,,
,,,,,216436,-177.03409,335,,,,,,
,,,,,216721,250.79488,285,,,,,,
,,,,,217000,,,11.500176429748535,62.61235046386719,62.519649505615234,62.3331413269043,0.06426666666666667,0.003
,,,,,217717,149.04909,996,,,,,,
,,,,,218000,,,17.487655639648438,68.9490737915039,68.76298522949219,47.03738784790039,0.06373333333333334,0.003
,,,,,218110,247.1902,393,,,,,,
,,,,,219000,,,25.293365478515625,65.90605163574219,66.36747741699219,71.84192657470703,0.0632,0.003
,,,,,219110,26.73531,1000,,,,,,
,,,,,219341,191.40007,231,,,,,,
,,,,,219834,237.96434,493,,,,,,
89.82697,67.51569,235.97646,-2.4749162,906.3,220000,,,15.575255393981934,74.62063598632812,74.94336700439453,34.89045333862305,0.06266666666666668,0.003
,,,,,220224,221.13391,390,,,,,,
,,,,,220610,265.03848,386,,,,,,
,,,,,220856,-204.35803,246,,,,,,
,,,,,221000,,,39.16307830810547,57.01084518432617,57.816856384277344,97.3698501586914,0.06213333333333334,0.003
,,,,,221131,254.3594,275,,,,,,
,,,,,221776,204.03354,645,,,,,,
,,,,,222000,,,10.077030181884766,72.53669738769531,72.0550765991211,36.42389678955078,0.06160000000000001,0.003
,,,,,222260,-221.44293,484,,,,,,
,,,,,222798,243.64018,538,,,,,,
,,,,,223000,,,9.225469589233398,71.69542694091797,72.18307495117188,29.49340057373047,0.06106666666666667,0.003
,,,,,223372,272.35858,574,,,,,,
,,,,,224000,,,23.655675888061523,57.251800537109375,57.18319320678711,46.310123443603516,0.060533333333333335,0.003
,,,,,224084,228.90501,712,,,,,,
,,,,,224403,251.8935,319,,,,,,
,,,,,225000,,,19.515682220458984,70.41204833984375,70.39712524414062,80.96198272705078,0.060000000000000005,0.003
,,,,,225403,-54.596024,1000,,,,,,
,,,,,225550,-22.947136,147,,,,,,
,,,,,226000,,,12.250929832458496,65.73590087890625,65.93195343017578,60.854923248291016,0.05946666666666667,0.003
,,,,,226223,210.77843,673,,,,,,
,,,,,227000,,,32.26042175292969,65.53974914550781,64.60413360595703,75.93701934814453,0.05893333333333334,0.003
,,,,,227223,-50.46669,1000,,,,,,
,,,,,227500,-223.63376,277,,,,,,
,,,,,228000,,,27.767906188964844,74.55909729003906,74.6200942993164,56.70865249633789,0.0584,0.003
,,,,,228395,269.0324,895,,,,,,
,,,,,229000,,,26.25737762451172,59.93458938598633,60.31256103515625,60.02175521850586,0.05786666666666668,0.003
,,,,,229395,-15.963696,1000,,,,,,
,,,,,229697,186.18872,302,,,,,,
194.53618,158.67651,309.46234,-271.94922,298.1,230000,,,23.07433319091797,71.32666015625,71.42997741699219,62.557159423828125,0.05733333333333334,0.003
,,,,,230143,-314.51965,446,,,,,,
,,,,,230367,41.62529,224,,,,,,
,,,,,231000,,,12.17022705078125,68.76519775390625,69.43148040771484,41.91948699951172,0.0568,0.003
,,,,,231111,203.07544,744,,,,,,
,,,,,231229,32.66385,118,,,,,,
,,,,,231477,-120.56283,248,,,,,,
,,,,,231701,279.38223,224,,,,,,
,,,,,232000,,,10.222071647644043,85.05256652832031,84.37504577636719,35.777801513671875,0.05626666666666667,0.003
,,,,,232015,262.7834,314,,,,,,
,,,,,232319,255.86484,304,,,,,,
,,,,,232679,207.10135,360,,,,,,
,,,,,232896,227.99529,217,,,,,,
,,,,,233000,,,15.145781517028809,73.58387756347656,74.19377136230469,75.22659301757812,0.055733333333333336,0.003
,,,,,233392,285.91254,496,,,,,,
,,,,,233590,266.7697,198,,,,,,
,,,,,234000,,,14.8793306350708,63.65095901489258,63.647674560546875,32.345699310302734,0.0552,0.003
,,,,,234132,249.60635,542,,,,,,
,,,,,234646,213.377,514,,,,,,
,,,,,234945,258.33026,299,,,,,,
,,,,,235000,,,26.72792625427246,70.15699005126953,70.57111358642578,57.02749252319336,0.054666666666666676,0.003
,,,,,235476,296.6734,531,,,,,,
,,,,,235785,228.39215,309,,,,,,
,,,,,236000,,,20.658599853515625,50.71140670776367,50.092010498046875,51.22394943237305,0.05413333333333334,0.003
,,,,,236304,247.72684,519,,,,,,
,,,,,236611,190.7941,307,,,,,,
,,,,,237000,,,10.290481567382812,64.55492401123047,64.90174865722656,36.99713134765625,0.05360000000000001,0.003
,,,,,237472,231.56268,861,,,,,,
,,,,,237688,271.54938,216,,,,,,
,,,,,238000,,,26.233591079711914,65.68751525878906,65.85456848144531,46.71699142456055,0.05306666666666667,0.003
,,,,,238280,206.58606,592,,,,,,
,,,,,238649,204.37224,369,,,,,,
,,,,,239000,,,10.950735092163086,61.5231819152832,62.25062942504883,35.61898422241211,0.052533333333333335,0.003
,,,,,239033,271.30658,384,,,,,,
,,,,,239336,271.2121,303,,,,,,
,,,,,239475,6.798378,139,,,,,,
,,,,,239968,288.96106,493,,,,,,
154.49173,114.28623,246.85822,-137.70518,467.7,240000,,,8.298660278320312,69.60682678222656,69.16537475585938,24.430912017822266,0.052000000000000005,0.003
,,,,,240503,251.59402,535,,,,,,
,,,,,240742,266.14264,239,,,,,,
,,,,,240898,28.865997,156,,,,,,
,,,,,241000,,,15.483530044555664,65.27215576171875,66.91925048828125,55.391727447509766,0.05146666666666667,0.003
,,,,,241239,277.26596,341,,,,,,
,,,,,241756,261.46033,517,,,,,,
,,,,,242000,,,10.150227546691895,61.49750900268555,61.02982711791992,61.54555892944336,0.050933333333333344,0.003
,,,,,242437,276.78198,681,,,,,,
,,,,,242608,238.67976,171,,,,,,
,,,,,243000,,,19.896926879882812,62.28889083862305,62.21894073486328,58.111175537109375,0.05040000000000001,0.003
,,,,,243103,200.30724,495,,,,,,
,,,,,243411,233.20166,308,,,,,,
,,,,,243785,239.97205,374,,,,,,
,,,,,244000,,,12.572969436645508,76.46520233154297,76.81932067871094,29.173973083496094,0.04986666666666667,0.003
,,,,,244183,273.57672,398,,,,,,
,,,,,244688,265.75415,505,,,,,,
,,,,,244939,271.80615,251,,,,,,
,,,,,245000,,,32.755313873291016,66.00303649902344,65.73643493652344,60.44953918457031,0.04933333333333334,0.003
,,,,,245173,251.69398,234,,,,,,
,,,,,245783,-221.46207,610,,,,,,
,,,,,246000,,,12.027973175048828,72.68194580078125,73.02495574951172,40.15105056762695,0.0488,0.003
,,,,,246387,268.42288,604,,,,,,
,,,,,246939,257.95782,552,,,,,,
,,,,,247000,,,6.337120056152344,67.705322265625,67.63267517089844,27.502975463867188,0.04826666666666667,0.003
,,,,,247744,207.9998,805,,,,,,
,,,,,248000,,,70.8801498413086,57.12796401977539,57.17230224609375,93.93640899658203,0.047733333333333336,0.003
,,,,,248507,198.71524,763,,,,,,
,,,,,248881,297.63458,374,,,,,,
,,,,,249000,,,10.066007614135742,61.516178131103516,61.2192497253418,48.6163215637207,0.0472,0.003
,,,,,249354,251.69432,473,,,,,,
60.53756,174.07285,247.40968,-227.26936,297.6,250000,,,6.566871166229248,58.52682876586914,58.356849670410156,19.89935874938965,0.046666666666666676,0.003
,,,,,250049,197.77098,695,,,,,,
,,,,,250429,155.8112,380,,,,,,
,,,,,250872,227.962,443,,,,,,
,,,,,251000,,,6.2771735191345215,69.77554321289062,70.21049499511719,26.90138816833496,0.04613333333333334,0.003
,,,,,251570,218.30524,698,,,,,,
,,,,,251969,270.22217,399,,,,,,
,,,,,252000,,,9.351343154907227,66.00462341308594,65.13626861572266,29.165002822875977,0.0456,0.003
,,,,,252969,152.79219,1000,,,,,,
,,,,,253000,,,52.455780029296875,52.207489013671875,52.87699508666992,53.84859085083008,0.04506666666666667,0.003
,,,,,253195,262.0944,226,,,,,,
,,,,,254000,,,12.21786880493164,55.72691345214844,55.5362548828125,36.39595031738281,0.044533333333333334,0.003
,,,,,254195,33.443592,1000,,,,,,
,,,,,254751,241.37561,556,,,,,,
,,,,,255000,,,20.914993286132812,65.485107421875,65.68550109863281,39.3888053894043,0.04400000000000001,0.003
,,,,,255047,268.08197,296,,,,,,
,,,,,255287,241.08327,240,,,,,,
,,,,,255824,277.73303,537,,,,,,
,,,,,256000,,,9.709007263183594,57.25541687011719,57.978553771972656,41.04356384277344,0.043466666666666674,0.003
,,,,,256382,275.0374,558,,,,,,
,,,,,256483,-21.484467,101,,,,,,
,,,,,256656,284.88174,173,,,,,,
,,,,,256987,274.1063,331,,,,,,
,,,,,257000,,,27.22486114501953,64.81843566894531,66.29634094238281,63.83072280883789,0.04293333333333334,0.003
,,,,,257371,241.04732,384,,,,,,
,,,,,258000,,,17.42381477355957,47.61863327026367,47.11299514770508,37.345008850097656,0.04240000000000001,0.003
,,,,,258371,139.95824,1000,,,,,,
,,,,,259000,,,12.705057144165039,61.41769790649414,61.294456481933594,56.073814392089844,0.04186666666666667,0.003
,,,,,259232,282.23746,861,,,,,,
,,,,,259421,-4.714241,189,,,,,,
,,,,,259947,248.96379,526,,,,,,
121.866234,164.33557,289.92273,-172.82384,250.0,260000,,,14.61441707611084,61.03730773925781,61.83608627319336,42.11073303222656,0.04133333333333334,0.003
,,,,,260403,230.63536,456,,,,,,
,,,,,261000,,,10.367706298828125,62.600120544433594,62.7142333984375,38.47359848022461,0.0408,0.003
,,,,,261359,218.29517,956,,,,,,
,,,,,261591,259.7077,232,,,,,,
,,,,,262000,,,15.468300819396973,58.91108703613281,58.73690414428711,36.78327560424805,0.040266666666666666,0.003
,,,,,262089,201.6234,498,,,,,,
,,,,,262819,209.40173,730,,,,,,
,,,,,263000,,,32.537803649902344,66.85400390625,66.15229797363281,59.54608917236328,0.03973333333333334,0.003
,,,,,263097,289.09024,278,,,,,,
,,,,,263325,-252.04904,228,,,,,,
,,,,,263807,254.67845,482,,,,,,
,,,,,264000,,,50.226287841796875,55.11994552612305,54.219478607177734,86.32301330566406,0.039200000000000006,0.003
,,,,,264695,170.28085,888,,,,,,
,,,,,264845,268.23322,150,,,,,,
,,,,,265000,,,22.954025268554688,56.069114685058594,56.626548767089844,85.41510772705078,0.03866666666666667,0.003
,,,,,265044,259.3554,199,,,,,,
,,,,,265351,229.80841,307,,,,,,
,,,,,265657,308.81104,306,,,,,,
,,,,,266000,,,8.985025405883789,66.62364196777344,66.9603271484375,26.252870559692383,0.03813333333333334,0.003
,,,,,266039,256.94727,382,,,,,,
,,,,,266415,195.2906,376,,,,,,
,,,,,267000,,,12.981414794921875,66.94112396240234,66.51206970214844,47.46829605102539,0.0376,0.003
,,,,,267027,189.27704,612,,,,,,
,,,,,267919,172.67807,892,,,,,,
,,,,,268000,,,16.55390739440918,55.58705139160156,54.97683334350586,46.502445220947266,0.03706666666666668,0.003
,,,,,268162,274.60736,243,,,,,,
,,,,,268555,259.06982,393,,,,,,
,,,,,269000,,,15.386273384094238,57.63916015625,58.34415817260742,71.60755920410156,0.036533333333333334,0.003
,,,,,269024,277.7391,469,,,,,,
,,,,,269181,264.0352,157,,,,,,
,,,,,269564,256.19397,383,,,,,,
247.65071,40.935425,284.4606,140.31412,363.5,270000,,,16.967811584472656,61.19251251220703,62.01575469970703,122.35331726074219,0.036000000000000004,0.003
,,,,,270215,174.02661,651,,,,,,
,,,,,270672,194.19327,457,,,,,,
,,,,,271000,,,17.899778366088867,64.93208312988281,65.36183166503906,35.44587707519531,0.035466666666666674,0.003
,,,,,271223,260.4469,551,,,,,,
,,,,,271521,290.2893,298,,,,,,
,,,,,271905,165.47333,384,,,,,,
,,,,,272000,,,11.962390899658203,63.867027282714844,63.60133361816406,31.02347183227539,0.03493333333333333,0.003
,,,,,272438,-214.03128,533,,,,,,
,,,,,272625,22.119026,187,,,,,,
,,,,,273000,,,21.642406463623047,60.76949691772461,61.42621994018555,66.58660888671875,0.034400000000000014,0.003
,,,,,273110,-190.58286,485,,,,,,
,,,,,273953,253.53206,843,,,,,,
,,,,,274000,,,11.932771682739258,59.04800796508789,58.497840881347656,46.810096740722656,0.03386666666666667,0.003
,,,,,274433,249.11317,480,,,,,,
,,,,,274848,218.03445,415,,,,,,
,,,,,275000,,,25.382680892944336,56.70705032348633,56.524009704589844,77.25957489013672,0.03333333333333334,0.003
,,,,,275233,235.04408,385,,,,,,
,,,,,276000,,,9.673242568969727,58.33177947998047,57.73724365234375,35.476966857910156,0.03280000000000001,0.003
,,,,,276157,220.82394,924,,,,,,
,,,,,276603,254.26648,446,,,,,,
,,,,,277000,,,26.580533981323242,62.515323638916016,62.878692626953125,42.513736724853516,0.032266666666666666,0.003
,,,,,277147,193.75522,544,,,,,,
,,,,,277659,273.48987,512,,,,,,
,,,,,278000,,,12.94422435760498,56.598777770996094,56.96157455444336,49.47233963012695,0.031733333333333336,0.003
,,,,,278025,271.07346,366,,,,,,
,,,,,278899,117.78862,874,,,,,,
,,,,,279000,,,17.056804656982422,57.786556243896484,57.61017608642578,45.23326110839844,0.031200000000000006,0.003
,,,,,279198,239.63303,299,,,,,,
-8.923208,145.6314,224.16019,-151.04929,288.3,280000,,,8.76998233795166,56.64873504638672,56.30686950683594,29.047779083251953,0.03066666666666666,0.003
,,,,,280031,282.87567,833,,,,,,
,,,,,280300,306.73422,269,,,,,,
,,,,,280927,243.45221,627,,,,,,
,,,,,281000,,,25.017948150634766,57.78084945678711,58.69709014892578,61.01035690307617,0.030133333333333345,0.003
,,,,,281391,275.4912,464,,,,,,
,,,,,281708,259.00662,317,,,,,,
,,,,,281965,266.20538,257,,,,,,
,,,,,282000,,,7.582057952880859,45.86279296875,46.28529739379883,34.171653747558594,0.0296,0.003
,,,,,282251,229.56897,286,,,,,,
,,,,,282562,286.50238,311,,,,,,
,,,,,282829,253.75293,267,,,,,,
,,,,,283000,,,11.531583786010742,59.828819274902344,59.78959655761719,26.041257858276367,0.02906666666666667,0.003
,,,,,283285,220.64465,456,,,,,,
,,,,,284000,,,12.28740119934082,59.315677642822266,59.055259704589844,49.603660583496094,0.02853333333333334,0.003
,,,,,284285,92.05146,1000,,,,,,
,,,,,284776,219.69553,491,,,,,,
,,,,,285000,,,15.682828903198242,55.77759552001953,55.6585693359375,57.13930892944336,0.027999999999999997,0.003
,,,,,285149,249.20482,373,,,,,,
,,,,,285342,22.013908,193,,,,,,
,,,,,285737,266.33228,395,,,,,,
,,,,,285956,229.04254,219,,,,,,
,,,,,286000,,,12.51465129852295,52.499046325683594,52.4607048034668,49.838356018066406,0.02746666666666668,0.003
,,,,,286251,252.50677,295,,,,,,
,,,,,286530,216.54617,279,,,,,,
,,,,,287000,,,7.179357051849365,58.3420524597168,57.70319366455078,38.31435775756836,0.026933333333333337,0.003
,,,,,287131,276.57098,601,,,,,,
,,,,,287737,268.35925,606,,,,,,
,,,,,288000,,,124.31443786621094,59.216148376464844,57.76985168457031,203.67001342773438,0.026400000000000007,0.003
,,,,,288253,239.95503,516,,,,,,
,,,,,288399,43.48134,146,,,,,,
,,,,,288671,235.64322,272,,,,,,
,,,,,289000,,,9.684053421020508,60.65483856201172,60.37870407104492,32.84695816040039,0.025866666666666677,0.003
,,,,,289108,278.51593,437,,,,,,
,,,,,289486,273.52924,378,,,,,,
198.1168,129.31352,284.56693,-178.14258,333.7,290000,,,7.8861541748046875,64.81411743164062,65.020263671875,29.174375534057617,0.025333333333333333,0.003
,,,,,290056,297.4418,570,,,,,,
,,,,,290554,280.76514,498,,,,,,
,,,,,290934,275.20355,380,,,,,,
,,,,,291000,,,20.71922492980957,56.09996795654297,56.30052185058594,57.342281341552734,0.024800000000000003,0.003
,,,,,291280,247.99013,346,,,,,,
,,,,,291784,275.93335,504,,,,,,
,,,,,292000,,,4.531965255737305,64.27488708496094,64.49360656738281,17.814041137695312,0.024266666666666672,0.003
,,,,,292118,235.33305,334,,,,,,
,,,,,292297,227.09843,179,,,,,,
,,,,,292522,232.33405,225,,,,,,
,,,,,292806,282.22873,284,,,,,,
,,,,,292962,66.62982,156,,,,,,
,,,,,293000,,,31.20077133178711,59.499107360839844,57.73332214355469,71.20645904541016,0.02373333333333333,0.003
,,,,,293225,230.26306,263,,,,,,
,,,,,293419,299.1148,194,,,,,,
,,,,,293833,285.49957,414,,,,,,
,,,,,294000,,,7.682683944702148,53.10722732543945,52.995872497558594,30.114967346191406,0.023200000000000012,0.003
,,,,,294265,222.9125,432,,,,,,
,,,,,294542,241.69012,277,,,,,,
,,,,,294825,231.64131,283,,,,,,
,,,,,295000,,,11.443002700805664,55.840911865234375,55.844139099121094,26.8493709564209,0.02266666666666667,0.003
,,,,,295157,247.57433,332,,,,,,
,,,,,295560,284.88806,403,,,,,,
,,,,,295823,281.26617,263,,,,,,
,,,,,296000,,,9.16291618347168,63.67119216918945,63.289913177490234,37.342918395996094,0.022133333333333338,0.003
,,,,,296031,247.78229,208,,,,,,
,,,,,296160,14.203674,129,,,,,,
,,,,,297000,,,13.418481826782227,52.43590545654297,52.822174072265625,41.629905700683594,0.021600000000000008,0.003
,,,,,297160,139.42998,1000,,,,,,
,,,,,297451,200.82245,291,,,,,,
,,,,,297759,294.76053,308,,,,,,
,,,,,297867,3.416481,108,,,,,,
,,,,,298000,,,19.85345458984375,53.01951599121094,52.95757293701172,51.99640655517578,0.021066666666666664,0.003
,,,,,298134,275.47003,267,,,,,,
,,,,,298527,266.1192,393,,,,,,
,,,,,298867,299.91837,340,,,,,,
,,,,,299000,,,5.2041335105896,61.85551071166992,61.9503288269043,22.677480697631836,0.020533333333333334,0.003
,,,,,299111,237.99805,244,,,,,,
,,,,,299403,254.54214,292,,,,,,
,,,,,299633,257.86047,230,,,,,,
190.31516,107.37334,301.6906,-31.786621,311.5,300000,,,18.092262268066406,53.863948822021484,53.61763000488281,43.41777420043945,0.02,0.003
,,,,,300029,195.17773,396,,,,,,
,,,,,300453,191.40129,424,,,,,,
,,,,,300798,248.73367,345,,,,,,
,,,,,301000,,,35.54978942871094,58.668418884277344,59.49836730957031,282.8417053222656,0.02,0.003
,,,,,301233,196.42403,435,,,,,,
,,,,,301549,230.5309,316,,,,,,
,,,,,302000,,,8.290054321289062,57.35265350341797,57.44255065917969,35.83100128173828,0.02,0.003
,,,,,302168,214.52077,619,,,,,,
,,,,,302470,-32.928238,302,,,,,,
,,,,,302739,262.45868,269,,,,,,
,,,,,303000,,,8.697157859802246,56.33018493652344,56.055545806884766,19.637907028198242,0.02,0.003
,,,,,303186,165.5557,447,,,,,,
,,,,,303796,149.26733,610,,,,,,
,,,,,304000,,,14.778987884521484,64.5675048828125,64.25001525878906,31.044546127319336,0.02,0.003
,,,,,304322,219.84666,526,,,,,,
,,,,,304606,191.08714,284,,,,,,
,,,,,304858,283.7628,252,,,,,,
,,,,,305000,,,7.468487739562988,58.16405487060547,58.01380920410156,31.11443328857422,0.02,0.003
,,,,,305309,265.87683,451,,,,,,
,,,,,305634,272.38635,325,,,,,,
,,,,,306000,,,21.346418380737305,53.70233917236328,54.49559783935547,55.666290283203125,0.02,0.003
,,,,,306067,212.32404,433,,,,,,
,,,,,306426,266.74628,359,,,,,,
,,,,,306748,258.29712,322,,,,,,
,,,,,307000,,,80.35920715332031,61.45396423339844,62.72936248779297,41.88600540161133,0.02,0.003
,,,,,307070,274.48877,322,,,,,,
,,,,,307306,254.92476,236,,,,,,
,,,,,307608,292.20715,302,,,,,,
,,,,,307931,195.4559,323,,,,,,
,,,,,308000,,,11.36310863494873,57.44612121582031,57.38052749633789,37.461734771728516,0.02,0.003
,,,,,308272,281.4698,341,,,,,,
,,,,,308731,185.09767,459,,,,,,
,,,,,309000,,,8.639470100402832,64.3911361694336,64.23262023925781,20.983646392822266,0.02,0.003
,,,,,309521,229.7531,790,,,,,,
207.31917,54.001976,272.26172,72.580154,466.7,310000,,,9.71258544921875,60.98206329345703,61.317989349365234,33.411930084228516,0.02,0.003
,,,,,310085,209.95294,564,,,,,,
,,,,,310496,283.75278,411,,,,,,
,,,,,311000,,,9.191224098205566,59.55985641479492,58.50572967529297,45.715614318847656,0.02,0.003
,,,,,311496,136.35846,1000,,,,,,
,,,,,312000,,,17.991764068603516,45.11756134033203,44.926761627197266,70.80518341064453,0.02,0.003
,,,,,312046,181.11972,550,,,,,,
,,,,,312274,284.06232,228,,,,,,
,,,,,312553,242.17267,279,,,,,,
,,,,,312980,171.29927,427,,,,,,
,,,,,313000,,,21.564189910888672,56.621856689453125,57.15369415283203,67.62010955810547,0.02,0.003
,,,,,313207,284.81274,227,,,,,,
,,,,,313361,-133.70174,154,,,,,,
,,,,,313799,-83.06101,438,,,,,,
,,,,,313930,-183.06654,131,,,,,,
,,,,,314000,,,42.169532775878906,53.317752838134766,53.362205505371094,88.68596649169922,0.02,0.003
,,,,,314336,219.83244,406,,,,,,
,,,,,314684,198.08179,348,,,,,,
,,,,,315000,,,5.063130855560303,54.87289047241211,55.06950759887695,20.48977279663086,0.02,0.003
,,,,,315097,254.75072,413,,,,,,
,,,,,315319,267.72083,222,,,,,,
,,,,,315509,257.61542,190,,,,,,
,,,,,316000,,,16.335678100585938,64.114501953125,65.03624725341797,43.98698806762695,0.02,0.003
,,,,,316509,124.83897,1000,,,,,,
,,,,,316978,253.55862,469,,,,,,
,,,,,317000,,,12.77857494354248,59.101348876953125,59.69019317626953,23.406198501586914,0.02,0.003
,,,,,317453,281.64105,475,,,,,,
,,,,,317726,256.54074,273,,,,,,
,,,,,318000,,,38.87861633300781,57.218780517578125,57.189666748046875,76.11393737792969,0.02,0.003
,,,,,318173,223.82953,447,,,,,,
,,,,,318284,10.584778,111,,,,,,
,,,,,318585,266.29373,301,,,,,,
,,,,,318931,262.15073,346,,,,,,
,,,,,319000,,,13.726847648620605,51.4866828918457,50.9527587890625,75.32209777832031,0.02,0.003
,,,,,319530,282.13928,599,,,,,,
,,,,,319741,285.5746,211,,,,,,
,,,,,319993,282.82755,252,,,,,,
215.33041,108.39468,294.50903,-94.58365,235.4,320000,,,115.49512481689453,41.135528564453125,42.893043518066406,142.84010314941406,0.02,0.003
,,,,,320208,271.57812,215,,,,,,
,,,,,320468,283.6285,260,,,,,,
,,,,,321000,,,114.33000183105469,54.31289291381836,54.09184265136719,116.14671325683594,0.02,0.003
,,,,,321143,228.61224,675,,,,,,
,,,,,321470,286.66202,327,,,,,,
,,,,,321997,255.83125,527,,,,,,
,,,,,322000,,,13.836935043334961,59.710411071777344,59.35173416137695,36.14163589477539,0.02,0.003
,,,,,322210,250.32843,213,,,,,,
,,,,,322393,257.75067,183,,,,,,
,,,,,322654,255.47757,261,,,,,,
,,,,,323000,,,14.62183952331543,62.739376068115234,62.38127517700195,42.69791030883789,0.02,0.003
,,,,,323217,202.55356,563,,,,,,
,,,,,323437,281.8225,220,,,,,,
,,,,,323738,241.52458,301,,,,,,
,,,,,324000,,,12.530466079711914,61.26250457763672,62.13849639892578,46.58061218261719,0.02,0.003
,,,,,324400,257.57544,662,,,,,,
,,,,,324920,291.15436,520,,,,,,
,,,,,325000,,,13.326363563537598,55.164100646972656,55.47941589355469,25.12029457092285,0.02,0.003
,,,,,325401,270.72266,481,,,,,,
,,,,,325734,228.73383,333,,,,,,
,,,,,325873,-14.755264,139,,,,,,
,,,,,325974,57.033783,101,,,,,,
,,,,,326000,,,15.940750122070312,47.838008880615234,47.79484939575195,70.22377014160156,0.02,0.003
,,,,,326775,232.97125,801,,,,,,
,,,,,327000,,,6.895461082458496,58.36774444580078,58.92399597167969,20.61490821838379,0.02,0.003
,,,,,327084,252.93498,309,,,,,,
,,,,,327426,294.3888,342,,,,,,
,,,,,327564,37.28676,138,,,,,,
,,,,,328000,,,10.573434829711914,60.86354446411133,61.468109130859375,26.50214385986328,0.02,0.003
,,,,,328116,268.2666,552,,,,,,
,,,,,328595,255.35484,479,,,,,,
,,,,,328893,270.33636,298,,,,,,
,,,,,329000,,,9.886149406433105,49.24717712402344,49.326995849609375,21.641807556152344,0.02,0.003
,,,,,329203,230.37581,310,,,,,,
,,,,,329496,259.9922,293,,,,,,
,,,,,329982,247.2243,486,,,,,,
72.25745,186.11018,258.5724,-206.09085,358.0,330000,,,15.190924644470215,47.28687286376953,47.59979248046875,43.57835006713867,0.02,0.003
,,,,,330200,196.988,218,,,,,,
,,,,,330422,233.47894,222,,,,,,
,,,,,330831,249.30534,409,,,,,,
,,,,,331000,,,15.46820068359375,63.83267593383789,63.460594177246094,43.16864776611328,0.02,0.003
,,,,,331077,268.19037,246,,,,,,
,,,,,331290,43.70514,213,,,,,,
,,,,,331526,217.08609,236,,,,,,
,,,,,331698,250.36201,172,,,,,,
,,,,,331839,-5.0254593,141,,,,,,
,,,,,332000,,,9.474084854125977,45.769351959228516,45.748680114746094,35.24364471435547,0.02,0.003
,,,,,332622,268.5638,783,,,,,,
,,,,,333000,,,9.01764965057373,54.21223068237305,54.09933090209961,32.31596755981445,0.02,0.003
,,,,,333078,215.34125,456,,,,,,
,,,,,333442,225.59857,364,,,,,,
,,,,,333616,16.08667,174,,,,,,
,,,,,334000,,,24.740070343017578,61.00310516357422,60.24696350097656,59.54130554199219,0.02,0.003
,,,,,334270,212.25983,654,,,,,,
,,,,,334957,264.7956,687,,,,,,
,,,,,335000,,,9.637470245361328,50.441524505615234,50.433616638183594,29.334144592285156,0.02,0.003
,,,,,335266,262.51456,309,,,,,,
,,,,,335369,23.918175,103,,,,,,
,,,,,335736,291.8813,367,,,,,,
,,,,,335975,249.64703,239,,,,,,
,,,,,336000,,,119.68382263183594,47.369606018066406,45.57289123535156,185.6019744873047,0.02,0.003
,,,,,336605,182.8352,630,,,,,,
,,,,,336913,237.41919,308,,,,,,
,,,,,337000,,,12.904157638549805,54.47401428222656,53.90668487548828,51.31472396850586,0.02,0.003
,,,,,337232,-106.629135,319,,,,,,
,,,,,337724,234.04102,492,,,,,,
,,,,,337983,251.20587,259,,,,,,
,,,,,338000,,,13.13001823425293,52.225242614746094,51.73638153076172,31.24384307861328,0.02,0.003
,,,,,338395,288.65546,412,,,,,,
,,,,,338774,269.45325,379,,,,,,
,,,,,339000,,,20.030336380004883,56.24516296386719,55.72714614868164,49.170963287353516,0.02,0.003
,,,,,339050,238.1434,276,,,,,,
,,,,,339249,280.1396,199,,,,,,
,,,,,339524,263.7795,275,,,,,,
,,,,,339727,247.49413,203,,,,,,
154.78818,124.46168,255.86768,-107.51781,456.6,340000,,,22.729494094848633,59.69580078125,59.221160888671875,39.85208511352539,0.02,0.003
,,,,,340318,-270.48694,591,,,,,,
,,,,,340570,223.6655,252,,,,,,
,,,,,340947,243.72913,377,,,,,,
,,,,,341000,,,10.326815605163574,65.52397155761719,64.83047485351562,26.830209732055664,0.02,0.003
,,,,,341240,259.12982,293,,,,,,
,,,,,341598,269.13422,358,,,,,,
,,,,,342000,,,18.0341739654541,51.553977966308594,50.099761962890625,77.28036499023438,0.02,0.003
,,,,,342598,129.68202,1000,,,,,,
,,,,,342831,264.38474,233,,,,,,
,,,,,343000,,,3.6927902698516846,53.88750457763672,53.777435302734375,15.591081619262695,0.02,0.003
,,,,,343138,177.88281,307,,,,,,
,,,,,343648,291.18073,510,,,,,,
,,,,,343748,22.38662,100,,,,,,
,,,,,344000,,,6.7535576820373535,58.10651397705078,58.55553436279297,26.056652069091797,0.02,0.003
,,,,,344495,245.35045,747,,,,,,
,,,,,344762,276.574,267,,,,,,
,,,,,344895,10.255859,133,,,,,,
,,,,,345000,,,18.742826461791992,61.391658782958984,61.27201843261719,60.985904693603516,0.02,0.003
,,,,,345274,242.58075,379,,,,,,
,,,,,345362,-22.294601,88,,,,,,
,,,,,346000,,,13.436722755432129,47.22775650024414,46.98897171020508,38.39904022216797,0.02,0.003
,,,,,346362,-58.116318,1000,,,,,,
,,,,,346623,279.0728,261,,,,,,
,,,,,346985,289.2514,362,,,,,,
,,,,,347000,,,17.972736358642578,56.360572814941406,55.41840362548828,48.61051940917969,0.02,0.003
,,,,,347102,13.099846,117,,,,,,
,,,,,347412,238.93742,310,,,,,,
,,,,,347571,-18.486214,159,,,,,,
,,,,,347710,30.834564,139,,,,,,
,,,,,347920,290.78473,210,,,,,,
,,,,,348000,,,20.333295822143555,54.681602478027344,53.56741714477539,43.45002365112305,0.02,0.003
,,,,,348177,245.94643,257,,,,,,
,,,,,348469,249.22667,292,,,,,,
,,,,,348817,-49.3695,348,,,,,,
,,,,,349000,,,29.767765045166016,59.36975860595703,57.86253356933594,64.24492645263672,0.02,0.003
,,,,,349093,233.90051,276,,,,,,
,,,,,349349,241.94933,256,,,,,,
,,,,,349699,246.83298,350,,,,,,
,,,,,349994,-218.57385,295,,,,,,
140.4617,147.03487,291.1986,-179.17181,289.9,350000,,,9.214994430541992,61.71813201904297,61.95901107788086,35.616973876953125,0.02,0.003
,,,,,350173,-137.71515,179,,,,,,
,,,,,350818,193.58623,645,,,,,,
,,,,,351000,,,11.132925033569336,57.65293884277344,58.19709014892578,35.55155944824219,0.02,0.003
,,,,,351153,228.88625,335,,,,,,
,,,,,351445,252.67468,292,,,,,,
,,,,,351599,-7.7169037,154,,,,,,
,,,,,352000,,,14.025075912475586,60.170780181884766,59.40657043457031,33.37931442260742,0.02,0.003
,,,,,352005,244.0957,406,,,,,,
,,,,,352281,193.74028,276,,,,,,
,,,,,352631,285.25928,350,,,,,,
,,,,,353000,,,14.811627388000488,61.245967864990234,60.86443328857422,30.826709747314453,0.02,0.003
,,,,,353239,185.48753,608,,,,,,
,,,,,353491,298.3426,252,,,,,,
,,,,,354000,,,9.806249618530273,53.81155776977539,54.34625244140625,28.163198471069336,0.02,0.003
,,,,,354005,234.57841,514,,,,,,
,,,,,354220,300.06665,215,,,,,,
,,,,,354455,289.89047,235,,,,,,
,,,,,354724,237.1018,269,,,,,,
,,,,,354920,299.41586,196,,,,,,
,,,,,355000,,,7.872561454772949,50.72186279296875,51.04487228393555,26.94927215576172,0.02,0.003
,,,,,355095,311.203,175,,,,,,
,,,,,355589,268.83154,494,,,,,,
,,,,,356000,,,15.306852340698242,45.801353454589844,45.51228332519531,53.88167953491211,0.02,0.003
,,,,,356340,246.10448,751,,,,,,
,,,,,357000,,,19.60732650756836,49.746917724609375,48.322509765625,43.29291915893555,0.02,0.003
,,,,,357340,37.021236,1000,,,,,,
,,,,,357904,200.29568,564,,,,,,
,,,,,358000,,,55.03144836425781,56.309303283691406,56.87909698486328,35.271305084228516,0.02,0.003
,,,,,358142,254.76227,238,,,,,,
,,,,,358706,259.4215,564,,,,,,
,,,,,359000,,,7.566600322723389,55.936683654785156,55.8951530456543,27.01979637145996,0.02,0.003
,,,,,359095,263.9667,389,,,,,,
,,,,,359409,236.87296,314,,,,,,
-41.33735,171.59119,230.18933,-230.06514,379.2,360000,,,25.70245361328125,49.2913932800293,49.987178802490234,53.973541259765625,0.02,0.003
,,,,,360334,229.95157,925,,,,,,
,,,,,360498,7.244316,164,,,,,,
,,,,,360609,-5.996643,111,,,,,,
,,,,,361000,,,7.520234107971191,54.93468475341797,55.31088638305664,22.186689376831055,0.02,0.003
,,,,,361153,197.16864,544,,,,,,
,,,,,361548,214.96101,395,,,,,,
,,,,,361958,201.57394,410,,,,,,
,,,,,362000,,,8.065134048461914,51.28084945678711,51.71510314941406,36.7218132019043,0.02,0.003
,,,,,362208,305.00433,250,,,,,,
,,,,,362578,216.91714,370,,,,,,
,,,,,362870,276.9909,292,,,,,,
,,,,,363000,,,4.997402191162109,53.36891174316406,53.40739059448242,22.269784927368164,0.02,0.003
,,,,,363352,311.609,482,,,,,,
,,,,,363564,5.912346,212,,,,,,
,,,,,363980,223.88464,416,,,,,,
,,,,,364000,,,30.671512603759766,58.476593017578125,58.32477569580078,41.81110763549805,0.02,0.003
,,,,,364980,57.892857,1000,,,,,,
,,,,,365000,,,48.307037353515625,54.57208251953125,54.41450881958008,65.1724853515625,0.02,0.003
,,,,,365471,194.03696,491,,,,,,
,,,,,366000,,,6.949187755584717,57.636802673339844,57.73833465576172,21.668643951416016,0.02,0.003
,,,,,366082,229.60033,611,,,,,,
,,,,,366428,274.97443,346,,,,,,
,,,,,366855,242.33856,427,,,,,,
,,,,,367000,,,35.373939514160156,54.001792907714844,53.1383171081543,69.35803985595703,0.02,0.003
,,,,,367166,265.03912,311,,,,,,
,,,,,367410,223.29755,244,,,,,,
,,,,,367571,-30.155083,161,,,,,,
,,,,,367965,205.8385,394,,,,,,
,,,,,368000,,,34.55390930175781,50.78282165527344,49.874359130859375,60.24149703979492,0.02,0.003
,,,,,368441,295.04388,476,,,,,,
,,,,,368551,-1.2119446,110,,,,,,
,,,,,369000,,,10.670568466186523,49.95222091674805,50.56102752685547,31.449663162231445,0.02,0.003
,,,,,369022,247.63582,471,,,,,,
,,,,,369539,244.65414,517,,,,,,
,,,,,369900,251.25461,361,,,,,,
224.16214,94.51192,303.59683,-11.676582,306.6,370000,,,43.253814697265625,65.99788665771484,67.44509887695312,85.7689437866211,0.02,0.003
,,,,,370450,301.58612,550,,,,,,
,,,,,370701,184.92343,251,,,,,,
,,,,,371000,,,16.823850631713867,60.39762878417969,60.289154052734375,62.006858825683594,0.02,0.003
,,,,,371381,228.13312,680,,,,,,
,,,,,371831,262.57916,450,,,,,,
,,,,,372000,,,10.707682609558105,56.2692756652832,56.361854553222656,22.65380859375,0.02,0.003
,,,,,372208,220.37811,377,,,,,,
,,,,,372729,211.90018,521,,,,,,
,,,,,373000,,,24.76815414428711,56.6888427734375,54.99604797363281,116.6280746459961,0.02,0.003
,,,,,373301,276.68756,572,,,,,,
,,,,,373818,235.64989,517,,,,,,
,,,,,374000,,,11.185440063476562,51.07551574707031,50.432830810546875,29.765268325805664,0.02,0.003
,,,,,374109,299.92767,291,,,,,,
,,,,,374371,246.56067,262,,,,,,
,,,,,374688,250.70456,317,,,,,,
,,,,,375000,,,10.669088363647461,58.09605026245117,57.71382522583008,44.193294525146484,0.02,0.003
,,,,,375395,244.21126,707,,,,,,
,,,,,375710,298.39575,315,,,,,,
,,,,,376000,,,6.742621421813965,59.180084228515625,59.644081115722656,21.774869918823242,0.02,0.003
,,,,,376106,174.97897,396,,,,,,
,,,,,376846,199.72244,740,,,,,,
,,,,,377000,,,10.622054100036621,56.17101287841797,56.104949951171875,24.91233253479004,0.02,0.003
,,,,,377109,261.5725,263,,,,,,
,,,,,377927,294.66754,818,,,,,,
,,,,,378000,,,106.46038055419922,53.22161102294922,51.86279296875,81.49988555908203,0.02,0.003
,,,,,378676,285.53357,749,,,,,,
,,,,,378934,271.26294,258,,,,,,
,,,,,379000,,,9.289580345153809,63.9942741394043,64.34451293945312,35.0145263671875,0.02,0.003
,,,,,379314,254.78427,380,,,,,,
,,,,,379584,265.54645,270,,,,,,
60.66451,191.69836,262.10245,-318.38995,684.3,380000,,,9.558891296386719,59.821571350097656,60.41086196899414,38.563568115234375,0.02,0.003
,,,,,380111,160.11,527,,,,,,
,,,,,380480,282.65665,369,,,,,,
,,,,,380726,224.08905,246,,,,,,
,,,,,381000,,,6.08439826965332,61.414283752441406,61.309120178222656,19.49407196044922,0.02,0.003
,,,,,381018,280.19434,292,,,,,,
,,,,,381458,264.54208,440,,,,,,
,,,,,381673,295.09015,215,,,,,,
,,,,,382000,,,17.804779052734375,48.09886169433594,47.75982666015625,53.260215759277344,0.02,0.003
,,,,,382045,219.65012,372,,,,,,
,,,,,382522,287.8184,477,,,,,,
,,,,,383000,,,13.145208358764648,58.981536865234375,59.1318244934082,26.865856170654297,0.02,0.003
,,,,,383015,247.92041,493,,,,,,
,,,,,383235,254.3961,220,,,,,,
,,,,,383663,163.18585,428,,,,,,
,,,,,384000,,,9.296724319458008,53.276824951171875,52.604434967041016,26.718162536621094,0.02,0.003
,,,,,384088,272.5434,425,,,,,,
,,,,,384290,260.81244,202,,,,,,
,,,,,384433,-45.27644,143,,,,,,
,,,,,384719,146.92474,286,,,,,,
,,,,,385000,,,12.283160209655762,59.08989334106445,58.5967903137207,46.45122146606445,0.02,0.003
,,,,,385169,177.49152,450,,,,,,
,,,,,385514,268.75787,345,,,,,,
,,,,,386000,,,17.630311965942383,60.80049133300781,60.23422622680664,34.943145751953125,0.02,0.003
,,,,,386020,248.39972,506,,,,,,
,,,,,386170,38.31227,150,,,,,,
,,,,,386538,268.76843,368,,,,,,
,,,,,386871,252.04079,333,,,,,,
,,,,,387000,,,5.005914688110352,60.36796569824219,60.62776184082031,21.374528884887695,0.02,0.003
,,,,,387368,277.43292,497,,,,,,
,,,,,387855,258.54422,487,,,,,,
,,,,,388000,,,24.62771987915039,60.777793884277344,61.82921600341797,49.89139175415039,0.02,0.003
,,,,,388855,114.15503,1000,,,,,,
,,,,,389000,,,9.29967212677002,59.25395965576172,58.99825668334961,29.450645446777344,0.02,0.003
,,,,,389437,257.22934,582,,,,,,
,,,,,389888,255.6193,451,,,,,,
202.01212,95.55157,299.3719,-32.67247,315.0,390000,,,10.903461456298828,49.54323196411133,49.70167541503906,35.56939697265625,0.02,0.003
,,,,,390491,259.62808,603,,,,,,
,,,,,391000,,,7.915919780731201,64.25880432128906,63.68291473388672,52.462276458740234,0.02,0.003
,,,,,391077,250.37689,586,,,,,,
,,,,,391559,238.16205,482,,,,,,
,,,,,391815,240.2884,256,,,,,,
,,,,,392000,,,15.166881561279297,53.195491790771484,53.90830993652344,44.62831115722656,0.02,0.003
,,,,,392084,218.69916,269,,,,,,
,,,,,392791,243.09087,707,,,,,,
,,,,,393000,,,9.464219093322754,61.35227966308594,61.65283966064453,21.912954330444336,0.02,0.003
,,,,,393140,254.58961,349,,,,,,
,,,,,393473,265.6416,333,,,,,,
,,,,,393845,266.45535,372,,,,,,
,,,,,394000,,,9.674335479736328,60.75009536743164,60.764251708984375,53.133811950683594,0.02,0.003
,,,,,394141,260.1186,296,,,,,,
,,,,,394513,-234.1329,372,,,,,,
,,,,,394791,278.5522,278,,,,,,
,,,,,395000,,,6.947770118713379,56.76171875,56.45414352416992,23.747522354125977,0.02,0.003
,,,,,395053,252.50089,262,,,,,,
,,,,,395501,227.18776,448,,,,,,
,,,,,396000,,,9.299761772155762,53.59034729003906,53.370635986328125,32.2598991394043,0.02,0.003
,,,,,396170,246.30501,669,,,,,,
,,,,,396478,255.05005,308,,,,,,
,,,,,397000,,,8.947912216186523,52.05681228637695,53.21390151977539,54.636940002441406,0.02,0.003
,,,,,397252,245.69054,774,,,,,,
,,,,,397358,-24.665985,106,,,,,,
,,,,,397859,258.18237,501,,,,,,
,,,,,398000,,,14.618539810180664,65.52558135986328,65.38493347167969,37.25483322143555,0.02,0.003
,,,,,398583,206.30685,724,,,,,,
,,,,,398879,257.2555,296,,,,,,
,,,,,399000,,,10.67248821258545,64.877197265625,65.18142700195312,33.3900146484375,0.02,0.003
,,,,,399088,241.82617,209,,,,,,
,,,,,399446,257.72998,358,,,,,,
,,,,,399812,290.12042,366,,,,,,
107.2973,114.19946,213.7666,-108.893166,261.6,400000,,,8.24472427368164,58.11964416503906,58.115997314453125,41.60251998901367,0.02,0.003
,,,,,400228,203.55685,416,,,,,,
,,,,,400505,274.46765,277,,,,,,
,,,,,401000,,,5.954731464385986,60.271636962890625,60.31728744506836,16.853689193725586,0.02,0.003
,,,,,401131,291.3579,626,,,,,,
,,,,,401428,232.38141,297,,,,,,
,,,,,401784,236.2485,356,,,,,,
,,,,,402000,,,13.117924690246582,61.52955627441406,61.733665466308594,54.16197967529297,0.02,0.003
,,,,,402001,222.4649,217,,,,,,
,,,,,403000,,,20.99869155883789,59.80693054199219,59.321533203125,120.35530090332031,0.02,0.003
,,,,,403001,34.69053,1000,,,,,,
,,,,,404000,,,22.906322479248047,58.37831115722656,58.22242736816406,33.009639739990234,0.02,0.003
,,,,,404001,-90.62126,1000,,,,,,
,,,,,404425,242.47783,424,,,,,,
,,,,,404788,273.6086,363,,,,,,
,,,,,405000,,,47.04218673706055,67.75059509277344,68.9063720703125,48.29875946044922,0.02,0.003
,,,,,405239,219.75183,451,,,,,,
,,,,,405580,269.86618,341,,,,,,
,,,,,405920,204.40607,340,,,,,,
,,,,,406000,,,14.928926467895508,58.239803314208984,58.253700256347656,33.33101272583008,0.02,0.003
,,,,,406866,201.60104,946,,,,,,
,,,,,407000,,,3.773669719696045,66.96029663085938,66.80220031738281,13.96084213256836,0.02,0.003
,,,,,407444,178.30368,578,,,,,,
,,,,,407865,265.15698,421,,,,,,
,,,,,408000,,,7.778312683105469,56.658050537109375,56.62097930908203,24.702404022216797,0.02,0.003
,,,,,408159,230.33656,294,,,,,,
,,,,,408946,251.76173,787,,,,,,
,,,,,409000,,,9.689752578735352,59.78245162963867,59.60150909423828,41.300724029541016,0.02,0.003
,,,,,409946,139.06337,1000,,,,,,
20.113796,177.22438,268.97565,-318.11856,720.3,410000,,,19.073814392089844,59.681495666503906,58.57378387451172,64.517333984375,0.02,0.003
,,,,,410142,212.1325,196,,,,,,
,,,,,410600,264.2727,458,,,,,,
,,,,,410863,260.77014,263,,,,,,
,,,,,411000,,,9.378623008728027,60.27669143676758,60.097434997558594,27.509492874145508,0.02,0.003
,,,,,411194,247.55742,331,,,,,,
,,,,,411810,-227.77516,616,,,,,,
,,,,,412000,,,19.66555404663086,43.62340545654297,43.76496887207031,40.90135192871094,0.02,0.003
,,,,,412539,216.27896,729,,,,,,
,,,,,413000,,,8.082206726074219,49.68125915527344,49.87061309814453,18.132253646850586,0.02,0.003
,,,,,413539,-103.66914,1000,,,,,,
,,,,,414000,,,16.4365177154541,66.29969024658203,65.72510528564453,56.7137565612793,0.02,0.003
,,,,,414539,109.72636,1000,,,,,,
,,,,,414889,200.70844,350,,,,,,
,,,,,414995,-54.535183,106,,,,,,
,,,,,415000,,,265.4056701660156,56.05329895019531,53.891876220703125,68.7645492553711,0.02,0.003
,,,,,415769,240.48972,774,,,,,,
,,,,,416000,,,15.556342124938965,65.96746826171875,66.38221740722656,28.88296890258789,0.02,0.003
,,,,,416360,182.75383,591,,,,,,
,,,,,417000,,,8.932323455810547,56.227996826171875,56.62656021118164,29.838542938232422,0.02,0.003
,,,,,417360,75.42772,1000,,,,,,
,,,,,417678,287.2085,318,,,,,,
,,,,,418000,,,22.436386108398438,53.304969787597656,53.9954833984375,38.77219772338867,0.02,0.003
,,,,,418001,253.40837,323,,,,,,
,,,,,418371,241.4183,370,,,,,,
,,,,,419000,,,15.087621688842773,51.24808883666992,51.01641082763672,43.89970779418945,0.02,0.003
,,,,,419178,79.06374,807,,,,,,
,,,,,419633,239.57942,455,,,,,,
,,,,,419856,267.29434,223,,,,,,
141.99272,105.28081,287.25702,-47.701485,372.8,420000,,,10.656073570251465,53.14374923706055,52.13438415527344,32.19304275512695,0.02,0.003
,,,,,420183,288.26294,327,,,,,,
,,,,,420419,234.14899,236,,,,,,
,,,,,420735,262.80536,316,,,,,,
,,,,,421000,,,9.444400787353516,65.69985961914062,65.66744995117188,28.564756393432617,0.02,0.003
,,,,,421207,272.62006,472,,,,,,
,,,,,421601,264.576,394,,,,,,
,,,,,422000,,,15.063161849975586,52.620849609375,51.88102722167969,39.10066604614258,0.02,0.003
,,,,,422155,-97.72456,554,,,,,,
,,,,,422974,241.87851,819,,,,,,
,,,,,423000,,,33.146453857421875,65.37349700927734,64.75228881835938,57.7003288269043,0.02,0.003
,,,,,423468,-33.797844,494,,,,,,
,,,,,423815,285.9275,347,,,,,,
,,,,,424000,,,25.2698917388916,61.53068542480469,61.59982681274414,222.45114135742188,0.02,0.003
,,,,,424117,217.55975,302,,,,,,
,,,,,424316,-1.0654755,199,,,,,,
,,,,,424730,190.49733,414,,,,,,
,,,,,424830,46.238495,100,,,,,,
,,,,,425000,,,7.087857723236084,56.48609924316406,56.67292022705078,29.43202018737793,0.02,0.003
,,,,,425012,-35.86582,182,,,,,,
,,,,,425427,307.6181,415,,,,,,
,,,,,425682,294.05066,255,,,,,,
,,,,,425911,243.54123,229,,,,,,
,,,,,426000,,,83.0135726928711,50.74967956542969,51.69178009033203,49.191261291503906,0.02,0.003
,,,,,426172,283.38605,261,,,,,,
,,,,,426362,-6.4560776,190,,,,,,
,,,,,426710,238.73503,348,,,,,,
,,,,,427000,,,20.059720993041992,55.28425598144531,55.092376708984375,34.54695129394531,0.02,0.003
,,,,,427092,284.37482,382,,,,,,
,,,,,427387,262.07202,295,,,,,,
,,,,,427737,245.51176,350,,,,,,
,,,,,428000,,,7.047430038452148,58.82501220703125,58.684688568115234,29.082012176513672,0.02,0.003
,,,,,428001,293.6396,264,,,,,,
,,,,,428301,239.33493,300,,,,,,
,,,,,429000,,,12.647603988647461,55.042057037353516,55.09123992919922,34.06468200683594,0.02,0.003
,,,,,429075,221.82431,774,,,,,,
,,,,,429372,240.46033,297,,,,,,
,,,,,429558,34.32959,186,,,,,,
,,,,,429797,284.77133,239,,,,,,
242.38716,35.075657,287.18277,167.54256,251.8,430000,,,10.086045265197754,52.61151123046875,52.91947937011719,30.835500717163086,0.02,0.003
,,,,,430193,230.93497,396,,,,,,
,,,,,430683,255.52899,490,,,,,,
,,,,,430800,18.553482,117,,,,,,
,,,,,431000,,,25.48744773864746,53.89965057373047,53.168495178222656,89.77428436279297,0.02,0.003
,,,,,431560,241.23315,760,,,,,,
,,,,,432000,,,7.979040622711182,54.65008544921875,54.998069763183594,19.89282989501953,0.02,0.003
,,,,,432285,259.44205,725,,,,,,
,,,,,432651,208.62427,366,,,,,,
,,,,,432935,205.07721,284,,,,,,
,,,,,433000,,,147.519775390625,57.85781478881836,60.057403564453125,74.92157745361328,0.02,0.003
,,,,,433297,282.92474,362,,,,,,
,,,,,433559,-141.47556,262,,,,,,
,,,,,434000,,,5.560689449310303,57.535457611083984,57.0911750793457,26.253576278686523,0.02,0.003
,,,,,434025,286.38617,466,,,,,,
,,,,,434366,241.35774,341,,,,,,
,,,,,434506,-2.2725525,140,,,,,,
,,,,,434783,242.8325,277,,,,,,
,,,,,435000,,,6.045140743255615,58.538230895996094,58.099395751953125,21.071311950683594,0.02,0.003
,,,,,435137,200.61194,354,,,,,,
,,,,,435412,242.05641,275,,,,,,
,,,,,435898,252.48842,486,,,,,,
,,,,,436000,,,8.299833297729492,56.98225402832031,56.42864227294922,33.86934280395508,0.02,0.003
,,,,,436154,285.69922,256,,,,,,
,,,,,436685,268.3117,531,,,,,,
,,,,,436875,-33.564774,190,,,,,,
,,,,,437000,,,9.623634338378906,63.2060546875,62.93029022216797,33.79328536987305,0.02,0.003
,,,,,437136,248.28693,261,,,,,,
,,,,,437480,259.6682,344,,,,,,
,,,,,438000,,,12.060789108276367,64.49079895019531,64.98591613769531,46.88857650756836,0.02,0.003
,,,,,438014,258.56662,534,,,,,,
,,,,,438784,227.61255,770,,,,,,
,,,,,438980,292.93585,196,,,,,,
,,,,,439000,,,9.569393157958984,55.5523681640625,54.76476287841797,25.37867546081543,0.02,0.003
,,,,,439306,270.4717,326,,,,,,
,,,,,439814,250.4092,508,,,,,,
138.61209,161.22609,287.61258,-187.44083,335.5,440000,,,79.3377685546875,48.0198974609375,48.83876419067383,43.44755172729492,0.02,0.003
,,,,,440078,261.5338,264,,,,,,
,,,,,440338,238.70193,260,,,,,,
,,,,,440602,307.4002,264,,,,,,
,,,,,441000,,,73.33403015136719,55.09193420410156,55.75294494628906,48.014198303222656,0.02,0.003
,,,,,441134,281.28186,532,,,,,,
,,,,,441763,213.1638,629,,,,,,
,,,,,442000,,,26.513227462768555,56.502662658691406,57.04895782470703,59.945030212402344,0.02,0.003
,,,,,442120,235.05788,357,,,,,,
,,,,,442461,250.74506,341,,,,,,
,,,,,442675,281.60498,214,,,,,,
,,,,,443000,,,21.249338150024414,53.18840026855469,53.22551727294922,76.28546142578125,0.02,0.003
,,,,,443220,247.7228,545,,,,,,
,,,,,443380,45.52173,160,,,,,,
,,,,,444000,,,12.017181396484375,57.94104766845703,58.49400329589844,30.417287826538086,0.02,0.003
,,,,,444119,298.3649,739,,,,,,
,,,,,444936,216.32724,817,,,,,,
,,,,,445000,,,18.52188491821289,56.75346374511719,56.689048767089844,58.06005859375,0.02,0.003
,,,,,445219,254.75346,283,,,,,,
,,,,,445541,269.1706,322,,,,,,
,,,,,445641,9.275169,100,,,,,,
,,,,,445981,278.32114,340,,,,,,
,,,,,446000,,,20.67632293701172,52.657081604003906,52.83745193481445,54.02201843261719,0.02,0.003
,,,,,446274,234.82108,293,,,,,,
,,,,,446739,244.5816,465,,,,,,
,,,,,447000,,,9.027368545532227,55.041263580322266,55.204490661621094,33.617469787597656,0.02,0.003
,,,,,447089,250.93732,350,,,,,,
,,,,,447449,246.46411,360,,,,,,
,,,,,447759,245.63254,310,,,,,,
,,,,,448000,,,9.361574172973633,63.922691345214844,63.63258361816406,33.866912841796875,0.02,0.003
,,,,,448678,245.37224,919,,,,,,
,,,,,449000,232.49585,322,,,,,,
,,,,,449000,,,135.9866943359375,63.99800491333008,62.92603302001953,87.61890411376953,0.02,0.003
,,,,,449367,232.91995,367,,,,,,
,,,,,449784,264.3434,417,,,,,,
,,,,,449995,242.79947,211,,,,,,
184.56776,62.662563,270.60837,99.59336,688.6,450000,,,9.617012023925781,54.96611022949219,54.821800231933594,62.26987838745117,0.02,0.003
,,,,,450313,231.59778,318,,,,,,
,,,,,450547,261.9899,234,,,,,,
,,,,,450972,246.5168,425,,,,,,
,,,,,451000,,,25.22441864013672,60.04682922363281,60.294776916503906,47.59541702270508,0.02,0.003
,,,,,451454,167.99713,482,,,,,,
,,,,,451777,187.14465,323,,,,,,
,,,,,452000,,,9.858196258544922,56.92369842529297,57.50330352783203,34.03121566772461,0.02,0.003
,,,,,452438,252.64857,661,,,,,,
,,,,,453000,,,205.7291259765625,50.6788444519043,49.50489044189453,231.897705078125,0.02,0.003
,,,,,453438,86.35638,1000,,,,,,
,,,,,453693,251.19452,255,,,,,,
,,,,,454000,,,8.316083908081055,59.22077178955078,59.339988708496094,25.245834350585938,0.02,0.003
,,,,,454151,279.98233,458,,,,,,
,,,,,454624,207.0267,473,,,,,,
,,,,,455000,,,35.344970703125,63.12208938598633,61.80644607543945,69.1978988647461,0.02,0.003
,,,,,455373,258.69012,749,,,,,,
,,,,,455625,270.8405,252,,,,,,
,,,,,455931,286.20587,306,,,,,,
,,,,,456000,,,6.833303451538086,63.710628509521484,63.882720947265625,23.419065475463867,0.02,0.003
,,,,,456161,268.00745,230,,,,,,
,,,,,456260,20.765999,99,,,,,,
,,,,,456504,278.08356,244,,,,,,
,,,,,456998,164.97952,494,,,,,,
,,,,,457000,,,13.96890926361084,60.12042236328125,60.533714294433594,18.968019485473633,0.02,0.003
,,,,,457231,264.63916,233,,,,,,
,,,,,457656,222.42963,425,,,,,,
,,,,,457925,256.96497,269,,,,,,
,,,,,458000,,,15.969500541687012,58.50316619873047,58.22763442993164,29.792829513549805,0.02,0.003
,,,,,458250,166.51358,325,,,,,,
,,,,,458505,285.44473,255,,,,,,
,,,,,458921,243.4471,416,,,,,,
,,,,,459000,,,13.867201805114746,49.82969665527344,50.17530059814453,40.269737243652344,0.02,0.003
,,,,,459308,279.8223,387,,,,,,
,,,,,459602,278.02582,294,,,,,,
,,,,,459841,265.48682,239,,,,,,
259.96982,33.644184,302.1178,198.48265,242.6,460000,,,121.29273986816406,63.940277099609375,66.1374282836914,56.66169357299805,0.02,0.003
,,,,,460083,276.3815,242,,,,,,
,,,,,460408,298.5857,325,,,,,,
,,,,,460661,278.95566,253,,,,,,
,,,,,460966,165.7313,305,,,,,,
,,,,,461000,,,32.00032424926758,47.82118606567383,47.971229553222656,52.00255584716797,0.02,0.003
,,,,,461452,285.27826,486,,,,,,
,,,,,461999,268.59143,547,,,,,,
,,,,,462000,,,4.845264434814453,54.880271911621094,54.822052001953125,10.151573181152344,0.02,0.003
,,,,,462332,291.3911,333,,,,,,
,,,,,462699,307.76642,367,,,,,,
,,,,,462939,260.31622,240,,,,,,
,,,,,463000,,,9.149301528930664,55.48724365234375,54.95576095581055,25.200977325439453,0.02,0.003
,,,,,463549,298.3777,610,,,,,,
,,,,,464000,,,78.57830047607422,54.60671615600586,55.411354064941406,41.471160888671875,0.02,0.003
,,,,,464323,244.74336,774,,,,,,
,,,,,464728,169.23651,405,,,,,,
,,,,,465000,,,8.77894401550293,48.28801727294922,48.25764465332031,20.17767906188965,0.02,0.003
,,,,,465048,275.7602,320,,,,,,
,,,,,465571,234.23196,523,,,,,,
,,,,,466000,,,212.9544219970703,51.81526184082031,50.1750602722168,189.7401580810547,0.02,0.003
,,,,,466229,271.96088,658,,,,,,
,,,,,466539,255.78569,310,,,,,,
,,,,,467000,,,12.804620742797852,54.917442321777344,54.70163345336914,32.88828659057617,0.02,0.003
,,,,,467125,282.61078,586,,,,,,
,,,,,467227,58.7787,102,,,,,,
,,,,,467470,280.8478,243,,,,,,
,,,,,467828,234.11935,358,,,,,,
,,,,,468000,,,14.801329612731934,50.32149124145508,51.14653778076172,35.110897064208984,0.02,0.003
,,,,,468088,273.82654,260,,,,,,
,,,,,468748,177.90492,660,,,,,,
,,,,,469000,,,9.051382064819336,56.35291290283203,56.77665710449219,16.737661361694336,0.02,0.003
,,,,,469022,242.30899,274,,,,,,
,,,,,469623,247.32271,601,,,,,,
88.057915,149.21811,236.0291,-190.46075,468.2,470000,,,8.492903709411621,57.45943069458008,57.780250549316406,22.45911407470703,0.02,0.003
,,,,,470446,172.36087,823,,,,,,
,,,,,470783,244.2527,337,,,,,,
,,,,,471000,,,12.869797706604004,53.584922790527344,52.92584991455078,44.00557327270508,0.02,0.003
,,,,,471267,279.08026,484,,,,,,
,,,,,471515,226.61307,248,,,,,,
,,,,,471964,270.84366,449,,,,,,
,,,,,472000,,,5.365296363830566,58.472171783447266,57.7833366394043,25.401390075683594,0.02,0.003
,,,,,472557,249.07663,593,,,,,,
,,,,,473000,,,6.965826511383057,56.94295883178711,57.13655090332031,30.698335647583008,0.02,0.003
,,,,,473268,241.05597,711,,,,,,
,,,,,473512,256.55328,244,,,,,,
,,,,,473862,265.5669,350,,,,,,
,,,,,474000,,,8.810823440551758,48.75248718261719,48.70509719848633,39.74299240112305,0.02,0.003
,,,,,474024,239.0701,162,,,,,,
,,,,,474422,276.8333,398,,,,,,
,,,,,474764,243.75844,342,,,,,,
,,,,,474973,278.89447,209,,,,,,
,,,,,475000,,,12.894947052001953,54.44997787475586,53.98085021972656,50.469017028808594,0.02,0.003
,,,,,475163,245.77661,190,,,,,,
,,,,,475463,258.4485,300,,,,,,
,,,,,476000,,,6.12263822555542,49.441471099853516,49.26658248901367,22.35845375061035,0.02,0.003
,,,,,476009,253.36893,546,,,,,,
,,,,,476503,172.21295,494,,,,,,
,,,,,476716,286.0307,213,,,,,,
,,,,,477000,,,6.3782854080200195,53.34228515625,53.45746612548828,26.927722930908203,0.02,0.003
,,,,,477338,175.8373,622,,,,,,
,,,,,477589,244.48447,251,,,,,,
,,,,,477851,246.73921,262,,,,,,
,,,,,478000,,,4.106322288513184,53.545654296875,53.63661193847656,17.02030372619629,0.02,0.003
,,,,,478092,249.95192,241,,,,,,
,,,,,478235,224.56783,143,,,,,,
,,,,,478505,261.93283,270,,,,,,
,,,,,478718,274.8111,213,,,,,,
,,,,,479000,,,5.433916091918945,52.854557037353516,53.237266540527344,23.566919326782227,0.02,0.003
,,,,,479121,216.3455,403,,,,,,
,,,,,479417,285.24646,296,,,,,,
,,,,,479721,282.69098,304,,,,,,
211.69604,74.42987,291.03668,8.846024,324.1,480000,,,17.104856491088867,51.689998626708984,51.7794189453125,73.7125015258789,0.02,0.003
,,,,,480133,244.60663,412,,,,,,
,,,,,480301,261.6615,168,,,,,,
,,,,,480587,275.88727,286,,,,,,
,,,,,481000,,,6.7294158935546875,52.97106170654297,52.74016571044922,24.924339294433594,0.02,0.003
,,,,,481067,206.20197,480,,,,,,
,,,,,481278,270.56567,211,,,,,,
,,,,,481524,252.59631,246,,,,,,
,,,,,481919,252.0598,395,,,,,,
,,,,,482000,,,9.015363693237305,55.54536437988281,56.05689239501953,35.907936096191406,0.02,0.003
,,,,,482210,257.59335,291,,,,,,
,,,,,482447,260.6306,237,,,,,,
,,,,,483000,,,7.626007080078125,56.85018539428711,56.73680114746094,22.75517463684082,0.02,0.003
,,,,,483236,255.36078,789,,,,,,
,,,,,483728,288.76648,492,,,,,,
,,,,,484000,,,14.156339645385742,41.29737091064453,41.52616882324219,32.28216552734375,0.02,0.003
,,,,,484037,246.32191,309,,,,,,
,,,,,484357,285.84644,320,,,,,,
,,,,,484845,253.77827,488,,,,,,
,,,,,485000,,,28.83449363708496,58.482704162597656,57.74437713623047,66.80298614501953,0.02,0.003
,,,,,485297,286.1825,452,,,,,,
,,,,,485569,304.86493,272,,,,,,
,,,,,486000,,,12.959285736083984,50.274070739746094,50.095115661621094,25.474245071411133,0.02,0.003
,,,,,486025,286.37402,456,,,,,,
,,,,,486323,282.39734,298,,,,,,
,,,,,486506,274.78424,183,,,,,,
,,,,,486973,298.86517,467,,,,,,
,,,,,487000,,,5.526838302612305,52.200904846191406,52.217594146728516,20.58385467529297,0.02,0.003
,,,,,487242,159.65479,269,,,,,,
,,,,,487837,262.5688,595,,,,,,
,,,,,488000,,,9.530824661254883,54.0041618347168,53.937538146972656,18.34471893310547,0.02,0.003
,,,,,488579,216.38962,742,,,,,,
,,,,,489000,,,9.241146087646484,56.990753173828125,56.22749328613281,39.40167999267578,0.02,0.003
,,,,,489224,235.84683,645,,,,,,
,,,,,489339,-1.8569794,115,,,,,,
,,,,,489688,268.18967,349,,,,,,
147.39624,131.65265,287.00378,-98.392784,462.9,490000,,,8.906009674072266,59.1884765625,59.57643508911133,29.320405960083008,0.02,0.003
,,,,,490091,217.15619,403,,,,,,
,,,,,490360,270.623,269,,,,,,
,,,,,490792,278.26324,432,,,,,,
,,,,,491000,,,21.32223892211914,48.8895263671875,47.997955322265625,45.907554626464844,0.02,0.003
,,,,,491792,149.45723,1000,,,,,,
,,,,,492000,,,157.40371704101562,51.699607849121094,50.48197937011719,79.37957000732422,0.02,0.003
,,,,,492123,287.69354,331,,,,,,
,,,,,492648,191.77243,525,,,,,,
,,,,,493000,,,7.661665916442871,52.60295104980469,52.221946716308594,19.93116569519043,0.02,0.003
,,,,,493024,262.85513,376,,,,,,
,,,,,493711,227.1317,687,,,,,,
,,,,,493947,244.68947,236,,,,,,
,,,,,494000,,,12.73898696899414,53.88444137573242,53.244972229003906,33.55791473388672,0.02,0.003
,,,,,494573,227.74548,626,,,,,,
,,,,,495000,,,11.375917434692383,50.111454010009766,49.606998443603516,28.009706497192383,0.02,0.003
,,,,,495201,211.36371,628,,,,,,
,,,,,495450,257.8454,249,,,,,,
,,,,,495763,238.56093,313,,,,,,
,,,,,496000,,,21.282583236694336,50.02842712402344,48.674652099609375,109.1184310913086,0.02,0.003
,,,,,496469,241.9482,706,,,,,,
,,,,,496788,260.49005,319,,,,,,
,,,,,497000,,,9.581496238708496,50.34437561035156,50.634803771972656,21.132984161376953,0.02,0.003
,,,,,497244,239.66394,456,,,,,,
,,,,,497498,275.9498,254,,,,,,
,,,,,497863,169.4833,365,,,,,,
,,,,,498000,,,12.846915245056152,48.847503662109375,48.72161865234375,28.29757308959961,0.02,0.003
,,,,,498093,269.92963,230,,,,,,
,,,,,498340,247.77039,247,,,,,,
,,,,,498514,-9.788086,174,,,,,,
,,,,,498763,288.8861,249,,,,,,
,,,,,499000,,,86.26092529296875,51.415863037109375,52.61415100097656,74.90026092529297,0.02,0.003
,,,,,499003,277.7517,240,,,,,,
,,,,,499409,255.0075,406,,,,,,
,,,,,499689,273.89893,280,,,,,,
