Eval_AverageReturn,Eval_StdReturn,Eval_MaxReturn,Eval_MinReturn,Eval_AverageEpLen,step,Train_EpisodeReturn,Train_EpisodeLen,actor_loss,entropy,critic_loss,q_values,target_values,alpha,alpha_loss,actor_lr,critic_lr,temperature
-232.32625,52.003036,-117.30666,-305.62314,1000.0,0,,,,,,,,,,,,
,,,,,999,-302.97305,1000,,,,,,,,,,
,,,,,1999,-295.49585,1000,,,,,,,,,,
,,,,,2999,-209.14624,1000,,,,,,,,,,
,,,,,3999,-332.95453,1000,,,,,,,,,,
,,,,,4999,-159.98828,1000,,,,,,,,,,
-215.9891,51.59103,-154.47374,-334.3131,1000.0,5000,,,,,,,,,,,,
,,,,,5999,-228.88898,1000,,,,,,,,,,
,,,,,6999,-238.51324,1000,,,,,,,,,,
,,,,,7999,-207.7309,1000,,,,,,,,,,
,,,,,8999,-127.689384,1000,,,,,,,,,,
,,,,,9999,-132.66554,1000,,,,,,,,,,
-246.95425,37.441956,-199.16624,-340.56006,1000.0,10000,,,-0.3534916341304779,3.7556910514831543,0.4591463506221771,-0.014437040314078331,0.05032557621598244,0.10000000149011612,0.9682196378707886,0.0003,0.0003,0.09999001026153564
,,,,,10999,-191.49847,1000,,,,,,,,,,
,,,,,11000,,,-2.3720383644104004,2.1066842079162598,0.4472663402557373,1.6396794319152832,1.5915372371673584,0.09077849984169006,0.7451800107955933,0.0003,0.0003,0.09077008813619614
,,,,,11999,-234.43379,1000,,,,,,,,,,
,,,,,12000,,,-3.7827045917510986,2.6947834491729736,0.6419684290885925,3.2809300422668457,3.2850887775421143,0.08254820853471756,0.7157022953033447,0.0003,0.0003,0.0825403556227684
,,,,,12999,-281.665,1000,,,,,,,,,,
,,,,,13000,,,-5.229891777038574,1.8012869358062744,0.7525663375854492,4.531355857849121,4.6357831954956055,0.07539726048707962,0.5868191123008728,0.0003,0.0003,0.07539079338312149
,,,,,13999,-226.4208,1000,,,,,,,,,,
,,,,,14000,,,-7.537487983703613,0.9036812782287598,0.8228731155395508,6.699775695800781,6.881658554077148,0.06924690306186676,0.4896343946456909,0.0003,0.0003,0.06924106180667877
,,,,,14999,-178.62688,1000,,,,,,,,,,
-151.0677,15.678207,-125.827034,-176.5134,1000.0,15000,,,-9.71091365814209,0.6554037928581238,0.5159963369369507,8.801273345947266,8.788333892822266,0.06362343579530716,0.42831748723983765,0.0003,0.0003,0.06361797451972961
,,,,,15999,-109.35363,1000,,,,,,,,,,
,,,,,16000,,,-12.221497535705566,0.5216876268386841,0.3384242355823517,11.267709732055664,11.332878112792969,0.058340054005384445,0.37032246589660645,0.0003,0.0003,0.0583350732922554
,,,,,16999,-80.28131,1000,,,,,,,,,,
,,,,,17000,,,-12.96915054321289,0.6601347327232361,0.4668041169643402,12.280619621276855,12.218268394470215,0.05340035632252693,0.34762561321258545,0.0003,0.0003,0.05339561775326729
,,,,,17999,916.97235,1000,,,,,,,,,,
,,,,,18000,,,-14.013482093811035,0.3661925792694092,0.48975539207458496,13.37937068939209,13.44845199584961,0.04889867454767227,0.30915212631225586,0.0003,0.0003,0.0488944947719574
,,,,,18999,116.098915,1000,,,,,,,,,,
,,,,,19000,,,-17.018495559692383,-0.4253823161125183,0.4877088963985443,16.26212501525879,16.205520629882812,0.04493416100740433,0.25744718313217163,0.0003,0.0003,0.04493040591478348
,,,,,19999,339.1935,1000,,,,,,,,,,
959.117,411.35214,1230.0577,73.46096,1000.0,20000,,,-18.405961990356445,-0.3621055483818054,0.42763274908065796,17.67087173461914,17.640480041503906,0.04138129577040672,0.22916492819786072,0.0003,0.0003,0.04137789085507393
,,,,,20999,1233.9359,1000,,,,,,,,,,
,,,,,21000,,,-22.558881759643555,-1.2400078773498535,0.4091150164604187,21.750268936157227,21.844459533691406,0.038165152072906494,0.18199220299720764,0.0003,0.0003,0.03816214203834534
,,,,,21999,1407.6724,1000,,,,,,,,,,
,,,,,22000,,,-26.485279083251953,-2.156123161315918,0.3619346618652344,25.526533126831055,25.615455627441406,0.03528278321027756,0.13255155086517334,0.0003,0.0003,0.035280026495456696
,,,,,22999,1575.9489,1000,,,,,,,,,,
,,,,,23000,,,-29.19778060913086,-2.858318328857422,0.38217416405677795,28.307754516601562,28.267154693603516,0.032703518867492676,0.11119381338357925,0.0003,0.0003,0.03270115703344345
,,,,,23999,1724.1141,1000,,,,,,,,,,
,,,,,24000,,,-34.573890686035156,-3.843137264251709,0.5142912864685059,33.57225036621094,33.78882598876953,0.030521893873810768,0.06850078701972961,0.0003,0.0003,0.03052002564072609
,,,,,24999,1899.4625,1000,,,,,,,,,,
1820.9827,387.6906,2006.8485,664.1186,1000.0,25000,,,-42.17009735107422,-4.028043270111084,0.4685574173927307,41.05132293701172,41.203433990478516,0.028878305107355118,0.055440738797187805,0.0003,0.0003,0.02887691557407379
,,,,,25999,1991.3119,1000,,,,,,,,,,
,,,,,26000,,,-46.67103958129883,-5.472805023193359,0.44857221841812134,45.430755615234375,45.57036209106445,0.027795890346169472,0.02285344898700714,0.0003,0.0003,0.027795134112238884
,,,,,26999,2061.8096,1000,,,,,,,,,,
,,,,,27000,,,-52.7406005859375,-5.87570858001709,0.4641858637332916,51.49932861328125,51.44013977050781,0.02684720605611801,0.01265781745314598,0.0003,0.0003,0.026846228167414665
,,,,,27999,2226.4744,1000,,,,,,,,,,
,,,,,28000,,,-56.621334075927734,-5.451003551483154,0.41498303413391113,55.48347473144531,55.44819641113281,0.025899453088641167,0.015805557370185852,0.0003,0.0003,0.025898706167936325
,,,,,28999,2350.0732,1000,,,,,,,,,,
,,,,,29000,,,-64.46200561523438,-5.938218116760254,0.4104193449020386,63.261749267578125,63.24632263183594,0.025504307821393013,0.0007383548654615879,0.0003,0.0003,0.02550395019352436
,,,,,29999,2386.1514,1000,,,,,,,,,,
2602.6665,44.26551,2650.7585,2503.2983,1000.0,30000,,,-73.05097198486328,-6.18063497543335,0.4149966835975647,71.7489013671875,71.82026672363281,0.025597665458917618,0.0009770533069968224,0.0003,0.0003,0.025598226115107536
,,,,,30999,2614.114,1000,,,,,,,,,,
,,,,,31000,,,-80.29322814941406,-6.491614818572998,0.3162098526954651,78.93864440917969,78.94351959228516,0.026976386085152626,-0.012111151590943336,0.0003,0.0003,0.026978874579072
,,,,,31999,2705.6133,1000,,,,,,,,,,
,,,,,32000,,,-85.51102447509766,-5.903167247772217,0.47722214460372925,84.08984375,84.1432113647461,0.02883194573223591,0.001233719289302826,0.0003,0.0003,0.02883378602564335
,,,,,32999,2864.5908,1000,,,,,,,,,,
,,,,,33000,,,-95.48393249511719,-5.827009201049805,0.4805223345756531,94.15350341796875,94.12078857421875,0.03039681911468506,-0.0008681523613631725,0.0003,0.0003,0.03039821796119213
,,,,,33999,2882.4563,1000,,,,,,,,,,
,,,,,34000,,,-99.73567962646484,-5.898388385772705,0.5430543422698975,98.25789642333984,98.42461395263672,0.03188764676451683,0.0002119150012731552,0.0003,0.0003,0.031888801604509354
,,,,,34999,2902.598,1000,,,,,,,,,,
1573.0146,1246.967,2943.495,-14.737612,1000.0,35000,,,-106.28392791748047,-6.13667106628418,0.5054135918617249,104.83045959472656,104.86572265625,0.03328106552362442,-0.008066285401582718,0.0003,0.0003,0.033282969146966934
,,,,,35999,2889.9175,1000,,,,,,,,,,
,,,,,36000,,,-112.68553924560547,-5.917839050292969,0.4547761082649231,111.31094360351562,111.36571502685547,0.03435877710580826,0.0031312014907598495,0.0003,0.0003,0.034360166639089584
,,,,,36999,2922.398,1000,,,,,,,,,,
,,,,,37000,,,-121.80340576171875,-6.25028657913208,0.5606812834739685,120.41059875488281,120.50269317626953,0.035133592784404755,-0.008952835574746132,0.0003,0.0003,0.03513257950544357
,,,,,37999,887.1292,1000,,,,,,,,,,
,,,,,38000,,,-125.46337890625,-5.346252918243408,0.5710592269897461,124.1513442993164,124.24949645996094,0.03437238559126854,0.02970871888101101,0.0003,0.0003,0.03436749428510666
,,,,,38999,2869.7588,1000,,,,,,,,,,
,,,,,39000,,,-133.5238037109375,-5.602905750274658,0.5254075527191162,132.12811279296875,132.20700073242188,0.030920762568712234,0.012842610478401184,0.0003,0.0003,0.030918551608920097
,,,,,39999,2655.7444,1000,,,,,,,,,,
2773.0125,232.95267,2989.8547,2279.215,1000.0,40000,,,-135.8305206298828,-5.706362247467041,0.5118522047996521,134.6738739013672,134.67745971679688,0.029496407136321068,0.012728765606880188,0.0003,0.0003,0.029496103525161743
,,,,,40999,2840.914,1000,,,,,,,,,,
,,,,,41000,,,-141.9107208251953,-5.7770094871521,0.5509049892425537,140.74954223632812,140.81158447265625,0.029515394940972328,-0.0021062279120087624,0.0003,0.0003,0.029516343027353287
,,,,,41999,2918.5154,1000,,,,,,,,,,
,,,,,42000,,,-147.74290466308594,-6.179553031921387,0.6440954804420471,146.80699157714844,146.71287536621094,0.03103778511285782,-0.002474087756127119,0.0003,0.0003,0.031041383743286133
,,,,,42999,3026.9229,1000,,,,,,,,,,
,,,,,43000,,,-151.44073486328125,-6.03584098815918,0.5333098769187927,150.2515869140625,150.29025268554688,0.03252960741519928,0.0010457300813868642,0.0003,0.0003,0.032530784606933594
,,,,,43999,2932.252,1000,,,,,,,,,,
,,,,,44000,,,-155.02536010742188,-6.578882217407227,0.8782961964607239,153.646240234375,153.6955108642578,0.034507811069488525,-0.011113272979855537,0.0003,0.0003,0.03450969606637955
,,,,,44999,2975.748,1000,,,,,,,,,,
3056.2996,38.20656,3100.699,2956.8481,1000.0,45000,,,-161.61122131347656,-6.248550891876221,0.6835179328918457,160.23399353027344,160.17405700683594,0.03614874929189682,-0.015877695754170418,0.0003,0.0003,0.03614961355924606
,,,,,45999,3008.6763,1000,,,,,,,,,,
,,,,,46000,,,-169.32284545898438,-6.375759124755859,0.7984319925308228,167.8460693359375,167.80438232421875,0.03765016421675682,-0.00874764658510685,0.0003,0.0003,0.03765076398849487
,,,,,46999,3077.0542,1000,,,,,,,,,,
,,,,,47000,,,-173.37109375,-6.774955749511719,1.1289863586425781,171.5793914794922,171.63058471679688,0.04156266897916794,-0.024476079270243645,0.0003,0.0003,0.04156644269824028
,,,,,47999,2981.6187,1000,,,,,,,,,,
,,,,,48000,,,-182.43516540527344,-5.94647216796875,0.7546807527542114,181.20278930664062,181.14627075195312,0.0421614907681942,0.025690656155347824,0.0003,0.0003,0.0421588234603405
,,,,,48999,3155.9202,1000,,,,,,,,,,
,,,,,49000,,,-186.0408172607422,-5.574501037597656,0.5698075890541077,184.75738525390625,184.62301635742188,0.03992386534810066,0.028437841683626175,0.0003,0.0003,0.03991959989070892
,,,,,49999,3170.6929,1000,,,,,,,,,,
3211.5989,31.312809,3256.9402,3163.8047,1000.0,50000,,,-190.66708374023438,-5.912032604217529,0.522166907787323,189.2705535888672,189.32666015625,0.03828021511435509,0.007030902896076441,0.0003,0.0003,0.03827962279319763
,,,,,50999,3193.715,1000,,,,,,,,,,
,,,,,51000,,,-193.8265838623047,-6.3189802169799805,0.8040430545806885,192.21749877929688,192.34312438964844,0.03837450593709946,0.000609295442700386,0.0003,0.0003,0.0383751317858696
,,,,,51999,3260.2563,1000,,,,,,,,,,
,,,,,52000,,,-200.72291564941406,-6.262720584869385,0.5624852180480957,199.3319091796875,199.23760986328125,0.03958991542458534,-0.010905373841524124,0.0003,0.0003,0.03959155082702637
,,,,,52999,3249.6702,1000,,,,,,,,,,
,,,,,53000,,,-206.94091796875,-5.593819618225098,0.6194515228271484,205.69985961914062,205.72085571289062,0.041156068444252014,0.010796098038554192,0.0003,0.0003,0.041156232357025146
,,,,,53999,3363.2947,1000,,,,,,,,,,
,,,,,54000,,,-210.14418029785156,-6.105071067810059,0.6757234334945679,208.70468139648438,208.69447326660156,0.04160155728459358,-0.014793290756642818,0.0003,0.0003,0.041600774973630905
,,,,,54999,3383.0432,1000,,,,,,,,,,
3380.9382,17.35394,3406.8787,3353.9944,1000.0,55000,,,-216.17300415039062,-5.72885799407959,0.6279665231704712,214.73760986328125,214.70526123046875,0.04189217463135719,0.005839875433593988,0.0003,0.0003,0.04189117252826691
,,,,,55999,3418.1785,1000,,,,,,,,,,
,,,,,56000,,,-217.89389038085938,-6.085614204406738,0.7200542688369751,216.49179077148438,216.52999877929688,0.04211122542619705,0.0015439039561897516,0.0003,0.0003,0.04211196303367615
,,,,,56999,3450.4856,1000,,,,,,,,,,
,,,,,57000,,,-224.04286193847656,-6.381932258605957,0.613832950592041,222.91522216796875,223.0482177734375,0.04238199442625046,-0.015543490648269653,0.0003,0.0003,0.04238373041152954
,,,,,57999,3440.0422,1000,,,,,,,,,,
,,,,,58000,,,-231.5552978515625,-5.984411716461182,0.6035138368606567,230.3045654296875,230.27423095703125,0.043232083320617676,0.0034962277859449387,0.0003,0.0003,0.04323384538292885
,,,,,58999,3439.4307,1000,,,,,,,,,,
,,,,,59000,,,-234.7791290283203,-6.213566303253174,0.39873743057250977,233.49583435058594,233.4856719970703,0.044252436608076096,-0.013721631839871407,0.0003,0.0003,0.04425334185361862
,,,,,59999,3532.2053,1000,,,,,,,,,,
3538.9624,22.398846,3572.3486,3496.2756,1000.0,60000,,,-237.93629455566406,-6.487214088439941,0.45977264642715454,236.67323303222656,236.67626953125,0.045115139335393906,-0.025894800201058388,0.0003,0.0003,0.04511816054582596
,,,,,60999,3577.4963,1000,,,,,,,,,,
,,,,,61000,,,-237.13836669921875,-6.078603744506836,0.4615185260772705,235.896240234375,235.81072998046875,0.04579305276274681,-0.0073138875886797905,0.0003,0.0003,0.04579300805926323
,,,,,61999,3569.0466,1000,,,,,,,,,,
,,,,,62000,,,-240.23057556152344,-5.905120849609375,0.5594366192817688,238.89645385742188,238.75794982910156,0.04667536914348602,-0.002198066096752882,0.0003,0.0003,0.046675436198711395
,,,,,62999,3602.5166,1000,,,,,,,,,,
,,,,,63000,,,-249.8712158203125,-6.0907206535339355,0.4891223907470703,248.62762451171875,248.60853576660156,0.047278352081775665,-0.012605171650648117,0.0003,0.0003,0.04727768898010254
,,,,,63999,3638.564,1000,,,,,,,,,,
,,,,,64000,,,-252.21751403808594,-5.904055595397949,0.46579375863075256,251.01358032226562,251.0589599609375,0.04829490929841995,0.017651991918683052,0.0003,0.0003,0.04829542711377144
,,,,,64999,2890.2007,1000,,,,,,,,,,
3647.8438,23.138725,3686.0903,3601.4707,1000.0,65000,,,-254.2977752685547,-5.807455062866211,0.6246510744094849,253.02801513671875,253.12908935546875,0.047602370381355286,0.012132560834288597,0.0003,0.0003,0.04759800061583519
,,,,,65999,3627.083,1000,,,,,,,,,,
,,,,,66000,,,-257.9407653808594,-5.9669904708862305,0.5049817562103271,256.8651123046875,256.8826904296875,0.044633712619543076,0.0012207417748868465,0.0003,0.0003,0.04463094845414162
,,,,,66999,3621.4285,1000,,,,,,,,,,
,,,,,67000,,,-263.8580627441406,-6.126702785491943,0.47417348623275757,262.79119873046875,262.6956787109375,0.0430297926068306,-0.010592116042971611,0.0003,0.0003,0.04303013160824776
,,,,,67999,3641.197,1000,,,,,,,,,,
,,,,,68000,,,-259.3791809082031,-5.889625549316406,1.0111829042434692,258.3408508300781,258.2773132324219,0.043789561837911606,-0.0018791696056723595,0.0003,0.0003,0.043789926916360855
,,,,,68999,3726.1306,1000,,,,,,,,,,
,,,,,69000,,,-266.4349670410156,-6.3352766036987305,0.5827735662460327,265.43194580078125,265.4216613769531,0.044207409024238586,-0.0018196525052189827,0.0003,0.0003,0.04420660808682442
,,,,,69999,3701.1675,1000,,,,,,,,,,
3749.2688,27.783367,3785.6912,3695.651,1000.0,70000,,,-271.5577087402344,-6.438549041748047,0.4617839753627777,270.60040283203125,270.61181640625,0.04522255063056946,-0.015868689864873886,0.0003,0.0003,0.045226022601127625
,,,,,70999,3702.194,1000,,,,,,,,,,
,,,,,71000,,,-270.23040771484375,-5.5260210037231445,0.5829897522926331,269.05474853515625,269.16790771484375,0.047144532203674316,0.011588389053940773,0.0003,0.0003,0.04714347422122955
,,,,,71999,3788.3389,1000,,,,,,,,,,
,,,,,72000,,,-275.11431884765625,-5.911683559417725,0.6236909031867981,274.03131103515625,274.0943603515625,0.048178836703300476,0.006923291366547346,0.0003,0.0003,0.04817894846200943
,,,,,72999,3770.0945,1000,,,,,,,,,,
,,,,,73000,,,-281.7630920410156,-5.977696418762207,0.41948437690734863,280.8466796875,280.8863220214844,0.04890117421746254,0.0031384574249386787,0.0003,0.0003,0.04890195280313492
,,,,,73999,3729.3274,1000,,,,,,,,,,
,,,,,74000,,,-278.3185729980469,-6.018950462341309,0.7664947509765625,277.0169677734375,277.1329345703125,0.050512682646512985,-0.019135018810629845,0.0003,0.0003,0.05051264539361
,,,,,74999,3806.883,1000,,,,,,,,,,
3814.4058,38.739014,3864.168,3734.365,1000.0,75000,,,-286.41900634765625,-5.9661641120910645,0.5141353607177734,285.25347900390625,285.38702392578125,0.052344247698783875,-0.019536763429641724,0.0003,0.0003,0.05234462395310402
,,,,,75999,3805.9963,1000,,,,,,,,,,
,,,,,76000,,,-282.4051818847656,-6.202037811279297,0.955082356929779,281.0977478027344,281.01959228515625,0.05339895561337471,-0.002615306992083788,0.0003,0.0003,0.05340227857232094
,,,,,76999,3873.242,1000,,,,,,,,,,
,,,,,77000,,,-290.9578857421875,-6.076288223266602,0.44636332988739014,289.96002197265625,289.9144287109375,0.05321995168924332,0.0005775648169219494,0.0003,0.0003,0.053218692541122437
,,,,,77999,3874.2163,1000,,,,,,,,,,
,,,,,78000,,,-292.98919677734375,-5.779723644256592,0.5687263011932373,291.6625061035156,291.5541076660156,0.0528530590236187,0.0050153727643191814,0.0003,0.0003,0.05284975841641426
,,,,,78999,3720.8906,1000,,,,,,,,,,
,,,,,79000,,,-295.6557922363281,-5.861514091491699,0.6172916889190674,294.3297119140625,294.4892578125,0.05307716876268387,0.013196615502238274,0.0003,0.0003,0.053076885640621185
,,,,,79999,3798.9983,1000,,,,,,,,,,
3816.4536,77.74499,3923.9556,3669.3914,1000.0,80000,,,-294.17083740234375,-6.276610374450684,0.5059380531311035,293.000732421875,293.0942077636719,0.05279337614774704,-0.009839748963713646,0.0003,0.0003,0.052796248346567154
,,,,,80999,3929.4724,1000,,,,,,,,,,
,,,,,81000,,,-301.0378723144531,-5.985625267028809,0.48293358087539673,299.8396301269531,299.84075927734375,0.05235794931650162,-0.0065472181886434555,0.0003,0.0003,0.05235803499817848
,,,,,81999,3814.357,1000,,,,,,,,,,
,,,,,82000,,,-301.8262939453125,-5.849936485290527,0.4910537302494049,300.7039794921875,300.7228088378906,0.05230594798922539,-0.006022918503731489,0.0003,0.0003,0.052305471152067184
,,,,,82999,3954.3022,1000,,,,,,,,,,
,,,,,83000,,,-305.4480285644531,-6.157201290130615,0.6825046539306641,304.40191650390625,304.3167419433594,0.052592456340789795,-0.0021203579381108284,0.0003,0.0003,0.05259149149060249
,,,,,83999,3878.005,1000,,,,,,,,,,
,,,,,84000,,,-306.65985107421875,-6.225394248962402,0.6165233254432678,305.4066162109375,305.523681640625,0.05308201536536217,-0.012762714177370071,0.0003,0.0003,0.05308113992214203
,,,,,84999,3860.0774,1000,,,,,,,,,,
3440.7078,857.53955,3936.8384,1559.0829,1000.0,85000,,,-309.92303466796875,-6.337093353271484,0.6198545098304749,308.8236083984375,308.9567565917969,0.05273197218775749,-0.01206541433930397,0.0003,0.0003,0.05273132026195526
,,,,,85999,3777.9526,1000,,,,,,,,,,
,,,,,86000,,,-312.7815246582031,-6.166357040405273,0.7629126906394958,311.54217529296875,311.49493408203125,0.05197655409574509,-0.006904643960297108,0.0003,0.0003,0.05197754502296448
,,,,,86999,3977.7583,1000,,,,,,,,,,
,,,,,87000,,,-313.83221435546875,-5.879161357879639,0.5210420489311218,312.72998046875,312.72467041015625,0.0530334897339344,0.0024496950209140778,0.0003,0.0003,0.05303552374243736
,,,,,87999,3945.226,1000,,,,,,,,,,
,,,,,88000,,,-318.3254089355469,-5.988534450531006,0.6567094326019287,317.2740478515625,317.2578430175781,0.05358792841434479,0.0050939833745360374,0.0003,0.0003,0.05358942598104477
,,,,,88999,3907.2554,1000,,,,,,,,,,
,,,,,89000,,,-314.0476379394531,-6.1438798904418945,0.6324244141578674,312.5276184082031,312.5792541503906,0.05369826406240463,-0.0007688845507800579,0.0003,0.0003,0.053698472678661346
,,,,,89999,3944.9756,1000,,,,,,,,,,
3930.3784,137.77097,4024.7974,3528.1284,1000.0,90000,,,-318.54327392578125,-5.664913654327393,0.6018718481063843,317.43231201171875,317.4250793457031,0.05439716577529907,0.017535965889692307,0.0003,0.0003,0.05439694598317146
,,,,,90999,3639.599,1000,,,,,,,,,,
,,,,,91000,,,-325.32257080078125,-6.277358055114746,0.7055274844169617,324.02630615234375,324.1151123046875,0.05342474207282066,0.0021497677080333233,0.0003,0.0003,0.05342544615268707
,,,,,91999,3678.641,1000,,,,,,,,,,
,,,,,92000,,,-323.56146240234375,-5.982509613037109,0.643012285232544,322.2950744628906,322.3316650390625,0.05308409035205841,0.01946699246764183,0.0003,0.0003,0.05308296158909798
,,,,,92999,3928.261,1000,,,,,,,,,,
,,,,,93000,,,-326.4195861816406,-6.014564514160156,0.5944253206253052,325.3006286621094,325.4399719238281,0.05193619430065155,0.008716418407857418,0.0003,0.0003,0.05193430185317993
,,,,,93999,3925.2056,1000,,,,,,,,,,
,,,,,94000,,,-329.7951354980469,-6.237311363220215,0.6556377410888672,328.85546875,328.69537353515625,0.05073333904147148,-0.002382836304605007,0.0003,0.0003,0.05073275789618492
,,,,,94999,3794.8718,1000,,,,,,,,,,
4064.4097,27.489904,4108.551,4019.459,1000.0,95000,,,-330.8883056640625,-6.4528093338012695,0.6782103180885315,329.803466796875,329.94873046875,0.051129166036844254,-0.0025164284743368626,0.0003,0.0003,0.0511312410235405
,,,,,95999,4020.8818,1000,,,,,,,,,,
,,,,,96000,,,-333.5548095703125,-6.063009262084961,0.5797722339630127,332.35809326171875,332.32562255859375,0.05185437202453613,0.0019180076196789742,0.0003,0.0003,0.05185490474104881
,,,,,96999,4077.0054,1000,,,,,,,,,,
,,,,,97000,,,-334.48919677734375,-6.0484819412231445,0.48561757802963257,333.4767761230469,333.4632873535156,0.05235220864415169,0.0034987383987754583,0.0003,0.0003,0.05235244706273079
,,,,,97999,4094.9282,1000,,,,,,,,,,
,,,,,98000,,,-337.0426025390625,-6.189335823059082,0.5144221782684326,336.2073669433594,336.1160888671875,0.052328627556562424,-0.022316306829452515,0.0003,0.0003,0.05233149230480194
,,,,,98999,4154.049,1000,,,,,,,,,,
,,,,,99000,,,-335.758544921875,-6.322241306304932,0.5255727171897888,334.8050537109375,334.7654724121094,0.053544625639915466,-0.002875083824619651,0.0003,0.0003,0.05354743450880051
,,,,,99999,3952.3062,1000,,,,,,,,,,
4135.835,29.778852,4189.6523,4069.4485,1000.0,100000,,,-342.1206970214844,-6.042055130004883,0.47294437885284424,341.155029296875,341.0524597167969,0.05429217964410782,-0.018654998391866684,0.0003,0.0003,0.05429445579648018
,,,,,100999,3970.7976,1000,,,,,,,,,,
,,,,,101000,,,-342.0269775390625,-5.920170783996582,0.6398952007293701,341.089111328125,341.0111083984375,0.05487661436200142,-0.013072824105620384,0.0003,0.0003,0.05487760528922081
,,,,,101999,4207.8174,1000,,,,,,,,,,
,,,,,102000,,,-343.3380126953125,-5.435260772705078,0.5994004011154175,342.54718017578125,342.4659118652344,0.055199600756168365,0.01788240671157837,0.0003,0.0003,0.05520039051771164
,,,,,102999,4055.3394,1000,,,,,,,,,,
,,,,,103000,,,-344.1057434082031,-6.045562744140625,0.549715518951416,343.06219482421875,342.9530029296875,0.05539856478571892,-0.02599405124783516,0.0003,0.0003,0.05540000647306442
,,,,,103999,4185.6167,1000,,,,,,,,,,
,,,,,104000,,,-341.38812255859375,-6.00889778137207,0.7659988403320312,340.2230224609375,340.178466796875,0.056250039488077164,-0.004746834747493267,0.0003,0.0003,0.05625038966536522
,,,,,104999,4265.091,1000,,,,,,,,,,
4280.428,34.8729,4347.55,4214.4097,1000.0,105000,,,-348.6520080566406,-6.292490482330322,0.6016141176223755,347.6982421875,347.6390075683594,0.05765100568532944,0.006611863151192665,0.0003,0.0003,0.05765118822455406
,,,,,105999,4279.4478,1000,,,,,,,,,,
,,,,,106000,,,-347.7843933105469,-5.639469146728516,0.5368936061859131,346.6488952636719,346.63958740234375,0.05903574079275131,0.009086854755878448,0.0003,0.0003,0.05903436243534088
,,,,,106999,4270.952,1000,,,,,,,,,,
,,,,,107000,,,-349.0413513183594,-6.050619125366211,0.5973796844482422,348.1077880859375,348.3929443359375,0.05974453687667847,-0.003986264578998089,0.0003,0.0003,0.059744711965322495
,,,,,107999,4320.791,1000,,,,,,,,,,
,,,,,108000,,,-355.3113708496094,-5.845476150512695,0.4582916796207428,354.4107666015625,354.3455810546875,0.06020020321011543,0.0008171547669917345,0.0003,0.0003,0.0601966567337513
,,,,,108999,4370.17,1000,,,,,,,,,,
,,,,,109000,,,-353.5536804199219,-6.072843551635742,0.5368435382843018,352.5030517578125,352.50738525390625,0.060841433703899384,0.0032969554886221886,0.0003,0.0003,0.0608382411301136
,,,,,109999,4232.9766,1000,,,,,,,,,,
4018.8125,457.2319,4326.208,2685.8762,1000.0,110000,,,-355.94512939453125,-5.730935096740723,0.693914532661438,354.84674072265625,354.6726989746094,0.06140949949622154,0.006449728738516569,0.0003,0.0003,0.061409883201122284
,,,,,110999,4052.211,1000,,,,,,,,,,
,,,,,111000,,,-358.404541015625,-5.746723175048828,0.48196500539779663,357.3177185058594,357.22552490234375,0.06198545917868614,0.020876608788967133,0.0003,0.0003,0.06198083236813545
,,,,,111999,4388.4536,1000,,,,,,,,,,
,,,,,112000,,,-356.6492919921875,-6.219244003295898,1.0435678958892822,355.2437744140625,355.301513671875,0.06255389004945755,-0.009163254871964455,0.0003,0.0003,0.06255558878183365
,,,,,112999,4338.4385,1000,,,,,,,,,,
,,,,,113000,,,-363.2273864746094,-5.850692272186279,0.6275497078895569,362.2547607421875,362.301513671875,0.06336038559675217,0.01641937717795372,0.0003,0.0003,0.06336307525634766
,,,,,113999,4294.9185,1000,,,,,,,,,,
,,,,,114000,,,-363.8068542480469,-6.374166488647461,0.5354876518249512,362.6100158691406,362.67218017578125,0.06418678909540176,-0.020062120631337166,0.0003,0.0003,0.06418909877538681
,,,,,114999,4335.5654,1000,,,,,,,,,,
4354.3535,42.35509,4432.45,4290.6406,1000.0,115000,,,-366.4313049316406,-5.4583330154418945,0.6241822242736816,365.4749450683594,365.6009521484375,0.06490546464920044,0.010713108815252781,0.0003,0.0003,0.0649021714925766
,,,,,115999,4367.876,1000,,,,,,,,,,
,,,,,116000,,,-364.1243591308594,-5.826236248016357,0.6590108871459961,362.99371337890625,362.9559326171875,0.06559529900550842,0.030449021607637405,0.0003,0.0003,0.06559474766254425
,,,,,116999,4449.275,1000,,,,,,,,,,
,,,,,117000,,,-369.1498718261719,-5.738595962524414,0.5344935655593872,368.24176025390625,368.22674560546875,0.06564824283123016,0.0074135116301476955,0.0003,0.0003,0.06564667820930481
,,,,,117999,4447.857,1000,,,,,,,,,,
,,,,,118000,,,-371.24249267578125,-6.32504415512085,1.1661438941955566,370.20703125,370.16680908203125,0.06571569293737411,-0.02251589111983776,0.0003,0.0003,0.06571794301271439
,,,,,118999,4361.453,1000,,,,,,,,,,
,,,,,119000,,,-370.9660949707031,-5.542917728424072,0.8860935568809509,369.76495361328125,369.60107421875,0.06650247424840927,0.01618516631424427,0.0003,0.0003,0.06650247424840927
,,,,,119999,4323.84,1000,,,,,,,,,,
4146.3115,793.22705,4520.7583,1784.8848,1000.0,120000,,,-370.5729064941406,-6.287623405456543,0.696064293384552,369.2896728515625,369.3965148925781,0.06752607971429825,0.0005423249676823616,0.0003,0.0003,0.06752762198448181
,,,,,120999,2796.912,1000,,,,,,,,,,
,,,,,121000,,,-371.78778076171875,-5.7498650550842285,0.7382787466049194,370.882568359375,370.9678649902344,0.06700403243303299,0.0012412387877702713,0.0003,0.0003,0.06700208783149719
,,,,,121999,4378.06,1000,,,,,,,,,,
,,,,,122000,,,-377.4197692871094,-6.040835380554199,0.7012823820114136,376.3588562011719,376.43426513671875,0.0632951483130455,-0.004663669969886541,0.0003,0.0003,0.06329110264778137
,,,,,122999,4378.691,1000,,,,,,,,,,
,,,,,123000,,,-382.1752014160156,-5.618358612060547,0.5479464530944824,381.40240478515625,381.3878173828125,0.06090138480067253,0.002757423557341099,0.0003,0.0003,0.0608963780105114
,,,,,123999,4422.119,1000,,,,,,,,,,
,,,,,124000,,,-376.69134521484375,-6.123046398162842,0.9698386192321777,375.62628173828125,375.7894592285156,0.061363063752651215,0.0015596235170960426,0.0003,0.0003,0.06136670336127281
,,,,,124999,4489.132,1000,,,,,,,,,,
4458.7275,61.23055,4541.111,4317.491,1000.0,125000,,,-374.6592712402344,-6.273343086242676,0.7113705277442932,373.4708251953125,373.4218444824219,0.0638963058590889,-0.02468230202794075,0.0003,0.0003,0.06389743089675903
,,,,,125999,2068.8445,1000,,,,,,,,,,
,,,,,126000,,,-378.4822692871094,-6.06233024597168,1.1567869186401367,377.3447265625,377.387451171875,0.06618160754442215,-0.014433391392230988,0.0003,0.0003,0.06618516892194748
,,,,,126999,4343.185,1000,,,,,,,,,,
,,,,,127000,,,-378.56591796875,-5.903603553771973,0.71254563331604,377.61785888671875,377.49066162109375,0.06570981442928314,0.0037747076712548733,0.0003,0.0003,0.06570896506309509
,,,,,127999,4525.5425,1000,,,,,,,,,,
,,,,,128000,,,-377.9986572265625,-6.158658981323242,0.9687039852142334,376.8682861328125,376.9328308105469,0.06361114978790283,-0.0026947343721985817,0.0003,0.0003,0.06361106038093567
,,,,,128999,4436.439,1000,,,,,,,,,,
,,,,,129000,,,-380.52276611328125,-6.195119380950928,0.9883012771606445,379.3986511230469,379.405517578125,0.06353724002838135,-0.0036507025361061096,0.0003,0.0003,0.0635363832116127
,,,,,129999,4445.906,1000,,,,,,,,,,
4513.8994,33.293728,4576.301,4462.097,1000.0,130000,,,-386.7214660644531,-6.351624488830566,0.9753143787384033,385.66510009765625,385.548095703125,0.06516434997320175,-0.03359392657876015,0.0003,0.0003,0.06516768783330917
,,,,,130999,4508.812,1000,,,,,,,,,,
,,,,,131000,,,-387.512939453125,-5.983898639678955,1.2510228157043457,386.44970703125,386.4937744140625,0.06640371680259705,0.0051823933608829975,0.0003,0.0003,0.06640409678220749
,,,,,131999,4341.189,1000,,,,,,,,,,
,,,,,132000,,,-388.52764892578125,-5.7593889236450195,1.092813491821289,387.4549560546875,387.54620361328125,0.06762205064296722,0.03324304148554802,0.0003,0.0003,0.06762249767780304
,,,,,132999,4537.1665,1000,,,,,,,,,,
,,,,,133000,,,-387.25079345703125,-5.747550964355469,1.1512346267700195,386.1602783203125,386.3371276855469,0.06927961856126785,0.010492927394807339,0.0003,0.0003,0.06928306818008423
,,,,,133999,4628.5503,1000,,,,,,,,,,
,,,,,134000,,,-384.2037353515625,-5.842324256896973,0.9925863146781921,383.15643310546875,383.16680908203125,0.06964440643787384,0.004303096793591976,0.0003,0.0003,0.0696401372551918
,,,,,134999,4653.2056,1000,,,,,,,,,,
4499.279,244.10498,4668.507,3875.335,1000.0,135000,,,-393.0509033203125,-5.913920879364014,0.7978299260139465,391.9296569824219,391.8929748535156,0.06962674111127853,-0.0022145258262753487,0.0003,0.0003,0.0696265771985054
,,,,,135999,4511.781,1000,,,,,,,,,,
,,,,,136000,,,-390.9267272949219,-5.639580726623535,1.1028680801391602,389.863037109375,389.7353515625,0.07043607532978058,0.012986933812499046,0.0003,0.0003,0.07043728977441788
,,,,,136999,4679.7285,1000,,,,,,,,,,
,,,,,137000,,,-397.3480529785156,-5.97156286239624,1.0184519290924072,396.41656494140625,396.4959716796875,0.07036128640174866,0.014747070148587227,0.0003,0.0003,0.07035738974809647
,,,,,137999,4580.733,1000,,,,,,,,,,
,,,,,138000,,,-395.696044921875,-6.256377220153809,1.0631747245788574,394.650390625,394.48211669921875,0.0701948031783104,-0.015212329104542732,0.0003,0.0003,0.07019786536693573
,,,,,138999,4634.3755,1000,,,,,,,,,,
,,,,,139000,,,-398.57586669921875,-6.250482082366943,0.9995219111442566,397.32183837890625,397.48101806640625,0.07083272188901901,-0.018466969951987267,0.0003,0.0003,0.07083161920309067
,,,,,139999,4613.1836,1000,,,,,,,,,,
4453.1733,546.0915,4831.78,2927.626,1000.0,140000,,,-402.0501403808594,-6.294605255126953,1.0624223947525024,401.074462890625,401.1119689941406,0.07187489420175552,0.009597135707736015,0.0003,0.0003,0.07187295705080032
,,,,,140999,4601.2593,1000,,,,,,,,,,
,,,,,141000,,,-397.65234375,-5.759456634521484,1.0790623426437378,396.4248046875,396.40570068359375,0.0723663941025734,-0.0027766870334744453,0.0003,0.0003,0.07236555218696594
,,,,,141999,4709.678,1000,,,,,,,,,,
,,,,,142000,,,-399.5491027832031,-5.900967597961426,0.8670074939727783,398.356689453125,398.2527160644531,0.07162999361753464,0.011742501519620419,0.0003,0.0003,0.07162971794605255
,,,,,142999,4720.067,1000,,,,,,,,,,
,,,,,143000,,,-402.90625,-6.143623352050781,0.8779284954071045,401.67578125,401.8089599609375,0.07121038436889648,-0.017876893281936646,0.0003,0.0003,0.07120979577302933
,,,,,143999,4780.9326,1000,,,,,,,,,,
,,,,,144000,,,-402.4204406738281,-6.122572898864746,0.8754725456237793,401.00469970703125,400.89508056640625,0.07188903540372849,-0.020022409036755562,0.0003,0.0003,0.07188749313354492
,,,,,144999,4300.8467,1000,,,,,,,,,,
4811.0615,48.81333,4886.805,4728.8975,1000.0,145000,,,-403.90447998046875,-6.151854991912842,0.9521026611328125,402.84173583984375,402.8675842285156,0.07113703340291977,0.012740676291286945,0.0003,0.0003,0.0711342841386795
,,,,,145999,4584.5747,1000,,,,,,,,,,
,,,,,146000,,,-402.493896484375,-5.967812538146973,1.278866171836853,401.3790588378906,401.49237060546875,0.07078204303979874,0.02941339835524559,0.0003,0.0003,0.07078052312135696
,,,,,146999,4820.539,1000,,,,,,,,,,
,,,,,147000,,,-411.1657409667969,-5.968632698059082,0.9541919231414795,409.97021484375,410.0867919921875,0.07028745114803314,0.019125716760754585,0.0003,0.0003,0.07028783112764359
,,,,,147999,4677.5317,1000,,,,,,,,,,
,,,,,148000,,,-409.7022705078125,-5.580246925354004,0.8231697082519531,408.5802917480469,408.6113586425781,0.07087875157594681,0.028861790895462036,0.0003,0.0003,0.0708816647529602
,,,,,148999,4701.8696,1000,,,,,,,,,,
,,,,,149000,,,-412.0069580078125,-6.024008750915527,0.8522024154663086,410.91839599609375,410.8857421875,0.07092226296663284,0.013123835436999798,0.0003,0.0003,0.07092219591140747
,,,,,149999,4678.007,1000,,,,,,,,,,
4823.447,46.477898,4875.6875,4714.684,1000.0,150000,,,-411.2762451171875,-6.2010040283203125,0.9252917766571045,410.33197021484375,410.30853271484375,0.07181799411773682,-0.01210021786391735,0.0003,0.0003,0.0718206986784935
,,,,,150999,4886.5293,1000,,,,,,,,,,
,,,,,151000,,,-408.8846435546875,-5.731935501098633,0.8568482398986816,407.7370300292969,407.6648864746094,0.07249413430690765,0.0153422886505723,0.0003,0.0003,0.07249397784471512
,,,,,151999,4970.4126,1000,,,,,,,,,,
,,,,,152000,,,-419.5177917480469,-6.2489776611328125,1.2284901142120361,418.453125,418.3392639160156,0.07285474985837936,-0.011062286794185638,0.0003,0.0003,0.07285897433757782
,,,,,152999,5043.9985,1000,,,,,,,,,,
,,,,,153000,,,-412.9400329589844,-6.0172600746154785,0.9828076958656311,412.03460693359375,412.0068359375,0.07434137165546417,0.003811946604400873,0.0003,0.0003,0.07434147596359253
,,,,,153999,4872.8657,1000,,,,,,,,,,
,,,,,154000,,,-413.6036682128906,-6.247509002685547,0.9235827922821045,412.293701171875,412.38934326171875,0.07478810101747513,0.003544623963534832,0.0003,0.0003,0.07479362189769745
,,,,,154999,5018.08,1000,,,,,,,,,,
4869.881,323.1243,5018.908,3903.86,1000.0,155000,,,-416.47125244140625,-6.202746391296387,0.950762927532196,415.4638977050781,415.2762756347656,0.07500936836004257,-0.010156260803341866,0.0003,0.0003,0.0750139132142067
,,,,,155999,5023.3115,1000,,,,,,,,,,
,,,,,156000,,,-420.0886535644531,-6.0635247230529785,0.9415867924690247,418.9617004394531,418.93756103515625,0.0769290030002594,-0.007232510019093752,0.0003,0.0003,0.07692968100309372
,,,,,156999,4919.196,1000,,,,,,,,,,
,,,,,157000,,,-420.6096496582031,-5.6655731201171875,1.1252275705337524,419.3770446777344,419.6059265136719,0.07754670083522797,0.03186421096324921,0.0003,0.0003,0.0775441974401474
,,,,,157999,5083.492,1000,,,,,,,,,,
,,,,,158000,,,-423.30181884765625,-5.793361663818359,0.80846107006073,422.07794189453125,422.25677490234375,0.078012615442276,0.0026143239811062813,0.0003,0.0003,0.07801447808742523
,,,,,158999,5093.523,1000,,,,,,,,,,
,,,,,159000,,,-426.3097229003906,-5.997637748718262,0.8351555466651917,425.33380126953125,425.35528564453125,0.07880467176437378,0.00916485209017992,0.0003,0.0003,0.07880347967147827
,,,,,159999,5083.244,1000,,,,,,,,,,
5009.312,43.101124,5092.6895,4946.87,1000.0,160000,,,-424.831298828125,-5.511608123779297,0.838709831237793,424.0154724121094,424.124755859375,0.0787825658917427,0.026186350733041763,0.0003,0.0003,0.07878237217664719
,,,,,160999,5100.206,1000,,,,,,,,,,
,,,,,161000,,,-426.5854797363281,-5.899362564086914,0.9229103326797485,425.38543701171875,425.611083984375,0.07981755584478378,0.031025612726807594,0.0003,0.0003,0.07981357723474503
,,,,,161999,5035.941,1000,,,,,,,,,,
,,,,,162000,,,-430.1091003417969,-6.151422500610352,0.9375258684158325,429.11041259765625,428.9020690917969,0.08096350729465485,-0.02540389634668827,0.0003,0.0003,0.08096636831760406
,,,,,162999,4435.5,1000,,,,,,,,,,
,,,,,163000,,,-426.3143310546875,-6.1692118644714355,1.2976384162902832,425.0660705566406,425.3247375488281,0.08128587156534195,-0.03853728249669075,0.0003,0.0003,0.0812888965010643
,,,,,163999,5058.6284,1000,,,,,,,,,,
,,,,,164000,,,-430.2819519042969,-6.1636505126953125,1.2487467527389526,429.0833740234375,429.2256164550781,0.08102143555879593,-0.022390559315681458,0.0003,0.0003,0.08102255314588547
,,,,,164999,5140.8486,1000,,,,,,,,,,
5039.343,171.08812,5266.245,4570.37,1000.0,165000,,,-428.389404296875,-6.269312858581543,1.0947706699371338,427.4169921875,427.4657287597656,0.08146502822637558,-0.0015250672586262226,0.0003,0.0003,0.08146568387746811
,,,,,165999,5082.2104,1000,,,,,,,,,,
,,,,,166000,,,-430.1724548339844,-6.0372490882873535,1.0316908359527588,429.02313232421875,429.03387451171875,0.08223576843738556,0.011328451335430145,0.0003,0.0003,0.08223432302474976
,,,,,166999,5213.942,1000,,,,,,,,,,
,,,,,167000,,,-436.3258361816406,-5.884256362915039,1.46873939037323,435.29522705078125,435.1011657714844,0.08231362700462341,-0.029760772362351418,0.0003,0.0003,0.08231678605079651
,,,,,167999,5147.648,1000,,,,,,,,,,
,,,,,168000,,,-434.26995849609375,-5.861938953399658,1.1140978336334229,433.03790283203125,432.92510986328125,0.08268866688013077,0.021365132182836533,0.0003,0.0003,0.08269242197275162
,,,,,168999,4440.164,1000,,,,,,,,,,
,,,,,169000,,,-437.14862060546875,-5.758366584777832,1.1607534885406494,436.17083740234375,436.0750732421875,0.08333194255828857,0.020258471369743347,0.0003,0.0003,0.08333084732294083
,,,,,169999,4998.4453,1000,,,,,,,,,,
5155.8467,73.89165,5234.9375,5006.918,1000.0,170000,,,-439.69122314453125,-5.725069999694824,1.0062899589538574,438.5981750488281,438.52886962890625,0.08354444056749344,0.03810182586312294,0.0003,0.0003,0.08354264497756958
,,,,,170999,4218.646,1000,,,,,,,,,,
,,,,,171000,,,-435.2032775878906,-5.938714981079102,1.0279829502105713,434.19879150390625,434.241943359375,0.08374380320310593,0.0008718380704522133,0.0003,0.0003,0.0837441235780716
,,,,,171999,4351.192,1000,,,,,,,,,,
,,,,,172000,,,-434.99993896484375,-5.797440528869629,1.5261154174804688,433.720703125,433.80352783203125,0.0829835906624794,0.029096469283103943,0.0003,0.0003,0.08298283815383911
,,,,,172999,5011.9263,1000,,,,,,,,,,
,,,,,173000,,,-442.9255676269531,-6.360251426696777,1.5954456329345703,441.9139709472656,442.0533142089844,0.08236975222826004,-0.03705388680100441,0.0003,0.0003,0.08237092941999435
,,,,,173999,5171.5586,1000,,,,,,,,,,
,,,,,174000,,,-441.0107116699219,-5.888920783996582,1.1756209135055542,439.80816650390625,439.8592834472656,0.08135538548231125,-0.01814720220863819,0.0003,0.0003,0.08135446906089783
,,,,,174999,5264.5874,1000,,,,,,,,,,
5089.5015,165.43567,5209.4443,4615.114,1000.0,175000,,,-442.8291931152344,-6.092105388641357,1.4475573301315308,441.7709045410156,441.74810791015625,0.08188888430595398,-0.014200162142515182,0.0003,0.0003,0.08188919723033905
,,,,,175999,5171.416,1000,,,,,,,,,,
,,,,,176000,,,-443.5818176269531,-6.761948585510254,1.7205185890197754,442.71832275390625,442.4737243652344,0.08366206288337708,-0.056766077876091,0.0003,0.0003,0.08366893976926804
,,,,,176999,5249.632,1000,,,,,,,,,,
,,,,,177000,,,-447.97369384765625,-5.8819804191589355,1.192348837852478,446.986572265625,447.2215576171875,0.08429936319589615,0.007727750577032566,0.0003,0.0003,0.084298275411129
,,,,,177999,5206.6816,1000,,,,,,,,,,
,,,,,178000,,,-450.3699645996094,-6.379976749420166,1.214235782623291,449.0731201171875,449.35394287109375,0.08396708220243454,-0.0263591930270195,0.0003,0.0003,0.08396700769662857
,,,,,178999,5331.127,1000,,,,,,,,,,
,,,,,179000,,,-452.36785888671875,-6.11411714553833,1.5937292575836182,451.2118835449219,451.16058349609375,0.08479052037000656,0.004799260757863522,0.0003,0.0003,0.084792360663414
,,,,,179999,5248.577,1000,,,,,,,,,,
5248.117,70.80357,5354.723,5124.224,1000.0,180000,,,-447.8497619628906,-6.077228546142578,1.415130615234375,446.5818786621094,446.65679931640625,0.08673974126577377,-0.01569352298974991,0.0003,0.0003,0.0867430567741394
,,,,,180999,4839.021,1000,,,,,,,,,,
,,,,,181000,,,-447.82928466796875,-6.203925132751465,1.460519552230835,446.4971618652344,446.5661315917969,0.08815915882587433,-0.0015665467362850904,0.0003,0.0003,0.08815913647413254
,,,,,181999,5352.543,1000,,,,,,,,,,
,,,,,182000,,,-453.2265319824219,-6.310234069824219,1.0309975147247314,452.0616760253906,452.1387634277344,0.0867600366473198,-0.00979578960686922,0.0003,0.0003,0.08675972372293472
,,,,,182999,5403.153,1000,,,,,,,,,,
,,,,,183000,,,-454.394775390625,-6.100458145141602,0.9536888003349304,453.1566467285156,453.0113830566406,0.08655301481485367,-0.001530620502308011,0.0003,0.0003,0.08655499666929245
,,,,,183999,5422.62,1000,,,,,,,,,,
,,,,,184000,,,-453.6847229003906,-5.7371931076049805,1.262920618057251,452.2979736328125,452.287841796875,0.08628502488136292,-0.0021220562048256397,0.0003,0.0003,0.086283378303051
,,,,,184999,5330.602,1000,,,,,,,,,,
5452.593,50.452316,5518.841,5373.733,1000.0,185000,,,-456.8716735839844,-6.715061187744141,1.1120858192443848,455.87310791015625,455.77777099609375,0.0866970494389534,-0.038399435579776764,0.0003,0.0003,0.08669579029083252
,,,,,185999,5412.764,1000,,,,,,,,,,
,,,,,186000,,,-459.0947265625,-5.567543029785156,0.9580686688423157,457.97509765625,457.914794921875,0.08811960369348526,0.023552661761641502,0.0003,0.0003,0.08812107890844345
,,,,,186999,5171.6616,1000,,,,,,,,,,
,,,,,187000,,,-460.5300598144531,-5.832883834838867,1.2205692529678345,459.43780517578125,459.50335693359375,0.08827950805425644,0.020296648144721985,0.0003,0.0003,0.08827723562717438
,,,,,187999,5470.804,1000,,,,,,,,,,
,,,,,188000,,,-462.94866943359375,-6.049778461456299,1.4363512992858887,461.67572021484375,461.77032470703125,0.0881955698132515,0.01701638102531433,0.0003,0.0003,0.08819739520549774
,,,,,188999,5414.667,1000,,,,,,,,,,
,,,,,189000,,,-461.941162109375,-6.200148582458496,1.6599136590957642,460.6015319824219,460.77960205078125,0.08856049180030823,-0.015089066699147224,0.0003,0.0003,0.08856227248907089
,,,,,189999,5281.5693,1000,,,,,,,,,,
5457.0547,94.63318,5560.677,5206.1323,1000.0,190000,,,-456.2686462402344,-6.22731351852417,1.5688501596450806,455.0355224609375,454.94671630859375,0.08819388598203659,-0.014829173684120178,0.0003,0.0003,0.08819456398487091
,,,,,190999,5205.5957,1000,,,,,,,,,,
,,,,,191000,,,-467.4936218261719,-6.182437419891357,1.3518905639648438,466.3879699707031,466.0880126953125,0.08872074633836746,-0.004147897940129042,0.0003,0.0003,0.08871783316135406
,,,,,191999,5356.269,1000,,,,,,,,,,
,,,,,192000,,,-467.80169677734375,-5.68437385559082,1.3453259468078613,466.35791015625,466.41156005859375,0.08930043876171112,-0.006144375540316105,0.0003,0.0003,0.08930378407239914
,,,,,192999,5444.7715,1000,,,,,,,,,,
,,,,,193000,,,-466.575439453125,-6.026139259338379,1.5481301546096802,465.34014892578125,465.17449951171875,0.08969797194004059,0.02045232430100441,0.0003,0.0003,0.08969669044017792
,,,,,193999,5522.3213,1000,,,,,,,,,,
,,,,,194000,,,-466.4477233886719,-6.260980606079102,1.6078321933746338,465.2874450683594,465.3764343261719,0.0899527445435524,0.0031903814524412155,0.0003,0.0003,0.08995089679956436
,,,,,194999,5497.2456,1000,,,,,,,,,,
5088.0,374.25592,5608.9688,4433.0146,1000.0,195000,,,-474.74835205078125,-6.65515661239624,1.2881312370300293,473.7099304199219,473.7024230957031,0.08954896032810211,-0.048968035727739334,0.0003,0.0003,0.08955176919698715
,,,,,195999,4655.6855,1000,,,,,,,,,,
,,,,,196000,,,-471.5331726074219,-6.100441932678223,1.437501311302185,470.3079528808594,470.2613830566406,0.08985697478055954,-0.04127105697989464,0.0003,0.0003,0.08985799551010132
,,,,,196999,5359.5186,1000,,,,,,,,,,
,,,,,197000,,,-472.3164367675781,-6.173990249633789,1.4111487865447998,470.88580322265625,471.08245849609375,0.08982447534799576,-0.028190594166517258,0.0003,0.0003,0.08982852101325989
,,,,,197999,5666.944,1000,,,,,,,,,,
,,,,,198000,,,-472.1848449707031,-5.982976913452148,1.8468728065490723,470.95587158203125,470.86602783203125,0.08974643051624298,0.008435837924480438,0.0003,0.0003,0.08974529802799225
,,,,,198999,5108.3438,1000,,,,,,,,,,
,,,,,199000,,,-474.56109619140625,-6.630929946899414,1.6607359647750854,473.19061279296875,473.04388427734375,0.08976932615041733,-0.05394334718585014,0.0003,0.0003,0.08977611362934113
,,,,,199999,4804.874,1000,,,,,,,,,,
5510.7544,269.2802,5709.938,4721.9683,1000.0,200000,,,-478.61334228515625,-6.240448474884033,1.7122293710708618,477.31268310546875,477.533447265625,0.08992036432027817,-0.012396618723869324,0.0003,0.0003,0.08991824090480804
,,,,,200999,5628.504,1000,,,,,,,,,,
,,,,,201000,,,-474.0690002441406,-6.132590293884277,1.4724922180175781,472.61834716796875,472.815673828125,0.0897267684340477,0.006984984036535025,0.0003,0.0003,0.08972785621881485
,,,,,201999,5454.0566,1000,,,,,,,,,,
,,,,,202000,,,-477.0213623046875,-5.961730003356934,1.7687320709228516,475.822265625,475.86566162109375,0.089202880859375,-0.017755061388015747,0.0003,0.0003,0.08920302987098694
,,,,,202999,5625.9663,1000,,,,,,,,,,
,,,,,203000,,,-479.6643371582031,-6.269467353820801,1.0500915050506592,478.50213623046875,478.4798889160156,0.08852604031562805,0.007709689438343048,0.0003,0.0003,0.08852386474609375
,,,,,203999,5536.8633,1000,,,,,,,,,,
,,,,,204000,,,-477.7581787109375,-6.408755779266357,1.3958299160003662,476.4951477050781,476.5736999511719,0.08935375511646271,-0.00701539684087038,0.0003,0.0003,0.08935482054948807
,,,,,204999,5117.379,1000,,,,,,,,,,
5568.308,124.38698,5708.835,5304.029,1000.0,205000,,,-480.8919982910156,-5.912959098815918,1.7381292581558228,479.94586181640625,479.8831481933594,0.0898456797003746,0.014757746830582619,0.0003,0.0003,0.08984212577342987
,,,,,205999,5607.4644,1000,,,,,,,,,,
,,,,,206000,,,-483.1239318847656,-5.932770252227783,1.3634302616119385,482.152099609375,482.1294860839844,0.09070196747779846,0.01464912761002779,0.0003,0.0003,0.09069809317588806
,,,,,206999,5604.093,1000,,,,,,,,,,
,,,,,207000,,,-484.6707763671875,-6.056735992431641,1.5360908508300781,483.4615478515625,483.6671142578125,0.09038089960813522,0.0014652069658041,0.0003,0.0003,0.09037946164608002
,,,,,207999,5701.017,1000,,,,,,,,,,
,,,,,208000,,,-484.01025390625,-6.00980281829834,1.3981921672821045,482.666259765625,482.71856689453125,0.09058316797018051,0.0028129396960139275,0.0003,0.0003,0.09058239310979843
,,,,,208999,5491.3755,1000,,,,,,,,,,
,,,,,209000,,,-482.3511962890625,-5.862415313720703,1.5876076221466064,481.1241455078125,481.17034912109375,0.09084917604923248,0.022609207779169083,0.0003,0.0003,0.09085197001695633
,,,,,209999,5576.51,1000,,,,,,,,,,
5550.236,286.56186,5755.141,4712.126,1000.0,210000,,,-490.2850341796875,-6.566736221313477,1.4728773832321167,489.1783447265625,489.5551452636719,0.09121783822774887,-0.053794533014297485,0.0003,0.0003,0.09122221171855927
,,,,,210999,5643.603,1000,,,,,,,,,,
,,,,,211000,,,-487.9233093261719,-6.058309555053711,1.75890052318573,486.64361572265625,486.2604064941406,0.09241482615470886,0.018685761839151382,0.0003,0.0003,0.09241537749767303
,,,,,211999,5523.623,1000,,,,,,,,,,
,,,,,212000,,,-489.4132385253906,-5.795830726623535,1.4975106716156006,488.13409423828125,488.14288330078125,0.09222188591957092,0.027324682101607323,0.0003,0.0003,0.0922192856669426
,,,,,212999,5600.4155,1000,,,,,,,,,,
,,,,,213000,,,-491.01275634765625,-6.030052185058594,1.5971789360046387,489.8216247558594,489.544677734375,0.09250500798225403,-0.03373381868004799,0.0003,0.0003,0.09250763803720474
,,,,,213999,5532.5347,1000,,,,,,,,,,
,,,,,214000,,,-493.6760559082031,-6.494242191314697,2.217197895050049,492.5212707519531,492.280029296875,0.09244590252637863,-0.022832494229078293,0.0003,0.0003,0.09244493395090103
,,,,,214999,5690.22,1000,,,,,,,,,,
5672.995,145.14424,5848.27,5301.0044,1000.0,215000,,,-492.28033447265625,-5.692822456359863,1.7567538022994995,490.9122314453125,490.884765625,0.09234581887722015,0.017746880650520325,0.0003,0.0003,0.09234163910150528
,,,,,215999,5775.998,1000,,,,,,,,,,
,,,,,216000,,,-495.3671569824219,-6.318720817565918,1.9157490730285645,494.02685546875,493.89788818359375,0.09233981370925903,-0.03460049629211426,0.0003,0.0003,0.09234465658664703
,,,,,216999,5824.47,1000,,,,,,,,,,
,,,,,217000,,,-492.02276611328125,-5.722624778747559,1.8820430040359497,490.7185363769531,490.6884460449219,0.09209758788347244,-0.02441062033176422,0.0003,0.0003,0.09210259467363358
,,,,,217999,5840.2017,1000,,,,,,,,,,
,,,,,218000,,,-497.4433288574219,-5.957979202270508,2.5364198684692383,496.37164306640625,496.3408203125,0.09264346212148666,-0.0035500447265803814,0.0003,0.0003,0.09264542907476425
,,,,,218999,4932.672,1000,,,,,,,,,,
,,,,,219000,,,-501.10699462890625,-5.858170032501221,1.532645344734192,499.9853210449219,500.099365234375,0.09358090907335281,0.018095392733812332,0.0003,0.0003,0.09357883036136627
,,,,,219999,5836.606,1000,,,,,,,,,,
5849.185,90.60336,5989.4756,5699.2134,1000.0,220000,,,-500.06231689453125,-6.035555839538574,1.5110747814178467,498.66265869140625,498.7014465332031,0.094866544008255,-0.023974701762199402,0.0003,0.0003,0.09486895799636841
,,,,,220999,5743.853,1000,,,,,,,,,,
,,,,,221000,,,-500.49188232421875,-6.154507160186768,1.8908686637878418,499.02313232421875,499.0687255859375,0.09450637549161911,-0.009826341643929482,0.0003,0.0003,0.09450698643922806
,,,,,221999,5717.992,1000,,,,,,,,,,
,,,,,222000,,,-506.5204162597656,-6.089802265167236,1.3067097663879395,505.3653564453125,505.375244140625,0.09424134343862534,-0.01485482044517994,0.0003,0.0003,0.09424145519733429
,,,,,222999,5880.4043,1000,,,,,,,,,,
,,,,,223000,,,-508.2944641113281,-5.858922958374023,1.5739803314208984,507.29010009765625,507.4059143066406,0.09388183057308197,-0.00639737443998456,0.0003,0.0003,0.0938807874917984
,,,,,223999,5713.3228,1000,,,,,,,,,,
,,,,,224000,,,-502.4892272949219,-5.822815895080566,2.2702810764312744,500.94122314453125,501.0264892578125,0.09432569146156311,0.014555484056472778,0.0003,0.0003,0.09432436525821686
,,,,,224999,5716.648,1000,,,,,,,,,,
5783.546,297.89502,5970.8223,4905.37,1000.0,225000,,,-504.2198181152344,-6.2625322341918945,1.2961180210113525,502.8831481933594,502.783203125,0.09407030791044235,-0.030141983181238174,0.0003,0.0003,0.09407547116279602
,,,,,225999,4227.3438,1000,,,,,,,,,,
,,,,,226000,,,-505.5221252441406,-5.69673490524292,2.126532793045044,504.5482177734375,504.5111389160156,0.09521064162254333,0.04812096059322357,0.0003,0.0003,0.09520632773637772
,,,,,226999,5825.9966,1000,,,,,,,,,,
,,,,,227000,,,-506.57244873046875,-5.677188873291016,1.9747467041015625,505.4837951660156,505.33087158203125,0.09453373402357101,0.02087131142616272,0.0003,0.0003,0.0945320874452591
,,,,,227999,5974.143,1000,,,,,,,,,,
,,,,,228000,,,-509.4942932128906,-6.482203483581543,2.870983123779297,507.986328125,508.29791259765625,0.09495703130960464,-0.05761076137423515,0.0003,0.0003,0.09496454894542694
,,,,,228999,3683.818,1000,,,,,,,,,,
,,,,,229000,,,-510.15447998046875,-6.080070495605469,2.4887726306915283,508.8746032714844,508.9311828613281,0.094825379550457,0.0010574073530733585,0.0003,0.0003,0.09482244402170181
,,,,,229999,5658.7744,1000,,,,,,,,,,
6016.1,52.07876,6090.059,5924.581,1000.0,230000,,,-509.1614685058594,-6.150885105133057,3.479487419128418,508.017333984375,508.20172119140625,0.09517838805913925,-0.022354241460561752,0.0003,0.0003,0.09518308192491531
,,,,,230999,5716.008,1000,,,,,,,,,,
,,,,,231000,,,-511.7904052734375,-6.228388786315918,1.876856803894043,510.50506591796875,510.60125732421875,0.09497702121734619,-0.004059282131493092,0.0003,0.0003,0.09498060494661331
,,,,,231999,5824.562,1000,,,,,,,,,,
,,,,,232000,,,-516.1534423828125,-6.038652420043945,3.582871913909912,514.8662719726562,514.915771484375,0.09512777626514435,-0.02034296840429306,0.0003,0.0003,0.09512978792190552
,,,,,232999,5929.013,1000,,,,,,,,,,
,,,,,233000,,,-513.746826171875,-6.155215740203857,1.7062681913375854,512.402587890625,512.56591796875,0.09467301517724991,0.006078516133129597,0.0003,0.0003,0.09467104822397232
,,,,,233999,5923.097,1000,,,,,,,,,,
,,,,,234000,,,-520.2423095703125,-6.243438720703125,1.6230974197387695,519.2850341796875,519.1583251953125,0.09479577094316483,-0.024784982204437256,0.0003,0.0003,0.09480372816324234
,,,,,234999,6059.498,1000,,,,,,,,,,
5915.4746,73.81991,6003.852,5784.218,1000.0,235000,,,-515.8458251953125,-5.858429908752441,2.1128106117248535,514.8656005859375,514.7193603515625,0.09588950872421265,0.021312858909368515,0.0003,0.0003,0.0958862379193306
,,,,,235999,5973.043,1000,,,,,,,,,,
,,,,,236000,,,-515.360107421875,-6.242191791534424,2.2132248878479004,513.9105224609375,513.8648681640625,0.0947694480419159,-0.007729882840067148,0.0003,0.0003,0.094767726957798
,,,,,236999,6013.467,1000,,,,,,,,,,
,,,,,237000,,,-520.9859619140625,-5.841958045959473,2.8210082054138184,519.71044921875,519.4310302734375,0.09555015712976456,0.012011362239718437,0.0003,0.0003,0.0955541655421257
,,,,,237999,5940.313,1000,,,,,,,,,,
,,,,,238000,,,-518.385009765625,-5.701094627380371,1.7239261865615845,516.955078125,516.9361572265625,0.09601862728595734,0.000814154976978898,0.0003,0.0003,0.09602124243974686
,,,,,238999,5969.406,1000,,,,,,,,,,
,,,,,239000,,,-513.7448120117188,-6.103019714355469,2.5357327461242676,512.6461791992188,512.437255859375,0.09675085544586182,-0.015330416150391102,0.0003,0.0003,0.09675265103578568
,,,,,239999,5933.805,1000,,,,,,,,,,
6115.2153,66.630226,6204.879,6001.783,1000.0,240000,,,-519.1429443359375,-6.480829238891602,2.1249241828918457,517.752197265625,517.6914672851562,0.09711448103189468,-0.03474041819572449,0.0003,0.0003,0.09712262451648712
,,,,,240999,6079.2886,1000,,,,,,,,,,
,,,,,241000,,,-524.9500122070312,-6.065984725952148,2.4273242950439453,523.7470092773438,524.07373046875,0.09812185913324356,-0.014821778051555157,0.0003,0.0003,0.09812331199645996
,,,,,241999,6039.701,1000,,,,,,,,,,
,,,,,242000,,,-525.8253784179688,-6.113600254058838,2.0627517700195312,524.4036865234375,524.6552124023438,0.09832930564880371,0.01069054938852787,0.0003,0.0003,0.09832770377397537
,,,,,242999,6035.449,1000,,,,,,,,,,
,,,,,243000,,,-530.5425415039062,-5.82118558883667,1.9014811515808105,529.3604736328125,529.3343505859375,0.09863990545272827,0.048658546060323715,0.0003,0.0003,0.09863917529582977
,,,,,243999,6022.3506,1000,,,,,,,,,,
,,,,,244000,,,-527.6226806640625,-5.516536712646484,1.898260474205017,525.9129638671875,526.0740356445312,0.0996144562959671,0.033338114619255066,0.0003,0.0003,0.09961530566215515
,,,,,244999,4334.478,1000,,,,,,,,,,
5893.0073,72.89919,5976.2163,5747.5005,1000.0,245000,,,-525.9076538085938,-6.082551956176758,2.0350887775421143,524.477294921875,524.6261596679688,0.09967251121997833,0.0018597207963466644,0.0003,0.0003,0.09966966509819031
,,,,,245999,6059.345,1000,,,,,,,,,,
,,,,,246000,,,-529.4642944335938,-6.025460243225098,2.629706382751465,528.2227172851562,528.1207275390625,0.09923803806304932,0.002599276602268219,0.0003,0.0003,0.09923407435417175
,,,,,246999,6138.7305,1000,,,,,,,,,,
,,,,,247000,,,-531.0952758789062,-6.104284286499023,2.589872121810913,530.2203369140625,530.142578125,0.09913555532693863,-0.003359355963766575,0.0003,0.0003,0.09913626313209534
,,,,,247999,6111.4175,1000,,,,,,,,,,
,,,,,248000,,,-528.3511962890625,-6.455472946166992,2.724370002746582,526.8278198242188,526.6636962890625,0.09957347065210342,-0.044762566685676575,0.0003,0.0003,0.09957396984100342
,,,,,248999,5204.3354,1000,,,,,,,,,,
,,,,,249000,,,-531.19775390625,-6.210137367248535,2.1563494205474854,529.7045288085938,529.7955322265625,0.09944168478250504,0.006846565753221512,0.0003,0.0003,0.09943938255310059
,,,,,249999,5923.374,1000,,,,,,,,,,
6199.5225,102.4563,6385.221,6030.5884,1000.0,250000,,,-533.3057861328125,-6.3102617263793945,2.613192319869995,531.9620361328125,532.2197265625,0.0994168370962143,0.0010529477149248123,0.0003,0.0003,0.09941378235816956
,,,,,250999,6110.5005,1000,,,,,,,,,,
,,,,,251000,,,-529.939208984375,-5.698399543762207,2.0746188163757324,528.4739990234375,528.552734375,0.09925737977027893,0.033266499638557434,0.0003,0.0003,0.09925730526447296
,,,,,251999,6252.2554,1000,,,,,,,,,,
,,,,,252000,,,-533.2462768554688,-6.092447757720947,1.8589167594909668,531.62255859375,531.6009521484375,0.09862203150987625,0.022982854396104813,0.0003,0.0003,0.09862595796585083
,,,,,252999,6156.1753,1000,,,,,,,,,,
,,,,,253000,,,-539.412353515625,-5.951954364776611,1.5251458883285522,538.295166015625,538.6394653320312,0.09788600355386734,0.01030602678656578,0.0003,0.0003,0.09788450598716736
,,,,,253999,6060.846,1000,,,,,,,,,,
,,,,,254000,,,-536.2276000976562,-5.920136451721191,2.1477694511413574,534.8218383789062,534.94677734375,0.09889531135559082,0.026404473930597305,0.0003,0.0003,0.09889610856771469
,,,,,254999,6265.7246,1000,,,,,,,,,,
6274.0884,72.82272,6400.2593,6180.6133,1000.0,255000,,,-534.1618041992188,-5.9035420417785645,2.1386990547180176,532.536376953125,532.8896484375,0.09977960586547852,0.015350096859037876,0.0003,0.0003,0.09977986663579941
,,,,,255999,6301.5713,1000,,,,,,,,,,
,,,,,256000,,,-543.3836059570312,-5.9691948890686035,2.0668599605560303,542.0513916015625,542.0460205078125,0.09954705089330673,0.016728047281503677,0.0003,0.0003,0.09954963624477386
,,,,,256999,6186.4897,1000,,,,,,,,,,
,,,,,257000,,,-539.013671875,-6.336829662322998,2.1981308460235596,537.8299560546875,537.6441040039062,0.10076885670423508,-0.04417060315608978,0.0003,0.0003,0.10077524185180664
,,,,,257999,4656.826,1000,,,,,,,,,,
,,,,,258000,,,-543.2400512695312,-5.849937438964844,2.1590747833251953,542.199462890625,541.7767944335938,0.10019340366125107,-0.010312706232070923,0.0003,0.0003,0.10019803792238235
,,,,,258999,6333.629,1000,,,,,,,,,,
,,,,,259000,,,-542.3480224609375,-6.041132926940918,1.8162823915481567,540.9603271484375,540.81005859375,0.1001991331577301,-0.007612365297973156,0.0003,0.0003,0.10020152479410172
,,,,,259999,5229.862,1000,,,,,,,,,,
4976.798,819.6884,6137.9746,3676.8523,1000.0,260000,,,-542.8547973632812,-6.073963165283203,1.9991761445999146,541.5496826171875,541.3876342773438,0.10058050602674484,0.026662617921829224,0.0003,0.0003,0.10057345777750015
,,,,,260999,6261.004,1000,,,,,,,,,,
,,,,,261000,,,-545.6456298828125,-5.6448774337768555,4.236398696899414,544.3021240234375,544.2590942382812,0.10005787760019302,0.01939951628446579,0.0003,0.0003,0.1000562310218811
,,,,,261999,6190.727,1000,,,,,,,,,,
,,,,,262000,,,-538.6965942382812,-6.200381278991699,2.311828136444092,537.2711181640625,537.451416015625,0.10074913501739502,-0.016355831176042557,0.0003,0.0003,0.10074815154075623
,,,,,262999,6204.952,1000,,,,,,,,,,
,,,,,263000,,,-550.0032348632812,-5.818220138549805,2.88318133354187,548.5391845703125,548.51318359375,0.10117962956428528,0.048092830926179886,0.0003,0.0003,0.10118062794208527
,,,,,263999,3209.443,1000,,,,,,,,,,
,,,,,264000,,,-547.6729736328125,-5.357049465179443,2.68577241897583,546.3240356445312,546.4578247070312,0.10135513544082642,0.0666399747133255,0.0003,0.0003,0.10134680569171906
,,,,,264999,6159.5957,1000,,,,,,,,,,
6134.513,238.64899,6380.917,5531.3657,1000.0,265000,,,-546.8348999023438,-6.066746234893799,2.28812575340271,545.3767700195312,545.5498046875,0.10041879862546921,-0.013066353276371956,0.0003,0.0003,0.10041604191064835
,,,,,265999,6051.872,1000,,,,,,,,,,
,,,,,266000,,,-547.6107177734375,-6.34598445892334,2.7211968898773193,546.2274169921875,546.3087768554688,0.09906992316246033,-0.059562668204307556,0.0003,0.0003,0.0990707203745842
,,,,,266999,6204.309,1000,,,,,,,,,,
,,,,,267000,,,-549.535888671875,-6.111936569213867,2.6073172092437744,548.1470336914062,548.02294921875,0.09929392486810684,-0.032088447362184525,0.0003,0.0003,0.09929662197828293
,,,,,267999,6249.4517,1000,,,,,,,,,,
,,,,,268000,,,-546.5218505859375,-6.608808994293213,2.2356064319610596,545.1326904296875,545.0673828125,0.09932029992341995,-0.03124690242111683,0.0003,0.0003,0.0993238016963005
,,,,,268999,5851.3037,1000,,,,,,,,,,
,,,,,269000,,,-553.4097900390625,-5.848156929016113,2.1585566997528076,552.0760498046875,552.3896484375,0.09886778891086578,0.012355579063296318,0.0003,0.0003,0.09886234998703003
,,,,,269999,6221.1147,1000,,,,,,,,,,
6344.139,46.700848,6418.718,6282.9517,1000.0,270000,,,-555.0553588867188,-5.952129364013672,3.564047336578369,553.9072265625,553.6380615234375,0.09785421937704086,0.009578056633472443,0.0003,0.0003,0.09784999489784241
,,,,,270999,6126.584,1000,,,,,,,,,,
,,,,,271000,,,-554.341064453125,-5.77618408203125,2.1215901374816895,552.883544921875,553.1760864257812,0.0996185690164566,0.012219926342368126,0.0003,0.0003,0.09962581098079681
,,,,,271999,6358.6304,1000,,,,,,,,,,
,,,,,272000,,,-555.4443969726562,-6.095625877380371,2.616955280303955,554.265869140625,554.1097412109375,0.10065031796693802,0.001386697287671268,0.0003,0.0003,0.10064820200204849
,,,,,272999,5558.8716,1000,,,,,,,,,,
,,,,,273000,,,-554.0182495117188,-5.721250534057617,3.778385877609253,552.7943115234375,552.1476440429688,0.100554920732975,0.06940752267837524,0.0003,0.0003,0.10055260360240936
,,,,,273999,6355.7134,1000,,,,,,,,,,
,,,,,274000,,,-553.6906127929688,-7.0418806076049805,2.186049222946167,552.40234375,552.368896484375,0.10113245993852615,-0.0497196689248085,0.0003,0.0003,0.10113653540611267
,,,,,274999,6352.446,1000,,,,,,,,,,
6310.981,81.70202,6409.7847,6177.298,1000.0,275000,,,-553.8786010742188,-5.569393634796143,2.851499557495117,552.3382568359375,552.383056640625,0.09998030215501785,0.03265651315450668,0.0003,0.0003,0.09997997432947159
,,,,,275999,6228.626,1000,,,,,,,,,,
,,,,,276000,,,-557.2554321289062,-5.969158172607422,2.3535618782043457,555.8350830078125,555.62548828125,0.10123682767152786,-5.592219531536102e-05,0.0003,0.0003,0.10124003142118454
,,,,,276999,5924.3643,1000,,,,,,,,,,
,,,,,277000,,,-559.4303588867188,-6.230521202087402,2.6501002311706543,558.13427734375,557.943359375,0.10091196000576019,-0.03002394363284111,0.0003,0.0003,0.10091876238584518
,,,,,277999,6166.363,1000,,,,,,,,,,
,,,,,278000,,,-559.9281005859375,-5.546726226806641,2.347595691680908,558.628662109375,558.8436279296875,0.10175223648548126,0.04489734023809433,0.0003,0.0003,0.10175037384033203
,,,,,278999,6489.255,1000,,,,,,,,,,
,,,,,279000,,,-563.4611206054688,-6.081282615661621,2.5904178619384766,562.23486328125,562.3418579101562,0.10185206681489944,-0.016259877011179924,0.0003,0.0003,0.10185395926237106
,,,,,279999,6563.613,1000,,,,,,,,,,
6415.4155,93.90504,6513.2495,6173.8086,1000.0,280000,,,-554.6827392578125,-6.435324192047119,2.650603771209717,553.0135498046875,552.8782348632812,0.10322406142950058,-0.02239559218287468,0.0003,0.0003,0.10322706401348114
,,,,,280999,6485.493,1000,,,,,,,,,,
,,,,,281000,,,-564.85205078125,-5.87165641784668,2.4981846809387207,563.6255493164062,563.4707641601562,0.1047537550330162,0.03399621322751045,0.0003,0.0003,0.10475701093673706
,,,,,281999,6363.3853,1000,,,,,,,,,,
,,,,,282000,,,-560.9050903320312,-5.918323516845703,2.5732662677764893,559.7799072265625,559.867431640625,0.1049499437212944,0.016806600615382195,0.0003,0.0003,0.10494786500930786
,,,,,282999,6352.181,1000,,,,,,,,,,
,,,,,283000,,,-568.664306640625,-6.071352481842041,2.5264477729797363,566.971923828125,567.239501953125,0.10433138161897659,-0.004198923707008362,0.0003,0.0003,0.10433883965015411
,,,,,283999,6548.685,1000,,,,,,,,,,
,,,,,284000,,,-565.830322265625,-6.377696990966797,2.815579414367676,564.3378295898438,564.4805297851562,0.10460503399372101,-0.06233534589409828,0.0003,0.0003,0.1046089306473732
,,,,,284999,6305.885,1000,,,,,,,,,,
6595.6826,76.76814,6689.944,6448.4,1000.0,285000,,,-567.093017578125,-6.060914039611816,2.0043487548828125,565.9111938476562,565.8318481445312,0.10524767637252808,0.022736644372344017,0.0003,0.0003,0.1052449494600296
,,,,,285999,5047.8145,1000,,,,,,,,,,
,,,,,286000,,,-565.1497192382812,-5.969668865203857,1.9145069122314453,563.51123046875,563.517333984375,0.1058289036154747,-0.01822313293814659,0.0003,0.0003,0.10583407431840897
,,,,,286999,6526.9204,1000,,,,,,,,,,
,,,,,287000,,,-562.9190063476562,-6.395842552185059,3.4654102325439453,561.11083984375,561.201416015625,0.10608753561973572,-0.0680418387055397,0.0003,0.0003,0.10609454661607742
,,,,,287999,6214.842,1000,,,,,,,,,,
,,,,,288000,,,-568.5563354492188,-6.520971775054932,3.963169813156128,567.01171875,567.197509765625,0.10519788414239883,-0.029843272641301155,0.0003,0.0003,0.10519865900278091
,,,,,288999,6342.926,1000,,,,,,,,,,
,,,,,289000,,,-569.9188232421875,-5.958505153656006,2.4912638664245605,568.2918701171875,568.462890625,0.10559380054473877,-0.02577522024512291,0.0003,0.0003,0.10559627413749695
,,,,,289999,6245.658,1000,,,,,,,,,,
6521.8896,42.162403,6593.855,6464.037,1000.0,290000,,,-569.3466186523438,-6.312536239624023,2.0868098735809326,567.8707275390625,567.6920776367188,0.1058456301689148,-0.03122221864759922,0.0003,0.0003,0.10584863275289536
,,,,,290999,6531.2524,1000,,,,,,,,,,
,,,,,291000,,,-572.5839233398438,-6.3471832275390625,2.788060188293457,570.9503173828125,571.0018310546875,0.10654330998659134,0.006099116988480091,0.0003,0.0003,0.10654067248106003
,,,,,291999,6304.3696,1000,,,,,,,,,,
,,,,,292000,,,-574.5974731445312,-5.8414106369018555,2.7102508544921875,573.0486450195312,573.6873779296875,0.10609350353479385,0.00027877744287252426,0.0003,0.0003,0.10609358549118042
,,,,,292999,6037.613,1000,,,,,,,,,,
,,,,,293000,,,-574.5703125,-5.545792579650879,2.74482798576355,572.8406372070312,572.8675537109375,0.1070486307144165,0.014573481865227222,0.0003,0.0003,0.10704010725021362
,,,,,293999,6391.7188,1000,,,,,,,,,,
,,,,,294000,,,-573.510498046875,-6.230060577392578,4.1832685470581055,571.67529296875,571.8718872070312,0.10744690895080566,-0.003116247244179249,0.0003,0.0003,0.10745394974946976
,,,,,294999,6574.8623,1000,,,,,,,,,,
6661.9165,104.498085,6804.567,6493.9336,1000.0,295000,,,-572.02783203125,-6.152970314025879,3.6004514694213867,570.43408203125,570.2783813476562,0.10701185464859009,-0.029995404183864594,0.0003,0.0003,0.10701487213373184
,,,,,295999,6514.388,1000,,,,,,,,,,
,,,,,296000,,,-578.4397583007812,-6.508150577545166,2.4933371543884277,577.2822265625,577.192626953125,0.10759323090314865,-0.0022557880729436874,0.0003,0.0003,0.10759548842906952
,,,,,296999,6327.3296,1000,,,,,,,,,,
,,,,,297000,,,-579.5840454101562,-6.061795234680176,2.4093284606933594,578.1204223632812,578.40380859375,0.10690722614526749,0.009660374373197556,0.0003,0.0003,0.10690756142139435
,,,,,297999,6411.342,1000,,,,,,,,,,
,,,,,298000,,,-574.3468017578125,-5.89543342590332,5.653578281402588,572.769287109375,572.5694580078125,0.10731782764196396,-0.02063225582242012,0.0003,0.0003,0.10731951147317886
,,,,,298999,6461.347,1000,,,,,,,,,,
,,,,,299000,,,-584.5316772460938,-6.2413458824157715,2.8313446044921875,583.1912841796875,582.9576416015625,0.10740090906620026,-0.025950970128178596,0.0003,0.0003,0.10739816725254059
,,,,,299999,6599.104,1000,,,,,,,,,,
4970.6533,722.12726,6105.902,3498.5342,1000.0,300000,,,-579.8877563476562,-6.057547092437744,11.47027587890625,578.214599609375,578.357666015625,0.1079196184873581,-0.00777291227132082,0.0003,0.0003,0.1079271212220192
,,,,,300999,6591.1978,1000,,,,,,,,,,
,,,,,301000,,,-579.7755737304688,-6.237069129943848,2.736764430999756,578.4817504882812,578.28759765625,0.10944776237010956,-0.01657808944582939,0.0003,0.0003,0.10944943130016327
,,,,,301999,6677.6436,1000,,,,,,,,,,
,,,,,302000,,,-583.8363647460938,-5.866190433502197,3.6134166717529297,582.5151977539062,582.425048828125,0.10916515439748764,0.011119045317173004,0.0003,0.0003,0.10915953665971756
,,,,,302999,6641.922,1000,,,,,,,,,,
,,,,,303000,,,-583.8421630859375,-6.068188667297363,2.265007972717285,582.4560546875,582.3745727539062,0.1092541292309761,-0.011218182742595673,0.0003,0.0003,0.10925832390785217
,,,,,303999,6490.542,1000,,,,,,,,,,
,,,,,304000,,,-582.7958374023438,-6.320608139038086,4.5045013427734375,581.22412109375,581.188720703125,0.1089262068271637,-0.03200967237353325,0.0003,0.0003,0.10892719030380249
,,,,,304999,6700.3784,1000,,,,,,,,,,
6471.3613,141.5362,6756.1074,6226.7817,1000.0,305000,,,-583.103759765625,-5.817394256591797,3.0714097023010254,581.4915771484375,581.7460327148438,0.10947839915752411,0.005054062698036432,0.0003,0.0003,0.1094760000705719
,,,,,305999,6344.6235,1000,,,,,,,,,,
,,,,,306000,,,-586.9442749023438,-5.632424354553223,10.603936195373535,585.8494873046875,585.7078247070312,0.10836154967546463,0.0316932238638401,0.0003,0.0003,0.10836420953273773
,,,,,306999,6743.332,1000,,,,,,,,,,
,,,,,307000,,,-586.8648071289062,-5.860785484313965,4.097241401672363,585.6828002929688,585.9544677734375,0.10877425968647003,0.0009713494218885899,0.0003,0.0003,0.10876816511154175
,,,,,307999,5998.8057,1000,,,,,,,,,,
,,,,,308000,,,-591.0628051757812,-5.797920227050781,2.1949963569641113,589.71728515625,589.8098754882812,0.10808926075696945,0.0012949518859386444,0.0003,0.0003,0.10808631777763367
,,,,,308999,6064.2573,1000,,,,,,,,,,
,,,,,309000,,,-592.7264404296875,-6.055333137512207,6.081308364868164,591.404052734375,591.3096313476562,0.10988987982273102,0.02776009775698185,0.0003,0.0003,0.10988600552082062
,,,,,309999,4470.777,1000,,,,,,,,,,
6759.1694,175.22066,6905.6504,6257.8677,1000.0,310000,,,-590.9632568359375,-6.359807014465332,15.118474006652832,588.9423828125,589.4356689453125,0.11004167795181274,-0.04071268439292908,0.0003,0.0003,0.11004110425710678
,,,,,310999,6472.5493,1000,,,,,,,,,,
,,,,,311000,,,-588.1356201171875,-5.802749156951904,3.9725072383880615,586.6099243164062,586.6766967773438,0.1094127744436264,0.032477859407663345,0.0003,0.0003,0.1094093844294548
,,,,,311999,6650.998,1000,,,,,,,,,,
,,,,,312000,,,-589.6708984375,-5.774944305419922,2.372586488723755,588.4851684570312,588.6845703125,0.10994567722082138,0.002737515838816762,0.0003,0.0003,0.10994884371757507
,,,,,312999,6737.957,1000,,,,,,,,,,
,,,,,313000,,,-594.9148559570312,-6.038422584533691,2.307408332824707,593.7611083984375,593.6991577148438,0.11024277657270432,0.011837358586490154,0.0003,0.0003,0.11024514585733414
,,,,,313999,5999.849,1000,,,,,,,,,,
,,,,,314000,,,-594.4825439453125,-5.892269134521484,3.043175220489502,593.3228149414062,592.9114990234375,0.10918176174163818,0.016667954623699188,0.0003,0.0003,0.10918603092432022
,,,,,314999,6682.9897,1000,,,,,,,,,,
6728.4336,74.588356,6827.4326,6583.9053,1000.0,315000,,,-593.1500854492188,-6.054110527038574,2.9612274169921875,591.783203125,591.49462890625,0.10965653508901596,-0.02068224921822548,0.0003,0.0003,0.10966081917285919
,,,,,315999,6819.3525,1000,,,,,,,,,,
,,,,,316000,,,-591.70361328125,-5.839563846588135,3.11275053024292,590.127685546875,590.5064697265625,0.11024380475282669,0.037856705486774445,0.0003,0.0003,0.11024364829063416
,,,,,316999,6753.98,1000,,,,,,,,,,
,,,,,317000,,,-594.7321166992188,-6.126129150390625,3.4231433868408203,593.3128662109375,593.2179565429688,0.11053944379091263,-0.004878347739577293,0.0003,0.0003,0.11054237931966782
,,,,,317999,6686.6294,1000,,,,,,,,,,
,,,,,318000,,,-594.9034423828125,-5.871779441833496,2.883820056915283,593.6845703125,593.4632568359375,0.1097106859087944,-0.028928203508257866,0.0003,0.0003,0.10971115529537201
,,,,,318999,6253.1924,1000,,,,,,,,,,
,,,,,319000,,,-597.7420043945312,-6.068843841552734,16.992403030395508,596.5921630859375,596.240234375,0.11068055778741837,-0.02227010950446129,0.0003,0.0003,0.11068138480186462
,,,,,319999,6759.702,1000,,,,,,,,,,
6836.4326,231.49174,7025.8193,6217.395,1000.0,320000,,,-600.91943359375,-5.783105373382568,2.629517078399658,599.844970703125,599.7597045898438,0.11068525910377502,0.02160373330116272,0.0003,0.0003,0.11067990213632584
,,,,,320999,6840.2866,1000,,,,,,,,,,
,,,,,321000,,,-603.0345458984375,-6.00820255279541,2.642024278640747,602.04931640625,602.2654418945312,0.11132048070430756,0.010002141818404198,0.0003,0.0003,0.11131960153579712
,,,,,321999,5965.1543,1000,,,,,,,,,,
,,,,,322000,,,-604.9214477539062,-6.206646919250488,2.770627498626709,603.8740234375,604.464599609375,0.11122845113277435,-0.0025330628268420696,0.0003,0.0003,0.1112283393740654
,,,,,322999,6359.632,1000,,,,,,,,,,
,,,,,323000,,,-599.4810180664062,-6.064296245574951,3.9725725650787354,597.981201171875,598.0101318359375,0.11168820410966873,-0.021568309515714645,0.0003,0.0003,0.11169940233230591
,,,,,323999,6719.1035,1000,,,,,,,,,,
,,,,,324000,,,-604.7113037109375,-5.711999416351318,30.215030670166016,603.4737548828125,603.4244384765625,0.11307311803102493,0.024619359523057938,0.0003,0.0003,0.11307095736265182
,,,,,324999,6912.607,1000,,,,,,,,,,
6936.4717,77.7239,7041.4814,6799.5537,1000.0,325000,,,-601.547607421875,-6.581594944000244,3.3289551734924316,600.5670776367188,600.4505615234375,0.11284516751766205,-0.04005170613527298,0.0003,0.0003,0.11284804344177246
,,,,,325999,6997.6426,1000,,,,,,,,,,
,,,,,326000,,,-601.2289428710938,-5.799534797668457,2.7784483432769775,600.1748046875,599.822021484375,0.11243253946304321,0.032142274081707,0.0003,0.0003,0.11243569850921631
,,,,,326999,7009.0234,1000,,,,,,,,,,
,,,,,327000,,,-602.2199096679688,-5.9207353591918945,3.363198757171631,600.9534301757812,601.01611328125,0.11243020743131638,0.001743451226502657,0.0003,0.0003,0.11243095248937607
,,,,,327999,6557.1655,1000,,,,,,,,,,
,,,,,328000,,,-611.0555419921875,-6.054157733917236,2.8292236328125,609.6558837890625,609.7833251953125,0.11281035840511322,-0.013048164546489716,0.0003,0.0003,0.11281011253595352
,,,,,328999,6931.06,1000,,,,,,,,,,
,,,,,329000,,,-606.294677734375,-5.9227705001831055,4.099878787994385,604.6871337890625,604.385986328125,0.11357200145721436,0.022866100072860718,0.0003,0.0003,0.1135692149400711
,,,,,329999,6768.3193,1000,,,,,,,,,,
6902.97,64.1039,7022.7627,6814.1104,1000.0,330000,,,-608.139892578125,-5.987102508544922,4.053010940551758,607.123291015625,606.7137451171875,0.11454542726278305,-0.002494831569492817,0.0003,0.0003,0.11454490572214127
,,,,,330999,5707.9224,1000,,,,,,,,,,
,,,,,331000,,,-608.800537109375,-6.025484085083008,3.8453209400177,607.0081787109375,607.2879638671875,0.1135556772351265,-0.038081951439380646,0.0003,0.0003,0.11356180161237717
,,,,,331999,6529.9297,1000,,,,,,,,,,
,,,,,332000,,,-606.4671020507812,-5.346814155578613,3.9878897666931152,604.9302978515625,604.9138793945312,0.112662173807621,0.06182897835969925,0.0003,0.0003,0.1126544401049614
,,,,,332999,6911.6934,1000,,,,,,,,,,
,,,,,333000,,,-612.00830078125,-5.887044429779053,2.4089395999908447,610.7847900390625,610.8487548828125,0.11352939903736115,0.006912972778081894,0.0003,0.0003,0.11352778971195221
,,,,,333999,6815.9546,1000,,,,,,,,,,
,,,,,334000,,,-608.0062255859375,-6.356522560119629,5.086569309234619,606.6180419921875,606.2457885742188,0.11397101730108261,-0.057446517050266266,0.0003,0.0003,0.11396919935941696
,,,,,334999,7014.561,1000,,,,,,,,,,
6960.931,124.24376,7096.75,6713.0977,1000.0,335000,,,-614.043212890625,-5.880721092224121,3.963662624359131,612.9798583984375,612.768798828125,0.11456899344921112,0.003114143619313836,0.0003,0.0003,0.1145690530538559
,,,,,335999,6926.494,1000,,,,,,,,,,
,,,,,336000,,,-613.8506469726562,-5.959234237670898,3.210142135620117,612.6615600585938,612.9244995117188,0.11340843886137009,0.0014036167412996292,0.0003,0.0003,0.11341103166341782
,,,,,336999,6995.833,1000,,,,,,,,,,
,,,,,337000,,,-614.9921264648438,-6.351943492889404,4.218236446380615,613.5722045898438,613.7116088867188,0.11440000683069229,-0.035695090889930725,0.0003,0.0003,0.11440377682447433
,,,,,337999,7003.87,1000,,,,,,,,,,
,,,,,338000,,,-612.8876342773438,-5.7567524909973145,3.442577838897705,611.591552734375,611.55322265625,0.1145162284374237,0.026207061484456062,0.0003,0.0003,0.11451473832130432
,,,,,338999,7019.361,1000,,,,,,,,,,
,,,,,339000,,,-612.6162719726562,-6.013584136962891,4.462303638458252,611.1192626953125,611.08447265625,0.11422210186719894,-0.005639918148517609,0.0003,0.0003,0.11422242224216461
,,,,,339999,2167.4067,1000,,,,,,,,,,
7025.81,63.400158,7132.286,6922.2905,1000.0,340000,,,-615.4569091796875,-5.983054161071777,2.8456897735595703,613.846923828125,613.6804809570312,0.11362329870462418,-0.00288546085357666,0.0003,0.0003,0.11361996829509735
,,,,,340999,6874.753,1000,,,,,,,,,,
,,,,,341000,,,-616.39111328125,-6.60350227355957,3.3474230766296387,614.8464965820312,614.848388671875,0.11344963312149048,-0.05309028923511505,0.0003,0.0003,0.113454170525074
,,,,,341999,6966.4805,1000,,,,,,,,,,
,,,,,342000,,,-611.5994873046875,-5.9470624923706055,5.075431823730469,610.0084228515625,610.2867431640625,0.11447656899690628,-0.0018982607871294022,0.0003,0.0003,0.114469014108181
,,,,,342999,7016.82,1000,,,,,,,,,,
,,,,,343000,,,-623.21728515625,-5.731216907501221,3.2950849533081055,621.9666137695312,622.224365234375,0.1150190457701683,0.04813672602176666,0.0003,0.0003,0.11502160131931305
,,,,,343999,7021.855,1000,,,,,,,,,,
,,,,,344000,,,-614.4107666015625,-5.850934982299805,4.325546741485596,612.9036865234375,612.980712890625,0.11401483416557312,-0.006190599873661995,0.0003,0.0003,0.11401403695344925
,,,,,344999,7156.3794,1000,,,,,,,,,,
7026.53,81.579605,7138.3174,6857.7627,1000.0,345000,,,-622.7193603515625,-5.476959228515625,3.0615241527557373,621.0765380859375,621.5050048828125,0.11422727257013321,0.05398639291524887,0.0003,0.0003,0.11422588676214218
,,,,,345999,7134.6104,1000,,,,,,,,,,
,,,,,346000,,,-618.8639526367188,-6.162489891052246,3.4242630004882812,617.6012573242188,617.2484130859375,0.11347835510969162,0.012106878682971,0.0003,0.0003,0.11347878724336624
,,,,,346999,7012.2256,1000,,,,,,,,,,
,,,,,347000,,,-623.7575073242188,-6.101339340209961,3.5512051582336426,622.22998046875,622.5443115234375,0.11417804658412933,-0.030980924144387245,0.0003,0.0003,0.114179328083992
,,,,,347999,7206.4707,1000,,,,,,,,,,
,,,,,348000,,,-624.9999389648438,-6.149125099182129,3.770646810531616,623.593017578125,623.7943115234375,0.1150546446442604,-0.023106306791305542,0.0003,0.0003,0.1150568425655365
,,,,,348999,7096.4043,1000,,,,,,,,,,
,,,,,349000,,,-616.39990234375,-6.327608108520508,3.142742156982422,614.9005737304688,614.8525390625,0.11471618711948395,-0.027986355125904083,0.0003,0.0003,0.1147187277674675
,,,,,349999,7000.441,1000,,,,,,,,,,
7081.051,93.37573,7191.9585,6907.4263,1000.0,350000,,,-617.3881225585938,-6.02866268157959,3.5363070964813232,615.398681640625,615.62451171875,0.11456598341464996,2.643279731273651e-05,0.0003,0.0003,0.11457216739654541
,,,,,350999,6554.475,1000,,,,,,,,,,
,,,,,351000,,,-622.9794921875,-5.89737606048584,4.098034858703613,621.1263427734375,620.93896484375,0.11466677486896515,-0.013293730095028877,0.0003,0.0003,0.11466740071773529
,,,,,351999,6765.812,1000,,,,,,,,,,
,,,,,352000,,,-624.1641235351562,-6.032469749450684,3.353022813796997,622.4705200195312,622.3419189453125,0.11506875604391098,0.006343822926282883,0.0003,0.0003,0.11507527530193329
,,,,,352999,7146.729,1000,,,,,,,,,,
,,,,,353000,,,-627.1038208007812,-5.993889808654785,3.5778465270996094,625.9598999023438,625.6821899414062,0.1157987043261528,0.0006051491945981979,0.0003,0.0003,0.11579997092485428
,,,,,353999,7190.1157,1000,,,,,,,,,,
,,,,,354000,,,-628.2538452148438,-6.188114166259766,4.393455505371094,626.6776123046875,626.3869018554688,0.11631985008716583,-0.04723407328128815,0.0003,0.0003,0.11632226407527924
,,,,,354999,6951.122,1000,,,,,,,,,,
7170.607,120.81028,7358.8994,6916.9907,1000.0,355000,,,-630.2075805664062,-5.773193359375,3.445934772491455,628.9632568359375,629.081787109375,0.11602340638637543,0.016082556918263435,0.0003,0.0003,0.11601931601762772
,,,,,355999,7255.5234,1000,,,,,,,,,,
,,,,,356000,,,-628.8750610351562,-5.829269886016846,3.6311593055725098,627.1732177734375,627.5056762695312,0.1164456382393837,0.020949985831975937,0.0003,0.0003,0.11644749343395233
,,,,,356999,7139.9995,1000,,,,,,,,,,
,,,,,357000,,,-629.79296875,-6.016263961791992,3.1984426975250244,628.01513671875,628.3539428710938,0.11587600409984589,0.01134386844933033,0.0003,0.0003,0.11587382107973099
,,,,,357999,885.8979,1000,,,,,,,,,,
,,,,,358000,,,-628.0143432617188,-6.138034820556641,3.6934022903442383,626.1060791015625,626.6376953125,0.1164683997631073,-0.03255913406610489,0.0003,0.0003,0.1164727658033371
,,,,,358999,7079.179,1000,,,,,,,,,,
,,,,,359000,,,-628.66357421875,-6.243063926696777,3.5917446613311768,626.9933471679688,626.6376953125,0.11711195111274719,-0.026176508516073227,0.0003,0.0003,0.11711172759532928
,,,,,359999,6872.0566,1000,,,,,,,,,,
7131.9775,144.90562,7295.777,6804.754,1000.0,360000,,,-631.632080078125,-6.204389572143555,3.314202308654785,630.26123046875,629.994873046875,0.1166434958577156,-0.0005261804908514023,0.0003,0.0003,0.1166459396481514
,,,,,360999,7245.0625,1000,,,,,,,,,,
,,,,,361000,,,-636.0398559570312,-5.378776550292969,3.14619517326355,635.0626831054688,634.9378662109375,0.11703748255968094,0.08108308166265488,0.0003,0.0003,0.1170339360833168
,,,,,361999,7249.6855,1000,,,,,,,,,,
,,,,,362000,,,-626.63427734375,-5.907708644866943,6.073242664337158,625.0462646484375,624.5746459960938,0.116871677339077,-0.032263051718473434,0.0003,0.0003,0.11687310039997101
,,,,,362999,7036.116,1000,,,,,,,,,,
,,,,,363000,,,-636.5291137695312,-5.934536457061768,3.4119796752929688,635.4960327148438,635.143310546875,0.11668847501277924,-0.016249574720859528,0.0003,0.0003,0.11668457835912704
,,,,,363999,7230.951,1000,,,,,,,,,,
,,,,,364000,,,-634.85791015625,-6.222016334533691,3.3240177631378174,633.4532470703125,633.431884765625,0.11706198006868362,-0.03862467408180237,0.0003,0.0003,0.11706041544675827
,,,,,364999,7185.699,1000,,,,,,,,,,
7078.2476,497.3544,7352.607,5595.7354,1000.0,365000,,,-632.0748291015625,-5.687326431274414,22.40437889099121,630.6632690429688,630.51123046875,0.11682973057031631,0.033856626600027084,0.0003,0.0003,0.11682891845703125
,,,,,365999,7231.894,1000,,,,,,,,,,
,,,,,366000,,,-635.4813232421875,-6.247776985168457,4.167316436767578,633.96875,634.2571411132812,0.11703069508075714,0.009761291556060314,0.0003,0.0003,0.11703432351350784
,,,,,366999,4231.3765,1000,,,,,,,,,,
,,,,,367000,,,-639.6834716796875,-6.075010299682617,2.753108024597168,638.44580078125,638.2749633789062,0.11628488451242447,-0.00018580444157123566,0.0003,0.0003,0.11628161370754242
,,,,,367999,7125.786,1000,,,,,,,,,,
,,,,,368000,,,-641.952880859375,-5.847242832183838,3.3839588165283203,640.3560791015625,639.9547119140625,0.11599229276180267,0.013727866113185883,0.0003,0.0003,0.11599063128232956
,,,,,368999,7105.5615,1000,,,,,,,,,,
,,,,,369000,,,-633.4277954101562,-6.205772876739502,11.238672256469727,632.4022216796875,632.19384765625,0.11602852493524551,-0.024813581258058548,0.0003,0.0003,0.11602603644132614
,,,,,369999,7174.212,1000,,,,,,,,,,
7315.139,41.03423,7373.591,7233.018,1000.0,370000,,,-637.1578979492188,-6.140326023101807,4.061315536499023,635.7626342773438,635.75439453125,0.1151411160826683,-0.057849690318107605,0.0003,0.0003,0.11514606326818466
,,,,,370999,7185.459,1000,,,,,,,,,,
,,,,,371000,,,-646.3817749023438,-5.960265159606934,3.688838005065918,644.8681640625,645.1793212890625,0.11536446213722229,0.018324539065361023,0.0003,0.0003,0.11535981297492981
,,,,,371999,7174.46,1000,,,,,,,,,,
,,,,,372000,,,-635.355224609375,-6.080051422119141,4.3958659172058105,633.7452392578125,634.049560546875,0.11579886823892593,-0.031059984117746353,0.0003,0.0003,0.1157982125878334
,,,,,372999,7183.347,1000,,,,,,,,,,
,,,,,373000,,,-637.3207397460938,-5.936200141906738,3.648674726486206,635.715576171875,635.9898681640625,0.11582587659358978,0.004489651881158352,0.0003,0.0003,0.11582460254430771
,,,,,373999,7042.4385,1000,,,,,,,,,,
,,,,,374000,,,-644.4989013671875,-6.185158729553223,3.4161105155944824,643.1912841796875,643.2056884765625,0.11528238654136658,-0.007850652560591698,0.0003,0.0003,0.11528617888689041
,,,,,374999,7185.3867,1000,,,,,,,,,,
7192.7666,101.72229,7317.448,7021.051,1000.0,375000,,,-643.9454345703125,-6.196399688720703,3.3178515434265137,642.7633666992188,642.4674072265625,0.11523193120956421,-0.03657639026641846,0.0003,0.0003,0.11523506790399551
,,,,,375999,7190.751,1000,,,,,,,,,,
,,,,,376000,,,-645.3336791992188,-5.923590183258057,3.7471795082092285,643.95556640625,644.29638671875,0.11512110382318497,-0.0019791070371866226,0.0003,0.0003,0.11512256413698196
,,,,,376999,7177.3545,1000,,,,,,,,,,
,,,,,377000,,,-647.6082153320312,-5.896202564239502,3.7646737098693848,645.52392578125,645.9261474609375,0.11636531352996826,0.009621241129934788,0.0003,0.0003,0.11636573076248169
,,,,,377999,6768.8813,1000,,,,,,,,,,
,,,,,378000,,,-642.7911376953125,-6.283310890197754,3.89726185798645,641.5262451171875,641.612548828125,0.11620082706212997,-0.0486878901720047,0.0003,0.0003,0.11620356887578964
,,,,,378999,7288.411,1000,,,,,,,,,,
,,,,,379000,,,-643.3538818359375,-5.980329513549805,5.221208572387695,641.281982421875,641.3712768554688,0.11614881455898285,0.002940671518445015,0.0003,0.0003,0.11614875495433807
,,,,,379999,7060.2236,1000,,,,,,,,,,
7278.297,67.793465,7351.4346,7118.823,1000.0,380000,,,-645.2411499023438,-6.100726127624512,3.8328170776367188,643.37109375,643.4412841796875,0.11654731631278992,-0.021838758140802383,0.0003,0.0003,0.11654578149318695
,,,,,380999,7329.0073,1000,,,,,,,,,,
,,,,,381000,,,-642.3116455078125,-6.0827484130859375,3.4788455963134766,640.6280517578125,641.0186157226562,0.11766041815280914,0.01054151076823473,0.0003,0.0003,0.11765754967927933
,,,,,381999,7124.148,1000,,,,,,,,,,
,,,,,382000,,,-644.0764770507812,-6.0711469650268555,3.5690829753875732,642.494384765625,642.4237670898438,0.11711205542087555,-0.02148248627781868,0.0003,0.0003,0.11711334437131882
,,,,,382999,7370.0547,1000,,,,,,,,,,
,,,,,383000,,,-639.3062744140625,-6.267370223999023,4.962292194366455,637.2049560546875,637.1871337890625,0.1175786703824997,-0.01774933561682701,0.0003,0.0003,0.117577463388443
,,,,,383999,7177.3984,1000,,,,,,,,,,
,,,,,384000,,,-653.836181640625,-5.941718101501465,3.648077964782715,652.329345703125,652.6212768554688,0.1184963583946228,0.0038795515429228544,0.0003,0.0003,0.11849324405193329
,,,,,384999,7310.312,1000,,,,,,,,,,
7433.956,47.196323,7506.591,7349.8755,1000.0,385000,,,-650.236083984375,-6.251760482788086,4.022751808166504,648.922119140625,648.53125,0.11827205121517181,-0.009550752118229866,0.0003,0.0003,0.11826761811971664
,,,,,385999,7305.7017,1000,,,,,,,,,,
,,,,,386000,,,-650.1867065429688,-5.383848190307617,5.875631332397461,648.37158203125,648.1099243164062,0.11739379167556763,0.04404929280281067,0.0003,0.0003,0.11739398539066315
,,,,,386999,7347.033,1000,,,,,,,,,,
,,,,,387000,,,-650.8229370117188,-5.759316444396973,3.713021993637085,649.2921752929688,649.439208984375,0.11735106259584427,0.044760577380657196,0.0003,0.0003,0.11734997481107712
,,,,,387999,5621.2495,1000,,,,,,,,,,
,,,,,388000,,,-653.6596069335938,-5.843753814697266,3.5375494956970215,651.7908935546875,652.1182250976562,0.11760451644659042,0.057754036039114,0.0003,0.0003,0.11759988963603973
,,,,,388999,7379.386,1000,,,,,,,,,,
,,,,,389000,,,-655.9241943359375,-6.061295032501221,5.3003644943237305,654.78173828125,654.2112426757812,0.11779000610113144,0.01160249300301075,0.0003,0.0003,0.11779171973466873
,,,,,389999,7491.42,1000,,,,,,,,,,
7375.8257,62.505768,7479.0806,7286.302,1000.0,390000,,,-642.599365234375,-6.2055768966674805,4.183193206787109,640.74755859375,640.6864013671875,0.11757825314998627,-0.023847434669733047,0.0003,0.0003,0.1175791472196579
,,,,,390999,7246.6987,1000,,,,,,,,,,
,,,,,391000,,,-652.6270751953125,-6.017627716064453,3.8923654556274414,651.237548828125,651.2569580078125,0.11791737377643585,-0.015516119077801704,0.0003,0.0003,0.11792127788066864
,,,,,391999,7476.4023,1000,,,,,,,,,,
,,,,,392000,,,-651.7444458007812,-5.906516075134277,5.362215995788574,649.6640625,649.6050415039062,0.11764290928840637,0.006748035550117493,0.0003,0.0003,0.11763814836740494
,,,,,392999,7466.096,1000,,,,,,,,,,
,,,,,393000,,,-653.5567016601562,-6.243194580078125,3.415191650390625,651.6412353515625,651.8282470703125,0.11702514439821243,-0.0479963943362236,0.0003,0.0003,0.11702533811330795
,,,,,393999,7402.384,1000,,,,,,,,,,
,,,,,394000,,,-660.8804931640625,-5.801657676696777,3.9964332580566406,659.3984985351562,659.4849243164062,0.11822003871202469,0.0022056642919778824,0.0003,0.0003,0.11822494119405746
,,,,,394999,7130.4272,1000,,,,,,,,,,
7433.3867,111.56272,7609.2256,7199.829,1000.0,395000,,,-654.7875366210938,-6.1728363037109375,4.522630214691162,653.4286499023438,652.5653686523438,0.11737331002950668,0.008859220892190933,0.0003,0.0003,0.1173754334449768
,,,,,395999,7421.72,1000,,,,,,,,,,
,,,,,396000,,,-657.1559448242188,-6.455060958862305,3.47402286529541,655.5897827148438,655.6060791015625,0.11741266399621964,-0.050790511071681976,0.0003,0.0003,0.11741402745246887
,,,,,396999,7465.7036,1000,,,,,,,,,,
,,,,,397000,,,-657.3652954101562,-6.456239223480225,4.78654670715332,655.9107666015625,655.7340087890625,0.11636531352996826,-0.05100231617689133,0.0003,0.0003,0.11636406183242798
,,,,,397999,7401.285,1000,,,,,,,,,,
,,,,,398000,,,-655.8679809570312,-6.188714981079102,4.017131805419922,654.3106079101562,654.50146484375,0.11704792082309723,0.007188422605395317,0.0003,0.0003,0.1170487180352211
,,,,,398999,6892.67,1000,,,,,,,,,,
,,,,,399000,,,-652.5416870117188,-5.979913234710693,4.778780937194824,651.0411376953125,650.6527709960938,0.1177346408367157,-0.008477343246340752,0.0003,0.0003,0.11773233115673065
,,,,,399999,7275.85,1000,,,,,,,,,,
7438.4907,66.319016,7526.772,7291.477,1000.0,400000,,,-661.9453125,-5.692225456237793,3.6591386795043945,660.873046875,660.6488037109375,0.11813996732234955,0.021087605506181717,0.0003,0.0003,0.11814513802528381
,,,,,400999,7337.534,1000,,,,,,,,,,
,,,,,401000,,,-660.1846313476562,-6.018715858459473,3.477980613708496,658.4957275390625,658.784423828125,0.1182982549071312,0.04043553024530411,0.0003,0.0003,0.1182950958609581
,,,,,401999,7563.668,1000,,,,,,,,,,
,,,,,402000,,,-661.4329223632812,-6.414175033569336,4.328300476074219,659.9639892578125,660.0353393554688,0.1179644986987114,-0.008424445986747742,0.0003,0.0003,0.11796059459447861
,,,,,402999,7442.529,1000,,,,,,,,,,
,,,,,403000,,,-659.9608764648438,-6.49744987487793,4.130496501922607,658.500732421875,658.8316650390625,0.1176145002245903,-0.017490623518824577,0.0003,0.0003,0.11761543154716492
,,,,,403999,7530.7075,1000,,,,,,,,,,
,,,,,404000,,,-659.8753662109375,-6.62667179107666,4.026798725128174,658.4684448242188,658.598876953125,0.11734239757061005,-0.05730515718460083,0.0003,0.0003,0.11734896898269653
,,,,,404999,7511.867,1000,,,,,,,,,,
7510.335,109.3568,7655.2197,7344.055,1000.0,405000,,,-662.685791015625,-5.968405723571777,3.4289231300354004,660.7416381835938,660.564697265625,0.11748824268579483,-0.021219484508037567,0.0003,0.0003,0.11748465150594711
,,,,,405999,7527.103,1000,,,,,,,,,,
,,,,,406000,,,-666.2664184570312,-6.247135162353516,4.49965763092041,664.81005859375,664.93017578125,0.11705472320318222,-0.04632342606782913,0.0003,0.0003,0.11705707013607025
,,,,,406999,7549.6177,1000,,,,,,,,,,
,,,,,407000,,,-662.3112182617188,-5.337885856628418,3.829329490661621,660.6891479492188,660.8988037109375,0.11694688349962234,0.09912744164466858,0.0003,0.0003,0.11694584786891937
,,,,,407999,7539.0366,1000,,,,,,,,,,
,,,,,408000,,,-669.3350219726562,-5.692574977874756,4.907172203063965,668.424560546875,668.1063842773438,0.11818738281726837,0.010106462985277176,0.0003,0.0003,0.11818554252386093
,,,,,408999,7412.7637,1000,,,,,,,,,,
,,,,,409000,,,-671.3302001953125,-5.613409042358398,3.2653870582580566,670.0213012695312,670.3923950195312,0.11733316630125046,0.03671448677778244,0.0003,0.0003,0.11732776463031769
,,,,,409999,7429.0312,1000,,,,,,,,,,
7490.544,107.70877,7617.5273,7278.0566,1000.0,410000,,,-668.7675170898438,-5.701803684234619,3.494840383529663,667.2496948242188,667.2430419921875,0.11651147902011871,0.02964763715863228,0.0003,0.0003,0.11650720238685608
,,,,,410999,7418.4004,1000,,,,,,,,,,
,,,,,411000,,,-667.90283203125,-5.652471542358398,3.2392706871032715,666.4949340820312,666.793212890625,0.11656949669122696,0.042192235589027405,0.0003,0.0003,0.11656852066516876
,,,,,411999,7525.3105,1000,,,,,,,,,,
,,,,,412000,,,-667.03173828125,-5.746589183807373,4.922569274902344,665.4996948242188,665.8799438476562,0.1185755655169487,0.020282063633203506,0.0003,0.0003,0.11858093738555908
,,,,,412999,7610.633,1000,,,,,,,,,,
,,,,,413000,,,-663.6786499023438,-6.507411003112793,4.307469844818115,661.64111328125,662.058837890625,0.11903592199087143,-0.06356021016836166,0.0003,0.0003,0.11903900653123856
,,,,,413999,5881.423,1000,,,,,,,,,,
,,,,,414000,,,-673.9124755859375,-5.530102252960205,4.174591064453125,672.383544921875,672.216064453125,0.11855428665876389,0.07069408893585205,0.0003,0.0003,0.11854733526706696
,,,,,414999,7074.54,1000,,,,,,,,,,
7672.8306,50.2354,7737.442,7586.4507,1000.0,415000,,,-670.4616088867188,-6.206325054168701,4.0046868324279785,669.093994140625,669.0933227539062,0.11958552151918411,-0.010211153887212276,0.0003,0.0003,0.11958367377519608
,,,,,415999,7552.28,1000,,,,,,,,,,
,,,,,416000,,,-665.6403198242188,-5.473263740539551,9.016236305236816,664.277099609375,663.7276611328125,0.1194346472620964,0.002170812338590622,0.0003,0.0003,0.1194310337305069
,,,,,416999,7165.5566,1000,,,,,,,,,,
,,,,,417000,,,-672.821044921875,-6.053199768066406,3.192336082458496,671.23583984375,671.4756469726562,0.11833170801401138,-0.004948992282152176,0.0003,0.0003,0.11833672970533371
,,,,,417999,7582.6514,1000,,,,,,,,,,
,,,,,418000,,,-671.5299682617188,-6.304688453674316,4.259919166564941,670.0538330078125,670.15380859375,0.11851579695940018,-0.02669621631503105,0.0003,0.0003,0.1185155138373375
,,,,,418999,7552.9263,1000,,,,,,,,,,
,,,,,419000,,,-678.968994140625,-5.775520324707031,3.6389853954315186,677.6339111328125,677.61181640625,0.11796306818723679,0.04814055562019348,0.0003,0.0003,0.1179601177573204
,,,,,419999,7565.8306,1000,,,,,,,,,,
7552.694,66.758514,7664.29,7409.2373,1000.0,420000,,,-673.53955078125,-5.8748602867126465,5.059780120849609,672.1214599609375,672.0445556640625,0.11809251457452774,-0.009000474587082863,0.0003,0.0003,0.11809056997299194
,,,,,420999,7607.1597,1000,,,,,,,,,,
,,,,,421000,,,-673.993896484375,-5.816987991333008,4.0325093269348145,672.213134765625,672.2076416015625,0.11770477890968323,0.015090776607394218,0.0003,0.0003,0.11770786345005035
,,,,,421999,7445.9116,1000,,,,,,,,,,
,,,,,422000,,,-679.0880737304688,-5.652902603149414,3.5800952911376953,677.8035278320312,677.981689453125,0.11823984980583191,0.048359427601099014,0.0003,0.0003,0.11823058128356934
,,,,,422999,7648.1343,1000,,,,,,,,,,
,,,,,423000,,,-670.823974609375,-5.758413314819336,10.10822582244873,669.7669677734375,669.520263671875,0.1183960810303688,0.017946215346455574,0.0003,0.0003,0.11838983744382858
,,,,,423999,7638.547,1000,,,,,,,,,,
,,,,,424000,,,-664.6421508789062,-5.7639312744140625,4.276616096496582,662.7171020507812,663.2578125,0.11833362281322479,-0.0021455350797623396,0.0003,0.0003,0.1183309406042099
,,,,,424999,7558.336,1000,,,,,,,,,,
7630.618,71.85914,7742.8623,7498.64,1000.0,425000,,,-680.2950439453125,-6.052539348602295,2.9096627235412598,678.6771240234375,678.652587890625,0.11786279082298279,-0.037731047719717026,0.0003,0.0003,0.11786144226789474
,,,,,425999,7587.4443,1000,,,,,,,,,,
,,,,,426000,,,-681.7786254882812,-5.401218891143799,4.251501083374023,680.1370849609375,680.3670654296875,0.11812179535627365,0.04633134603500366,0.0003,0.0003,0.11812027543783188
,,,,,426999,7646.494,1000,,,,,,,,,,
,,,,,427000,,,-679.9080810546875,-5.534677505493164,4.866373062133789,678.9248657226562,678.858642578125,0.11907000839710236,0.04339577630162239,0.0003,0.0003,0.11906804889440536
,,,,,427999,7546.6494,1000,,,,,,,,,,
,,,,,428000,,,-687.3607788085938,-6.0949506759643555,4.204924583435059,686.1649169921875,686.0159912109375,0.11898668110370636,-0.030871573835611343,0.0003,0.0003,0.11898618191480637
,,,,,428999,7553.8066,1000,,,,,,,,,,
,,,,,429000,,,-677.2539672851562,-5.91546630859375,3.733971118927002,675.6898193359375,675.8170166015625,0.11825510114431381,0.04279138520359993,0.0003,0.0003,0.11824997514486313
,,,,,429999,7597.518,1000,,,,,,,,,,
7707.064,65.44331,7772.3647,7607.573,1000.0,430000,,,-674.6814575195312,-6.2283616065979,3.6898107528686523,672.826171875,673.2955932617188,0.11815057694911957,0.005568766035139561,0.0003,0.0003,0.11815601587295532
,,,,,430999,7631.7363,1000,,,,,,,,,,
,,,,,431000,,,-677.06298828125,-5.808752059936523,3.741879940032959,675.4451904296875,675.3331909179688,0.11908295750617981,0.01741989515721798,0.0003,0.0003,0.11907985806465149
,,,,,431999,7757.8887,1000,,,,,,,,,,
,,,,,432000,,,-670.3446655273438,-6.210808753967285,4.7370405197143555,668.6019897460938,668.7705688476562,0.11990479379892349,-0.031278468668460846,0.0003,0.0003,0.11990570276975632
,,,,,432999,7569.6265,1000,,,,,,,,,,
,,,,,433000,,,-679.481201171875,-5.732081413269043,3.7327871322631836,677.5911865234375,677.3195190429688,0.12087405472993851,-0.00831963587552309,0.0003,0.0003,0.12087281793355942
,,,,,433999,7682.734,1000,,,,,,,,,,
,,,,,434000,,,-680.0657348632812,-6.595970153808594,4.373211860656738,678.4036865234375,678.96337890625,0.11999310553073883,-0.024113090708851814,0.0003,0.0003,0.1200031191110611
,,,,,434999,7657.3887,1000,,,,,,,,,,
7733.7563,69.49041,7840.174,7584.2847,1000.0,435000,,,-680.4356079101562,-5.620533466339111,3.591981887817383,678.412841796875,678.82568359375,0.12012007087469101,0.01459573209285736,0.0003,0.0003,0.12011907249689102
,,,,,435999,7618.6807,1000,,,,,,,,,,
,,,,,436000,,,-680.8839721679688,-6.644306182861328,3.6985254287719727,678.917236328125,679.3825073242188,0.1201639324426651,-0.05095735564827919,0.0003,0.0003,0.12016373127698898
,,,,,436999,7334.556,1000,,,,,,,,,,
,,,,,437000,,,-676.810546875,-5.9737067222595215,2.9465534687042236,675.13720703125,675.1361083984375,0.11968889087438583,0.027285825461149216,0.0003,0.0003,0.11968409270048141
,,,,,437999,7653.044,1000,,,,,,,,,,
,,,,,438000,,,-684.564208984375,-5.6656494140625,3.6768200397491455,683.1067504882812,683.0584106445312,0.11966335028409958,0.004514547064900398,0.0003,0.0003,0.1196599006652832
,,,,,438999,7737.2354,1000,,,,,,,,,,
,,,,,439000,,,-695.1704711914062,-5.320890426635742,3.7741308212280273,693.0870361328125,693.13916015625,0.12118509411811829,0.04274079203605652,0.0003,0.0003,0.12118226289749146
,,,,,439999,7716.7397,1000,,,,,,,,,,
7806.3125,109.98461,7884.8154,7500.4775,1000.0,440000,,,-691.7510986328125,-6.254244804382324,3.8374242782592773,690.3583984375,690.5585327148438,0.1204213947057724,0.005364387761801481,0.0003,0.0003,0.12042101472616196
,,,,,440999,7822.761,1000,,,,,,,,,,
,,,,,441000,,,-680.7811279296875,-6.3392839431762695,3.616795778274536,679.1211547851562,679.233642578125,0.11985311657190323,-0.02891015261411667,0.0003,0.0003,0.11985599994659424
,,,,,441999,7613.5947,1000,,,,,,,,,,
,,,,,442000,,,-687.0746459960938,-5.902534484863281,3.7069334983825684,685.6458740234375,686.2135009765625,0.11902882158756256,0.04121524095535278,0.0003,0.0003,0.11902836710214615
,,,,,442999,7939.063,1000,,,,,,,,,,
,,,,,443000,,,-685.6876831054688,-6.28786563873291,4.514101028442383,684.5556640625,684.076171875,0.12002958357334137,-0.028706077486276627,0.0003,0.0003,0.1200307309627533
,,,,,443999,7744.8516,1000,,,,,,,,,,
,,,,,444000,,,-690.9741821289062,-6.345527648925781,4.846584320068359,689.779541015625,689.6646728515625,0.11991690844297409,-0.04098325967788696,0.0003,0.0003,0.11992097645998001
,,,,,444999,7779.331,1000,,,,,,,,,,
7850.0483,87.26141,7997.4,7752.7407,1000.0,445000,,,-687.94677734375,-5.999404430389404,4.219175338745117,686.7655639648438,686.9154052734375,0.12141066789627075,0.03175981342792511,0.0003,0.0003,0.12141396105289459
,,,,,445999,7731.4062,1000,,,,,,,,,,
,,,,,446000,,,-688.2384643554688,-5.512609481811523,3.3049936294555664,686.409912109375,686.114990234375,0.12125075608491898,0.020781511440873146,0.0003,0.0003,0.12124748528003693
,,,,,446999,7819.4517,1000,,,,,,,,,,
,,,,,447000,,,-685.4732666015625,-6.219847679138184,4.12326717376709,683.784423828125,683.51416015625,0.12150147557258606,-0.029689092189073563,0.0003,0.0003,0.1215004026889801
,,,,,447999,7806.5503,1000,,,,,,,,,,
,,,,,448000,,,-692.6829833984375,-5.6275129318237305,4.271100044250488,691.2080078125,691.3255615234375,0.12055782228708267,0.05580820515751839,0.0003,0.0003,0.120553158223629
,,,,,448999,7818.6196,1000,,,,,,,,,,
,,,,,449000,,,-692.5804443359375,-5.655223846435547,9.016992568969727,690.9390258789062,691.353271484375,0.12126382440328598,0.042761512100696564,0.0003,0.0003,0.12126722931861877
,,,,,449999,7663.2676,1000,,,,,,,,,,
7829.5586,92.18918,7935.878,7611.4106,1000.0,450000,,,-689.7344970703125,-6.0715436935424805,6.236700057983398,688.1470947265625,688.1436767578125,0.12145072966814041,-0.015012552961707115,0.0003,0.0003,0.12145032733678818
,,,,,450999,7590.712,1000,,,,,,,,,,
,,,,,451000,,,-695.0780029296875,-5.843815803527832,4.052579879760742,693.7149658203125,693.4178466796875,0.12076180428266525,-0.001968344207853079,0.0003,0.0003,0.12075849622488022
,,,,,451999,7753.9683,1000,,,,,,,,,,
,,,,,452000,,,-697.8561401367188,-5.901017189025879,4.212611198425293,696.51806640625,696.4202270507812,0.11966520547866821,0.01814485713839531,0.0003,0.0003,0.11966583877801895
,,,,,452999,7811.2866,1000,,,,,,,,,,
,,,,,453000,,,-692.1454467773438,-6.125859260559082,4.968535900115967,690.2615966796875,690.643310546875,0.12081199884414673,0.010958854109048843,0.0003,0.0003,0.12081911414861679
,,,,,453999,7148.7524,1000,,,,,,,,,,
,,,,,454000,,,-691.8262329101562,-6.278311729431152,4.098189830780029,689.9813232421875,690.0870361328125,0.1219744011759758,-0.04886278882622719,0.0003,0.0003,0.12197715789079666
,,,,,454999,7821.1104,1000,,,,,,,,,,
7457.9517,622.4553,7879.534,5743.9814,1000.0,455000,,,-701.3284912109375,-5.612570762634277,4.26015043258667,699.8837890625,700.1600341796875,0.12144552171230316,0.06170324608683586,0.0003,0.0003,0.12143764644861221
,,,,,455999,7850.9775,1000,,,,,,,,,,
,,,,,456000,,,-699.6848754882812,-5.928366184234619,4.091006755828857,697.5838623046875,697.438232421875,0.12031902372837067,-0.0025733672082424164,0.0003,0.0003,0.12031931430101395
,,,,,456999,7939.141,1000,,,,,,,,,,
,,,,,457000,,,-693.4166870117188,-6.222756862640381,3.982334613800049,692.1092529296875,691.7904052734375,0.12018667906522751,-0.01740546151995659,0.0003,0.0003,0.12018699944019318
,,,,,457999,7776.8604,1000,,,,,,,,,,
,,,,,458000,,,-700.110107421875,-6.360983848571777,3.9266319274902344,698.4375,698.4970703125,0.11996784061193466,-0.054920125752687454,0.0003,0.0003,0.11996520310640335
,,,,,458999,7750.1777,1000,,,,,,,,,,
,,,,,459000,,,-703.4462890625,-5.637356758117676,3.9141149520874023,702.028076171875,702.1345825195312,0.11977061629295349,0.05610717087984085,0.0003,0.0003,0.11976407468318939
,,,,,459999,7963.3184,1000,,,,,,,,,,
7836.943,132.95798,8015.6416,7648.1367,1000.0,460000,,,-701.7093505859375,-6.111246109008789,4.397175312042236,700.4713134765625,700.4779663085938,0.12018699944019318,-0.009940492920577526,0.0003,0.0003,0.12018774449825287
,,,,,460999,7752.286,1000,,,,,,,,,,
,,,,,461000,,,-704.6756591796875,-5.913190841674805,3.922559976577759,703.07763671875,703.1210327148438,0.12020931392908096,0.006676275283098221,0.0003,0.0003,0.12021040916442871
,,,,,461999,7895.967,1000,,,,,,,,,,
,,,,,462000,,,-703.9829711914062,-6.314872741699219,4.689274787902832,702.5821533203125,702.2310791015625,0.12027451395988464,-0.04272343963384628,0.0003,0.0003,0.12027927488088608
,,,,,462999,7997.7144,1000,,,,,,,,,,
,,,,,463000,,,-695.8773193359375,-5.710938453674316,4.344377040863037,693.7661743164062,693.7506103515625,0.12057994306087494,0.020267343148589134,0.0003,0.0003,0.12058541923761368
,,,,,463999,7900.071,1000,,,,,,,,,,
,,,,,464000,,,-711.28076171875,-6.0576677322387695,3.851447582244873,709.782470703125,709.6854248046875,0.12130951136350632,0.003738672472536564,0.0003,0.0003,0.1213073655962944
,,,,,464999,7834.866,1000,,,,,,,,,,
7920.16,99.98914,8076.437,7728.2695,1000.0,465000,,,-703.173095703125,-5.563807487487793,3.7416067123413086,701.35498046875,701.7660522460938,0.12127544730901718,0.016701772809028625,0.0003,0.0003,0.12127237766981125
,,,,,465999,7964.307,1000,,,,,,,,,,
,,,,,466000,,,-698.9785766601562,-6.301516056060791,4.271894931793213,697.8267211914062,697.7295532226562,0.12170012295246124,-0.016509465873241425,0.0003,0.0003,0.12170195579528809
,,,,,466999,7769.165,1000,,,,,,,,,,
,,,,,467000,,,-707.6419067382812,-6.229305267333984,5.102853775024414,706.6795043945312,706.5966796875,0.12159983813762665,-0.03688435256481171,0.0003,0.0003,0.12160412967205048
,,,,,467999,7734.77,1000,,,,,,,,,,
,,,,,468000,,,-702.275146484375,-5.794392108917236,3.3882126808166504,699.9655151367188,700.0723876953125,0.12201770395040512,0.016358772292733192,0.0003,0.0003,0.12201332300901413
,,,,,468999,7671.2715,1000,,,,,,,,,,
,,,,,469000,,,-701.0126953125,-6.565094470977783,3.7171831130981445,699.400634765625,699.365478515625,0.12228044867515564,-0.05100443959236145,0.0003,0.0003,0.12228042632341385
,,,,,469999,7822.235,1000,,,,,,,,,,
7899.4297,114.477745,8080.921,7722.008,1000.0,470000,,,-717.4861450195312,-5.741716384887695,3.4643497467041016,716.066650390625,715.91796875,0.12193518131971359,0.03233914077281952,0.0003,0.0003,0.1219300925731659
,,,,,470999,7943.52,1000,,,,,,,,,,
,,,,,471000,,,-708.748291015625,-5.7854766845703125,4.277644157409668,707.5947265625,707.2520751953125,0.12172844260931015,0.040379077196121216,0.0003,0.0003,0.121725894510746
,,,,,471999,7931.2505,1000,,,,,,,,,,
,,,,,472000,,,-708.5833740234375,-5.827020168304443,4.48214864730835,706.7360229492188,706.7597045898438,0.12107960134744644,0.030560385435819626,0.0003,0.0003,0.12108167260885239
,,,,,472999,7784.57,1000,,,,,,,,,,
,,,,,473000,,,-708.8236694335938,-6.223513603210449,17.27525520324707,707.449462890625,706.9505615234375,0.1218336746096611,-0.002105172723531723,0.0003,0.0003,0.12183413654565811
,,,,,473999,7894.829,1000,,,,,,,,,,
,,,,,474000,,,-714.6954345703125,-5.992687225341797,4.075977325439453,713.43505859375,713.505615234375,0.12148137390613556,0.017502885311841965,0.0003,0.0003,0.1214783564209938
,,,,,474999,7747.207,1000,,,,,,,,,,
8051.754,78.24655,8170.354,7898.8257,1000.0,475000,,,-704.1131591796875,-5.867264270782471,3.9026103019714355,702.3671875,702.6658935546875,0.12283341586589813,-0.026371825486421585,0.0003,0.0003,0.12284093350172043
,,,,,475999,7916.9644,1000,,,,,,,,,,
,,,,,476000,,,-707.2538452148438,-6.174325942993164,4.021871089935303,705.246337890625,705.2938842773438,0.12292852997779846,-0.01013438031077385,0.0003,0.0003,0.12292414158582687
,,,,,476999,7833.236,1000,,,,,,,,,,
,,,,,477000,,,-710.34423828125,-6.346297264099121,11.550501823425293,709.01513671875,708.7520751953125,0.12246788293123245,-0.03999579697847366,0.0003,0.0003,0.12247173488140106
,,,,,477999,8042.706,1000,,,,,,,,,,
,,,,,478000,,,-708.1161499023438,-5.9826860427856445,4.966261863708496,706.17236328125,706.4459838867188,0.12184340506792068,-0.0009032357484102249,0.0003,0.0003,0.12184029817581177
,,,,,478999,7994.8276,1000,,,,,,,,,,
,,,,,479000,,,-710.6803588867188,-5.679508209228516,4.632079601287842,708.9545288085938,708.6997680664062,0.12213992327451706,0.043330203741788864,0.0003,0.0003,0.12213098257780075
,,,,,479999,7892.417,1000,,,,,,,,,,
8039.3335,131.61661,8228.628,7860.272,1000.0,480000,,,-716.8960571289062,-5.395271301269531,3.9339518547058105,715.9183349609375,715.763916015625,0.12265197187662125,0.08051915466785431,0.0003,0.0003,0.12265249341726303
,,,,,480999,6553.378,1000,,,,,,,,,,
,,,,,481000,,,-717.0549926757812,-6.080173015594482,3.031310558319092,715.4776000976562,715.58544921875,0.1232137456536293,-0.027576565742492676,0.0003,0.0003,0.12321213632822037
,,,,,481999,8017.17,1000,,,,,,,,,,
,,,,,482000,,,-710.0111083984375,-6.356986045837402,4.036234378814697,708.5986938476562,708.4425048828125,0.12214034050703049,-0.02290334925055504,0.0003,0.0003,0.12213698774576187
,,,,,482999,8166.472,1000,,,,,,,,,,
,,,,,483000,,,-716.3111572265625,-5.950972557067871,5.14457893371582,714.06640625,714.4713134765625,0.12163982540369034,0.00261029414832592,0.0003,0.0003,0.12163854390382767
,,,,,483999,7939.7017,1000,,,,,,,,,,
,,,,,484000,,,-716.4762573242188,-5.748486518859863,6.375370025634766,715.0763549804688,714.8178100585938,0.12313657253980637,0.017337467521429062,0.0003,0.0003,0.12313865125179291
,,,,,484999,7903.934,1000,,,,,,,,,,
7499.596,1323.7158,8249.747,3755.9736,1000.0,485000,,,-710.5335083007812,-5.923896789550781,4.810821056365967,709.0313720703125,708.8700561523438,0.12236789613962173,-0.00389912910759449,0.0003,0.0003,0.1223706305027008
,,,,,485999,8075.6826,1000,,,,,,,,,,
,,,,,486000,,,-721.1615600585938,-6.409482479095459,4.225066661834717,719.9239501953125,719.770263671875,0.12124831974506378,-0.052751049399375916,0.0003,0.0003,0.12125488370656967
,,,,,486999,7863.412,1000,,,,,,,,,,
,,,,,487000,,,-713.0130004882812,-5.996066093444824,4.104338645935059,711.4581298828125,711.4478759765625,0.12218481302261353,0.0005056345835328102,0.0003,0.0003,0.12219163030385971
,,,,,487999,7897.8228,1000,,,,,,,,,,
,,,,,488000,,,-710.84521484375,-5.964812278747559,5.72189474105835,708.8314819335938,708.8128662109375,0.12242114543914795,-0.04681932553648949,0.0003,0.0003,0.12242526561021805
,,,,,488999,7998.576,1000,,,,,,,,,,
,,,,,489000,,,-713.1849975585938,-6.0170674324035645,4.841625213623047,710.833740234375,710.8438720703125,0.1230093464255333,-0.02557966113090515,0.0003,0.0003,0.12301476299762726
,,,,,489999,8008.685,1000,,,,,,,,,,
8069.0127,68.40617,8142.3267,7914.721,1000.0,490000,,,-722.351806640625,-6.122406005859375,5.966683387756348,720.5457763671875,720.67041015625,0.12361542135477066,0.0450742170214653,0.0003,0.0003,0.12361506372690201
,,,,,490999,8151.129,1000,,,,,,,,,,
,,,,,491000,,,-716.306396484375,-6.029507637023926,5.226190567016602,715.2236328125,714.9529418945312,0.12447088211774826,-0.024060210213065147,0.0003,0.0003,0.12447082251310349
,,,,,491999,8083.726,1000,,,,,,,,,,
,,,,,492000,,,-717.2589111328125,-5.927145957946777,5.491069316864014,715.3785400390625,715.3644409179688,0.12268510460853577,0.03996897488832474,0.0003,0.0003,0.12267987430095673
,,,,,492999,8133.535,1000,,,,,,,,,,
,,,,,493000,,,-721.09619140625,-5.577658653259277,3.5588808059692383,719.1982421875,719.1646118164062,0.1230832114815712,0.03728581219911575,0.0003,0.0003,0.12307998538017273
,,,,,493999,6984.5127,1000,,,,,,,,,,
,,,,,494000,,,-719.4097290039062,-5.908813953399658,4.290963172912598,717.5674438476562,717.9295043945312,0.12419413030147552,-0.005427389405667782,0.0003,0.0003,0.12419360131025314
,,,,,494999,8010.0366,1000,,,,,,,,,,
8154.1587,161.68625,8345.684,7749.4385,1000.0,495000,,,-720.7233276367188,-6.244638442993164,4.930556297302246,718.877685546875,719.2386474609375,0.12310688942670822,-0.044857434928417206,0.0003,0.0003,0.12311188131570816
,,,,,495999,7715.8887,1000,,,,,,,,,,
,,,,,496000,,,-717.4681396484375,-6.261624336242676,4.016136169433594,716.044189453125,716.173828125,0.12213282287120819,-0.051340945065021515,0.0003,0.0003,0.12213584780693054
,,,,,496999,8064.298,1000,,,,,,,,,,
,,,,,497000,,,-725.248291015625,-5.439418792724609,3.8954110145568848,724.090087890625,723.9989013671875,0.12202154844999313,0.031031500548124313,0.0003,0.0003,0.12201948463916779
,,,,,497999,7910.9087,1000,,,,,,,,,,
,,,,,498000,,,-723.3309936523438,-6.760891437530518,4.920085906982422,721.3385620117188,721.616943359375,0.12195657193660736,-0.08720523118972778,0.0003,0.0003,0.12196503579616547
,,,,,498999,8017.678,1000,,,,,,,,,,
,,,,,499000,,,-729.0485229492188,-5.4289870262146,3.5880990028381348,727.2421875,727.298583984375,0.12216883897781372,0.05719806253910065,0.0003,0.0003,0.1221712976694107
,,,,,499999,7906.112,1000,,,,,,,,,,
8075.794,40.55069,8133.6167,8009.4683,1000.0,500000,,,-722.0182495117188,-5.892570495605469,3.7775814533233643,720.146484375,720.328369140625,0.12207405269145966,0.005751953460276127,0.0003,0.0003,0.12206708639860153
,,,,,500999,8069.8184,1000,,,,,,,,,,
,,,,,501000,,,-720.0360107421875,-6.284792423248291,4.058271408081055,719.1119384765625,718.4710693359375,0.12255506962537766,-0.02852967381477356,0.0003,0.0003,0.12255840003490448
,,,,,501999,8153.0146,1000,,,,,,,,,,
,,,,,502000,,,-720.4944458007812,-6.2765936851501465,5.796278953552246,719.1694946289062,718.9533081054688,0.12322017550468445,-0.029241936281323433,0.0003,0.0003,0.12322009354829788
,,,,,502999,8142.612,1000,,,,,,,,,,
,,,,,503000,,,-726.8117065429688,-6.121182918548584,4.092596054077148,725.4454956054688,725.2608032226562,0.12343082576990128,0.008032189682126045,0.0003,0.0003,0.12342832237482071
,,,,,503999,8125.295,1000,,,,,,,,,,
,,,,,504000,,,-733.3385620117188,-5.74785852432251,3.7065165042877197,732.1444091796875,732.12451171875,0.12390466779470444,0.0013252617791295052,0.0003,0.0003,0.12390556186437607
,,,,,504999,7917.1836,1000,,,,,,,,,,
7689.405,1326.5935,8344.889,3792.0205,1000.0,505000,,,-732.0775756835938,-5.871172904968262,4.882026672363281,730.4340209960938,730.1710205078125,0.12445865571498871,-0.003766871988773346,0.0003,0.0003,0.12445560097694397
,,,,,505999,8339.681,1000,,,,,,,,,,
,,,,,506000,,,-733.0732421875,-6.032331466674805,4.082772254943848,731.609375,731.8515625,0.12449883669614792,-0.03924291580915451,0.0003,0.0003,0.12449613213539124
,,,,,506999,7662.5923,1000,,,,,,,,,,
,,,,,507000,,,-732.6976318359375,-5.981115818023682,4.82227897644043,731.462158203125,731.3005981445312,0.12404879927635193,0.005699379835277796,0.0003,0.0003,0.12405315041542053
,,,,,507999,7022.3047,1000,,,,,,,,,,
,,,,,508000,,,-722.5350341796875,-5.760986804962158,4.405325889587402,720.650634765625,721.0572509765625,0.12379337847232819,0.0302126407623291,0.0003,0.0003,0.12379346787929535
,,,,,508999,8112.3496,1000,,,,,,,,,,
,,,,,509000,,,-731.9917602539062,-5.959012508392334,4.35270881652832,730.48974609375,730.6587524414062,0.12343968451023102,0.03293300047516823,0.0003,0.0003,0.12343467772006989
,,,,,509999,7884.4077,1000,,,,,,,,,,
8053.675,111.337456,8176.8105,7784.244,1000.0,510000,,,-722.9970703125,-6.530638217926025,4.893046855926514,721.073974609375,721.1787719726562,0.12357468903064728,-0.043883152306079865,0.0003,0.0003,0.1235833615064621
,,,,,510999,8103.4126,1000,,,,,,,,,,
,,,,,511000,,,-727.9192504882812,-6.182953834533691,4.8588547706604,726.4080810546875,726.1226196289062,0.12340033799409866,-0.022349633276462555,0.0003,0.0003,0.12339913845062256
,,,,,511999,8141.5825,1000,,,,,,,,,,
,,,,,512000,,,-732.4541015625,-6.477849006652832,4.8218793869018555,731.1138916015625,730.8939819335938,0.12386535853147507,-0.009936419315636158,0.0003,0.0003,0.12385915964841843
,,,,,512999,8294.914,1000,,,,,,,,,,
,,,,,513000,,,-720.9991455078125,-5.818134307861328,3.898689031600952,718.9878540039062,718.9957885742188,0.12376847118139267,0.010998624376952648,0.0003,0.0003,0.12376540899276733
,,,,,513999,8194.231,1000,,,,,,,,,,
,,,,,514000,,,-734.0008544921875,-6.056109428405762,4.730817794799805,732.3958740234375,732.3665771484375,0.12357519567012787,0.009946811012923717,0.0003,0.0003,0.12357725203037262
,,,,,514999,8149.4736,1000,,,,,,,,,,
7860.157,129.6454,8029.0503,7646.9033,1000.0,515000,,,-728.401611328125,-5.777627944946289,7.238874912261963,726.8265991210938,726.1416625976562,0.12300242483615875,0.012156298384070396,0.0003,0.0003,0.1230013370513916
,,,,,515999,8189.26,1000,,,,,,,,,,
,,,,,516000,,,-731.1129760742188,-6.246403694152832,4.31057071685791,729.892333984375,729.614990234375,0.1234164908528328,-0.04119054973125458,0.0003,0.0003,0.12341240048408508
,,,,,516999,8254.368,1000,,,,,,,,,,
,,,,,517000,,,-729.3924560546875,-5.459773063659668,6.271415710449219,727.677978515625,727.9110717773438,0.12404494732618332,0.03151794523000717,0.0003,0.0003,0.12404093146324158
,,,,,517999,8063.09,1000,,,,,,,,,,
,,,,,518000,,,-737.8385620117188,-5.754669189453125,5.357235431671143,736.1849365234375,736.1728515625,0.12385667860507965,0.026015562936663628,0.0003,0.0003,0.12385112047195435
,,,,,518999,8036.465,1000,,,,,,,,,,
,,,,,519000,,,-737.125,-6.233583927154541,4.081320762634277,735.2966918945312,735.731201171875,0.12295573949813843,-0.0488891676068306,0.0003,0.0003,0.12295917421579361
,,,,,519999,7955.6177,1000,,,,,,,,,,
8134.7188,181.93837,8379.175,7769.8643,1000.0,520000,,,-735.48828125,-5.59602689743042,5.972038269042969,733.805419921875,733.946044921875,0.12365901470184326,0.04998123645782471,0.0003,0.0003,0.12365273386240005
,,,,,520999,8265.93,1000,,,,,,,,,,
,,,,,521000,,,-733.23095703125,-6.095572471618652,5.89727783203125,731.2542724609375,731.8160400390625,0.1233992800116539,-0.01434333622455597,0.0003,0.0003,0.12340757995843887
,,,,,521999,8261.947,1000,,,,,,,,,,
,,,,,522000,,,-745.6530151367188,-5.763772964477539,4.674103736877441,744.1104736328125,744.6409301757812,0.12229261547327042,0.0025372030213475227,0.0003,0.0003,0.12229036539793015
,,,,,522999,8309.323,1000,,,,,,,,,,
,,,,,523000,,,-734.5479125976562,-6.130016326904297,4.523139476776123,732.9334716796875,732.8828125,0.12189759314060211,0.052718691527843475,0.0003,0.0003,0.12189675122499466
,,,,,523999,8364.2295,1000,,,,,,,,,,
,,,,,524000,,,-735.5978393554688,-5.831498146057129,6.924768447875977,733.863037109375,734.1934204101562,0.1238488182425499,0.0006889961659908295,0.0003,0.0003,0.12384731322526932
,,,,,524999,8160.9844,1000,,,,,,,,,,
8330.146,111.96688,8506.171,8187.066,1000.0,525000,,,-740.5386962890625,-6.109943389892578,3.0775833129882812,739.2021484375,739.2842407226562,0.1232282891869545,0.01875700056552887,0.0003,0.0003,0.12323011457920074
,,,,,525999,8134.989,1000,,,,,,,,,,
,,,,,526000,,,-740.12646484375,-6.608365058898926,3.290983200073242,738.3562622070312,738.6492309570312,0.12311410903930664,-0.0704425573348999,0.0003,0.0003,0.12312036752700806
,,,,,526999,8301.854,1000,,,,,,,,,,
,,,,,527000,,,-745.9942016601562,-5.71539306640625,6.847585201263428,744.6738891601562,744.3743896484375,0.12348044663667679,0.046358734369277954,0.0003,0.0003,0.12347812205553055
,,,,,527999,8259.42,1000,,,,,,,,,,
,,,,,528000,,,-734.6780395507812,-6.181650161743164,4.8761067390441895,732.9427490234375,733.6260986328125,0.12359991669654846,-0.011970911175012589,0.0003,0.0003,0.12359827011823654
,,,,,528999,8390.925,1000,,,,,,,,,,
,,,,,529000,,,-736.9628295898438,-5.938388824462891,5.68607759475708,734.7518310546875,735.03662109375,0.1234544888138771,-0.009635310620069504,0.0003,0.0003,0.12345754355192184
,,,,,529999,8360.65,1000,,,,,,,,,,
8140.1235,107.315414,8279.388,7869.2876,1000.0,530000,,,-744.1067504882812,-6.208756446838379,7.511656284332275,741.9105224609375,742.4277954101562,0.12393078953027725,-0.03726288303732872,0.0003,0.0003,0.12393462657928467
,,,,,530999,8372.004,1000,,,,,,,,,,
,,,,,531000,,,-742.1561279296875,-6.13745641708374,4.116916179656982,741.0445556640625,740.867919921875,0.12413465231657028,0.02197244018316269,0.0003,0.0003,0.12413669377565384
,,,,,531999,8392.822,1000,,,,,,,,,,
,,,,,532000,,,-735.166748046875,-6.182593822479248,4.4976606369018555,733.8023681640625,733.253173828125,0.1236376166343689,0.014389373362064362,0.0003,0.0003,0.1236351951956749
,,,,,532999,8343.092,1000,,,,,,,,,,
,,,,,533000,,,-754.4081420898438,-5.459128379821777,4.218066215515137,753.1405029296875,752.9114379882812,0.12344774603843689,0.08516542613506317,0.0003,0.0003,0.12344315648078918
,,,,,533999,7006.6553,1000,,,,,,,,,,
,,,,,534000,,,-748.66357421875,-5.980498313903809,4.948016166687012,746.890380859375,746.552734375,0.12317529320716858,-0.017266273498535156,0.0003,0.0003,0.12317094951868057
,,,,,534999,8355.35,1000,,,,,,,,,,
7979.5063,486.58392,8457.714,6712.894,1000.0,535000,,,-741.6819458007812,-6.189078330993652,5.617383003234863,739.837158203125,739.885009765625,0.12272045016288757,-0.0007026568055152893,0.0003,0.0003,0.12271670997142792
,,,,,535999,8264.925,1000,,,,,,,,,,
,,,,,536000,,,-741.7680053710938,-6.03591251373291,3.752462148666382,740.4159545898438,740.296630859375,0.12264668196439743,-0.0014585135504603386,0.0003,0.0003,0.12265130132436752
,,,,,536999,8240.399,1000,,,,,,,,,,
,,,,,537000,,,-751.31591796875,-6.410811901092529,6.0388641357421875,749.4859619140625,749.6412353515625,0.12351913750171661,-0.012777328491210938,0.0003,0.0003,0.12352285534143448
,,,,,537999,8319.529,1000,,,,,,,,,,
,,,,,538000,,,-748.3065185546875,-6.491462707519531,5.299966335296631,746.4353637695312,746.5844116210938,0.12292985618114471,-0.0776984691619873,0.0003,0.0003,0.12293513864278793
,,,,,538999,7872.2583,1000,,,,,,,,,,
,,,,,539000,,,-746.321533203125,-6.05158805847168,5.412923336029053,745.1731567382812,745.6192626953125,0.123938649892807,-0.009566495195031166,0.0003,0.0003,0.12394089251756668
,,,,,539999,8428.55,1000,,,,,,,,,,
8226.669,184.64125,8447.735,7724.864,1000.0,540000,,,-744.0032348632812,-6.029916763305664,4.718685150146484,742.5869140625,742.2738037109375,0.12341570109128952,0.016839485615491867,0.0003,0.0003,0.1234179139137268
,,,,,540999,8266.838,1000,,,,,,,,,,
,,,,,541000,,,-741.9305419921875,-5.946708679199219,4.091336727142334,740.2269897460938,740.3890991210938,0.12331942468881607,-0.012839355506002903,0.0003,0.0003,0.12332446128129959
,,,,,541999,8316.706,1000,,,,,,,,,,
,,,,,542000,,,-743.5874633789062,-6.0070719718933105,4.7109808921813965,741.4873046875,741.544677734375,0.12381702661514282,0.00041932612657546997,0.0003,0.0003,0.12382248044013977
,,,,,542999,8377.035,1000,,,,,,,,,,
,,,,,543000,,,-752.009765625,-5.870166778564453,4.763121604919434,751.0015869140625,750.6774291992188,0.12448891997337341,0.03729954734444618,0.0003,0.0003,0.12448675185441971
,,,,,543999,8107.658,1000,,,,,,,,,,
,,,,,544000,,,-749.876953125,-6.231805324554443,8.573951721191406,748.0908813476562,748.023193359375,0.12350576370954514,-0.04943297058343887,0.0003,0.0003,0.1235070452094078
,,,,,544999,8230.41,1000,,,,,,,,,,
7926.876,572.0559,8226.887,6220.333,1000.0,545000,,,-749.2993774414062,-5.911405563354492,4.402981758117676,747.5391235351562,747.6585693359375,0.12358925491571426,0.032909031957387924,0.0003,0.0003,0.12359284609556198
,,,,,545999,8351.626,1000,,,,,,,,,,
,,,,,546000,,,-744.3020629882812,-6.386713981628418,6.3829569816589355,742.5595703125,742.4169921875,0.12510676681995392,-0.04092948138713837,0.0003,0.0003,0.12510789930820465
,,,,,546999,8216.292,1000,,,,,,,,,,
,,,,,547000,,,-748.5000610351562,-6.067005157470703,5.359758377075195,746.98583984375,747.031982421875,0.12588992714881897,-0.019307686015963554,0.0003,0.0003,0.12588900327682495
,,,,,547999,8467.553,1000,,,,,,,,,,
,,,,,548000,,,-748.4088134765625,-6.2056193351745605,4.71456241607666,747.294189453125,747.1870727539062,0.12420283257961273,0.015547073446214199,0.0003,0.0003,0.12420377880334854
,,,,,548999,8287.574,1000,,,,,,,,,,
,,,,,549000,,,-754.5892944335938,-6.079577445983887,5.524013042449951,752.7235107421875,753.11328125,0.12412045150995255,-0.03189702704548836,0.0003,0.0003,0.12412438541650772
,,,,,549999,8363.86,1000,,,,,,,,,,
8270.389,74.74437,8370.157,8136.0176,1000.0,550000,,,-750.7142944335938,-5.752285480499268,4.278275966644287,749.240966796875,749.294677734375,0.12369074672460556,0.051914747804403305,0.0003,0.0003,0.12368319183588028
,,,,,550999,8143.7197,1000,,,,,,,,,,
,,,,,551000,,,-750.6121826171875,-6.431056022644043,6.246307373046875,749.45263671875,749.396484375,0.12334612756967545,-0.02349255420267582,0.0003,0.0003,0.12334645539522171
,,,,,551999,8224.258,1000,,,,,,,,,,
,,,,,552000,,,-758.4298706054688,-5.421331882476807,3.931704521179199,757.2139892578125,757.1232299804688,0.12267399579286575,0.06573746353387833,0.0003,0.0003,0.1226700097322464
,,,,,552999,8420.028,1000,,,,,,,,,,
,,,,,553000,,,-750.7550659179688,-6.247939586639404,3.247556209564209,749.1719970703125,749.10107421875,0.12399548292160034,-0.041110746562480927,0.0003,0.0003,0.12399684637784958
,,,,,553999,8220.856,1000,,,,,,,,,,
,,,,,554000,,,-756.002685546875,-5.634716033935547,4.830309867858887,754.4603271484375,754.033447265625,0.12397307902574539,0.055722109973430634,0.0003,0.0003,0.12396810948848724
,,,,,554999,8205.571,1000,,,,,,,,,,
8513.789,52.004356,8619.607,8417.847,1000.0,555000,,,-753.0503540039062,-6.050644874572754,9.074783325195312,751.7557373046875,751.4669799804688,0.12319356203079224,-0.005546834319829941,0.0003,0.0003,0.12319817394018173
,,,,,555999,8563.892,1000,,,,,,,,,,
,,,,,556000,,,-762.0941772460938,-5.997341156005859,4.7293009757995605,760.754150390625,760.6802368164062,0.12310647964477539,0.04304618388414383,0.0003,0.0003,0.12310747802257538
,,,,,556999,8515.805,1000,,,,,,,,,,
,,,,,557000,,,-755.4761962890625,-5.966518402099609,5.196564197540283,753.9264526367188,754.025634765625,0.12325002998113632,-0.004251094534993172,0.0003,0.0003,0.1232580617070198
,,,,,557999,8318.189,1000,,,,,,,,,,
,,,,,558000,,,-753.6716918945312,-5.964974403381348,5.834217071533203,752.036865234375,751.8662109375,0.12292111665010452,-0.0016946680843830109,0.0003,0.0003,0.12291935831308365
,,,,,558999,8215.443,1000,,,,,,,,,,
,,,,,559000,,,-751.1239624023438,-6.837580680847168,3.7584824562072754,750.0167236328125,749.7241821289062,0.12296119332313538,-0.053635817021131516,0.0003,0.0003,0.12295881658792496
,,,,,559999,8443.598,1000,,,,,,,,,,
8439.843,129.11852,8561.191,8079.1445,1000.0,560000,,,-755.0745239257812,-6.197848796844482,4.9851202964782715,753.2763061523438,753.2969970703125,0.12322314828634262,-0.05009464919567108,0.0003,0.0003,0.12322667241096497
,,,,,560999,8296.584,1000,,,,,,,,,,
,,,,,561000,,,-766.5745239257812,-5.75972843170166,5.838390827178955,765.13623046875,765.4754638671875,0.12409953027963638,0.018733447417616844,0.0003,0.0003,0.12409863620996475
,,,,,561999,8464.623,1000,,,,,,,,,,
,,,,,562000,,,-751.9689331054688,-6.168301105499268,5.750296592712402,749.9591064453125,749.8969116210938,0.12350346893072128,-0.005954936146736145,0.0003,0.0003,0.123506560921669
,,,,,562999,3693.1484,1000,,,,,,,,,,
,,,,,563000,,,-758.07373046875,-6.219193458557129,5.874886512756348,755.9109497070312,756.0597534179688,0.12361391633749008,-0.02275398001074791,0.0003,0.0003,0.12361196428537369
,,,,,563999,8464.442,1000,,,,,,,,,,
,,,,,564000,,,-765.3585815429688,-5.394609451293945,3.85890531539917,763.8963012695312,764.1522216796875,0.12349467724561691,0.053151387721300125,0.0003,0.0003,0.12348698824644089
,,,,,564999,8439.307,1000,,,,,,,,,,
8511.34,176.69658,8712.859,8153.97,1000.0,565000,,,-757.8707885742188,-5.672338485717773,5.243924140930176,756.46875,756.2366943359375,0.12283241003751755,0.03215323016047478,0.0003,0.0003,0.12283220887184143
,,,,,565999,8372.592,1000,,,,,,,,,,
,,,,,566000,,,-765.7093505859375,-6.20998477935791,4.9228339195251465,764.0146484375,763.44384765625,0.12242254614830017,0.010953018441796303,0.0003,0.0003,0.12242118269205093
,,,,,566999,8301.627,1000,,,,,,,,,,
,,,,,567000,,,-760.88818359375,-6.051440238952637,4.2926411628723145,759.3856811523438,758.9219970703125,0.1231517419219017,-0.016927359625697136,0.0003,0.0003,0.12315298616886139
,,,,,567999,8457.173,1000,,,,,,,,,,
,,,,,568000,,,-767.7212524414062,-5.738996982574463,6.433241367340088,765.604736328125,765.943603515625,0.12385141849517822,0.009406717494130135,0.0003,0.0003,0.12384779006242752
,,,,,568999,8415.028,1000,,,,,,,,,,
,,,,,569000,,,-763.933349609375,-6.2713189125061035,5.910002708435059,762.1497802734375,762.445556640625,0.12372156232595444,-0.02724582701921463,0.0003,0.0003,0.12372738122940063
,,,,,569999,8587.232,1000,,,,,,,,,,
8291.626,404.11566,8627.6875,7126.318,1000.0,570000,,,-760.7113037109375,-6.299239158630371,4.810504913330078,759.9174194335938,759.5787353515625,0.12386595457792282,-0.040499381721019745,0.0003,0.0003,0.12386937439441681
,,,,,570999,7688.9385,1000,,,,,,,,,,
,,,,,571000,,,-764.9923706054688,-6.2229766845703125,5.817688941955566,763.6217651367188,763.393798828125,0.12437927722930908,-0.01950780674815178,0.0003,0.0003,0.12438015639781952
,,,,,571999,8323.126,1000,,,,,,,,,,
,,,,,572000,,,-771.1078491210938,-5.767989635467529,5.39472770690918,769.170654296875,769.5077514648438,0.12428411096334457,0.01346474327147007,0.0003,0.0003,0.1242755800485611
,,,,,572999,8315.49,1000,,,,,,,,,,
,,,,,573000,,,-760.097900390625,-5.840839862823486,4.508120536804199,758.3399047851562,758.547119140625,0.12360339611768723,0.03557935357093811,0.0003,0.0003,0.12360138446092606
,,,,,573999,8455.376,1000,,,,,,,,,,
,,,,,574000,,,-761.9893188476562,-6.342027187347412,6.097424030303955,760.1915893554688,760.640869140625,0.12344212085008621,-0.01801626943051815,0.0003,0.0003,0.12344709783792496
,,,,,574999,8552.497,1000,,,,,,,,,,
8465.455,81.1206,8563.667,8331.151,1000.0,575000,,,-754.7083740234375,-6.028841495513916,6.615667819976807,752.8375244140625,752.7875366210938,0.12416102737188339,-0.011864034458994865,0.0003,0.0003,0.12415745109319687
,,,,,575999,8250.524,1000,,,,,,,,,,
,,,,,576000,,,-759.3594970703125,-6.01170015335083,7.5087666511535645,757.653564453125,757.5608520507812,0.12450631707906723,0.0009015053510665894,0.0003,0.0003,0.12450450658798218
,,,,,576999,8299.187,1000,,,,,,,,,,
,,,,,577000,,,-764.034423828125,-5.960051536560059,5.561705589294434,762.4268798828125,762.2922973632812,0.12393252551555634,0.002953147515654564,0.0003,0.0003,0.12393897026777267
,,,,,577999,8376.426,1000,,,,,,,,,,
,,,,,578000,,,-769.0883178710938,-5.699836730957031,5.1867265701293945,766.9383544921875,767.28515625,0.12449164688587189,0.009593840688467026,0.0003,0.0003,0.12449464946985245
,,,,,578999,8264.654,1000,,,,,,,,,,
,,,,,579000,,,-772.6739501953125,-5.952025413513184,6.242783546447754,770.7323608398438,770.9415283203125,0.12342420220375061,0.011111107654869556,0.0003,0.0003,0.12341304868459702
,,,,,579999,8524.167,1000,,,,,,,,,,
8452.965,107.55077,8579.011,8204.772,1000.0,580000,,,-762.240966796875,-6.313011169433594,5.378299713134766,760.563720703125,760.5020751953125,0.12334207445383072,-0.02964320406317711,0.0003,0.0003,0.12334662675857544
,,,,,580999,8470.546,1000,,,,,,,,,,
,,,,,581000,,,-774.9229736328125,-5.198099136352539,5.431778907775879,773.2739868164062,773.5771484375,0.12388709932565689,0.052323997020721436,0.0003,0.0003,0.1238895133137703
,,,,,581999,8580.829,1000,,,,,,,,,,
,,,,,582000,,,-768.8978881835938,-6.547430992126465,4.536479473114014,766.7894897460938,767.0814208984375,0.12461549043655396,-0.07986973226070404,0.0003,0.0003,0.1246156319975853
,,,,,582999,8230.543,1000,,,,,,,,,,
,,,,,583000,,,-765.963134765625,-5.751339912414551,5.189760208129883,764.0687255859375,764.2247924804688,0.12420657277107239,-0.0030328878201544285,0.0003,0.0003,0.12420881539583206
,,,,,583999,8451.115,1000,,,,,,,,,,
,,,,,584000,,,-775.8931274414062,-5.568083763122559,3.4439759254455566,774.3338623046875,774.4072265625,0.12392201274633408,0.03820519894361496,0.0003,0.0003,0.12392067909240723
,,,,,584999,8503.666,1000,,,,,,,,,,
8494.05,80.566536,8642.168,8368.193,1000.0,585000,,,-768.1000366210938,-6.310001850128174,5.078616142272949,766.8710327148438,767.0516967773438,0.1241014301776886,-0.03597129136323929,0.0003,0.0003,0.12409514933824539
,,,,,585999,8446.721,1000,,,,,,,,,,
,,,,,586000,,,-770.4278564453125,-6.176634788513184,5.054059028625488,768.9568481445312,769.0494384765625,0.12427015602588654,0.008038587868213654,0.0003,0.0003,0.12426773458719254
,,,,,586999,8572.14,1000,,,,,,,,,,
,,,,,587000,,,-768.6976318359375,-6.391648292541504,4.514647483825684,767.4811401367188,767.0576171875,0.1238378956913948,0.001518760807812214,0.0003,0.0003,0.12383781373500824
,,,,,587999,8634.452,1000,,,,,,,,,,
,,,,,588000,,,-765.9417114257812,-6.374961853027344,6.314571380615234,763.7260131835938,763.8282470703125,0.1239907518029213,-0.09795582294464111,0.0003,0.0003,0.12399527430534363
,,,,,588999,8591.272,1000,,,,,,,,,,
,,,,,589000,,,-772.0503540039062,-6.054447650909424,4.593090057373047,770.41162109375,770.2630615234375,0.12394420057535172,0.055765070021152496,0.0003,0.0003,0.12394440919160843
,,,,,589999,8481.844,1000,,,,,,,,,,
8544.592,87.84638,8677.669,8386.749,1000.0,590000,,,-770.9573974609375,-5.871795654296875,6.822843551635742,769.59228515625,769.7515869140625,0.12344394624233246,0.02977057732641697,0.0003,0.0003,0.12344257533550262
,,,,,590999,8366.006,1000,,,,,,,,,,
,,,,,591000,,,-770.0820922851562,-5.883101463317871,6.687021255493164,768.1544799804688,768.258544921875,0.12438149750232697,0.017165817320346832,0.0003,0.0003,0.12437722086906433
,,,,,591999,8647.328,1000,,,,,,,,,,
,,,,,592000,,,-778.7661743164062,-5.72518253326416,6.370035171508789,777.0858764648438,776.84375,0.12437643110752106,0.05006474256515503,0.0003,0.0003,0.12437094002962112
,,,,,592999,8409.589,1000,,,,,,,,,,
,,,,,593000,,,-764.7771606445312,-5.777265548706055,6.2956085205078125,763.4159545898438,763.57177734375,0.1243448480963707,0.050239816308021545,0.0003,0.0003,0.12433809041976929
,,,,,593999,8474.823,1000,,,,,,,,,,
,,,,,594000,,,-779.3565063476562,-5.780550956726074,5.445334434509277,777.9619750976562,778.4967041015625,0.12413379549980164,0.04483737424015999,0.0003,0.0003,0.12413850426673889
,,,,,594999,8484.831,1000,,,,,,,,,,
8260.312,686.4903,8595.127,6214.698,1000.0,595000,,,-774.7610473632812,-5.7780561447143555,4.861353874206543,773.2109375,773.151611328125,0.12412820756435394,0.019312623888254166,0.0003,0.0003,0.12413708865642548
,,,,,595999,8331.125,1000,,,,,,,,,,
,,,,,596000,,,-772.2125244140625,-6.422171592712402,10.173144340515137,770.9038696289062,770.4647216796875,0.12417370080947876,-0.04575518146157265,0.0003,0.0003,0.12417514622211456
,,,,,596999,8554.1875,1000,,,,,,,,,,
,,,,,597000,,,-778.0401000976562,-6.331267356872559,4.861327171325684,776.85205078125,776.7808837890625,0.12425019592046738,-0.03230525925755501,0.0003,0.0003,0.12425084412097931
,,,,,597999,8526.138,1000,,,,,,,,,,
,,,,,598000,,,-773.760498046875,-6.192148208618164,3.8796920776367188,772.040771484375,771.866455078125,0.12417688965797424,-0.032889943569898605,0.0003,0.0003,0.12418145686388016
,,,,,598999,8471.992,1000,,,,,,,,,,
,,,,,599000,,,-776.8787231445312,-6.104204177856445,6.3709821701049805,775.2750244140625,775.4796142578125,0.12477346509695053,0.015575408935546875,0.0003,0.0003,0.12477760761976242
,,,,,599999,8682.874,1000,,,,,,,,,,
8549.937,234.42938,8688.703,7868.154,1000.0,600000,,,-772.4295654296875,-6.261447906494141,5.119386196136475,770.686767578125,770.72802734375,0.12505532801151276,-0.0379624105989933,0.0003,0.0003,0.1250593513250351
,,,,,600999,8531.085,1000,,,,,,,,,,
,,,,,601000,,,-784.195068359375,-5.478992462158203,4.079464435577393,782.8109130859375,782.684814453125,0.12509749829769135,0.07053611427545547,0.0003,0.0003,0.1250927448272705
,,,,,601999,8596.321,1000,,,,,,,,,,
,,,,,602000,,,-775.7083740234375,-5.552121162414551,5.187337398529053,774.0302734375,773.841796875,0.12437354773283005,0.038129232823848724,0.0003,0.0003,0.12437354773283005
,,,,,602999,8539.519,1000,,,,,,,,,,
,,,,,603000,,,-781.5648803710938,-5.899621486663818,4.608610153198242,779.8062744140625,780.6215209960938,0.12381605058908463,0.025045141577720642,0.0003,0.0003,0.12382443994283676
,,,,,603999,8635.498,1000,,,,,,,,,,
,,,,,604000,,,-779.166015625,-5.799349784851074,5.958142280578613,777.257080078125,777.4894409179688,0.12363775819540024,0.041079577058553696,0.0003,0.0003,0.12363893538713455
,,,,,604999,8568.747,1000,,,,,,,,,,
8513.275,258.81735,8803.736,7822.95,1000.0,605000,,,-770.6284790039062,-5.600472927093506,4.187830924987793,768.6100463867188,769.0673828125,0.12411985546350479,0.017441917210817337,0.0003,0.0003,0.12411920726299286
,,,,,605999,8479.729,1000,,,,,,,,,,
,,,,,606000,,,-774.6805419921875,-6.224726676940918,4.734105587005615,773.379150390625,773.4978637695312,0.12485057860612869,0.021136052906513214,0.0003,0.0003,0.12484747171401978
,,,,,606999,8714.581,1000,,,,,,,,,,
,,,,,607000,,,-777.7062377929688,-5.542932510375977,5.818355560302734,775.5716552734375,775.6992797851562,0.1233472153544426,0.011822355911135674,0.0003,0.0003,0.12334883958101273
,,,,,607999,8564.023,1000,,,,,,,,,,
,,,,,608000,,,-784.5704956054688,-5.630342483520508,4.056872367858887,783.1754150390625,783.2761840820312,0.12233685702085495,0.0023268680088222027,0.0003,0.0003,0.12233927100896835
,,,,,608999,8586.299,1000,,,,,,,,,,
,,,,,609000,,,-783.6431884765625,-5.667988300323486,5.7072343826293945,782.00146484375,781.7952880859375,0.12432979047298431,0.019929498434066772,0.0003,0.0003,0.12432892620563507
,,,,,609999,8530.739,1000,,,,,,,,,,
8674.229,77.6935,8760.774,8495.116,1000.0,610000,,,-783.023681640625,-5.79179573059082,7.06760835647583,781.7045288085938,781.4183349609375,0.12494112551212311,0.02409335970878601,0.0003,0.0003,0.12493817508220673
,,,,,610999,7735.5254,1000,,,,,,,,,,
,,,,,611000,,,-783.4366455078125,-5.480625152587891,4.708818435668945,781.632568359375,782.0623779296875,0.12500569224357605,0.07333163917064667,0.0003,0.0003,0.12500321865081787
,,,,,611999,8621.94,1000,,,,,,,,,,
,,,,,612000,,,-787.9351806640625,-6.0398149490356445,9.059514999389648,786.7066040039062,786.43212890625,0.12536650896072388,0.04738800972700119,0.0003,0.0003,0.12536205351352692
,,,,,612999,8409.987,1000,,,,,,,,,,
,,,,,613000,,,-783.718505859375,-6.061261177062988,4.086986064910889,782.2606201171875,782.43896484375,0.12446238845586777,-0.032751064747571945,0.0003,0.0003,0.12446574121713638
,,,,,613999,8602.563,1000,,,,,,,,,,
,,,,,614000,,,-791.7875366210938,-5.712222099304199,5.299165725708008,790.370361328125,789.836669921875,0.1245507001876831,0.043634083122015,0.0003,0.0003,0.12454404681921005
,,,,,614999,8701.406,1000,,,,,,,,,,
8659.75,142.48502,8826.608,8360.545,1000.0,615000,,,-786.506591796875,-5.997829914093018,4.1420793533325195,784.7807006835938,784.8139038085938,0.12481919676065445,-0.0008069314062595367,0.0003,0.0003,0.1248210147023201
,,,,,615999,8024.69,1000,,,,,,,,,,
,,,,,616000,,,-784.40380859375,-5.732935905456543,4.328699111938477,783.6507568359375,783.193359375,0.12473804503679276,0.06931978464126587,0.0003,0.0003,0.12473495304584503
,,,,,616999,8774.486,1000,,,,,,,,,,
,,,,,617000,,,-780.4427490234375,-6.504995346069336,5.370532035827637,778.623046875,778.796875,0.1252269744873047,-0.053268663585186005,0.0003,0.0003,0.1252232939004898
,,,,,617999,8493.168,1000,,,,,,,,,,
,,,,,618000,,,-785.2590942382812,-6.487482070922852,5.224951267242432,783.6634521484375,783.83984375,0.12625133991241455,-0.03563409298658371,0.0003,0.0003,0.12624762952327728
,,,,,618999,8497.932,1000,,,,,,,,,,
,,,,,619000,,,-786.9969482421875,-5.856274127960205,7.9028849601745605,785.8154296875,785.49658203125,0.12541021406650543,0.017525099217891693,0.0003,0.0003,0.12540994584560394
,,,,,619999,8661.623,1000,,,,,,,,,,
8440.621,395.90005,8741.331,7320.3223,1000.0,620000,,,-787.4863891601562,-5.735864639282227,4.101661682128906,785.8040161132812,785.3575439453125,0.12369710952043533,-0.0028866855427622795,0.0003,0.0003,0.12370079755783081
,,,,,620999,8737.244,1000,,,,,,,,,,
,,,,,621000,,,-783.7027587890625,-6.26107120513916,4.838569641113281,782.0071411132812,781.8096313476562,0.12404190748929977,-0.04494788497686386,0.0003,0.0003,0.12404761463403702
,,,,,621999,8773.896,1000,,,,,,,,,,
,,,,,622000,,,-780.559814453125,-5.701812744140625,4.052594184875488,778.991943359375,778.5648193359375,0.12517517805099487,0.023209990933537483,0.0003,0.0003,0.12517625093460083
,,,,,622999,8398.098,1000,,,,,,,,,,
,,,,,623000,,,-786.3660278320312,-6.382484436035156,6.302542686462402,784.9912109375,784.4932861328125,0.1245858371257782,-0.03235118091106415,0.0003,0.0003,0.12458982318639755
,,,,,623999,8318.294,1000,,,,,,,,,,
,,,,,624000,,,-781.6528930664062,-6.953524589538574,6.360692977905273,779.921630859375,779.578125,0.12447052448987961,-0.07053105533123016,0.0003,0.0003,0.12447815388441086
,,,,,624999,8455.53,1000,,,,,,,,,,
8581.252,361.99048,8808.131,7521.2744,1000.0,625000,,,-790.9862670898438,-5.427977561950684,4.212155342102051,789.6451416015625,789.6355590820312,0.1252547800540924,0.07456959784030914,0.0003,0.0003,0.12524408102035522
,,,,,625999,8775.517,1000,,,,,,,,,,
,,,,,626000,,,-790.2665405273438,-6.124812126159668,4.7038493156433105,788.601318359375,788.81005859375,0.12539328634738922,0.02313137799501419,0.0003,0.0003,0.12539885938167572
,,,,,626999,8741.961,1000,,,,,,,,,,
,,,,,627000,,,-791.69921875,-5.992726802825928,4.234096527099609,790.16796875,790.0811767578125,0.1253974437713623,0.0027692243456840515,0.0003,0.0003,0.12540316581726074
,,,,,627999,8739.06,1000,,,,,,,,,,
,,,,,628000,,,-786.704833984375,-5.889255523681641,5.925168037414551,785.261962890625,784.9093017578125,0.12374557554721832,0.03407743200659752,0.0003,0.0003,0.12374354153871536
,,,,,628999,6614.6865,1000,,,,,,,,,,
,,,,,629000,,,-791.1326904296875,-5.886739730834961,3.274747371673584,789.243896484375,789.5955810546875,0.12387572973966599,-0.008742237463593483,0.0003,0.0003,0.12387380003929138
,,,,,629999,8628.697,1000,,,,,,,,,,
7474.953,330.85675,7886.116,6852.631,1000.0,630000,,,-793.6384887695312,-6.107575416564941,5.842118263244629,792.3012084960938,792.2032470703125,0.12283045053482056,0.040693774819374084,0.0003,0.0003,0.12283103913068771
,,,,,630999,8482.955,1000,,,,,,,,,,
,,,,,631000,,,-793.0750732421875,-5.32878303527832,3.226050615310669,791.4808349609375,791.495361328125,0.12336280196905136,0.06205417960882187,0.0003,0.0003,0.12335778027772903
,,,,,631999,8737.791,1000,,,,,,,,,,
,,,,,632000,,,-790.4364624023438,-6.057325839996338,4.337589263916016,788.7973022460938,789.1373291015625,0.1214936301112175,-0.021815266460180283,0.0003,0.0003,0.12150129675865173
,,,,,632999,8546.469,1000,,,,,,,,,,
,,,,,633000,,,-793.7999877929688,-5.99323844909668,6.512709617614746,791.7294921875,791.69384765625,0.12339416146278381,0.025202970951795578,0.0003,0.0003,0.12339349091053009
,,,,,633999,8790.75,1000,,,,,,,,,,
,,,,,634000,,,-797.9019775390625,-5.476328372955322,3.552022695541382,796.7265625,797.0128173828125,0.12522298097610474,0.05798502266407013,0.0003,0.0003,0.12522774934768677
,,,,,634999,7009.4023,1000,,,,,,,,,,
8176.5015,664.33856,8504.5,6201.8643,1000.0,635000,,,-796.697998046875,-5.897426605224609,3.609067440032959,794.9290771484375,794.9390869140625,0.12485583871603012,-0.0021525342017412186,0.0003,0.0003,0.12485822290182114
,,,,,635999,8710.373,1000,,,,,,,,,,
,,,,,636000,,,-789.2894897460938,-5.87231969833374,3.2216992378234863,787.4686279296875,787.478759765625,0.12475574016571045,-0.030078399926424026,0.0003,0.0003,0.12475737184286118
,,,,,636999,8705.36,1000,,,,,,,,,,
,,,,,637000,,,-785.11376953125,-6.082186698913574,8.208152770996094,783.404052734375,783.432861328125,0.12477623671293259,0.023713061586022377,0.0003,0.0003,0.12477575987577438
,,,,,637999,8602.43,1000,,,,,,,,,,
,,,,,638000,,,-790.6350708007812,-6.0570478439331055,4.809778213500977,789.2769775390625,788.5904541015625,0.12415187805891037,-0.025860067456960678,0.0003,0.0003,0.1241520345211029
,,,,,638999,5527.1987,1000,,,,,,,,,,
,,,,,639000,,,-792.1491088867188,-5.229499340057373,5.925009727478027,790.8682861328125,790.7415161132812,0.12433559447526932,0.07804763317108154,0.0003,0.0003,0.12433171272277832
,,,,,639999,8787.256,1000,,,,,,,,,,
8551.762,536.78876,8903.973,7108.9,1000.0,640000,,,-793.1371459960938,-6.407237529754639,5.323053359985352,791.796142578125,791.781982421875,0.1236749142408371,-0.019765933975577354,0.0003,0.0003,0.12367871403694153
,,,,,640999,8561.352,1000,,,,,,,,,,
,,,,,641000,,,-788.275390625,-6.098802089691162,5.2897491455078125,786.50439453125,786.5633544921875,0.12291529029607773,-0.019356656819581985,0.0003,0.0003,0.12291575223207474
,,,,,641999,8772.67,1000,,,,,,,,,,
,,,,,642000,,,-789.7271118164062,-6.705600261688232,7.051743507385254,788.0572509765625,788.1490478515625,0.1233966276049614,-0.05641479790210724,0.0003,0.0003,0.12339675426483154
,,,,,642999,8683.079,1000,,,,,,,,,,
,,,,,643000,,,-785.2387084960938,-6.049040794372559,5.450517654418945,783.1492919921875,783.5261840820312,0.12363816797733307,-0.023824214935302734,0.0003,0.0003,0.12363861501216888
,,,,,643999,8663.59,1000,,,,,,,,,,
,,,,,644000,,,-804.4180908203125,-5.784345626831055,3.8672971725463867,802.846435546875,802.8994140625,0.12334389239549637,7.861340418457985e-05,0.0003,0.0003,0.1233433336019516
,,,,,644999,8730.562,1000,,,,,,,,,,
7655.4077,2092.3215,8770.051,2146.1228,1000.0,645000,,,-793.8707885742188,-5.902931213378906,5.768283367156982,791.878662109375,792.2169799804688,0.1225743517279625,-0.005728783085942268,0.0003,0.0003,0.12257660925388336
,,,,,645999,8645.536,1000,,,,,,,,,,
,,,,,646000,,,-790.7700805664062,-6.653486728668213,8.863855361938477,789.2359619140625,789.14501953125,0.12266363948583603,-0.10869365185499191,0.0003,0.0003,0.1226717159152031
,,,,,646999,8784.081,1000,,,,,,,,,,
,,,,,647000,,,-792.18408203125,-5.963667869567871,5.959433555603027,790.787841796875,790.5450439453125,0.12416718900203705,0.030225969851017,0.0003,0.0003,0.12416638433933258
,,,,,647999,8717.52,1000,,,,,,,,,,
,,,,,648000,,,-801.6530151367188,-6.035738945007324,4.63458251953125,799.84765625,799.6963500976562,0.12354137748479843,0.015926018357276917,0.0003,0.0003,0.12354181706905365
,,,,,648999,8628.011,1000,,,,,,,,,,
,,,,,649000,,,-790.2628784179688,-6.110811233520508,5.673508167266846,788.3853759765625,788.2933349609375,0.12287060916423798,-0.04180767387151718,0.0003,0.0003,0.12286823242902756
,,,,,649999,8603.649,1000,,,,,,,,,,
8380.375,695.61755,8819.704,6354.884,1000.0,650000,,,-797.9677734375,-5.977948188781738,4.900608062744141,796.4439086914062,796.72705078125,0.1235652044415474,0.003626737277954817,0.0003,0.0003,0.12356889247894287
,,,,,650999,8844.563,1000,,,,,,,,,,
,,,,,651000,,,-791.6716918945312,-6.011445045471191,8.445218086242676,789.3193359375,789.814697265625,0.12281057238578796,-0.0014966006856411695,0.0003,0.0003,0.12280454486608505
,,,,,651999,8639.757,1000,,,,,,,,,,
,,,,,652000,,,-801.008056640625,-6.352625846862793,3.816479444503784,799.1884765625,799.0158081054688,0.12229366600513458,-0.045211441814899445,0.0003,0.0003,0.12229538708925247
,,,,,652999,8742.295,1000,,,,,,,,,,
,,,,,653000,,,-794.9942016601562,-6.2925004959106445,4.450286865234375,793.0855102539062,792.9593505859375,0.12288253009319305,-0.03837054967880249,0.0003,0.0003,0.12288399785757065
,,,,,653999,8629.836,1000,,,,,,,,,,
,,,,,654000,,,-801.5367431640625,-6.113245964050293,4.987955093383789,799.66162109375,799.6045532226562,0.12368470430374146,-0.03803764283657074,0.0003,0.0003,0.12368714809417725
,,,,,654999,8812.509,1000,,,,,,,,,,
8819.808,169.85046,8976.29,8479.593,1000.0,655000,,,-794.7362060546875,-5.433215141296387,4.873197555541992,793.1105346679688,792.8026733398438,0.12390986829996109,0.05447743460536003,0.0003,0.0003,0.12390656024217606
,,,,,655999,8545.917,1000,,,,,,,,,,
,,,,,656000,,,-790.77783203125,-6.8188066482543945,7.347956657409668,789.1962890625,789.025390625,0.12361638993024826,-0.08049731701612473,0.0003,0.0003,0.1236225813627243
,,,,,656999,8092.861,1000,,,,,,,,,,
,,,,,657000,,,-806.7944946289062,-6.0220232009887695,5.892695426940918,804.5986938476562,804.7484130859375,0.12439395487308502,0.02132115699350834,0.0003,0.0003,0.12439797818660736
,,,,,657999,8752.0205,1000,,,,,,,,,,
,,,,,658000,,,-805.9654541015625,-5.664272308349609,7.226719856262207,804.4557495117188,804.4571533203125,0.12494204193353653,0.0271243155002594,0.0003,0.0003,0.12493745982646942
,,,,,658999,8856.52,1000,,,,,,,,,,
,,,,,659000,,,-788.462158203125,-6.426970481872559,6.614964485168457,786.702392578125,786.4677734375,0.12587516009807587,-0.06552378088235855,0.0003,0.0003,0.12587755918502808
,,,,,659999,8843.697,1000,,,,,,,,,,
7975.3726,1903.6042,9060.61,2516.4841,1000.0,660000,,,-807.4014282226562,-5.817269325256348,4.56463098526001,805.9219360351562,805.9329833984375,0.12522266805171967,0.008791410364210606,0.0003,0.0003,0.12521962821483612
,,,,,660999,8905.379,1000,,,,,,,,,,
,,,,,661000,,,-807.6510009765625,-5.6992902755737305,10.558174133300781,805.34228515625,806.62158203125,0.12457110732793808,0.039679620414972305,0.0003,0.0003,0.12456386536359787
,,,,,661999,8748.394,1000,,,,,,,,,,
,,,,,662000,,,-801.1537475585938,-6.376517295837402,7.745021343231201,799.4608154296875,799.4127197265625,0.1242874413728714,-0.030906744301319122,0.0003,0.0003,0.12428643554449081
,,,,,662999,8805.327,1000,,,,,,,,,,
,,,,,663000,,,-798.7999877929688,-5.999086856842041,3.636669635772705,797.3397216796875,797.505859375,0.12315051257610321,-0.0010787313804030418,0.0003,0.0003,0.1231503114104271
,,,,,663999,8413.446,1000,,,,,,,,,,
,,,,,664000,,,-810.2504272460938,-5.586625576019287,6.421910285949707,809.0991821289062,808.9278564453125,0.12384108453989029,0.0615946426987648,0.0003,0.0003,0.12383178621530533
,,,,,664999,8855.994,1000,,,,,,,,,,
8808.837,87.175316,8903.152,8643.152,1000.0,665000,,,-802.6768798828125,-5.859646320343018,4.852082252502441,801.1299438476562,801.3204345703125,0.12368174642324448,-0.023863306269049644,0.0003,0.0003,0.12368696928024292
,,,,,665999,8759.912,1000,,,,,,,,,,
,,,,,666000,,,-811.2313232421875,-5.328644275665283,4.906911849975586,808.936279296875,809.246826171875,0.12255463749170303,0.05042564496397972,0.0003,0.0003,0.12254638969898224
,,,,,666999,8692.914,1000,,,,,,,,,,
,,,,,667000,,,-807.077392578125,-5.48502254486084,8.445247650146484,805.8578491210938,805.9960327148438,0.12380152940750122,0.0442609079182148,0.0003,0.0003,0.12380050122737885
,,,,,667999,8865.194,1000,,,,,,,,,,
,,,,,668000,,,-802.2977294921875,-6.226574897766113,3.8521313667297363,800.5349731445312,800.2860717773438,0.12319415807723999,-0.024001894518733025,0.0003,0.0003,0.12319708615541458
,,,,,668999,8786.351,1000,,,,,,,,,,
,,,,,669000,,,-804.6820068359375,-6.339348793029785,4.458348274230957,802.312744140625,801.9904174804688,0.12321838736534119,-0.04206463322043419,0.0003,0.0003,0.12322059273719788
,,,,,669999,8764.746,1000,,,,,,,,,,
8407.798,1455.2255,9040.4,4053.6367,1000.0,670000,,,-810.8024291992188,-6.030483245849609,6.113929748535156,809.5726318359375,809.2684936523438,0.12233274430036545,-0.011404572986066341,0.0003,0.0003,0.12232935428619385
,,,,,670999,8778.07,1000,,,,,,,,,,
,,,,,671000,,,-799.0680541992188,-6.429361343383789,9.981948852539062,797.2020874023438,797.5143432617188,0.12225314229726791,-0.06393551081418991,0.0003,0.0003,0.12226051837205887
,,,,,671999,8700.093,1000,,,,,,,,,,
,,,,,672000,,,-799.508544921875,-5.752976417541504,7.297745227813721,797.1980590820312,797.962646484375,0.12162084877490997,0.03648176044225693,0.0003,0.0003,0.12162317335605621
,,,,,672999,8455.613,1000,,,,,,,,,,
,,,,,673000,,,-801.4240112304688,-5.772268295288086,7.733422756195068,799.3233642578125,799.56884765625,0.12231080234050751,0.021329959854483604,0.0003,0.0003,0.12231244146823883
,,,,,673999,8781.208,1000,,,,,,,,,,
,,,,,674000,,,-809.252685546875,-6.312029838562012,7.108445167541504,807.8370971679688,808.4390869140625,0.12436669319868088,-0.01600198820233345,0.0003,0.0003,0.1243748590350151
,,,,,674999,8627.113,1000,,,,,,,,,,
8879.828,106.59443,8989.794,8639.879,1000.0,675000,,,-812.9442749023438,-5.797094821929932,4.439846038818359,811.6015014648438,812.0758666992188,0.12569758296012878,0.001472271978855133,0.0003,0.0003,0.12569968402385712
,,,,,675999,8626.372,1000,,,,,,,,,,
,,,,,676000,,,-802.6625366210938,-5.900279998779297,6.047310829162598,800.772705078125,800.6419067382812,0.12539517879486084,0.031114093959331512,0.0003,0.0003,0.12539713084697723
,,,,,676999,8842.501,1000,,,,,,,,,,
,,,,,677000,,,-807.9580078125,-6.868082046508789,5.088390350341797,806.2844848632812,806.224853515625,0.12450400739908218,-0.07322140783071518,0.0003,0.0003,0.12450331449508667
,,,,,677999,8720.54,1000,,,,,,,,,,
,,,,,678000,,,-811.977294921875,-5.695682048797607,8.023496627807617,810.3502197265625,810.4874267578125,0.12372938543558121,0.06566248834133148,0.0003,0.0003,0.12372645735740662
,,,,,678999,8863.607,1000,,,,,,,,,,
,,,,,679000,,,-806.2728881835938,-6.456552028656006,10.958151817321777,804.0811767578125,804.2810668945312,0.123441182076931,-0.014720886945724487,0.0003,0.0003,0.12344713509082794
,,,,,679999,8907.061,1000,,,,,,,,,,
7597.911,2247.6267,8961.743,1924.9528,1000.0,680000,,,-806.792236328125,-6.028228759765625,8.405292510986328,805.148193359375,805.136474609375,0.1245134100317955,0.018571952357888222,0.0003,0.0003,0.12451477348804474
,,,,,680999,8908.121,1000,,,,,,,,,,
,,,,,681000,,,-808.33740234375,-6.08768367767334,6.282824516296387,806.4765625,806.291259765625,0.12287351489067078,-0.011988954618573189,0.0003,0.0003,0.12286843359470367
,,,,,681999,8815.786,1000,,,,,,,,,,
,,,,,682000,,,-797.7081909179688,-6.617839813232422,5.947323322296143,795.6624755859375,795.7823486328125,0.12281946837902069,-0.034100648015737534,0.0003,0.0003,0.12282319366931915
,,,,,682999,8973.88,1000,,,,,,,,,,
,,,,,683000,,,-810.0616455078125,-5.703437328338623,6.612725257873535,808.1187133789062,808.2802734375,0.12370369583368301,0.029227178543806076,0.0003,0.0003,0.12370359897613525
,,,,,683999,8835.559,1000,,,,,,,,,,
,,,,,684000,,,-810.0706787109375,-5.99594783782959,5.195153713226318,808.8223266601562,809.0828857421875,0.12437262386083603,-0.026602495461702347,0.0003,0.0003,0.12437497079372406
,,,,,684999,8822.69,1000,,,,,,,,,,
8091.591,2336.9216,9040.582,1085.7709,1000.0,685000,,,-805.964599609375,-6.229639053344727,4.086400032043457,804.763916015625,804.7611083984375,0.1258169561624527,-0.023613695055246353,0.0003,0.0003,0.12582726776599884
,,,,,685999,9026.354,1000,,,,,,,,,,
,,,,,686000,,,-811.1222534179688,-6.063640594482422,4.0472259521484375,809.4296875,809.298583984375,0.12559965252876282,-0.014402891509234905,0.0003,0.0003,0.12559941411018372
,,,,,686999,8911.865,1000,,,,,,,,,,
,,,,,687000,,,-802.0133666992188,-5.825804233551025,6.5920023918151855,799.9158935546875,799.7425537109375,0.1250014305114746,0.048141807317733765,0.0003,0.0003,0.12499558180570602
,,,,,687999,8904.008,1000,,,,,,,,,,
,,,,,688000,,,-813.3069458007812,-5.9845805168151855,5.483658790588379,811.7454833984375,811.7477416992188,0.12474562972784042,-0.00890040211379528,0.0003,0.0003,0.12475036084651947
,,,,,688999,9040.078,1000,,,,,,,,,,
,,,,,689000,,,-816.3432006835938,-5.663226127624512,5.486883163452148,814.82763671875,815.0968017578125,0.12487509846687317,0.04006221517920494,0.0003,0.0003,0.1248757615685463
,,,,,689999,9015.387,1000,,,,,,,,,,
8432.357,534.59705,8870.359,6901.9893,1000.0,690000,,,-812.9051513671875,-6.161050796508789,5.0492095947265625,811.333984375,811.3809204101562,0.12433663010597229,-0.03605886176228523,0.0003,0.0003,0.12434321641921997
,,,,,690999,8732.471,1000,,,,,,,,,,
,,,,,691000,,,-809.7108154296875,-5.647924900054932,4.631765842437744,807.86181640625,807.718994140625,0.12470211833715439,-0.0007392363622784615,0.0003,0.0003,0.12470149993896484
,,,,,691999,8926.708,1000,,,,,,,,,,
,,,,,692000,,,-817.3004150390625,-6.328727722167969,4.703294277191162,815.5177001953125,816.010009765625,0.12536689639091492,-0.015360899269580841,0.0003,0.0003,0.12537366151809692
,,,,,692999,9099.821,1000,,,,,,,,,,
,,,,,693000,,,-807.841796875,-6.458925247192383,7.486250400543213,806.151611328125,806.0804443359375,0.1258552372455597,-0.08819001913070679,0.0003,0.0003,0.12586358189582825
,,,,,693999,8619.913,1000,,,,,,,,,,
,,,,,694000,,,-817.9507446289062,-6.2295660972595215,7.491008281707764,816.128173828125,816.0902709960938,0.12450353056192398,0.0021634846925735474,0.0003,0.0003,0.12450145184993744
,,,,,694999,9021.542,1000,,,,,,,,,,
8910.971,133.63545,9150.371,8676.649,1000.0,695000,,,-820.0447998046875,-5.986057281494141,5.69079065322876,818.3560791015625,818.245361328125,0.1243121474981308,0.02321438677608967,0.0003,0.0003,0.12431173771619797
,,,,,695999,5055.76,1000,,,,,,,,,,
,,,,,696000,,,-809.9034423828125,-5.740415573120117,4.807718753814697,808.1942138671875,808.3838500976562,0.12359446287155151,0.049414701759815216,0.0003,0.0003,0.1235903650522232
,,,,,696999,8803.627,1000,,,,,,,,,,
,,,,,697000,,,-816.9002075195312,-5.351919651031494,4.776617050170898,815.1343994140625,815.691162109375,0.12338701635599136,0.05967137962579727,0.0003,0.0003,0.12338854372501373
,,,,,697999,8917.293,1000,,,,,,,,,,
,,,,,698000,,,-819.798583984375,-5.544355392456055,4.547194957733154,818.2078857421875,818.295654296875,0.1237858310341835,0.06491763144731522,0.0003,0.0003,0.12378573417663574
,,,,,698999,9036.359,1000,,,,,,,,,,
,,,,,699000,,,-816.3300170898438,-6.309518814086914,5.707391262054443,814.7510986328125,814.388916015625,0.12340151518583298,-0.03449668735265732,0.0003,0.0003,0.12340380996465683
,,,,,699999,9010.457,1000,,,,,,,,,,
8879.709,184.62978,9040.514,8426.266,1000.0,700000,,,-811.1908569335938,-5.949614524841309,4.778372764587402,809.819091796875,809.7996826171875,0.12300793081521988,-0.01713259331882,0.0003,0.0003,0.12300687283277512
,,,,,700999,8794.121,1000,,,,,,,,,,
,,,,,701000,,,-811.4876098632812,-6.241177558898926,6.949981689453125,809.4619140625,809.1640625,0.12182094901800156,-0.03361833840608597,0.0003,0.0003,0.12182141095399857
,,,,,701999,8608.985,1000,,,,,,,,,,
,,,,,702000,,,-813.5836181640625,-5.992246150970459,6.383484840393066,812.0987548828125,811.806396484375,0.12098156660795212,-0.00828241091221571,0.0003,0.0003,0.12098091095685959
,,,,,702999,8939.44,1000,,,,,,,,,,
,,,,,703000,,,-820.9539794921875,-5.858547210693359,5.486588001251221,819.4202880859375,819.4132080078125,0.1215750202536583,0.029680274426937103,0.0003,0.0003,0.1215764656662941
,,,,,703999,8903.226,1000,,,,,,,,,,
,,,,,704000,,,-814.9457397460938,-6.101154804229736,5.776083946228027,813.2686157226562,813.483642578125,0.121382936835289,-0.012670570984482765,0.0003,0.0003,0.12137856334447861
,,,,,704999,8770.751,1000,,,,,,,,,,
8815.297,214.26396,8986.928,8267.05,1000.0,705000,,,-817.021728515625,-5.685102939605713,5.348156452178955,815.7229614257812,815.4442138671875,0.12088224291801453,-0.027747489511966705,0.0003,0.0003,0.12087924778461456
,,,,,705999,8939.566,1000,,,,,,,,,,
,,,,,706000,,,-813.5499877929688,-5.835846900939941,8.328954696655273,811.69091796875,811.3563232421875,0.12090745568275452,0.012527302838861942,0.0003,0.0003,0.12090311199426651
,,,,,706999,8979.846,1000,,,,,,,,,,
,,,,,707000,,,-816.7831420898438,-6.253301620483398,7.614279747009277,815.6033935546875,815.304931640625,0.12032865732908249,-0.0007267515175044537,0.0003,0.0003,0.12032906711101532
,,,,,707999,8030.306,1000,,,,,,,,,,
,,,,,708000,,,-814.2282104492188,-6.2118682861328125,5.691959381103516,812.7047119140625,812.96337890625,0.11993749439716339,-0.016927048563957214,0.0003,0.0003,0.11993566900491714
,,,,,708999,8722.105,1000,,,,,,,,,,
,,,,,709000,,,-816.9008178710938,-5.980310440063477,6.255627632141113,814.8331298828125,815.3392333984375,0.12055910378694534,0.030873142182826996,0.0003,0.0003,0.12056244164705276
,,,,,709999,8956.736,1000,,,,,,,,,,
8830.786,259.18427,9053.004,8120.222,1000.0,710000,,,-817.46630859375,-6.276959419250488,5.079991340637207,815.8366088867188,815.8140869140625,0.12173840403556824,-0.0041482578963041306,0.0003,0.0003,0.12174490094184875
,,,,,710999,8913.711,1000,,,,,,,,,,
,,,,,711000,,,-817.9301147460938,-6.365547180175781,6.54123592376709,816.051513671875,816.36669921875,0.12060367316007614,-0.04058869183063507,0.0003,0.0003,0.12060225754976273
,,,,,711999,8934.0205,1000,,,,,,,,,,
,,,,,712000,,,-816.4039916992188,-6.015056133270264,5.585380554199219,815.2718505859375,814.5421752929688,0.12049181014299393,-0.008046749979257584,0.0003,0.0003,0.1204860657453537
,,,,,712999,9146.82,1000,,,,,,,,,,
,,,,,713000,,,-821.7116088867188,-6.156069278717041,10.885900497436523,820.0086669921875,819.7479858398438,0.12210752069950104,-0.0035390728153288364,0.0003,0.0003,0.12210936099290848
,,,,,713999,9016.551,1000,,,,,,,,,,
,,,,,714000,,,-821.041015625,-5.997188568115234,5.2126264572143555,819.2242431640625,819.1031494140625,0.12184537947177887,-0.05591338127851486,0.0003,0.0003,0.12184793502092361
,,,,,714999,2611.2163,1000,,,,,,,,,,
8815.444,149.99556,8943.177,8423.722,1000.0,715000,,,-820.581298828125,-5.858603477478027,3.9337875843048096,818.796630859375,818.532958984375,0.12117266654968262,-0.032107897102832794,0.0003,0.0003,0.12117035686969757
,,,,,715999,8958.6455,1000,,,,,,,,,,
,,,,,716000,,,-821.8212280273438,-6.052889823913574,4.850648403167725,819.900634765625,820.160400390625,0.12058541923761368,0.0037088911049067974,0.0003,0.0003,0.12058204412460327
,,,,,716999,8973.186,1000,,,,,,,,,,
,,,,,717000,,,-823.0073852539062,-5.440609931945801,5.63874626159668,821.7469482421875,821.5728759765625,0.12058494985103607,0.06552904844284058,0.0003,0.0003,0.12058443576097488
,,,,,717999,9047.217,1000,,,,,,,,,,
,,,,,718000,,,-823.8640747070312,-6.525961399078369,6.237736701965332,822.3475952148438,822.824462890625,0.12087209522724152,-0.021685445681214333,0.0003,0.0003,0.12086915969848633
,,,,,718999,9029.242,1000,,,,,,,,,,
,,,,,719000,,,-828.2960205078125,-5.3799519538879395,4.398406982421875,826.856201171875,826.72119140625,0.12023041397333145,0.06691382080316544,0.0003,0.0003,0.12023153156042099
,,,,,719999,9072.032,1000,,,,,,,,,,
9199.739,68.55334,9292.438,9061.009,1000.0,720000,,,-822.4974365234375,-6.193838119506836,5.282108783721924,820.625,820.3958740234375,0.12063685804605484,-0.01492333970963955,0.0003,0.0003,0.12063933163881302
,,,,,720999,8837.446,1000,,,,,,,,,,
,,,,,721000,,,-826.405029296875,-5.659883975982666,13.390617370605469,825.54736328125,824.89306640625,0.1216060072183609,0.04365839809179306,0.0003,0.0003,0.12161055952310562
,,,,,721999,8985.858,1000,,,,,,,,,,
,,,,,722000,,,-824.103515625,-6.059006690979004,5.7259297370910645,822.4940185546875,822.9060668945312,0.12376753240823746,-0.025649208575487137,0.0003,0.0003,0.12377221882343292
,,,,,722999,9009.114,1000,,,,,,,,,,
,,,,,723000,,,-818.2899780273438,-6.2927446365356445,7.931124687194824,816.4571533203125,816.6399536132812,0.12340652197599411,-0.03151383250951767,0.0003,0.0003,0.12341208010911942
,,,,,723999,9072.5,1000,,,,,,,,,,
,,,,,724000,,,-822.2743530273438,-6.369272232055664,5.922051429748535,820.8465576171875,820.999755859375,0.12288229167461395,-0.007753539830446243,0.0003,0.0003,0.12288402765989304
,,,,,724999,8941.003,1000,,,,,,,,,,
9037.455,118.15374,9181.614,8762.518,1000.0,725000,,,-818.9452514648438,-5.883440971374512,5.946232318878174,816.5234985351562,816.8668823242188,0.12327410280704498,0.017455577850341797,0.0003,0.0003,0.12327145040035248
,,,,,725999,8941.059,1000,,,,,,,,,,
,,,,,726000,,,-822.5858154296875,-6.228357315063477,7.230900764465332,820.7239379882812,820.9791259765625,0.12301406264305115,-0.011790117248892784,0.0003,0.0003,0.1230170801281929
,,,,,726999,8583.963,1000,,,,,,,,,,
,,,,,727000,,,-832.8051147460938,-5.293420791625977,5.5768022537231445,831.376708984375,831.2774658203125,0.12274269014596939,0.05559251457452774,0.0003,0.0003,0.1227395236492157
,,,,,727999,9129.792,1000,,,,,,,,,,
,,,,,728000,,,-822.3965454101562,-6.655155181884766,6.63315486907959,821.2395629882812,820.9869384765625,0.12277538329362869,-0.08631986379623413,0.0003,0.0003,0.12278123199939728
,,,,,728999,5015.0713,1000,,,,,,,,,,
,,,,,729000,,,-824.64111328125,-5.381014823913574,4.645816802978516,823.3912963867188,823.1845703125,0.1229100152850151,0.058451876044273376,0.0003,0.0003,0.12290585041046143
,,,,,729999,9045.256,1000,,,,,,,,,,
8955.24,142.26521,9126.897,8689.077,1000.0,730000,,,-827.2411499023438,-5.801931381225586,5.878187656402588,825.4801025390625,825.3619995117188,0.12399430572986603,0.024452105164527893,0.0003,0.0003,0.1239970475435257
,,,,,730999,842.8422,1000,,,,,,,,,,
,,,,,731000,,,-831.7215576171875,-6.1444807052612305,6.384760856628418,830.002197265625,830.3058471679688,0.12352105230093002,0.0459139421582222,0.0003,0.0003,0.12351979315280914
,,,,,731999,6008.6123,1000,,,,,,,,,,
,,,,,732000,,,-821.7481079101562,-5.967902183532715,6.535551071166992,820.205078125,820.027587890625,0.12194907665252686,0.002463812939822674,0.0003,0.0003,0.12195351719856262
,,,,,732999,8975.811,1000,,,,,,,,,,
,,,,,733000,,,-837.8436889648438,-5.4761152267456055,4.849745273590088,836.7510986328125,836.5286865234375,0.1222585067152977,0.03881944715976715,0.0003,0.0003,0.1222534030675888
,,,,,733999,8919.728,1000,,,,,,,,,,
,,,,,734000,,,-834.945556640625,-6.257787704467773,6.0093183517456055,834.0786743164062,833.887451171875,0.12154102325439453,-0.012172969989478588,0.0003,0.0003,0.12154464423656464
,,,,,734999,8830.572,1000,,,,,,,,,,
8924.964,46.93559,9011.841,8826.508,1000.0,735000,,,-821.015869140625,-5.626526832580566,6.065284729003906,819.3479614257812,819.5525512695312,0.1206943616271019,-0.01321556605398655,0.0003,0.0003,0.12069234251976013
,,,,,735999,9028.849,1000,,,,,,,,,,
,,,,,736000,,,-827.8470458984375,-6.432253837585449,8.769058227539062,826.397216796875,826.0731811523438,0.12150851637125015,-0.03183918446302414,0.0003,0.0003,0.12150949984788895
,,,,,736999,8867.221,1000,,,,,,,,,,
,,,,,737000,,,-828.2998657226562,-6.1301493644714355,8.258180618286133,827.1199951171875,827.1046142578125,0.12150414288043976,-0.032277822494506836,0.0003,0.0003,0.12151382118463516
,,,,,737999,9041.239,1000,,,,,,,,,,
,,,,,738000,,,-822.8135375976562,-5.955113887786865,5.475132465362549,821.7640380859375,821.4449462890625,0.12245906889438629,0.036382123827934265,0.0003,0.0003,0.12245886772871017
,,,,,738999,8993.955,1000,,,,,,,,,,
,,,,,739000,,,-833.2868041992188,-5.456491470336914,6.39609432220459,831.4058837890625,831.8321533203125,0.12242846935987473,0.028423888608813286,0.0003,0.0003,0.12241782248020172
,,,,,739999,8680.865,1000,,,,,,,,,,
9060.541,93.705795,9197.857,8819.9,1000.0,740000,,,-829.2235717773438,-5.495519638061523,8.115134239196777,827.3633422851562,827.9776611328125,0.12144598364830017,0.06174691393971443,0.0003,0.0003,0.12144216150045395
,,,,,740999,8974.794,1000,,,,,,,,,,
,,,,,741000,,,-813.5357666015625,-6.485427379608154,7.3568644523620605,812.0150146484375,811.9346313476562,0.12093646079301834,-0.057970546185970306,0.0003,0.0003,0.1209397241473198
,,,,,741999,8969.499,1000,,,,,,,,,,
,,,,,742000,,,-821.0927734375,-5.8575592041015625,5.222620010375977,819.3974609375,819.564208984375,0.12179702520370483,0.02098858542740345,0.0003,0.0003,0.12179699540138245
,,,,,742999,8664.49,1000,,,,,,,,,,
,,,,,743000,,,-815.010498046875,-5.847650527954102,9.767879486083984,813.59765625,813.3732299804688,0.1222015917301178,0.023588644340634346,0.0003,0.0003,0.12220179289579391
,,,,,743999,9030.819,1000,,,,,,,,,,
,,,,,744000,,,-834.5918579101562,-5.937133312225342,5.801257133483887,833.179443359375,833.1930541992188,0.12127677351236343,-0.002335228491574526,0.0003,0.0003,0.12127801030874252
,,,,,744999,9062.318,1000,,,,,,,,,,
9044.577,63.65499,9110.908,8917.125,1000.0,745000,,,-830.2103881835938,-5.444183349609375,6.154815196990967,828.7048950195312,829.1202392578125,0.12117350846529007,0.06837402284145355,0.0003,0.0003,0.12116573750972748
,,,,,745999,8903.968,1000,,,,,,,,,,
,,,,,746000,,,-830.0516967773438,-6.4770402908325195,7.025731563568115,828.3392333984375,828.04150390625,0.12143391370773315,-0.04803871363401413,0.0003,0.0003,0.12143524736166
,,,,,746999,8674.076,1000,,,,,,,,,,
,,,,,747000,,,-830.9657592773438,-6.200273513793945,6.529009819030762,828.7757568359375,829.6876220703125,0.12128064781427383,-0.034103307873010635,0.0003,0.0003,0.12127815932035446
,,,,,747999,8684.627,1000,,,,,,,,,,
,,,,,748000,,,-824.6937255859375,-6.170527458190918,7.615865707397461,822.9945678710938,822.7864990234375,0.12182849645614624,-0.04731409251689911,0.0003,0.0003,0.12183605879545212
,,,,,748999,9256.439,1000,,,,,,,,,,
,,,,,749000,,,-825.5643920898438,-6.329426288604736,6.808203220367432,823.6343994140625,824.476318359375,0.12283448874950409,-0.02486559934914112,0.0003,0.0003,0.1228361651301384
,,,,,749999,9151.22,1000,,,,,,,,,,
8982.813,120.03061,9131.306,8726.135,1000.0,750000,,,-836.8446655273438,-5.548947334289551,7.491758346557617,835.4833984375,835.0443115234375,0.1224118024110794,0.07633110880851746,0.0003,0.0003,0.12240853905677795
,,,,,750999,9010.682,1000,,,,,,,,,,
,,,,,751000,,,-833.8642578125,-5.4707136154174805,7.690761566162109,832.0034790039062,832.5736083984375,0.12180178612470627,0.10316099226474762,0.0003,0.0003,0.12180079519748688
,,,,,751999,8844.125,1000,,,,,,,,,,
,,,,,752000,,,-825.4590454101562,-6.080018043518066,8.41872787475586,823.1964721679688,823.8084716796875,0.1220238134264946,0.02599310502409935,0.0003,0.0003,0.12202699482440948
,,,,,752999,7962.3936,1000,,,,,,,,,,
,,,,,753000,,,-824.4141235351562,-6.0933637619018555,6.9401326179504395,823.125244140625,823.6707763671875,0.12143200635910034,0.005347774364054203,0.0003,0.0003,0.12143495678901672
,,,,,753999,9063.2705,1000,,,,,,,,,,
,,,,,754000,,,-827.1447143554688,-5.386240482330322,7.3791093826293945,825.3967895507812,825.8800048828125,0.12251630425453186,0.033701129257678986,0.0003,0.0003,0.12251682579517365
,,,,,754999,8508.524,1000,,,,,,,,,,
8613.307,1764.7325,9297.001,3323.2422,1000.0,755000,,,-823.8279418945312,-6.396349906921387,5.243398666381836,821.28759765625,821.686767578125,0.12155713140964508,-0.025525253266096115,0.0003,0.0003,0.1215600073337555
,,,,,755999,9171.177,1000,,,,,,,,,,
,,,,,756000,,,-832.3934326171875,-5.990671634674072,8.409757614135742,830.5478515625,830.8729858398438,0.12211549282073975,0.0547289215028286,0.0003,0.0003,0.12211212515830994
,,,,,756999,9079.816,1000,,,,,,,,,,
,,,,,757000,,,-839.4893188476562,-5.3663740158081055,7.433016300201416,838.0208740234375,837.6152954101562,0.12206659466028214,0.07303215563297272,0.0003,0.0003,0.12206462025642395
,,,,,757999,9035.165,1000,,,,,,,,,,
,,,,,758000,,,-840.5352783203125,-5.943456649780273,5.354686260223389,839.3377685546875,839.5623779296875,0.12285895645618439,0.013024084270000458,0.0003,0.0003,0.12286322563886642
,,,,,758999,9055.7,1000,,,,,,,,,,
,,,,,759000,,,-835.2939453125,-6.081106185913086,6.384189605712891,833.4176635742188,833.7628784179688,0.12240107357501984,-0.027280449867248535,0.0003,0.0003,0.12239551544189453
,,,,,759999,9197.476,1000,,,,,,,,,,
9273.904,91.1369,9380.105,9070.32,1000.0,760000,,,-834.5399169921875,-5.946898460388184,6.223959922790527,832.5845336914062,832.9078369140625,0.12172447144985199,0.005409710109233856,0.0003,0.0003,0.1217227354645729
,,,,,760999,8724.221,1000,,,,,,,,,,
,,,,,761000,,,-825.8783569335938,-6.104838848114014,9.071614265441895,824.7755737304688,824.8516845703125,0.1225244551897049,0.027271635830402374,0.0003,0.0003,0.12253328412771225
,,,,,761999,9116.514,1000,,,,,,,,,,
,,,,,762000,,,-832.1926879882812,-5.84321403503418,7.880099296569824,830.75732421875,830.9959716796875,0.1236061081290245,0.03624037653207779,0.0003,0.0003,0.12360622733831406
,,,,,762999,9236.77,1000,,,,,,,,,,
,,,,,763000,,,-840.5526123046875,-6.103330612182617,9.230985641479492,839.4721069335938,838.9542846679688,0.12485568970441818,-0.008307848125696182,0.0003,0.0003,0.12486010044813156
,,,,,763999,8681.127,1000,,,,,,,,,,
,,,,,764000,,,-840.2738647460938,-5.648033142089844,5.298464775085449,839.2068481445312,839.0093994140625,0.12489153444766998,0.03929528594017029,0.0003,0.0003,0.12488662451505661
,,,,,764999,8960.056,1000,,,,,,,,,,
9092.9375,81.95679,9238.691,9003.536,1000.0,765000,,,-836.0298461914062,-6.61738920211792,6.3040032386779785,834.2528076171875,834.4281005859375,0.12264503538608551,-0.06725838035345078,0.0003,0.0003,0.12264852225780487
,,,,,765999,9239.075,1000,,,,,,,,,,
,,,,,766000,,,-828.1771240234375,-6.093236446380615,5.930418014526367,826.7354736328125,826.876953125,0.12392871826887131,-0.014895372092723846,0.0003,0.0003,0.12393096089363098
,,,,,766999,8551.187,1000,,,,,,,,,,
,,,,,767000,,,-834.589111328125,-5.752272129058838,18.736215591430664,832.8795166015625,833.2843017578125,0.12344082444906235,0.027548126876354218,0.0003,0.0003,0.12343856692314148
,,,,,767999,9047.636,1000,,,,,,,,,,
,,,,,768000,,,-828.491455078125,-6.020674228668213,8.905592918395996,827.00927734375,826.9579467773438,0.1250389665365219,-0.024200845509767532,0.0003,0.0003,0.125039204955101
,,,,,768999,8964.786,1000,,,,,,,,,,
,,,,,769000,,,-838.5993041992188,-6.524401664733887,5.4404096603393555,837.287841796875,836.9039916992188,0.12495044618844986,-0.025831054896116257,0.0003,0.0003,0.12495583295822144
,,,,,769999,9123.366,1000,,,,,,,,,,
9005.085,271.15063,9258.596,8283.424,1000.0,770000,,,-840.9586791992188,-5.643558502197266,6.412596702575684,839.7109375,839.6251220703125,0.12445693463087082,0.01892034336924553,0.0003,0.0003,0.12445571273565292
,,,,,770999,9216.82,1000,,,,,,,,,,
,,,,,771000,,,-830.4249877929688,-6.533666610717773,6.520353317260742,828.9410400390625,828.906005859375,0.12380129843950272,-0.04540550336241722,0.0003,0.0003,0.12379780411720276
,,,,,771999,8655.22,1000,,,,,,,,,,
,,,,,772000,,,-843.0841064453125,-5.774219036102295,13.160639762878418,841.9686279296875,842.3016357421875,0.12302104383707047,0.014103180728852749,0.0003,0.0003,0.12301939725875854
,,,,,772999,9272.321,1000,,,,,,,,,,
,,,,,773000,,,-837.5079345703125,-6.095791816711426,6.431839942932129,835.75830078125,835.96435546875,0.1228402629494667,-0.01614176109433174,0.0003,0.0003,0.12283238768577576
,,,,,773999,9092.072,1000,,,,,,,,,,
,,,,,774000,,,-839.96044921875,-5.951085567474365,10.27784538269043,838.526123046875,837.9691772460938,0.12227088958024979,0.0424780547618866,0.0003,0.0003,0.12227127701044083
,,,,,774999,8979.727,1000,,,,,,,,,,
9317.878,64.251015,9410.058,9219.722,1000.0,775000,,,-834.5807495117188,-5.931962966918945,5.916389465332031,833.1328125,833.3203125,0.1224915012717247,0.04609278589487076,0.0003,0.0003,0.12248534709215164
,,,,,775999,8977.859,1000,,,,,,,,,,
,,,,,776000,,,-848.5297241210938,-5.912593841552734,7.774881362915039,847.426025390625,847.0518798828125,0.12359105050563812,0.026029013097286224,0.0003,0.0003,0.1235937550663948
,,,,,776999,9011.814,1000,,,,,,,,,,
,,,,,777000,,,-837.0315551757812,-6.5184502601623535,7.550189018249512,835.4508056640625,835.44384765625,0.12309937924146652,-0.037410568445920944,0.0003,0.0003,0.12310739606618881
,,,,,777999,8899.341,1000,,,,,,,,,,
,,,,,778000,,,-850.6046752929688,-5.692685127258301,5.074325084686279,849.0073852539062,849.1690673828125,0.12328977137804031,0.03490954637527466,0.0003,0.0003,0.12328550964593887
,,,,,778999,9155.07,1000,,,,,,,,,,
,,,,,779000,,,-843.1380615234375,-6.041640281677246,4.766870975494385,841.845703125,841.4737548828125,0.1221390888094902,0.032211899757385254,0.0003,0.0003,0.12213686853647232
,,,,,779999,9065.977,1000,,,,,,,,,,
9128.884,113.16957,9248.204,8893.299,1000.0,780000,,,-838.6116943359375,-6.483330726623535,6.5637407302856445,837.0250244140625,837.3807373046875,0.12235082685947418,-0.0464727059006691,0.0003,0.0003,0.12235128879547119
,,,,,780999,9003.073,1000,,,,,,,,,,
,,,,,781000,,,-833.2531127929688,-5.761157035827637,4.292386054992676,832.1473388671875,832.0582275390625,0.12239237129688263,0.022253157570958138,0.0003,0.0003,0.12238889187574387
,,,,,781999,9067.95,1000,,,,,,,,,,
,,,,,782000,,,-849.2369384765625,-6.0830864906311035,5.140651702880859,847.9462890625,847.7546997070312,0.12348360568284988,-0.024918150156736374,0.0003,0.0003,0.12348051369190216
,,,,,782999,9183.281,1000,,,,,,,,,,
,,,,,783000,,,-840.3663330078125,-5.84946346282959,5.465104579925537,838.593505859375,838.6787109375,0.1234893649816513,0.0343736968934536,0.0003,0.0003,0.12348899245262146
,,,,,783999,9022.153,1000,,,,,,,,,,
,,,,,784000,,,-831.7310180664062,-5.960384845733643,7.4013590812683105,829.7439575195312,829.7283935546875,0.12301423400640488,-0.022576650604605675,0.0003,0.0003,0.12301432341337204
,,,,,784999,9130.034,1000,,,,,,,,,,
9001.603,772.9039,9399.731,6728.7354,1000.0,785000,,,-841.5064697265625,-6.044257164001465,6.65738582611084,839.8475341796875,840.0911865234375,0.12390340119600296,-0.03539084643125534,0.0003,0.0003,0.12391344457864761
,,,,,785999,9028.467,1000,,,,,,,,,,
,,,,,786000,,,-839.5132446289062,-6.0874128341674805,6.406975746154785,837.433349609375,837.9058837890625,0.12391521036624908,-0.013671457767486572,0.0003,0.0003,0.12391701340675354
,,,,,786999,9163.303,1000,,,,,,,,,,
,,,,,787000,,,-846.5982666015625,-5.803057670593262,6.531529426574707,844.85546875,844.854248046875,0.12420396506786346,0.022032620385289192,0.0003,0.0003,0.12420088052749634
,,,,,787999,8748.935,1000,,,,,,,,,,
,,,,,788000,,,-842.644287109375,-6.26502799987793,5.762548446655273,840.7052001953125,840.7208862304688,0.12627598643302917,-0.06675855815410614,0.0003,0.0003,0.12627728283405304
,,,,,788999,9265.712,1000,,,,,,,,,,
,,,,,789000,,,-834.0185546875,-6.359679222106934,8.16673469543457,832.4741821289062,832.283203125,0.12655138969421387,-0.04601693153381348,0.0003,0.0003,0.12655360996723175
,,,,,789999,9074.123,1000,,,,,,,,,,
9070.745,115.72726,9206.59,8794.455,1000.0,790000,,,-833.9573364257812,-5.720903396606445,7.330023765563965,832.6376953125,832.463134765625,0.1260877251625061,-0.010816957801580429,0.0003,0.0003,0.12608326971530914
,,,,,790999,9191.807,1000,,,,,,,,,,
,,,,,791000,,,-842.6615600585938,-6.060266017913818,4.519845962524414,841.2601318359375,841.2900390625,0.1248704269528389,0.011538081802427769,0.0003,0.0003,0.1248701885342598
,,,,,791999,9331.852,1000,,,,,,,,,,
,,,,,792000,,,-840.9982299804688,-6.213361740112305,7.22046422958374,838.7939453125,838.8741455078125,0.12402603030204773,-0.014001324772834778,0.0003,0.0003,0.12402170151472092
,,,,,792999,9306.451,1000,,,,,,,,,,
,,,,,793000,,,-839.994873046875,-6.111789226531982,4.780601501464844,838.625,838.2589111328125,0.12421560287475586,-0.04066998511552811,0.0003,0.0003,0.12421856075525284
,,,,,793999,8955.371,1000,,,,,,,,,,
,,,,,794000,,,-839.3222045898438,-6.118844509124756,6.089091777801514,837.5494384765625,837.4481811523438,0.12379559874534607,0.013913607224822044,0.0003,0.0003,0.12378833442926407
,,,,,794999,9218.933,1000,,,,,,,,,,
9208.575,95.699524,9338.417,9037.799,1000.0,795000,,,-833.2567749023438,-5.980344772338867,5.803844928741455,831.3372192382812,831.3001708984375,0.12313536554574966,-0.03596111387014389,0.0003,0.0003,0.12314002960920334
,,,,,795999,9310.958,1000,,,,,,,,,,
,,,,,796000,,,-844.4152221679688,-6.4333176612854,12.571578025817871,842.3109130859375,842.9061279296875,0.1251116842031479,-0.08436624705791473,0.0003,0.0003,0.12512093782424927
,,,,,796999,9190.929,1000,,,,,,,,,,
,,,,,797000,,,-850.1511840820312,-5.714347839355469,4.37142276763916,848.3125610351562,848.770751953125,0.12645888328552246,0.05440446734428406,0.0003,0.0003,0.12645412981510162
,,,,,797999,9226.761,1000,,,,,,,,,,
,,,,,798000,,,-838.2874755859375,-6.19635534286499,7.420506000518799,836.6576538085938,836.9224853515625,0.12561337649822235,-0.01977522298693657,0.0003,0.0003,0.12561370432376862
,,,,,798999,9102.097,1000,,,,,,,,,,
,,,,,799000,,,-848.6302490234375,-5.976825714111328,6.055185794830322,847.197021484375,847.4609375,0.12527382373809814,0.043816544115543365,0.0003,0.0003,0.12527239322662354
,,,,,799999,9060.371,1000,,,,,,,,,,
9282.093,91.82699,9410.595,9120.591,1000.0,800000,,,-849.3619995117188,-6.003537178039551,5.387338638305664,848.13623046875,848.2178344726562,0.12397819012403488,0.04902729392051697,0.0003,0.0003,0.1239723414182663
,,,,,800999,9305.408,1000,,,,,,,,,,
,,,,,801000,,,-844.2686157226562,-6.2591938972473145,8.637085914611816,842.302734375,842.725341796875,0.12567763030529022,0.006295185536146164,0.0003,0.0003,0.1256788969039917
,,,,,801999,9101.319,1000,,,,,,,,,,
,,,,,802000,,,-846.8095092773438,-6.1653151512146,4.999482154846191,845.20556640625,845.594970703125,0.12528517842292786,-0.032381750643253326,0.0003,0.0003,0.12528589367866516
,,,,,802999,9360.759,1000,,,,,,,,,,
,,,,,803000,,,-842.7113037109375,-5.7379560470581055,32.26802444458008,841.3218994140625,840.9227294921875,0.12291593849658966,0.044343456625938416,0.0003,0.0003,0.12291127443313599
,,,,,803999,8850.022,1000,,,,,,,,,,
,,,,,804000,,,-849.4937744140625,-6.287161350250244,5.539842128753662,847.8763427734375,848.1859130859375,0.12255655974149704,-0.044994913041591644,0.0003,0.0003,0.12255918979644775
,,,,,804999,9292.785,1000,,,,,,,,,,
9279.992,67.232414,9333.1875,9091.873,1000.0,805000,,,-855.7801513671875,-5.142117023468018,5.676880836486816,854.80908203125,854.7428588867188,0.12299441546201706,0.08730867505073547,0.0003,0.0003,0.12299259006977081
,,,,,805999,1481.6443,1000,,,,,,,,,,
,,,,,806000,,,-851.5388793945312,-5.4581780433654785,10.462898254394531,850.0557861328125,849.5873413085938,0.1227477490901947,0.07202721387147903,0.0003,0.0003,0.12274154275655746
,,,,,806999,9327.019,1000,,,,,,,,,,
,,,,,807000,,,-844.6656494140625,-6.492630958557129,5.953656196594238,843.28759765625,843.387451171875,0.1226172000169754,-0.06327619403600693,0.0003,0.0003,0.12261571735143661
,,,,,807999,9046.659,1000,,,,,,,,,,
,,,,,808000,,,-837.0218505859375,-6.047255039215088,6.694654941558838,835.818603515625,836.013916015625,0.12191636860370636,-0.026397157460451126,0.0003,0.0003,0.12191904336214066
,,,,,808999,9100.14,1000,,,,,,,,,,
,,,,,809000,,,-842.0166625976562,-6.050666809082031,5.103507995605469,840.813232421875,840.5916748046875,0.12253306806087494,-0.001815645257011056,0.0003,0.0003,0.12253180891275406
,,,,,809999,9286.014,1000,,,,,,,,,,
9319.979,85.570724,9413.831,9154.903,1000.0,810000,,,-847.2965087890625,-6.077253341674805,5.9533562660217285,845.619873046875,846.0419311523438,0.12146029621362686,-0.0045771729201078415,0.0003,0.0003,0.12145954370498657
,,,,,810999,8996.34,1000,,,,,,,,,,
,,,,,811000,,,-830.9618530273438,-6.883645534515381,7.168421745300293,828.2383422851562,828.083251953125,0.12126532942056656,-0.0934324562549591,0.0003,0.0003,0.12127015739679337
,,,,,811999,9162.633,1000,,,,,,,,,,
,,,,,812000,,,-850.1888427734375,-5.644318580627441,6.7856316566467285,848.36865234375,848.1993408203125,0.12208224833011627,0.02305356040596962,0.0003,0.0003,0.12208109349012375
,,,,,812999,9183.68,1000,,,,,,,,,,
,,,,,813000,,,-847.3697509765625,-5.71704626083374,7.81002950668335,846.0045166015625,845.5150146484375,0.1231602355837822,0.051187314093112946,0.0003,0.0003,0.12316091358661652
,,,,,813999,9364.033,1000,,,,,,,,,,
,,,,,814000,,,-850.9868774414062,-5.990433692932129,5.736904621124268,849.2351684570312,849.5082397460938,0.12237667292356491,0.02483297884464264,0.0003,0.0003,0.12237775325775146
,,,,,814999,9443.326,1000,,,,,,,,,,
9096.49,606.8843,9415.107,7293.1597,1000.0,815000,,,-855.18896484375,-5.487334251403809,8.759778022766113,853.633544921875,854.0291748046875,0.12400955706834793,0.07758539915084839,0.0003,0.0003,0.12400908023118973
,,,,,815999,9308.882,1000,,,,,,,,,,
,,,,,816000,,,-848.087158203125,-5.9002251625061035,11.19932746887207,846.577392578125,846.7594604492188,0.12419182062149048,-0.010953905992209911,0.0003,0.0003,0.12419096380472183
,,,,,816999,9191.379,1000,,,,,,,,,,
,,,,,817000,,,-844.5675659179688,-6.536107063293457,6.034796714782715,843.2359008789062,843.349609375,0.12422634661197662,-0.03874592110514641,0.0003,0.0003,0.12423188984394073
,,,,,817999,9271.407,1000,,,,,,,,,,
,,,,,818000,,,-850.0714721679688,-6.30369758605957,8.390295028686523,848.5221557617188,848.521728515625,0.124310702085495,-0.011365796439349651,0.0003,0.0003,0.12431054562330246
,,,,,818999,9294.862,1000,,,,,,,,,,
,,,,,819000,,,-853.6991577148438,-5.970816612243652,5.7310943603515625,852.1685791015625,852.2542724609375,0.12342658638954163,-0.009655382484197617,0.0003,0.0003,0.12341941148042679
,,,,,819999,9319.372,1000,,,,,,,,,,
9304.747,46.293682,9376.555,9202.595,1000.0,820000,,,-856.8050537109375,-5.800328731536865,7.372373580932617,855.2369995117188,855.4310302734375,0.12429925799369812,0.03369800001382828,0.0003,0.0003,0.124295674264431
,,,,,820999,9356.602,1000,,,,,,,,,,
,,,,,821000,,,-842.8516235351562,-5.99322509765625,8.105304718017578,841.2254638671875,841.0928955078125,0.12252795696258545,-0.023447755724191666,0.0003,0.0003,0.12253520637750626
,,,,,821999,9262.66,1000,,,,,,,,,,
,,,,,822000,,,-844.8577270507812,-6.508378505706787,8.688700675964355,843.05126953125,843.4534912109375,0.1235954612493515,-0.032451897859573364,0.0003,0.0003,0.12359697371721268
,,,,,822999,9448.762,1000,,,,,,,,,,
,,,,,823000,,,-841.0089111328125,-6.368310928344727,5.096588134765625,839.5028686523438,839.995849609375,0.123695969581604,-0.0510241836309433,0.0003,0.0003,0.12369749695062637
,,,,,823999,6534.7485,1000,,,,,,,,,,
,,,,,824000,,,-853.666748046875,-6.1445136070251465,9.179847717285156,852.4564208984375,852.2744140625,0.12362603098154068,-0.003427037037909031,0.0003,0.0003,0.12362779676914215
,,,,,824999,9473.165,1000,,,,,,,,,,
8520.205,2501.702,9459.306,1016.6871,1000.0,825000,,,-847.4417724609375,-5.779051780700684,7.28369140625,845.972412109375,846.45654296875,0.1251276135444641,0.022677022963762283,0.0003,0.0003,0.12513096630573273
,,,,,825999,8998.4375,1000,,,,,,,,,,
,,,,,826000,,,-854.984375,-5.916547775268555,5.393436431884766,854.1658935546875,854.284912109375,0.1255904883146286,-0.010910194367170334,0.0003,0.0003,0.12559576332569122
,,,,,826999,9335.287,1000,,,,,,,,,,
,,,,,827000,,,-849.5615844726562,-5.559118747711182,7.145137310028076,848.8365478515625,847.9779052734375,0.12547194957733154,0.035400550812482834,0.0003,0.0003,0.12546572089195251
,,,,,827999,9220.434,1000,,,,,,,,,,
,,,,,828000,,,-850.22998046875,-6.015417098999023,10.045286178588867,848.3719482421875,848.269775390625,0.12586945295333862,0.0356646366417408,0.0003,0.0003,0.12587134540081024
,,,,,828999,9412.607,1000,,,,,,,,,,
,,,,,829000,,,-856.4343872070312,-5.471052169799805,5.521577835083008,855.1316528320312,855.3333740234375,0.1256042718887329,0.0012039714492857456,0.0003,0.0003,0.12560732662677765
,,,,,829999,9399.956,1000,,,,,,,,,,
9241.954,100.344055,9391.437,9053.237,1000.0,830000,,,-860.2118530273438,-5.563229560852051,5.913616180419922,858.4777221679688,858.7929077148438,0.12443020194768906,0.010395556688308716,0.0003,0.0003,0.12442269176244736
,,,,,830999,9372.932,1000,,,,,,,,,,
,,,,,831000,,,-854.1200561523438,-5.875016689300537,6.867815971374512,852.8519897460938,852.7720336914062,0.12355203926563263,0.0010693557560443878,0.0003,0.0003,0.1235455870628357
,,,,,831999,9403.776,1000,,,,,,,,,,
,,,,,832000,,,-856.7877197265625,-5.610807418823242,5.574063301086426,855.05712890625,855.6961669921875,0.12350579351186752,0.06328237801790237,0.0003,0.0003,0.12350421398878098
,,,,,832999,8873.92,1000,,,,,,,,,,
,,,,,833000,,,-852.3782348632812,-5.878232955932617,7.764822006225586,850.3970947265625,850.2207641601562,0.12568800151348114,0.03622592240571976,0.0003,0.0003,0.1256808638572693
,,,,,833999,9452.346,1000,,,,,,,,,,
,,,,,834000,,,-852.260009765625,-6.280299186706543,5.145820140838623,850.7152099609375,850.6729736328125,0.12272974848747253,-0.03854212909936905,0.0003,0.0003,0.12272725999355316
,,,,,834999,9070.247,1000,,,,,,,,,,
9006.27,686.85724,9529.027,7235.797,1000.0,835000,,,-855.1795043945312,-6.462746620178223,7.928927421569824,853.086181640625,853.0708618164062,0.12459267675876617,-0.08448982238769531,0.0003,0.0003,0.12460175901651382
,,,,,835999,9346.498,1000,,,,,,,,,,
,,,,,836000,,,-859.2220458984375,-5.815341472625732,7.5040154457092285,858.190185546875,857.7769165039062,0.12484157830476761,0.04030967503786087,0.0003,0.0003,0.12484387308359146
,,,,,836999,9347.774,1000,,,,,,,,,,
,,,,,837000,,,-849.4515991210938,-6.445359230041504,6.819394111633301,847.9314575195312,848.0767822265625,0.12451925873756409,-0.05883897468447685,0.0003,0.0003,0.12452144920825958
,,,,,837999,8086.765,1000,,,,,,,,,,
,,,,,838000,,,-852.2904052734375,-5.7282819747924805,8.752460479736328,850.7161865234375,850.5869140625,0.12458057701587677,0.03950056806206703,0.0003,0.0003,0.12457285821437836
,,,,,838999,8995.675,1000,,,,,,,,,,
,,,,,839000,,,-862.2393798828125,-5.565792560577393,7.021218299865723,860.7586669921875,860.4599609375,0.12469028681516647,0.05072815716266632,0.0003,0.0003,0.12468636780977249
,,,,,839999,9390.917,1000,,,,,,,,,,
9216.861,45.440613,9282.881,9120.211,1000.0,840000,,,-856.582763671875,-6.142624855041504,10.994061470031738,855.4730224609375,854.3504638671875,0.12501958012580872,-0.0373576283454895,0.0003,0.0003,0.12502598762512207
,,,,,840999,9369.688,1000,,,,,,,,,,
,,,,,841000,,,-855.0123291015625,-6.165219306945801,8.259410858154297,853.620361328125,853.6593627929688,0.12532620131969452,-0.011894481256604195,0.0003,0.0003,0.12532939016819
,,,,,841999,9349.262,1000,,,,,,,,,,
,,,,,842000,,,-851.976806640625,-6.214295387268066,8.800406455993652,850.5823974609375,850.838623046875,0.12608444690704346,0.01285596564412117,0.0003,0.0003,0.12608559429645538
,,,,,842999,9418.355,1000,,,,,,,,,,
,,,,,843000,,,-850.4260864257812,-6.5408148765563965,5.820823669433594,848.9141845703125,849.0655517578125,0.12613508105278015,-0.052955128252506256,0.0003,0.0003,0.12614157795906067
,,,,,843999,9364.61,1000,,,,,,,,,,
,,,,,844000,,,-866.6565551757812,-5.719643592834473,9.889081001281738,865.3848266601562,865.6688232421875,0.12620361149311066,0.007196215912699699,0.0003,0.0003,0.12619774043560028
,,,,,844999,9342.187,1000,,,,,,,,,,
8615.528,2141.0977,9485.413,2197.544,1000.0,845000,,,-857.8264770507812,-5.918238639831543,5.389432907104492,856.43994140625,856.4449462890625,0.12485753744840622,0.01614161767065525,0.0003,0.0003,0.12485938519239426
,,,,,845999,9068.254,1000,,,,,,,,,,
,,,,,846000,,,-854.5196533203125,-5.938521385192871,5.995431900024414,853.4398193359375,853.14208984375,0.12435296922922134,0.004045151174068451,0.0003,0.0003,0.12435238063335419
,,,,,846999,9279.883,1000,,,,,,,,,,
,,,,,847000,,,-868.2146606445312,-5.975922584533691,6.903606414794922,867.040771484375,866.467041015625,0.12477956712245941,-0.008181975223124027,0.0003,0.0003,0.1247854232788086
,,,,,847999,9402.827,1000,,,,,,,,,,
,,,,,848000,,,-865.1918334960938,-5.995072364807129,7.5906805992126465,863.982177734375,863.689453125,0.12529590725898743,0.025190867483615875,0.0003,0.0003,0.12529784440994263
,,,,,848999,9353.853,1000,,,,,,,,,,
,,,,,849000,,,-868.032470703125,-5.417952537536621,6.3429765701293945,866.5048828125,866.427734375,0.12492685765028,0.07510077208280563,0.0003,0.0003,0.1249249204993248
,,,,,849999,9380.295,1000,,,,,,,,,,
9362.289,59.22843,9425.077,9247.64,1000.0,850000,,,-857.0509643554688,-5.577231407165527,6.63861083984375,855.8592529296875,855.580810546875,0.12339092791080475,0.023690545931458473,0.0003,0.0003,0.12338945269584656
,,,,,850999,9395.307,1000,,,,,,,,,,
,,,,,851000,,,-868.9036254882812,-6.132390022277832,7.983849048614502,867.4444580078125,867.5714111328125,0.12382236868143082,-0.0061493441462516785,0.0003,0.0003,0.12381371110677719
,,,,,851999,8857.227,1000,,,,,,,,,,
,,,,,852000,,,-854.1446533203125,-6.249817848205566,8.96530532836914,852.4507446289062,852.6578369140625,0.12361592054367065,-0.008734033443033695,0.0003,0.0003,0.12361745536327362
,,,,,852999,9245.756,1000,,,,,,,,,,
,,,,,853000,,,-863.1201171875,-5.506085395812988,4.567722320556641,861.9356689453125,861.7389526367188,0.12459992617368698,0.0447339192032814,0.0003,0.0003,0.12459459900856018
,,,,,853999,9458.608,1000,,,,,,,,,,
,,,,,854000,,,-851.3247680664062,-6.151917457580566,7.095527172088623,849.587646484375,849.65234375,0.12532053887844086,-0.030217450112104416,0.0003,0.0003,0.12532128393650055
,,,,,854999,9422.353,1000,,,,,,,,,,
9432.619,84.63467,9551.848,9244.619,1000.0,855000,,,-861.5670166015625,-5.701977729797363,5.782776832580566,860.2246704101562,860.1021118164062,0.12532465159893036,0.04748409986495972,0.0003,0.0003,0.1253240704536438
,,,,,855999,9440.341,1000,,,,,,,,,,
,,,,,856000,,,-853.0154418945312,-6.256986618041992,8.178060531616211,851.5511474609375,851.4405517578125,0.1247316226363182,0.005652259103953838,0.0003,0.0003,0.12473724037408829
,,,,,856999,9373.883,1000,,,,,,,,,,
,,,,,857000,,,-854.5543823242188,-5.651608467102051,5.815805435180664,852.5721435546875,852.8453369140625,0.1233193427324295,0.07086251676082611,0.0003,0.0003,0.1233169287443161
,,,,,857999,9341.979,1000,,,,,,,,,,
,,,,,858000,,,-858.5875854492188,-5.584555625915527,10.882206916809082,857.4588012695312,856.8809204101562,0.1239694133400917,0.020433899015188217,0.0003,0.0003,0.12396420538425446
,,,,,858999,9492.197,1000,,,,,,,,,,
,,,,,859000,,,-859.410888671875,-5.790920257568359,3.379607677459717,857.9061279296875,857.9678955078125,0.12364362180233002,0.02213868498802185,0.0003,0.0003,0.12363988161087036
,,,,,859999,9407.583,1000,,,,,,,,,,
9359.263,483.35794,9563.182,7911.72,1000.0,860000,,,-859.7716064453125,-6.119394302368164,5.230070114135742,858.57763671875,858.42919921875,0.12373720109462738,-0.03841889277100563,0.0003,0.0003,0.123740553855896
,,,,,860999,9114.034,1000,,,,,,,,,,
,,,,,861000,,,-867.033935546875,-6.118710517883301,3.892703056335449,865.390625,865.7149658203125,0.12395408004522324,-0.04335049167275429,0.0003,0.0003,0.12395188212394714
,,,,,861999,9503.371,1000,,,,,,,,,,
,,,,,862000,,,-863.3993530273438,-6.313526153564453,7.1435866355896,861.9261474609375,862.0748901367188,0.12333104759454727,-0.02617802657186985,0.0003,0.0003,0.1233324334025383
,,,,,862999,7991.811,1000,,,,,,,,,,
,,,,,863000,,,-863.6952514648438,-5.763338088989258,4.304583549499512,862.1100463867188,861.7604370117188,0.12478507310152054,0.004646840505301952,0.0003,0.0003,0.124787837266922
,,,,,863999,9457.33,1000,,,,,,,,,,
,,,,,864000,,,-861.706298828125,-6.41060733795166,5.906411647796631,859.87890625,859.58935546875,0.12465551495552063,-0.04263908043503761,0.0003,0.0003,0.12465117126703262
,,,,,864999,9436.201,1000,,,,,,,,,,
9351.109,112.2034,9480.586,9094.161,1000.0,865000,,,-872.1697387695312,-5.777936935424805,6.865902900695801,870.793701171875,870.827880859375,0.1248556599020958,0.07222191989421844,0.0003,0.0003,0.12485337257385254
,,,,,865999,9374.727,1000,,,,,,,,,,
,,,,,866000,,,-867.1101684570312,-6.132217884063721,8.417840957641602,865.8619995117188,865.26123046875,0.12386645376682281,-0.020642124116420746,0.0003,0.0003,0.12386801838874817
,,,,,866999,9353.166,1000,,,,,,,,,,
,,,,,867000,,,-862.8408203125,-6.165085792541504,4.196409225463867,861.3582763671875,861.3309326171875,0.12388771772384644,0.018310265615582466,0.0003,0.0003,0.12388633191585541
,,,,,867999,9631.648,1000,,,,,,,,,,
,,,,,868000,,,-863.7445678710938,-6.391334533691406,6.567522048950195,862.498046875,862.341552734375,0.12373106181621552,-0.031559038907289505,0.0003,0.0003,0.12373398244380951
,,,,,868999,9578.005,1000,,,,,,,,,,
,,,,,869000,,,-862.6910400390625,-5.890408515930176,7.4686737060546875,861.111572265625,860.939208984375,0.12406992167234421,-0.047275908291339874,0.0003,0.0003,0.12407846748828888
,,,,,869999,9402.921,1000,,,,,,,,,,
9430.724,99.87301,9518.774,9145.686,1000.0,870000,,,-865.67333984375,-5.627389907836914,6.714048385620117,864.4371337890625,864.6698608398438,0.1227649599313736,0.021374061703681946,0.0003,0.0003,0.12276256084442139
,,,,,870999,8296.994,1000,,,,,,,,,,
,,,,,871000,,,-859.8154907226562,-6.169574737548828,7.844267845153809,858.8038940429688,858.6975708007812,0.12463001161813736,0.012997855432331562,0.0003,0.0003,0.12462939321994781
,,,,,871999,9431.761,1000,,,,,,,,,,
,,,,,872000,,,-865.0179443359375,-5.879570007324219,5.532410144805908,863.1326293945312,863.567626953125,0.12623314559459686,-0.015007693320512772,0.0003,0.0003,0.12623128294944763
,,,,,872999,9488.83,1000,,,,,,,,,,
,,,,,873000,,,-856.1148071289062,-6.515684127807617,5.064205646514893,854.1182861328125,854.4658203125,0.12552481889724731,-0.05301273241639137,0.0003,0.0003,0.12552882730960846
,,,,,873999,9384.23,1000,,,,,,,,,,
,,,,,874000,,,-862.8526611328125,-5.757688522338867,11.412511825561523,861.7210693359375,861.2080688476562,0.12514722347259521,0.020187048241496086,0.0003,0.0003,0.12513913214206696
,,,,,874999,9546.961,1000,,,,,,,,,,
9442.39,132.32646,9564.268,9068.546,1000.0,875000,,,-873.0384521484375,-5.380899906158447,6.233005046844482,871.7009887695312,871.9004516601562,0.12488477677106857,0.10125740617513657,0.0003,0.0003,0.12487855553627014
,,,,,875999,9445.262,1000,,,,,,,,,,
,,,,,876000,,,-882.4884643554688,-5.8219709396362305,7.327719211578369,881.2891235351562,881.6632080078125,0.12623126804828644,0.01744234934449196,0.0003,0.0003,0.12623369693756104
,,,,,876999,9486.399,1000,,,,,,,,,,
,,,,,877000,,,-867.5670166015625,-6.203526973724365,4.89112663269043,866.027099609375,865.9386596679688,0.12672658264636993,-0.0019784709438681602,0.0003,0.0003,0.12672682106494904
,,,,,877999,9468.601,1000,,,,,,,,,,
,,,,,878000,,,-859.8755493164062,-5.955204010009766,7.209585666656494,857.9190063476562,857.59130859375,0.12562482059001923,0.016210149973630905,0.0003,0.0003,0.12562082707881927
,,,,,878999,9394.585,1000,,,,,,,,,,
,,,,,879000,,,-867.785400390625,-6.0288872718811035,5.697550296783447,866.4869384765625,866.42919921875,0.12421669065952301,-0.0235317163169384,0.0003,0.0003,0.12421180307865143
,,,,,879999,9403.079,1000,,,,,,,,,,
9199.101,925.1348,9623.166,6429.7695,1000.0,880000,,,-865.15869140625,-6.092989921569824,6.287798881530762,863.7642211914062,863.7401123046875,0.12429677695035934,-0.025390485301613808,0.0003,0.0003,0.1243043839931488
,,,,,880999,9472.054,1000,,,,,,,,,,
,,,,,881000,,,-865.0570678710938,-5.8749895095825195,6.815606117248535,863.2298583984375,863.2042236328125,0.1241125538945198,-0.01357319112867117,0.0003,0.0003,0.12411313503980637
,,,,,881999,8110.494,1000,,,,,,,,,,
,,,,,882000,,,-871.8711547851562,-6.250081539154053,5.038299560546875,870.0834350585938,870.33740234375,0.12351839989423752,-0.006347618997097015,0.0003,0.0003,0.12351755052804947
,,,,,882999,9493.595,1000,,,,,,,,,,
,,,,,883000,,,-864.021728515625,-6.112730503082275,6.992650032043457,862.1586303710938,862.3331909179688,0.12379556894302368,0.009068251587450504,0.0003,0.0003,0.12379798293113708
,,,,,883999,9430.775,1000,,,,,,,,,,
,,,,,884000,,,-870.5579833984375,-6.176689624786377,7.268901824951172,868.5779418945312,868.968017578125,0.12373947352170944,-0.0008734939619898796,0.0003,0.0003,0.12374254316091537
,,,,,884999,9638.452,1000,,,,,,,,,,
9336.457,412.6171,9621.898,8144.8374,1000.0,885000,,,-870.411376953125,-6.179628372192383,7.169654846191406,868.6802368164062,868.583740234375,0.12346482276916504,-0.03720662742853165,0.0003,0.0003,0.12346278876066208
,,,,,885999,9122.3545,1000,,,,,,,,,,
,,,,,886000,,,-877.3528442382812,-5.930178642272949,6.570860862731934,875.778564453125,875.6956787109375,0.12265338003635406,-0.007075360976159573,0.0003,0.0003,0.12265471369028091
,,,,,886999,9345.504,1000,,,,,,,,,,
,,,,,887000,,,-867.2684326171875,-5.770953178405762,6.714494228363037,866.3272094726562,866.2310791015625,0.12287503480911255,0.035434622317552567,0.0003,0.0003,0.12287218868732452
,,,,,887999,9303.443,1000,,,,,,,,,,
,,,,,888000,,,-861.7153930664062,-5.667786121368408,11.82052993774414,860.5380859375,859.638916015625,0.12353163212537766,0.030487248674035072,0.0003,0.0003,0.12352246046066284
,,,,,888999,9467.351,1000,,,,,,,,,,
,,,,,889000,,,-864.1790771484375,-6.565940856933594,6.5385003089904785,863.1149291992188,862.6771240234375,0.12322358787059784,-0.04745875298976898,0.0003,0.0003,0.12322776019573212
,,,,,889999,9247.337,1000,,,,,,,,,,
9444.199,69.75824,9556.342,9291.337,1000.0,890000,,,-869.703125,-6.0636773109436035,6.713340759277344,868.1749267578125,867.8653564453125,0.12416943162679672,0.015113231725990772,0.0003,0.0003,0.12416913360357285
,,,,,890999,9456.045,1000,,,,,,,,,,
,,,,,891000,,,-870.8199462890625,-5.3542561531066895,6.6118927001953125,869.263916015625,869.2227783203125,0.1242048442363739,0.07373030483722687,0.0003,0.0003,0.12419812381267548
,,,,,891999,9545.328,1000,,,,,,,,,,
,,,,,892000,,,-870.3510131835938,-5.902560234069824,6.220537185668945,868.623291015625,869.0234375,0.12359322607517242,0.023380998522043228,0.0003,0.0003,0.12358291447162628
,,,,,892999,9626.315,1000,,,,,,,,,,
,,,,,893000,,,-855.3831787109375,-6.684794902801514,6.136122703552246,853.490966796875,853.541015625,0.12264430522918701,-0.050026096403598785,0.0003,0.0003,0.1226460337638855
,,,,,893999,9575.748,1000,,,,,,,,,,
,,,,,894000,,,-876.3010864257812,-6.393935203552246,7.410143852233887,875.247314453125,874.4329833984375,0.12278658896684647,-0.028278246521949768,0.0003,0.0003,0.12278719991445541
,,,,,894999,9543.714,1000,,,,,,,,,,
9621.961,134.84525,9790.637,9286.049,1000.0,895000,,,-869.5001220703125,-6.221497535705566,4.786457061767578,867.6372680664062,867.8431396484375,0.12339122593402863,-0.001736324280500412,0.0003,0.0003,0.12339622527360916
,,,,,895999,9626.559,1000,,,,,,,,,,
,,,,,896000,,,-873.6005859375,-6.064916133880615,6.015791893005371,872.48046875,872.0238647460938,0.12352249771356583,-0.011371884495019913,0.0003,0.0003,0.12352358549833298
,,,,,896999,9508.162,1000,,,,,,,,,,
,,,,,897000,,,-866.5115966796875,-5.994100570678711,8.461343765258789,865.0491943359375,864.7207641601562,0.12334486097097397,-0.021499602124094963,0.0003,0.0003,0.12334951013326645
,,,,,897999,9280.377,1000,,,,,,,,,,
,,,,,898000,,,-868.2808837890625,-6.6512603759765625,6.977766990661621,866.6624755859375,866.876953125,0.12428583949804306,-0.03198735788464546,0.0003,0.0003,0.12428885698318481
,,,,,898999,9489.495,1000,,,,,,,,,,
,,,,,899000,,,-861.0374145507812,-5.999405860900879,5.6215596199035645,859.5703735351562,859.520263671875,0.1236136257648468,0.026541339233517647,0.0003,0.0003,0.12361196428537369
,,,,,899999,9600.249,1000,,,,,,,,,,
9437.911,298.56,9641.546,8635.892,1000.0,900000,,,-873.7642211914062,-5.8896002769470215,6.22653865814209,872.1205444335938,872.0037841796875,0.12362903356552124,0.011104349978268147,0.0003,0.0003,0.123626708984375
,,,,,900999,9551.775,1000,,,,,,,,,,
,,,,,901000,,,-877.7855224609375,-5.49894905090332,6.312740325927734,876.2207641601562,876.3823852539062,0.12497833371162415,0.0462128147482872,0.0003,0.0003,0.12497693300247192
,,,,,901999,9561.3955,1000,,,,,,,,,,
,,,,,902000,,,-864.6471557617188,-6.164517402648926,8.499424934387207,862.8541259765625,862.6566772460938,0.12624545395374298,-0.037483274936676025,0.0003,0.0003,0.12625278532505035
,,,,,902999,9437.347,1000,,,,,,,,,,
,,,,,903000,,,-867.435302734375,-6.151778221130371,6.3025593757629395,865.5839233398438,865.8712768554688,0.12630429863929749,-0.022952016443014145,0.0003,0.0003,0.12631288170814514
,,,,,903999,9556.792,1000,,,,,,,,,,
,,,,,904000,,,-874.203369140625,-6.164724349975586,4.716963768005371,872.4401245117188,872.7901611328125,0.12702405452728271,0.0206662155687809,0.0003,0.0003,0.1270274668931961
,,,,,904999,9375.3125,1000,,,,,,,,,,
9550.15,220.03421,9765.056,8943.121,1000.0,905000,,,-874.4972534179688,-6.215770244598389,4.237030982971191,872.8712768554688,872.841064453125,0.12634214758872986,-0.00390901044011116,0.0003,0.0003,0.12633739411830902
,,,,,905999,9473.516,1000,,,,,,,,,,
,,,,,906000,,,-882.573486328125,-5.961605072021484,5.409732818603516,881.494873046875,881.3179931640625,0.12562298774719238,0.04298833757638931,0.0003,0.0003,0.1256273239850998
,,,,,906999,9531.718,1000,,,,,,,,,,
,,,,,907000,,,-883.4968872070312,-6.119863510131836,7.6658477783203125,882.1111450195312,882.0950927734375,0.12521938979625702,-0.006705796346068382,0.0003,0.0003,0.12522338330745697
,,,,,907999,9640.761,1000,,,,,,,,,,
,,,,,908000,,,-874.960693359375,-5.592138290405273,7.790517330169678,873.2754516601562,872.8170166015625,0.12536169588565826,0.023513592779636383,0.0003,0.0003,0.12535777688026428
,,,,,908999,9732.26,1000,,,,,,,,,,
,,,,,909000,,,-870.5557250976562,-5.804542064666748,17.317243576049805,869.2727661132812,868.3617553710938,0.1253337860107422,0.05401109904050827,0.0003,0.0003,0.12533153593540192
,,,,,909999,6968.127,1000,,,,,,,,,,
9576.036,83.84779,9698.712,9387.206,1000.0,910000,,,-881.2271728515625,-5.456984519958496,5.963254451751709,879.6964111328125,879.689697265625,0.12495393306016922,0.028093356639146805,0.0003,0.0003,0.12495294213294983
,,,,,910999,9546.0,1000,,,,,,,,,,
,,,,,911000,,,-875.4724731445312,-5.926465034484863,4.295607566833496,873.9404296875,874.1536865234375,0.12413521856069565,0.015991970896720886,0.0003,0.0003,0.12413402646780014
,,,,,911999,9706.042,1000,,,,,,,,,,
,,,,,912000,,,-881.776611328125,-5.604520797729492,10.925806045532227,880.2171020507812,879.96728515625,0.12476196140050888,0.0645701214671135,0.0003,0.0003,0.1247510090470314
,,,,,912999,9413.304,1000,,,,,,,,,,
,,,,,913000,,,-875.7427978515625,-5.6512346267700195,6.441514015197754,874.1517333984375,874.1236572265625,0.12316575646400452,0.010833044536411762,0.0003,0.0003,0.1231619119644165
,,,,,913999,9503.045,1000,,,,,,,,,,
,,,,,914000,,,-872.891357421875,-6.182437419891357,5.627596378326416,871.52294921875,871.417236328125,0.1249646320939064,0.004605671390891075,0.0003,0.0003,0.12495989352464676
,,,,,914999,9427.099,1000,,,,,,,,,,
9540.088,41.877914,9597.144,9481.178,1000.0,915000,,,-878.2205200195312,-6.396409034729004,4.960736274719238,876.0244140625,876.2003784179688,0.12484970688819885,-0.05284583568572998,0.0003,0.0003,0.12484961748123169
,,,,,915999,9494.566,1000,,,,,,,,,,
,,,,,916000,,,-878.9125366210938,-6.012435436248779,24.369525909423828,877.5475463867188,876.7579345703125,0.12353839725255966,0.004600163549184799,0.0003,0.0003,0.12354022264480591
,,,,,916999,9725.881,1000,,,,,,,,,,
,,,,,917000,,,-874.3004150390625,-5.4610700607299805,5.51619291305542,872.8446655273438,872.3277587890625,0.12374360114336014,0.041202373802661896,0.0003,0.0003,0.12374445050954819
,,,,,917999,9529.569,1000,,,,,,,,,,
,,,,,918000,,,-877.011474609375,-5.539252281188965,5.632974147796631,875.4130859375,875.4947509765625,0.12330643832683563,0.05220598727464676,0.0003,0.0003,0.12330117076635361
,,,,,918999,9353.166,1000,,,,,,,,,,
,,,,,919000,,,-871.1552734375,-5.946584701538086,9.506166458129883,869.7227783203125,869.97607421875,0.12502345442771912,0.007518507540225983,0.0003,0.0003,0.12502002716064453
,,,,,919999,9500.366,1000,,,,,,,,,,
6330.3623,978.80896,7782.041,4658.2446,1000.0,920000,,,-886.1845092773438,-5.788456916809082,22.986675262451172,883.9862060546875,884.2579345703125,0.12510545551776886,-0.0018788129091262817,0.0003,0.0003,0.12510721385478973
,,,,,920999,9615.469,1000,,,,,,,,,,
,,,,,921000,,,-874.2323608398438,-5.910560607910156,5.497840881347656,872.28369140625,872.27783203125,0.1245885118842125,-0.0011240916792303324,0.0003,0.0003,0.12458416819572449
,,,,,921999,9623.3545,1000,,,,,,,,,,
,,,,,922000,,,-872.8086547851562,-6.286638259887695,6.5214104652404785,871.1380004882812,871.283447265625,0.1257762461900711,0.0026452215388417244,0.0003,0.0003,0.12577295303344727
,,,,,922999,9396.683,1000,,,,,,,,,,
,,,,,923000,,,-883.0338134765625,-5.499312400817871,4.859309196472168,882.0508422851562,881.8214111328125,0.1249120831489563,0.0749862790107727,0.0003,0.0003,0.12490025907754898
,,,,,923999,9531.66,1000,,,,,,,,,,
,,,,,924000,,,-877.1262817382812,-5.9528889656066895,6.893601417541504,875.5851440429688,875.760009765625,0.12435828149318695,-0.007708226330578327,0.0003,0.0003,0.12436067312955856
,,,,,924999,9515.175,1000,,,,,,,,,,
9514.064,92.38408,9705.819,9411.111,1000.0,925000,,,-875.9677124023438,-5.923477649688721,8.036630630493164,874.5137329101562,874.4716796875,0.12499389052391052,0.00766022689640522,0.0003,0.0003,0.12499093264341354
,,,,,925999,9632.11,1000,,,,,,,,,,
,,,,,926000,,,-878.6974487304688,-6.385406017303467,6.469466209411621,876.3922119140625,877.0601806640625,0.12476401031017303,-0.04744724556803703,0.0003,0.0003,0.12476591765880585
,,,,,926999,9591.846,1000,,,,,,,,,,
,,,,,927000,,,-885.0257568359375,-5.949986457824707,7.512689590454102,883.4735107421875,883.3927612304688,0.12549839913845062,0.023114783689379692,0.0003,0.0003,0.12550000846385956
,,,,,927999,9520.75,1000,,,,,,,,,,
,,,,,928000,,,-883.359619140625,-5.474111557006836,6.157742500305176,882.2333984375,882.04345703125,0.1241345927119255,0.050219085067510605,0.0003,0.0003,0.12413191050291061
,,,,,928999,9515.997,1000,,,,,,,,,,
,,,,,929000,,,-873.45361328125,-6.328951358795166,9.467153549194336,872.264404296875,871.541259765625,0.12510831654071808,-0.03934536874294281,0.0003,0.0003,0.12510986626148224
,,,,,929999,9655.187,1000,,,,,,,,,,
9659.321,102.19583,9823.046,9414.469,1000.0,930000,,,-879.2839965820312,-6.3683390617370605,7.923811435699463,878.06494140625,877.19580078125,0.1236639991402626,-0.014052864164113998,0.0003,0.0003,0.12366276234388351
,,,,,930999,9409.614,1000,,,,,,,,,,
,,,,,931000,,,-882.2625732421875,-6.029102802276611,11.114023208618164,880.6111450195312,880.862060546875,0.12415078282356262,-0.0668000727891922,0.0003,0.0003,0.12415081262588501
,,,,,931999,9568.033,1000,,,,,,,,,,
,,,,,932000,,,-881.5325317382812,-5.400112628936768,4.66285514831543,880.1270751953125,880.2433471679688,0.12539726495742798,0.030397938564419746,0.0003,0.0003,0.12539882957935333
,,,,,932999,9645.69,1000,,,,,,,,,,
,,,,,933000,,,-873.5513305664062,-5.822510719299316,5.540113925933838,871.6221923828125,871.8538818359375,0.12612982094287872,-0.0005643870681524277,0.0003,0.0003,0.1261318027973175
,,,,,933999,9263.518,1000,,,,,,,,,,
,,,,,934000,,,-882.07177734375,-6.012979030609131,7.435498237609863,880.556396484375,880.89453125,0.12549956142902374,-0.024143822491168976,0.0003,0.0003,0.12549950182437897
,,,,,934999,9697.285,1000,,,,,,,,,,
9593.989,41.494278,9667.83,9535.595,1000.0,935000,,,-881.417236328125,-5.7047624588012695,8.052215576171875,879.5115966796875,879.1866455078125,0.12539000809192657,0.035969264805316925,0.0003,0.0003,0.12538829445838928
,,,,,935999,9606.306,1000,,,,,,,,,,
,,,,,936000,,,-878.3245849609375,-5.853940963745117,8.393787384033203,876.757080078125,876.9048461914062,0.12535935640335083,0.00610522273927927,0.0003,0.0003,0.1253615766763687
,,,,,936999,9282.2295,1000,,,,,,,,,,
,,,,,937000,,,-884.404296875,-5.645593643188477,8.91195297241211,883.6763916015625,883.33544921875,0.12374510616064072,0.053226880729198456,0.0003,0.0003,0.12374287098646164
,,,,,937999,9427.814,1000,,,,,,,,,,
,,,,,938000,,,-877.9473876953125,-6.275137901306152,6.670342922210693,876.1573486328125,876.3723754882812,0.12395215034484863,-0.007297816686332226,0.0003,0.0003,0.12395250797271729
,,,,,938999,9598.522,1000,,,,,,,,,,
,,,,,939000,,,-886.8197021484375,-6.228893756866455,8.409337043762207,885.4613037109375,885.1187744140625,0.12395457923412323,-0.028271351009607315,0.0003,0.0003,0.12395384162664413
,,,,,939999,9737.425,1000,,,,,,,,,,
9589.166,91.97406,9744.222,9419.825,1000.0,940000,,,-885.8513793945312,-5.749964714050293,8.364248275756836,884.2003784179688,884.2953491210938,0.12310733646154404,-0.004439208656549454,0.0003,0.0003,0.12310691922903061
,,,,,940999,8293.849,1000,,,,,,,,,,
,,,,,941000,,,-890.919677734375,-5.9368438720703125,28.819984436035156,889.7911376953125,889.3955688476562,0.12289542704820633,0.017715107649564743,0.0003,0.0003,0.12289677560329437
,,,,,941999,9496.979,1000,,,,,,,,,,
,,,,,942000,,,-891.82080078125,-6.186814308166504,5.363801956176758,889.8060302734375,890.3602294921875,0.12419815361499786,-0.03759089112281799,0.0003,0.0003,0.1241997554898262
,,,,,942999,9647.633,1000,,,,,,,,,,
,,,,,943000,,,-879.1566162109375,-6.443449974060059,6.8482985496521,877.7552490234375,877.7382202148438,0.12637582421302795,-0.04689274728298187,0.0003,0.0003,0.12637974321842194
,,,,,943999,9769.972,1000,,,,,,,,,,
,,,,,944000,,,-875.9270629882812,-5.698403358459473,6.633453369140625,874.2926635742188,874.2981567382812,0.1264185905456543,0.04128969460725784,0.0003,0.0003,0.12641672790050507
,,,,,944999,9671.094,1000,,,,,,,,,,
9687.908,122.60176,9898.86,9424.837,1000.0,945000,,,-880.539794921875,-6.298586845397949,7.977641582489014,879.1965942382812,879.4521484375,0.12538979947566986,0.010014628991484642,0.0003,0.0003,0.12539230287075043
,,,,,945999,9734.807,1000,,,,,,,,,,
,,,,,946000,,,-895.0787353515625,-6.174976348876953,5.530932426452637,893.5866088867188,893.4864501953125,0.12528114020824432,-0.0058896662667393684,0.0003,0.0003,0.12528568506240845
,,,,,946999,9603.377,1000,,,,,,,,,,
,,,,,947000,,,-878.770751953125,-6.149735927581787,6.46798849105835,877.2371215820312,877.48291015625,0.12670227885246277,-0.016205400228500366,0.0003,0.0003,0.12670409679412842
,,,,,947999,9546.74,1000,,,,,,,,,,
,,,,,948000,,,-889.0613403320312,-6.133815765380859,6.228372097015381,887.2086791992188,887.2177124023438,0.12533727288246155,-0.015066131018102169,0.0003,0.0003,0.12533794343471527
,,,,,948999,9748.821,1000,,,,,,,,,,
,,,,,949000,,,-888.4026489257812,-5.736505031585693,7.409127235412598,886.5157470703125,886.46484375,0.12503111362457275,0.03206215798854828,0.0003,0.0003,0.12502779066562653
,,,,,949999,9670.241,1000,,,,,,,,,,
9599.797,486.28177,9815.094,8145.3306,1000.0,950000,,,-882.3194580078125,-6.018858909606934,6.897587299346924,881.1534423828125,881.2111206054688,0.12403818219900131,0.01437442284077406,0.0003,0.0003,0.12403972446918488
,,,,,950999,8895.748,1000,,,,,,,,,,
,,,,,951000,,,-894.3314819335938,-6.125213146209717,6.28720760345459,892.762451171875,893.188720703125,0.12305307388305664,0.00298532797023654,0.0003,0.0003,0.12306129187345505
,,,,,951999,9805.336,1000,,,,,,,,,,
,,,,,952000,,,-889.9180908203125,-5.982028007507324,6.8188371658325195,888.48486328125,888.3253784179688,0.12360174208879471,0.022453391924500465,0.0003,0.0003,0.12360083311796188
,,,,,952999,9715.912,1000,,,,,,,,,,
,,,,,953000,,,-885.5448608398438,-6.083978176116943,7.496088027954102,883.5923461914062,884.1656494140625,0.12460173666477203,-0.0314987488090992,0.0003,0.0003,0.1246023178100586
,,,,,953999,9480.61,1000,,,,,,,,,,
,,,,,954000,,,-889.3961791992188,-6.666062355041504,8.572610855102539,887.9833374023438,888.116455078125,0.1257380247116089,-0.03660019859671593,0.0003,0.0003,0.12574274837970734
,,,,,954999,9395.239,1000,,,,,,,,,,
9349.09,901.049,9755.464,6651.6514,1000.0,955000,,,-879.1264038085938,-6.442011833190918,8.127384185791016,877.184326171875,876.7645263671875,0.12493361532688141,-0.08075588941574097,0.0003,0.0003,0.1249423399567604
,,,,,955999,9679.6,1000,,,,,,,,,,
,,,,,956000,,,-891.1493530273438,-6.117301940917969,6.049790382385254,889.8048095703125,889.8824462890625,0.12451665103435516,0.003855329006910324,0.0003,0.0003,0.12451697885990143
,,,,,956999,9570.397,1000,,,,,,,,,,
,,,,,957000,,,-883.2147216796875,-6.746033668518066,6.890824794769287,881.864501953125,881.513427734375,0.12541678547859192,-0.0846424400806427,0.0003,0.0003,0.1254202276468277
,,,,,957999,9691.132,1000,,,,,,,,,,
,,,,,958000,,,-882.2514038085938,-6.1965227127075195,5.7752227783203125,880.9447631835938,880.7152099609375,0.12541383504867554,-0.03870932012796402,0.0003,0.0003,0.1254168599843979
,,,,,958999,9665.144,1000,,,,,,,,,,
,,,,,959000,,,-895.1427001953125,-5.810163497924805,5.583462715148926,893.37939453125,893.7719116210938,0.12479929625988007,-0.007555519230663776,0.0003,0.0003,0.12480191141366959
,,,,,959999,9787.851,1000,,,,,,,,,,
9650.686,41.74073,9713.62,9579.701,1000.0,960000,,,-883.3460083007812,-5.724527359008789,7.865574836730957,881.478515625,882.1651611328125,0.12419504672288895,0.004978761542588472,0.0003,0.0003,0.12419317662715912
,,,,,960999,9513.562,1000,,,,,,,,,,
,,,,,961000,,,-887.2606201171875,-5.582540512084961,5.5141143798828125,886.0986938476562,885.824462890625,0.12373354285955429,0.034595999866724014,0.0003,0.0003,0.12372975796461105
,,,,,961999,9613.926,1000,,,,,,,,,,
,,,,,962000,,,-876.9337158203125,-5.968109130859375,9.281339645385742,875.0502319335938,874.8477783203125,0.12466026842594147,-0.012836553156375885,0.0003,0.0003,0.1246592327952385
,,,,,962999,9693.9795,1000,,,,,,,,,,
,,,,,963000,,,-891.9761962890625,-6.1605305671691895,6.940779209136963,890.663818359375,890.7677001953125,0.12455619126558304,0.004438175354152918,0.0003,0.0003,0.12454927712678909
,,,,,963999,9777.705,1000,,,,,,,,,,
,,,,,964000,,,-892.3215942382812,-5.860346794128418,6.427790641784668,890.7147827148438,890.3836669921875,0.12395771592855453,0.031150734052062035,0.0003,0.0003,0.12395983189344406
,,,,,964999,9809.448,1000,,,,,,,,,,
9787.261,79.35283,9908.415,9629.276,1000.0,965000,,,-888.2770385742188,-6.324192523956299,4.95662260055542,886.3590698242188,886.5552978515625,0.12387480586767197,0.00596332922577858,0.0003,0.0003,0.12387386709451675
,,,,,965999,9704.201,1000,,,,,,,,,,
,,,,,966000,,,-896.9838256835938,-5.826921463012695,7.3689045906066895,896.0147094726562,896.2755126953125,0.12466936558485031,0.02682768926024437,0.0003,0.0003,0.1246713250875473
,,,,,966999,9677.5205,1000,,,,,,,,,,
,,,,,967000,,,-895.2630004882812,-6.272970199584961,8.311223983764648,893.4951171875,893.8681640625,0.12454108893871307,0.007190696895122528,0.0003,0.0003,0.12454366683959961
,,,,,967999,9698.835,1000,,,,,,,,,,
,,,,,968000,,,-890.2116088867188,-6.483867645263672,6.545773029327393,888.41748046875,888.2938232421875,0.12467542290687561,-0.01283496618270874,0.0003,0.0003,0.12467316538095474
,,,,,968999,9670.513,1000,,,,,,,,,,
,,,,,969000,,,-886.6011962890625,-6.446317672729492,8.8893404006958,884.9305419921875,885.252685546875,0.12480592727661133,-0.08155487477779388,0.0003,0.0003,0.12480402737855911
,,,,,969999,9785.795,1000,,,,,,,,,,
9712.826,46.514187,9757.75,9625.52,1000.0,970000,,,-892.516845703125,-5.651505470275879,7.71608304977417,890.9730224609375,891.1895751953125,0.12465429306030273,0.013528518378734589,0.0003,0.0003,0.12465191632509232
,,,,,970999,9802.058,1000,,,,,,,,,,
,,,,,971000,,,-899.6542358398438,-6.11092472076416,6.780358791351318,897.29150390625,897.77197265625,0.1253427118062973,-0.022224288433790207,0.0003,0.0003,0.12534475326538086
,,,,,971999,9725.465,1000,,,,,,,,,,
,,,,,972000,,,-890.1513671875,-6.19660758972168,8.745795249938965,888.7496948242188,888.2531127929688,0.12377090007066727,-0.008247226476669312,0.0003,0.0003,0.12376396358013153
,,,,,972999,9709.965,1000,,,,,,,,,,
,,,,,973000,,,-895.40283203125,-6.264286041259766,5.425013542175293,894.1426391601562,893.787841796875,0.1225767508149147,-0.0010795490816235542,0.0003,0.0003,0.12257564067840576
,,,,,973999,9675.084,1000,,,,,,,,,,
,,,,,974000,,,-895.8060302734375,-5.498590469360352,7.644006729125977,894.8262329101562,894.6719970703125,0.12504588067531586,0.02736416645348072,0.0003,0.0003,0.1250508576631546
,,,,,974999,9846.701,1000,,,,,,,,,,
9757.468,45.969612,9809.34,9670.909,1000.0,975000,,,-895.9393920898438,-6.043550491333008,8.462133407592773,894.2205810546875,894.7067260742188,0.12550024688243866,-0.013384856283664703,0.0003,0.0003,0.1254957914352417
,,,,,975999,9672.806,1000,,,,,,,,,,
,,,,,976000,,,-898.5938110351562,-6.624997615814209,5.7971272468566895,896.7780151367188,896.9710693359375,0.12579981982707977,-0.058185212314128876,0.0003,0.0003,0.12580028176307678
,,,,,976999,9749.335,1000,,,,,,,,,,
,,,,,977000,,,-892.3323364257812,-5.928174018859863,7.09111213684082,890.7764892578125,890.4359130859375,0.125538632273674,0.010204615071415901,0.0003,0.0003,0.125534787774086
,,,,,977999,9528.688,1000,,,,,,,,,,
,,,,,978000,,,-894.4265747070312,-5.757277011871338,3.975430965423584,892.9168090820312,892.689208984375,0.12651027739048004,0.04866112768650055,0.0003,0.0003,0.12651337683200836
,,,,,978999,9760.699,1000,,,,,,,,,,
,,,,,979000,,,-882.3997802734375,-6.080878257751465,6.063815116882324,880.72216796875,881.118896484375,0.12566639482975006,-0.0011623380705714226,0.0003,0.0003,0.12567324936389923
,,,,,979999,9612.749,1000,,,,,,,,,,
9668.834,67.41159,9777.481,9551.375,1000.0,980000,,,-897.6908569335938,-5.729290008544922,10.137654304504395,895.8297729492188,895.682373046875,0.12475481629371643,0.014007080346345901,0.0003,0.0003,0.1247541680932045
,,,,,980999,9385.051,1000,,,,,,,,,,
,,,,,981000,,,-886.4701538085938,-5.97224235534668,7.720505237579346,884.88330078125,885.2130126953125,0.12501907348632812,0.03355490416288376,0.0003,0.0003,0.12501782178878784
,,,,,981999,9807.67,1000,,,,,,,,,,
,,,,,982000,,,-881.2473754882812,-6.475388050079346,5.7194437980651855,879.5623779296875,879.5616455078125,0.12621590495109558,-0.03521876409649849,0.0003,0.0003,0.12622015178203583
,,,,,982999,9836.676,1000,,,,,,,,,,
,,,,,983000,,,-894.3685302734375,-5.818760871887207,6.973865509033203,892.9100952148438,892.0698852539062,0.12672676146030426,0.013132911175489426,0.0003,0.0003,0.12672759592533112
,,,,,983999,9832.391,1000,,,,,,,,,,
,,,,,984000,,,-892.3528442382812,-6.024445533752441,6.405331134796143,891.0059814453125,891.4520263671875,0.12615543603897095,-0.027490360662341118,0.0003,0.0003,0.12615829706192017
,,,,,984999,9833.929,1000,,,,,,,,,,
9626.53,252.6123,9829.873,8920.634,1000.0,985000,,,-885.627197265625,-6.140547275543213,8.308805465698242,884.1005249023438,883.8511962890625,0.12616632878780365,-0.02638927847146988,0.0003,0.0003,0.12616215646266937
,,,,,985999,9689.122,1000,,,,,,,,,,
,,,,,986000,,,-894.35302734375,-6.07727575302124,5.994105339050293,892.6220092773438,893.0001831054688,0.12626957893371582,-0.03342786431312561,0.0003,0.0003,0.12626954913139343
,,,,,986999,9666.773,1000,,,,,,,,,,
,,,,,987000,,,-883.8358154296875,-5.900186061859131,4.727221488952637,882.52294921875,882.4183349609375,0.1254199594259262,0.024986661970615387,0.0003,0.0003,0.12541909515857697
,,,,,987999,9752.8955,1000,,,,,,,,,,
,,,,,988000,,,-888.4428100585938,-5.8664703369140625,6.64003324508667,886.456298828125,886.5247192382812,0.12522774934768677,0.005632082931697369,0.0003,0.0003,0.12522614002227783
,,,,,988999,9664.978,1000,,,,,,,,,,
,,,,,989000,,,-887.4736938476562,-6.003574371337891,6.793342590332031,885.9512939453125,886.283447265625,0.12460227310657501,-0.043612461537122726,0.0003,0.0003,0.12460173666477203
,,,,,989999,9691.031,1000,,,,,,,,,,
9645.066,710.9761,10056.016,7524.8545,1000.0,990000,,,-891.8211059570312,-5.842527866363525,7.77610969543457,890.88037109375,890.715576171875,0.12372035533189774,-0.005707607604563236,0.0003,0.0003,0.12372203171253204
,,,,,990999,9789.392,1000,,,,,,,,,,
,,,,,991000,,,-893.8623657226562,-5.68637752532959,7.944409370422363,892.0632934570312,892.3463745117188,0.12443723529577255,0.014449953101575375,0.0003,0.0003,0.12443345785140991
,,,,,991999,9824.546,1000,,,,,,,,,,
,,,,,992000,,,-895.8524169921875,-5.794211387634277,10.748577117919922,893.9722900390625,893.9432373046875,0.12526433169841766,0.044104091823101044,0.0003,0.0003,0.12526026368141174
,,,,,992999,9616.0205,1000,,,,,,,,,,
,,,,,993000,,,-900.3529663085938,-5.866125106811523,6.433847427368164,898.5760498046875,898.8392333984375,0.12489570677280426,0.022495433688163757,0.0003,0.0003,0.124895378947258
,,,,,993999,9822.609,1000,,,,,,,,,,
,,,,,994000,,,-899.793701171875,-5.852456092834473,7.12188720703125,898.5872802734375,898.4140625,0.12466270476579666,0.05375087633728981,0.0003,0.0003,0.12465625256299973
,,,,,994999,9556.164,1000,,,,,,,,,,
9804.338,144.44783,9934.71,9455.494,1000.0,995000,,,-901.3550415039062,-6.265362739562988,6.135190010070801,899.4520263671875,899.6553344726562,0.1263916790485382,-0.006420452147722244,0.0003,0.0003,0.1263972520828247
,,,,,995999,9578.638,1000,,,,,,,,,,
,,,,,996000,,,-893.5702514648438,-5.93398380279541,7.143122673034668,891.8828125,892.0032348632812,0.12760533392429352,0.014041941612958908,0.0003,0.0003,0.12760764360427856
,,,,,996999,9839.99,1000,,,,,,,,,,
,,,,,997000,,,-895.0789794921875,-5.750417709350586,7.195351600646973,893.3273315429688,893.7826538085938,0.12600553035736084,0.028330577537417412,0.0003,0.0003,0.12600000202655792
,,,,,997999,9861.043,1000,,,,,,,,,,
,,,,,998000,,,-905.2279663085938,-5.689105033874512,7.01492166519165,903.8656005859375,903.93701171875,0.12599529325962067,0.00568237341940403,0.0003,0.0003,0.125996395945549
,,,,,998999,9860.875,1000,,,,,,,,,,
,,,,,999000,,,-900.51220703125,-5.655398368835449,6.8823747634887695,899.2525634765625,898.9573364257812,0.12706010043621063,0.0361674427986145,0.0003,0.0003,0.12705901265144348
,,,,,999999,9817.031,1000,,,,,,,,,,
