Eval_AverageReturn,Eval_StdReturn,Eval_MaxReturn,Eval_MinReturn,Eval_AverageEpLen,step,Train_EpisodeReturn,Train_EpisodeLen,actor_loss,entropy,critic_loss,q_values,target_values,actor_lr,critic_lr,temperature
-256.258,61.931995,-97.01061,-344.48853,1000.0,0,,,,,,,,,,
,,,,,999,-315.7917,1000,,,,,,,,
,,,,,1999,-345.31042,1000,,,,,,,,
,,,,,2999,-242.97891,1000,,,,,,,,
,,,,,3999,-155.50587,1000,,,,,,,,
,,,,,4999,-264.38278,1000,,,,,,,,
-204.06573,50.92186,-126.944565,-299.6753,1000.0,5000,,,,,,,,,,
,,,,,5999,-177.57953,1000,,,,,,,,
,,,,,6999,-188.34808,1000,,,,,,,,
,,,,,7999,-229.56842,1000,,,,,,,,
,,,,,8999,-122.93278,1000,,,,,,,,
,,,,,9999,-321.29938,1000,,,,,,,,
-258.1895,72.21673,-132.03127,-425.07343,1000.0,10000,,,-0.34709781408309937,3.7361373901367188,0.4673856794834137,-0.026309967041015625,0.012899491935968399,0.0003,0.0003,0.1
,,,,,10999,-202.87512,1000,,,,,,,,
,,,,,11000,,,-2.3649184703826904,2.5256807804107666,0.491264283657074,1.6636981964111328,1.6663057804107666,0.0003,0.0003,0.1
,,,,,11999,-237.60802,1000,,,,,,,,
,,,,,12000,,,-3.840693235397339,3.014554023742676,0.6303683519363403,3.3076117038726807,3.268735885620117,0.0003,0.0003,0.1
,,,,,12999,-284.76685,1000,,,,,,,,
,,,,,13000,,,-5.346020698547363,2.543877363204956,0.7819736003875732,4.671712398529053,4.624144554138184,0.0003,0.0003,0.1
,,,,,13999,-281.67114,1000,,,,,,,,
,,,,,14000,,,-7.695024490356445,2.1690707206726074,0.7196611762046814,6.980165481567383,6.995741844177246,0.0003,0.0003,0.1
,,,,,14999,-232.85934,1000,,,,,,,,
-211.5657,32.942707,-149.70743,-270.60953,1000.0,15000,,,-10.221842765808105,2.1312947273254395,0.5764576196670532,9.394251823425293,9.468838691711426,0.0003,0.0003,0.1
,,,,,15999,-168.70064,1000,,,,,,,,
,,,,,16000,,,-12.856356620788574,2.0386605262756348,0.5639113187789917,11.963934898376465,11.96523666381836,0.0003,0.0003,0.1
,,,,,16999,-168.44218,1000,,,,,,,,
,,,,,17000,,,-13.891715049743652,2.447479248046875,0.5439966917037964,13.138288497924805,13.001386642456055,0.0003,0.0003,0.1
,,,,,17999,-194.33226,1000,,,,,,,,
,,,,,18000,,,-15.881908416748047,2.1329259872436523,0.4457342326641083,15.039224624633789,14.931495666503906,0.0003,0.0003,0.1
,,,,,18999,-37.15994,1000,,,,,,,,
,,,,,19000,,,-17.803882598876953,2.0101749897003174,0.4698749780654907,16.982423782348633,16.98080062866211,0.0003,0.0003,0.1
,,,,,19999,75.546875,1000,,,,,,,,
222.75272,223.61324,686.4815,24.881907,1000.0,20000,,,-19.000598907470703,2.0361404418945312,0.5073840618133545,18.1654052734375,18.075849533081055,0.0003,0.0003,0.1
,,,,,20999,97.61012,1000,,,,,,,,
,,,,,21000,,,-21.989402770996094,1.63936185836792,0.4812667965888977,21.281963348388672,21.23653221130371,0.0003,0.0003,0.1
,,,,,21999,491.15054,1000,,,,,,,,
,,,,,22000,,,-24.286046981811523,1.7695521116256714,0.4845070242881775,23.342105865478516,23.437196731567383,0.0003,0.0003,0.1
,,,,,22999,706.7777,1000,,,,,,,,
,,,,,23000,,,-25.855247497558594,1.6898795366287231,0.5068901777267456,25.056594848632812,24.982101440429688,0.0003,0.0003,0.1
,,,,,23999,948.4476,1000,,,,,,,,
,,,,,24000,,,-29.092912673950195,1.25185227394104,0.5305005311965942,28.128137588500977,28.268722534179688,0.0003,0.0003,0.1
,,,,,24999,1025.0115,1000,,,,,,,,
1005.2655,59.298702,1088.6146,892.9464,1000.0,25000,,,-33.65309524536133,1.3632911443710327,0.5602617263793945,32.82197189331055,32.87818908691406,0.0003,0.0003,0.1
,,,,,25999,1150.9894,1000,,,,,,,,
,,,,,26000,,,-36.38360595703125,0.524132251739502,0.45589783787727356,35.39897918701172,35.415130615234375,0.0003,0.0003,0.1
,,,,,26999,1253.5472,1000,,,,,,,,
,,,,,27000,,,-39.41077423095703,0.7242000102996826,0.40473878383636475,38.334320068359375,38.42124938964844,0.0003,0.0003,0.1
,,,,,27999,1366.069,1000,,,,,,,,
,,,,,28000,,,-41.07487106323242,0.5792786478996277,0.4636381268501282,40.23807144165039,40.181724548339844,0.0003,0.0003,0.1
,,,,,28999,1183.8411,1000,,,,,,,,
,,,,,29000,,,-45.93567657470703,0.44572362303733826,0.47598278522491455,45.02505111694336,44.99224853515625,0.0003,0.0003,0.1
,,,,,29999,1549.8197,1000,,,,,,,,
1114.6935,439.7722,1748.4475,377.0161,1000.0,30000,,,-53.18980026245117,0.2183654010295868,0.510957658290863,52.151466369628906,52.21858215332031,0.0003,0.0003,0.1
,,,,,30999,1799.7908,1000,,,,,,,,
,,,,,31000,,,-55.04990768432617,0.14927907288074493,0.454801470041275,53.984962463378906,54.06298065185547,0.0003,0.0003,0.1
,,,,,31999,1726.4778,1000,,,,,,,,
,,,,,32000,,,-61.03388595581055,-0.15724778175354004,0.6605523824691772,59.97191619873047,59.95679473876953,0.0003,0.0003,0.1
,,,,,32999,1940.0004,1000,,,,,,,,
,,,,,33000,,,-65.04017639160156,-0.10163538157939911,0.671251654624939,63.983314514160156,63.952030181884766,0.0003,0.0003,0.1
,,,,,33999,745.79254,1000,,,,,,,,
,,,,,34000,,,-68.52536010742188,-0.4768695533275604,0.6980375051498413,67.50713348388672,67.42103576660156,0.0003,0.0003,0.1
,,,,,34999,2139.3562,1000,,,,,,,,
2059.7236,207.55536,2167.667,1442.5334,1000.0,35000,,,-72.39667510986328,-0.45604175329208374,0.8633219599723816,71.46116638183594,71.4281005859375,0.0003,0.0003,0.1
,,,,,35999,2232.242,1000,,,,,,,,
,,,,,36000,,,-78.091064453125,-0.6858730316162109,0.6386139392852783,76.89268493652344,77.02841186523438,0.0003,0.0003,0.1
,,,,,36999,2256.1523,1000,,,,,,,,
,,,,,37000,,,-81.68434143066406,-0.815406322479248,0.9255170822143555,80.62191772460938,80.71207427978516,0.0003,0.0003,0.1
,,,,,37999,2320.0532,1000,,,,,,,,
,,,,,38000,,,-87.57188415527344,-0.5648525953292847,0.8696895837783813,86.20632934570312,86.23748779296875,0.0003,0.0003,0.1
,,,,,38999,2416.217,1000,,,,,,,,
,,,,,39000,,,-96.97802734375,-1.1750764846801758,0.923332929611206,95.71839904785156,95.67598724365234,0.0003,0.0003,0.1
,,,,,39999,2396.6426,1000,,,,,,,,
2277.9897,567.141,2567.4778,580.8016,1000.0,40000,,,-96.5999984741211,-0.7127035856246948,0.6444814205169678,95.49351501464844,95.5477294921875,0.0003,0.0003,0.1
,,,,,40999,2426.462,1000,,,,,,,,
,,,,,41000,,,-102.2291030883789,-1.1185612678527832,2.265133857727051,101.07202911376953,101.13386535644531,0.0003,0.0003,0.1
,,,,,41999,2559.44,1000,,,,,,,,
,,,,,42000,,,-109.45255279541016,-1.4894373416900635,0.9690392017364502,108.46908569335938,108.31626892089844,0.0003,0.0003,0.1
,,,,,42999,2608.5515,1000,,,,,,,,
,,,,,43000,,,-109.50444793701172,-1.3959314823150635,0.7701238393783569,108.26177215576172,108.27576446533203,0.0003,0.0003,0.1
,,,,,43999,2561.8489,1000,,,,,,,,
,,,,,44000,,,-116.20032501220703,-1.5330990552902222,1.7288062572479248,114.70220947265625,114.72591400146484,0.0003,0.0003,0.1
,,,,,44999,2651.8513,1000,,,,,,,,
2651.5464,72.07206,2708.7761,2479.9817,1000.0,45000,,,-122.75609588623047,-2.0549890995025635,0.9497246146202087,121.46522521972656,121.23835754394531,0.0003,0.0003,0.1
,,,,,45999,230.46414,1000,,,,,,,,
,,,,,46000,,,-124.68036651611328,-1.0759146213531494,1.1685317754745483,123.59681701660156,123.61080932617188,0.0003,0.0003,0.1
,,,,,46999,2719.507,1000,,,,,,,,
,,,,,47000,,,-131.59722900390625,-1.4099185466766357,0.6946233510971069,130.71319580078125,130.7257080078125,0.0003,0.0003,0.1
,,,,,47999,2659.2312,1000,,,,,,,,
,,,,,48000,,,-137.19912719726562,-1.3449323177337646,0.7174559235572815,135.9632568359375,136.1175537109375,0.0003,0.0003,0.1
,,,,,48999,2714.0454,1000,,,,,,,,
,,,,,49000,,,-137.01039123535156,-1.2102562189102173,0.6808322668075562,135.8083038330078,135.90451049804688,0.0003,0.0003,0.1
,,,,,49999,2816.691,1000,,,,,,,,
2791.0442,293.67493,2943.0173,1917.7544,1000.0,50000,,,-140.6553955078125,-1.0693998336791992,0.8780505657196045,139.4320068359375,139.3521728515625,0.0003,0.0003,0.1
,,,,,50999,2877.575,1000,,,,,,,,
,,,,,51000,,,-144.87391662597656,-1.3118820190429688,1.1450605392456055,143.6818389892578,143.67799377441406,0.0003,0.0003,0.1
,,,,,51999,2801.5237,1000,,,,,,,,
,,,,,52000,,,-151.32748413085938,-1.362342357635498,1.0178015232086182,150.17738342285156,150.249755859375,0.0003,0.0003,0.1
,,,,,52999,2660.146,1000,,,,,,,,
,,,,,53000,,,-159.62893676757812,-1.280521273612976,0.766329288482666,158.48565673828125,158.41094970703125,0.0003,0.0003,0.1
,,,,,53999,1147.8481,1000,,,,,,,,
,,,,,54000,,,-159.9396514892578,-1.0412964820861816,0.898204505443573,158.6472625732422,158.60406494140625,0.0003,0.0003,0.1
,,,,,54999,2865.2878,1000,,,,,,,,
2402.859,790.24744,2938.1194,475.98746,1000.0,55000,,,-162.4962158203125,-1.655221700668335,1.136073350906372,161.0800018310547,161.008056640625,0.0003,0.0003,0.1
,,,,,55999,2927.5056,1000,,,,,,,,
,,,,,56000,,,-162.08290100097656,-1.4967436790466309,0.825788140296936,160.94903564453125,161.06214904785156,0.0003,0.0003,0.1
,,,,,56999,1949.1903,1000,,,,,,,,
,,,,,57000,,,-170.1897430419922,-0.915215790271759,0.9628417491912842,169.2131805419922,169.09671020507812,0.0003,0.0003,0.1
,,,,,57999,3019.3281,1000,,,,,,,,
,,,,,58000,,,-177.98313903808594,-1.7668111324310303,0.8235194087028503,176.97213745117188,176.93960571289062,0.0003,0.0003,0.1
,,,,,58999,2958.1023,1000,,,,,,,,
,,,,,59000,,,-178.60330200195312,-1.8312643766403198,1.5095345973968506,177.5054473876953,177.6793212890625,0.0003,0.0003,0.1
,,,,,59999,3038.0923,1000,,,,,,,,
2874.0112,408.46194,3088.055,1666.4135,1000.0,60000,,,-183.36810302734375,-1.6570115089416504,0.9869831800460815,182.22921752929688,182.2822265625,0.0003,0.0003,0.1
,,,,,60999,3001.2563,1000,,,,,,,,
,,,,,61000,,,-178.7191619873047,-1.4847716093063354,1.039827823638916,177.54075622558594,177.4409942626953,0.0003,0.0003,0.1
,,,,,61999,3007.3813,1000,,,,,,,,
,,,,,62000,,,-183.46864318847656,-1.481904149055481,1.0840991735458374,182.23403930664062,182.1156005859375,0.0003,0.0003,0.1
,,,,,62999,2982.4695,1000,,,,,,,,
,,,,,63000,,,-194.16822814941406,-2.029536247253418,1.9436653852462769,192.97457885742188,192.97128295898438,0.0003,0.0003,0.1
,,,,,63999,3041.0444,1000,,,,,,,,
,,,,,64000,,,-195.8201904296875,-2.109431743621826,1.0560460090637207,194.62042236328125,194.57040405273438,0.0003,0.0003,0.1
,,,,,64999,1661.0897,1000,,,,,,,,
2996.814,38.23327,3034.2866,2897.0305,1000.0,65000,,,-195.5819091796875,-2.6819190979003906,1.7765138149261475,194.37689208984375,194.33624267578125,0.0003,0.0003,0.1
,,,,,65999,3055.274,1000,,,,,,,,
,,,,,66000,,,-207.72984313964844,-1.9452629089355469,1.4270291328430176,206.1392822265625,206.1287841796875,0.0003,0.0003,0.1
,,,,,66999,3095.2334,1000,,,,,,,,
,,,,,67000,,,-213.8970489501953,-2.0320730209350586,2.421454906463623,212.58255004882812,212.58596801757812,0.0003,0.0003,0.1
,,,,,67999,3052.4001,1000,,,,,,,,
,,,,,68000,,,-208.7135772705078,-2.1820149421691895,1.191748857498169,207.552001953125,207.762939453125,0.0003,0.0003,0.1
,,,,,68999,3158.7087,1000,,,,,,,,
,,,,,69000,,,-219.59005737304688,-1.989100456237793,1.6994900703430176,218.21267700195312,218.15744018554688,0.0003,0.0003,0.1
,,,,,69999,3238.5046,1000,,,,,,,,
3205.293,29.174246,3244.4272,3134.7026,1000.0,70000,,,-225.39674377441406,-1.9740102291107178,1.3657863140106201,224.16888427734375,224.18939208984375,0.0003,0.0003,0.1
,,,,,70999,3166.6367,1000,,,,,,,,
,,,,,71000,,,-220.98292541503906,-1.9375507831573486,1.330559492111206,219.33116149902344,219.20448303222656,0.0003,0.0003,0.1
,,,,,71999,2452.4875,1000,,,,,,,,
,,,,,72000,,,-233.62051391601562,-1.9441293478012085,2.958604097366333,232.20748901367188,232.17587280273438,0.0003,0.0003,0.1
,,,,,72999,3195.951,1000,,,,,,,,
,,,,,73000,,,-234.44215393066406,-1.7749509811401367,1.8444342613220215,233.29898071289062,233.27090454101562,0.0003,0.0003,0.1
,,,,,73999,3249.122,1000,,,,,,,,
,,,,,74000,,,-235.4398193359375,-1.759312629699707,1.4453234672546387,234.031005859375,234.09417724609375,0.0003,0.0003,0.1
,,,,,74999,3298.2124,1000,,,,,,,,
3220.4895,35.50993,3282.3037,3172.524,1000.0,75000,,,-239.83367919921875,-1.7088212966918945,1.8691056966781616,238.58909606933594,238.7607421875,0.0003,0.0003,0.1
,,,,,75999,3264.2793,1000,,,,,,,,
,,,,,76000,,,-235.33070373535156,-1.8391472101211548,1.2315901517868042,234.01876831054688,234.00375366210938,0.0003,0.0003,0.1
,,,,,76999,3366.2766,1000,,,,,,,,
,,,,,77000,,,-242.51939392089844,-2.1799769401550293,1.3709089756011963,241.35693359375,241.49510192871094,0.0003,0.0003,0.1
,,,,,77999,3348.2937,1000,,,,,,,,
,,,,,78000,,,-248.6166229248047,-1.8577406406402588,1.0627429485321045,247.42459106445312,247.3405303955078,0.0003,0.0003,0.1
,,,,,78999,3386.4053,1000,,,,,,,,
,,,,,79000,,,-253.01734924316406,-2.1107230186462402,1.3560411930084229,251.60366821289062,251.5689697265625,0.0003,0.0003,0.1
,,,,,79999,3358.4363,1000,,,,,,,,
3461.0913,133.64699,3525.53,3066.8918,1000.0,80000,,,-249.03579711914062,-2.1810083389282227,1.1925216913223267,247.4449462890625,247.47265625,0.0003,0.0003,0.1
,,,,,80999,3418.1965,1000,,,,,,,,
,,,,,81000,,,-258.8055725097656,-1.9705276489257812,1.2175019979476929,257.5025634765625,257.684814453125,0.0003,0.0003,0.1
,,,,,81999,3486.652,1000,,,,,,,,
,,,,,82000,,,-259.2002868652344,-2.4240074157714844,1.1977744102478027,257.82354736328125,257.7550964355469,0.0003,0.0003,0.1
,,,,,82999,3510.0554,1000,,,,,,,,
,,,,,83000,,,-262.4126281738281,-2.5218029022216797,1.277751088142395,261.167236328125,261.21234130859375,0.0003,0.0003,0.1
,,,,,83999,21.510794,1000,,,,,,,,
,,,,,84000,,,-260.7274475097656,-1.9505059719085693,1.3000885248184204,259.62506103515625,259.6203918457031,0.0003,0.0003,0.1
,,,,,84999,2113.2556,1000,,,,,,,,
3385.2573,486.11252,3579.8567,1927.9193,1000.0,85000,,,-260.9269714355469,-1.951096773147583,1.6899163722991943,260.013916015625,260.0502014160156,0.0003,0.0003,0.1
,,,,,85999,3482.0925,1000,,,,,,,,
,,,,,86000,,,-267.43743896484375,-1.8732596635818481,0.8954050540924072,266.4052734375,266.61260986328125,0.0003,0.0003,0.1
,,,,,86999,3569.9548,1000,,,,,,,,
,,,,,87000,,,-263.9530029296875,-1.8522400856018066,1.2279722690582275,262.75067138671875,262.7657165527344,0.0003,0.0003,0.1
,,,,,87999,3573.6113,1000,,,,,,,,
,,,,,88000,,,-263.2488708496094,-1.6500999927520752,1.2913628816604614,262.3277282714844,262.58575439453125,0.0003,0.0003,0.1
,,,,,88999,3577.6624,1000,,,,,,,,
,,,,,89000,,,-268.84869384765625,-2.007500171661377,1.1891006231307983,267.52264404296875,267.69232177734375,0.0003,0.0003,0.1
,,,,,89999,3611.071,1000,,,,,,,,
3467.6726,270.94528,3627.9937,2662.154,1000.0,90000,,,-272.9631652832031,-2.05966854095459,1.7172613143920898,271.86212158203125,271.91064453125,0.0003,0.0003,0.1
,,,,,90999,3638.8909,1000,,,,,,,,
,,,,,91000,,,-273.5808410644531,-2.4226531982421875,3.463461399078369,272.015869140625,271.98175048828125,0.0003,0.0003,0.1
,,,,,91999,3696.5508,1000,,,,,,,,
,,,,,92000,,,-273.229248046875,-2.5943470001220703,1.7488348484039307,271.9246826171875,271.79388427734375,0.0003,0.0003,0.1
,,,,,92999,3582.894,1000,,,,,,,,
,,,,,93000,,,-280.2449035644531,-2.6427645683288574,1.322108507156372,278.9617919921875,278.8863525390625,0.0003,0.0003,0.1
,,,,,93999,3738.3396,1000,,,,,,,,
,,,,,94000,,,-284.692138671875,-2.4901113510131836,1.4247015714645386,283.4957275390625,283.5730895996094,0.0003,0.0003,0.1
,,,,,94999,3736.8423,1000,,,,,,,,
3714.849,27.228899,3755.892,3673.3376,1000.0,95000,,,-284.5833740234375,-2.465310573577881,1.5429542064666748,283.2037048339844,283.33099365234375,0.0003,0.0003,0.1
,,,,,95999,3766.7307,1000,,,,,,,,
,,,,,96000,,,-287.8703918457031,-2.5645651817321777,1.8811836242675781,286.489990234375,286.2937316894531,0.0003,0.0003,0.1
,,,,,96999,3809.7876,1000,,,,,,,,
,,,,,97000,,,-289.7616271972656,-2.633145809173584,1.4588319063186646,288.33624267578125,288.2374267578125,0.0003,0.0003,0.1
,,,,,97999,3874.657,1000,,,,,,,,
,,,,,98000,,,-296.73974609375,-2.1344993114471436,1.7443989515304565,295.46484375,295.4881896972656,0.0003,0.0003,0.1
,,,,,98999,3860.2927,1000,,,,,,,,
,,,,,99000,,,-293.25469970703125,-2.545156478881836,1.2520873546600342,291.96337890625,291.9366149902344,0.0003,0.0003,0.1
,,,,,99999,3852.4329,1000,,,,,,,,
3929.784,70.747475,3985.2974,3731.4487,1000.0,100000,,,-299.9087219238281,-2.624185085296631,1.2450751066207886,298.26312255859375,298.4099426269531,0.0003,0.0003,0.1
,,,,,100999,3863.5276,1000,,,,,,,,
,,,,,101000,,,-299.8278503417969,-2.6857752799987793,1.5500423908233643,298.50408935546875,298.3463134765625,0.0003,0.0003,0.1
,,,,,101999,3956.4788,1000,,,,,,,,
,,,,,102000,,,-303.9591064453125,-2.3152143955230713,1.2773828506469727,302.640869140625,302.56939697265625,0.0003,0.0003,0.1
,,,,,102999,3952.8157,1000,,,,,,,,
,,,,,103000,,,-304.9035949707031,-2.8557662963867188,1.1729121208190918,303.59136962890625,303.6133728027344,0.0003,0.0003,0.1
,,,,,103999,3903.906,1000,,,,,,,,
,,,,,104000,,,-308.5637512207031,-2.720322847366333,1.245295524597168,307.33477783203125,307.2781066894531,0.0003,0.0003,0.1
,,,,,104999,3993.51,1000,,,,,,,,
4032.5757,45.154182,4082.676,3940.4177,1000.0,105000,,,-312.0330810546875,-2.6846976280212402,1.2497321367263794,310.767333984375,310.69049072265625,0.0003,0.0003,0.1
,,,,,105999,3995.796,1000,,,,,,,,
,,,,,106000,,,-311.5923767089844,-2.7429909706115723,1.6427931785583496,310.2413635253906,310.2838439941406,0.0003,0.0003,0.1
,,,,,106999,3999.759,1000,,,,,,,,
,,,,,107000,,,-312.6230773925781,-2.729867935180664,1.375031590461731,311.1622314453125,311.19256591796875,0.0003,0.0003,0.1
,,,,,107999,4017.7207,1000,,,,,,,,
,,,,,108000,,,-322.0432434082031,-2.264064311981201,1.4068503379821777,320.82305908203125,320.71588134765625,0.0003,0.0003,0.1
,,,,,108999,4057.8872,1000,,,,,,,,
,,,,,109000,,,-317.6873474121094,-2.6784653663635254,1.637144923210144,316.29052734375,316.3213806152344,0.0003,0.0003,0.1
,,,,,109999,4118.416,1000,,,,,,,,
4120.859,43.699818,4202.9175,4063.2925,1000.0,110000,,,-320.3399963378906,-3.0471177101135254,1.158191204071045,319.152099609375,319.17578125,0.0003,0.0003,0.1
,,,,,110999,4088.335,1000,,,,,,,,
,,,,,111000,,,-323.6490783691406,-3.228728771209717,1.710456132888794,322.05877685546875,322.21234130859375,0.0003,0.0003,0.1
,,,,,111999,4151.74,1000,,,,,,,,
,,,,,112000,,,-325.63909912109375,-3.311089038848877,1.124462366104126,324.0042724609375,324.06463623046875,0.0003,0.0003,0.1
,,,,,112999,4181.106,1000,,,,,,,,
,,,,,113000,,,-331.9202880859375,-3.0823583602905273,1.1211977005004883,330.3922119140625,330.60302734375,0.0003,0.0003,0.1
,,,,,113999,4191.7314,1000,,,,,,,,
,,,,,114000,,,-332.8682861328125,-2.720815658569336,1.2232859134674072,331.37274169921875,331.34130859375,0.0003,0.0003,0.1
,,,,,114999,4227.392,1000,,,,,,,,
4222.84,29.917376,4274.3057,4153.446,1000.0,115000,,,-334.5292663574219,-2.7250211238861084,1.3326040506362915,333.2325439453125,333.38836669921875,0.0003,0.0003,0.1
,,,,,115999,4263.837,1000,,,,,,,,
,,,,,116000,,,-336.09375,-3.1804704666137695,1.3756418228149414,334.81365966796875,334.7535400390625,0.0003,0.0003,0.1
,,,,,116999,4209.673,1000,,,,,,,,
,,,,,117000,,,-341.59320068359375,-2.47680401802063,1.1197903156280518,340.3937683105469,340.5574035644531,0.0003,0.0003,0.1
,,,,,117999,4340.2617,1000,,,,,,,,
,,,,,118000,,,-342.8294677734375,-3.232910394668579,1.5351885557174683,341.5367736816406,341.5123291015625,0.0003,0.0003,0.1
,,,,,118999,4314.3823,1000,,,,,,,,
,,,,,119000,,,-343.17822265625,-3.398566484451294,1.3787769079208374,341.799560546875,341.6914978027344,0.0003,0.0003,0.1
,,,,,119999,4281.317,1000,,,,,,,,
4404.042,69.46144,4460.917,4204.4424,1000.0,120000,,,-341.26702880859375,-3.436864137649536,1.3198320865631104,339.56005859375,339.6754150390625,0.0003,0.0003,0.1
,,,,,120999,4386.4414,1000,,,,,,,,
,,,,,121000,,,-346.6408386230469,-3.3084802627563477,1.8354631662368774,345.208740234375,345.2257385253906,0.0003,0.0003,0.1
,,,,,121999,4355.2793,1000,,,,,,,,
,,,,,122000,,,-346.51507568359375,-3.290602207183838,1.5950303077697754,345.23797607421875,345.2668762207031,0.0003,0.0003,0.1
,,,,,122999,4365.96,1000,,,,,,,,
,,,,,123000,,,-354.060302734375,-3.0486650466918945,1.4534684419631958,352.66290283203125,352.60870361328125,0.0003,0.0003,0.1
,,,,,123999,4429.804,1000,,,,,,,,
,,,,,124000,,,-351.8634338378906,-3.0648727416992188,1.4633276462554932,350.2367248535156,350.3417663574219,0.0003,0.0003,0.1
,,,,,124999,4409.744,1000,,,,,,,,
4382.2837,38.61164,4446.835,4317.2856,1000.0,125000,,,-354.8183898925781,-3.0954155921936035,1.1554077863693237,353.4302978515625,353.43817138671875,0.0003,0.0003,0.1
,,,,,125999,4431.157,1000,,,,,,,,
,,,,,126000,,,-358.64886474609375,-3.3478264808654785,1.2366334199905396,357.2650146484375,357.25762939453125,0.0003,0.0003,0.1
,,,,,126999,4473.9414,1000,,,,,,,,
,,,,,127000,,,-358.71173095703125,-2.9336962699890137,1.3119374513626099,357.432861328125,357.2747802734375,0.0003,0.0003,0.1
,,,,,127999,4564.4165,1000,,,,,,,,
,,,,,128000,,,-358.6429748535156,-3.3928070068359375,1.3951069116592407,357.2998046875,357.146484375,0.0003,0.0003,0.1
,,,,,128999,4162.6577,1000,,,,,,,,
,,,,,129000,,,-361.972900390625,-3.8195271492004395,1.3913300037384033,360.6472473144531,360.732666015625,0.0003,0.0003,0.1
,,,,,129999,4488.608,1000,,,,,,,,
4511.9224,28.105043,4563.514,4465.4883,1000.0,130000,,,-370.6640930175781,-3.7416672706604004,1.4090200662612915,369.15216064453125,369.26971435546875,0.0003,0.0003,0.1
,,,,,130999,4488.927,1000,,,,,,,,
,,,,,131000,,,-372.4671325683594,-3.293267250061035,1.5376867055892944,371.174560546875,371.2621765136719,0.0003,0.0003,0.1
,,,,,131999,4437.741,1000,,,,,,,,
,,,,,132000,,,-369.9916076660156,-3.279221534729004,1.4852020740509033,368.68536376953125,368.6919250488281,0.0003,0.0003,0.1
,,,,,132999,4635.9053,1000,,,,,,,,
,,,,,133000,,,-369.92279052734375,-3.1767146587371826,1.3386800289154053,368.44927978515625,368.3033447265625,0.0003,0.0003,0.1
,,,,,133999,814.55316,1000,,,,,,,,
,,,,,134000,,,-368.0315246582031,-2.897587776184082,2.3797712326049805,366.63775634765625,366.6209716796875,0.0003,0.0003,0.1
,,,,,134999,4557.599,1000,,,,,,,,
4470.624,42.308018,4554.4404,4403.801,1000.0,135000,,,-375.8910217285156,-3.266134262084961,1.4549825191497803,374.5135498046875,374.70989990234375,0.0003,0.0003,0.1
,,,,,135999,2453.684,1000,,,,,,,,
,,,,,136000,,,-374.4769287109375,-2.909750461578369,1.973184585571289,373.20513916015625,373.47088623046875,0.0003,0.0003,0.1
,,,,,136999,4513.624,1000,,,,,,,,
,,,,,137000,,,-378.52642822265625,-3.229659080505371,1.418623685836792,377.4105224609375,377.3975524902344,0.0003,0.0003,0.1
,,,,,137999,4584.426,1000,,,,,,,,
,,,,,138000,,,-374.38812255859375,-3.015817165374756,1.8655858039855957,373.4034729003906,373.2355651855469,0.0003,0.0003,0.1
,,,,,138999,4494.832,1000,,,,,,,,
,,,,,139000,,,-374.6224670410156,-2.9787404537200928,1.2047303915023804,373.7630615234375,373.6582946777344,0.0003,0.0003,0.1
,,,,,139999,4556.487,1000,,,,,,,,
4557.8604,29.016817,4602.9214,4493.486,1000.0,140000,,,-382.49493408203125,-3.1241915225982666,1.5012116432189941,381.2337646484375,381.399169921875,0.0003,0.0003,0.1
,,,,,140999,4565.423,1000,,,,,,,,
,,,,,141000,,,-378.01495361328125,-3.148886203765869,2.026838779449463,376.7521667480469,376.91888427734375,0.0003,0.0003,0.1
,,,,,141999,4595.177,1000,,,,,,,,
,,,,,142000,,,-369.89556884765625,-3.287264823913574,3.193342685699463,368.23956298828125,368.22882080078125,0.0003,0.0003,0.1
,,,,,142999,4590.763,1000,,,,,,,,
,,,,,143000,,,-382.2477111816406,-3.104780673980713,1.8974450826644897,380.8544921875,380.72052001953125,0.0003,0.0003,0.1
,,,,,143999,4632.997,1000,,,,,,,,
,,,,,144000,,,-384.4915771484375,-3.7487950325012207,1.5868792533874512,382.8467712402344,382.8802795410156,0.0003,0.0003,0.1
,,,,,144999,4701.746,1000,,,,,,,,
4669.461,39.87789,4751.782,4617.3193,1000.0,145000,,,-383.3060302734375,-3.479104995727539,2.2054173946380615,381.9370422363281,381.61700439453125,0.0003,0.0003,0.1
,,,,,145999,4702.338,1000,,,,,,,,
,,,,,146000,,,-386.3035583496094,-3.321002244949341,1.820751667022705,384.609375,384.5776062011719,0.0003,0.0003,0.1
,,,,,146999,4652.143,1000,,,,,,,,
,,,,,147000,,,-392.4619140625,-3.8733625411987305,1.969847321510315,391.17181396484375,391.13134765625,0.0003,0.0003,0.1
,,,,,147999,4689.3184,1000,,,,,,,,
,,,,,148000,,,-390.8379211425781,-3.504652976989746,3.179309844970703,389.2194519042969,389.24908447265625,0.0003,0.0003,0.1
,,,,,148999,4673.908,1000,,,,,,,,
,,,,,149000,,,-398.8710632324219,-3.7211039066314697,1.8027336597442627,397.7560119628906,397.6630859375,0.0003,0.0003,0.1
,,,,,149999,4712.5303,1000,,,,,,,,
4814.2593,65.43914,4938.8853,4677.1323,1000.0,150000,,,-399.9891052246094,-3.50201416015625,1.7002534866333008,398.5094299316406,398.61468505859375,0.0003,0.0003,0.1
,,,,,150999,4753.228,1000,,,,,,,,
,,,,,151000,,,-394.9056701660156,-3.484769821166992,1.7585961818695068,393.0091552734375,393.00311279296875,0.0003,0.0003,0.1
,,,,,151999,4512.09,1000,,,,,,,,
,,,,,152000,,,-404.0537414550781,-3.4392995834350586,1.4764447212219238,402.9332275390625,402.92034912109375,0.0003,0.0003,0.1
,,,,,152999,4770.4785,1000,,,,,,,,
,,,,,153000,,,-400.76690673828125,-4.066747188568115,2.1614203453063965,399.5181884765625,399.57452392578125,0.0003,0.0003,0.1
,,,,,153999,4814.919,1000,,,,,,,,
,,,,,154000,,,-398.84454345703125,-3.953185796737671,2.3624801635742188,397.23443603515625,397.68212890625,0.0003,0.0003,0.1
,,,,,154999,4766.7095,1000,,,,,,,,
4686.818,90.227745,4794.0024,4522.14,1000.0,155000,,,-403.88714599609375,-3.903209924697876,2.2544105052948,402.4739074707031,402.344482421875,0.0003,0.0003,0.1
,,,,,155999,4849.3086,1000,,,,,,,,
,,,,,156000,,,-408.8358154296875,-3.6791582107543945,1.7170926332473755,407.35784912109375,407.5547790527344,0.0003,0.0003,0.1
,,,,,156999,4826.293,1000,,,,,,,,
,,,,,157000,,,-410.0428161621094,-3.53629732131958,1.7482784986495972,408.6700439453125,408.83355712890625,0.0003,0.0003,0.1
,,,,,157999,4581.3027,1000,,,,,,,,
,,,,,158000,,,-413.3645935058594,-3.4877004623413086,2.406294584274292,412.0701599121094,412.1251220703125,0.0003,0.0003,0.1
,,,,,158999,4755.9253,1000,,,,,,,,
,,,,,159000,,,-418.5194091796875,-3.637143135070801,1.625121831893921,416.9427795410156,417.05755615234375,0.0003,0.0003,0.1
,,,,,159999,4814.261,1000,,,,,,,,
4823.3604,37.15829,4866.7866,4750.513,1000.0,160000,,,-413.8349914550781,-3.615443229675293,1.7912864685058594,412.58056640625,412.75927734375,0.0003,0.0003,0.1
,,,,,160999,4930.198,1000,,,,,,,,
,,,,,161000,,,-415.5450744628906,-3.3611459732055664,1.9587137699127197,414.01556396484375,413.8352966308594,0.0003,0.0003,0.1
,,,,,161999,4911.9385,1000,,,,,,,,
,,,,,162000,,,-418.8747253417969,-3.5960893630981445,1.8136773109436035,417.462646484375,417.5617370605469,0.0003,0.0003,0.1
,,,,,162999,4949.57,1000,,,,,,,,
,,,,,163000,,,-418.3772888183594,-3.380948066711426,2.243040084838867,416.5169372558594,416.68115234375,0.0003,0.0003,0.1
,,,,,163999,5002.5425,1000,,,,,,,,
,,,,,164000,,,-419.52288818359375,-3.801874876022339,1.5077238082885742,418.1620788574219,417.9264831542969,0.0003,0.0003,0.1
,,,,,164999,4998.9414,1000,,,,,,,,
5015.866,27.201187,5066.3506,4965.4346,1000.0,165000,,,-423.2203369140625,-4.015422821044922,2.091517925262451,421.7562255859375,421.56121826171875,0.0003,0.0003,0.1
,,,,,165999,4967.8228,1000,,,,,,,,
,,,,,166000,,,-414.94500732421875,-3.730630397796631,1.7019684314727783,413.4390869140625,413.539794921875,0.0003,0.0003,0.1
,,,,,166999,4950.462,1000,,,,,,,,
,,,,,167000,,,-427.4928283691406,-3.4248316287994385,2.3094940185546875,425.97509765625,425.98773193359375,0.0003,0.0003,0.1
,,,,,167999,5057.3804,1000,,,,,,,,
,,,,,168000,,,-422.9950866699219,-3.9074738025665283,2.158198356628418,421.34637451171875,421.5831604003906,0.0003,0.0003,0.1
,,,,,168999,5046.73,1000,,,,,,,,
,,,,,169000,,,-432.37811279296875,-3.827423095703125,1.6381406784057617,431.04656982421875,431.036865234375,0.0003,0.0003,0.1
,,,,,169999,4972.485,1000,,,,,,,,
4868.396,265.56155,5075.0254,4112.9697,1000.0,170000,,,-428.1059265136719,-3.3652548789978027,1.6592518091201782,426.88427734375,426.91424560546875,0.0003,0.0003,0.1
,,,,,170999,5051.698,1000,,,,,,,,
,,,,,171000,,,-428.2823181152344,-3.927839756011963,1.9336533546447754,426.735107421875,426.77398681640625,0.0003,0.0003,0.1
,,,,,171999,5184.056,1000,,,,,,,,
,,,,,172000,,,-425.5011901855469,-3.508114814758301,1.6752994060516357,424.1727600097656,424.05340576171875,0.0003,0.0003,0.1
,,,,,172999,5139.1333,1000,,,,,,,,
,,,,,173000,,,-435.1903381347656,-3.9055986404418945,1.8416919708251953,433.6684875488281,433.9218444824219,0.0003,0.0003,0.1
,,,,,173999,5098.9673,1000,,,,,,,,
,,,,,174000,,,-433.1559143066406,-3.578080892562866,1.4669721126556396,431.5767517089844,431.64105224609375,0.0003,0.0003,0.1
,,,,,174999,5107.041,1000,,,,,,,,
5206.0557,48.04325,5257.882,5110.0894,1000.0,175000,,,-437.6573486328125,-3.9178032875061035,2.270578384399414,436.2601013183594,436.3627624511719,0.0003,0.0003,0.1
,,,,,175999,5107.9126,1000,,,,,,,,
,,,,,176000,,,-433.3874816894531,-3.9315385818481445,2.140151023864746,431.85302734375,431.728271484375,0.0003,0.0003,0.1
,,,,,176999,5270.363,1000,,,,,,,,
,,,,,177000,,,-439.80206298828125,-4.500788688659668,2.413085460662842,438.43402099609375,438.06689453125,0.0003,0.0003,0.1
,,,,,177999,5076.3833,1000,,,,,,,,
,,,,,178000,,,-442.4459533691406,-4.06757926940918,1.5371246337890625,441.326416015625,441.2654113769531,0.0003,0.0003,0.1
,,,,,178999,5195.879,1000,,,,,,,,
,,,,,179000,,,-446.75518798828125,-4.268074989318848,1.7546296119689941,445.37567138671875,445.2962646484375,0.0003,0.0003,0.1
,,,,,179999,5305.518,1000,,,,,,,,
5043.573,427.07242,5328.516,3782.9922,1000.0,180000,,,-440.9185791015625,-3.9049930572509766,2.343512773513794,439.3688659667969,439.44244384765625,0.0003,0.0003,0.1
,,,,,180999,5287.5854,1000,,,,,,,,
,,,,,181000,,,-437.4839782714844,-3.9509992599487305,1.6753199100494385,435.4977722167969,435.6236572265625,0.0003,0.0003,0.1
,,,,,181999,5303.319,1000,,,,,,,,
,,,,,182000,,,-446.9408264160156,-4.051746368408203,1.7062275409698486,445.35467529296875,445.17047119140625,0.0003,0.0003,0.1
,,,,,182999,5350.447,1000,,,,,,,,
,,,,,183000,,,-446.4281311035156,-3.834298610687256,1.721665620803833,444.88128662109375,444.90252685546875,0.0003,0.0003,0.1
,,,,,183999,5362.2666,1000,,,,,,,,
,,,,,184000,,,-447.4918518066406,-4.156255722045898,1.7141140699386597,445.9134521484375,446.15118408203125,0.0003,0.0003,0.1
,,,,,184999,3908.329,1000,,,,,,,,
5369.7866,54.32855,5473.379,5278.0176,1000.0,185000,,,-452.0247497558594,-3.924220085144043,2.1724822521209717,450.61785888671875,450.4921875,0.0003,0.0003,0.1
,,,,,185999,5272.907,1000,,,,,,,,
,,,,,186000,,,-451.4698181152344,-4.069528579711914,2.2256736755371094,450.24957275390625,450.23553466796875,0.0003,0.0003,0.1
,,,,,186999,4694.6167,1000,,,,,,,,
,,,,,187000,,,-451.27764892578125,-3.763427734375,2.413872480392456,449.6130676269531,449.5514221191406,0.0003,0.0003,0.1
,,,,,187999,5316.9355,1000,,,,,,,,
,,,,,188000,,,-458.4587707519531,-4.129185676574707,2.9290082454681396,457.1893310546875,456.86688232421875,0.0003,0.0003,0.1
,,,,,188999,5400.603,1000,,,,,,,,
,,,,,189000,,,-456.5484619140625,-4.049060821533203,2.5620789527893066,454.7987976074219,454.71722412109375,0.0003,0.0003,0.1
,,,,,189999,5359.1807,1000,,,,,,,,
4680.3867,666.9201,5340.197,3719.046,1000.0,190000,,,-451.7291564941406,-4.061108589172363,2.3814854621887207,450.29437255859375,450.0865173339844,0.0003,0.0003,0.1
,,,,,190999,5315.6997,1000,,,,,,,,
,,,,,191000,,,-458.2139892578125,-3.6363167762756348,1.8919110298156738,457.06573486328125,457.1664733886719,0.0003,0.0003,0.1
,,,,,191999,5481.111,1000,,,,,,,,
,,,,,192000,,,-458.5192565917969,-3.8575692176818848,2.197439432144165,457.0422058105469,457.13739013671875,0.0003,0.0003,0.1
,,,,,192999,5483.377,1000,,,,,,,,
,,,,,193000,,,-460.4058532714844,-3.9617812633514404,1.671151876449585,459.1352233886719,459.16162109375,0.0003,0.0003,0.1
,,,,,193999,5513.168,1000,,,,,,,,
,,,,,194000,,,-462.3651123046875,-4.723176002502441,1.6163713932037354,460.7875671386719,460.7441101074219,0.0003,0.0003,0.1
,,,,,194999,5513.518,1000,,,,,,,,
5521.8853,78.44055,5607.15,5348.3857,1000.0,195000,,,-469.48150634765625,-4.155023574829102,2.252072334289551,468.1310729980469,468.4284973144531,0.0003,0.0003,0.1
,,,,,195999,5598.5093,1000,,,,,,,,
,,,,,196000,,,-458.0622253417969,-3.763516902923584,2.236086368560791,456.8885498046875,456.6845703125,0.0003,0.0003,0.1
,,,,,196999,5270.5,1000,,,,,,,,
,,,,,197000,,,-465.5000305175781,-3.875330924987793,2.0487992763519287,463.88470458984375,464.12762451171875,0.0003,0.0003,0.1
,,,,,197999,5566.5703,1000,,,,,,,,
,,,,,198000,,,-465.93914794921875,-3.9876646995544434,1.873929738998413,464.3692626953125,464.66680908203125,0.0003,0.0003,0.1
,,,,,198999,4334.624,1000,,,,,,,,
,,,,,199000,,,-465.0292663574219,-4.029242515563965,2.441495895385742,463.44952392578125,463.2073974609375,0.0003,0.0003,0.1
,,,,,199999,5590.1816,1000,,,,,,,,
5601.6577,55.89462,5680.4316,5469.234,1000.0,200000,,,-472.17706298828125,-4.272887229919434,3.0630738735198975,470.50738525390625,470.38623046875,0.0003,0.0003,0.1
,,,,,200999,5585.8794,1000,,,,,,,,
,,,,,201000,,,-469.54302978515625,-4.3909525871276855,2.790708065032959,468.05169677734375,467.9634704589844,0.0003,0.0003,0.1
,,,,,201999,5321.115,1000,,,,,,,,
,,,,,202000,,,-470.2348327636719,-5.062840461730957,2.8875155448913574,468.1324157714844,468.5494384765625,0.0003,0.0003,0.1
,,,,,202999,4164.83,1000,,,,,,,,
,,,,,203000,,,-472.40350341796875,-4.517712593078613,2.215208053588867,470.84613037109375,470.8505859375,0.0003,0.0003,0.1
,,,,,203999,5695.1074,1000,,,,,,,,
,,,,,204000,,,-468.5492858886719,-4.1990966796875,2.850445508956909,466.99114990234375,467.033447265625,0.0003,0.0003,0.1
,,,,,204999,5711.393,1000,,,,,,,,
5566.293,236.63138,5710.367,4866.764,1000.0,205000,,,-482.2381896972656,-4.163468837738037,2.8637478351593018,480.9578857421875,481.1904296875,0.0003,0.0003,0.1
,,,,,205999,5469.497,1000,,,,,,,,
,,,,,206000,,,-476.6524658203125,-4.282317638397217,2.7654640674591064,475.01373291015625,475.20159912109375,0.0003,0.0003,0.1
,,,,,206999,5699.12,1000,,,,,,,,
,,,,,207000,,,-482.9118957519531,-4.147596836090088,4.144351959228516,481.44940185546875,481.32940673828125,0.0003,0.0003,0.1
,,,,,207999,5379.782,1000,,,,,,,,
,,,,,208000,,,-479.4710388183594,-3.8011512756347656,2.039234161376953,477.95953369140625,477.9353942871094,0.0003,0.0003,0.1
,,,,,208999,5647.0503,1000,,,,,,,,
,,,,,209000,,,-480.23248291015625,-4.505021572113037,3.0283961296081543,478.7019348144531,478.8026123046875,0.0003,0.0003,0.1
,,,,,209999,5694.6924,1000,,,,,,,,
5410.304,47.12922,5491.53,5318.7207,1000.0,210000,,,-489.6061096191406,-4.58488655090332,2.8748722076416016,488.35382080078125,488.25390625,0.0003,0.0003,0.1
,,,,,210999,5660.472,1000,,,,,,,,
,,,,,211000,,,-486.99444580078125,-4.658775329589844,2.8775336742401123,485.18817138671875,485.2716064453125,0.0003,0.0003,0.1
,,,,,211999,5712.3906,1000,,,,,,,,
,,,,,212000,,,-480.634521484375,-4.308009624481201,2.0031495094299316,478.84014892578125,479.1563720703125,0.0003,0.0003,0.1
,,,,,212999,5221.1655,1000,,,,,,,,
,,,,,213000,,,-486.2757568359375,-4.623591423034668,2.8191428184509277,484.8294982910156,484.8345947265625,0.0003,0.0003,0.1
,,,,,213999,5764.7534,1000,,,,,,,,
,,,,,214000,,,-493.9898376464844,-4.545077323913574,2.852633476257324,492.4775390625,492.4037780761719,0.0003,0.0003,0.1
,,,,,214999,5785.947,1000,,,,,,,,
5003.95,1423.465,5792.56,910.9306,1000.0,215000,,,-489.92181396484375,-4.355976104736328,2.3965303897857666,488.1612548828125,487.96630859375,0.0003,0.0003,0.1
,,,,,215999,5747.701,1000,,,,,,,,
,,,,,216000,,,-494.43603515625,-4.652557373046875,2.578463315963745,492.89605712890625,493.07171630859375,0.0003,0.0003,0.1
,,,,,216999,5719.3916,1000,,,,,,,,
,,,,,217000,,,-489.4655456542969,-4.004258155822754,2.6401619911193848,487.669921875,487.7957458496094,0.0003,0.0003,0.1
,,,,,217999,5369.0293,1000,,,,,,,,
,,,,,218000,,,-495.0079345703125,-4.4236860275268555,2.19706392288208,493.29779052734375,493.5378112792969,0.0003,0.0003,0.1
,,,,,218999,5752.986,1000,,,,,,,,
,,,,,219000,,,-500.4307556152344,-4.296538352966309,2.851491928100586,498.6915283203125,498.264404296875,0.0003,0.0003,0.1
,,,,,219999,4539.809,1000,,,,,,,,
5830.504,112.356964,5989.832,5654.733,1000.0,220000,,,-496.1468200683594,-4.607344627380371,2.630711317062378,494.63677978515625,494.61505126953125,0.0003,0.0003,0.1
,,,,,220999,5943.659,1000,,,,,,,,
,,,,,221000,,,-498.00927734375,-4.083551406860352,2.1746461391448975,496.6722412109375,496.7652587890625,0.0003,0.0003,0.1
,,,,,221999,5892.2603,1000,,,,,,,,
,,,,,222000,,,-502.8818359375,-4.1857733726501465,1.949515461921692,501.2545166015625,501.387451171875,0.0003,0.0003,0.1
,,,,,222999,5762.768,1000,,,,,,,,
,,,,,223000,,,-506.62689208984375,-4.508705139160156,3.067673921585083,505.30560302734375,505.25689697265625,0.0003,0.0003,0.1
,,,,,223999,5911.707,1000,,,,,,,,
,,,,,224000,,,-501.3337707519531,-4.223807334899902,2.06150484085083,499.8385009765625,499.61474609375,0.0003,0.0003,0.1
,,,,,224999,5866.4307,1000,,,,,,,,
5977.683,90.368385,6074.6963,5732.8433,1000.0,225000,,,-502.39801025390625,-4.294318199157715,2.577223777770996,500.8997802734375,500.7913513183594,0.0003,0.0003,0.1
,,,,,225999,5880.811,1000,,,,,,,,
,,,,,226000,,,-508.0958251953125,-4.238399982452393,2.178989887237549,506.63128662109375,506.6158447265625,0.0003,0.0003,0.1
,,,,,226999,3932.519,1000,,,,,,,,
,,,,,227000,,,-509.41583251953125,-4.868523597717285,2.21860408782959,507.75909423828125,507.8477478027344,0.0003,0.0003,0.1
,,,,,227999,5280.4473,1000,,,,,,,,
,,,,,228000,,,-510.6950378417969,-4.384355545043945,2.141531467437744,509.1513671875,509.21197509765625,0.0003,0.0003,0.1
,,,,,228999,5122.359,1000,,,,,,,,
,,,,,229000,,,-515.7820434570312,-4.546969413757324,2.9552464485168457,513.9931030273438,513.9616088867188,0.0003,0.0003,0.1
,,,,,229999,4985.421,1000,,,,,,,,
5840.982,520.11304,6089.82,4304.799,1000.0,230000,,,-506.1601257324219,-4.456491947174072,2.4559943675994873,505.0210266113281,504.83770751953125,0.0003,0.0003,0.1
,,,,,230999,5975.156,1000,,,,,,,,
,,,,,231000,,,-512.7313842773438,-4.522106170654297,3.0380518436431885,511.2158508300781,511.09368896484375,0.0003,0.0003,0.1
,,,,,231999,5916.638,1000,,,,,,,,
,,,,,232000,,,-514.5205078125,-4.362548828125,3.4985554218292236,513.0428466796875,512.7247314453125,0.0003,0.0003,0.1
,,,,,232999,5868.8086,1000,,,,,,,,
,,,,,233000,,,-512.3833618164062,-4.6157684326171875,2.78878116607666,510.7757568359375,510.83758544921875,0.0003,0.0003,0.1
,,,,,233999,5946.7314,1000,,,,,,,,
,,,,,234000,,,-524.1446533203125,-4.61860466003418,2.794524669647217,522.7027587890625,522.6806640625,0.0003,0.0003,0.1
,,,,,234999,6015.278,1000,,,,,,,,
6047.693,62.92972,6118.5093,5878.045,1000.0,235000,,,-512.860595703125,-4.583938121795654,2.2477030754089355,511.49835205078125,511.22479248046875,0.0003,0.0003,0.1
,,,,,235999,5991.186,1000,,,,,,,,
,,,,,236000,,,-518.3851318359375,-4.660414695739746,3.664543390274048,516.6892700195312,516.893798828125,0.0003,0.0003,0.1
,,,,,236999,5946.3677,1000,,,,,,,,
,,,,,237000,,,-520.8915405273438,-4.890643119812012,3.224212169647217,519.1094970703125,519.2601318359375,0.0003,0.0003,0.1
,,,,,237999,6025.2466,1000,,,,,,,,
,,,,,238000,,,-519.9390869140625,-4.463920593261719,2.633310317993164,517.9180908203125,518.17578125,0.0003,0.0003,0.1
,,,,,238999,5892.4736,1000,,,,,,,,
,,,,,239000,,,-519.110107421875,-4.07682991027832,3.113774538040161,517.6326293945312,517.1177978515625,0.0003,0.0003,0.1
,,,,,239999,6094.8794,1000,,,,,,,,
4871.8486,1722.9791,6057.4917,293.78983,1000.0,240000,,,-516.4878540039062,-5.062870979309082,3.2054948806762695,514.746337890625,514.8348388671875,0.0003,0.0003,0.1
,,,,,240999,5784.26,1000,,,,,,,,
,,,,,241000,,,-529.521484375,-4.204409599304199,3.5156893730163574,528.0713500976562,527.8784790039062,0.0003,0.0003,0.1
,,,,,241999,5883.776,1000,,,,,,,,
,,,,,242000,,,-528.096435546875,-4.553329944610596,2.993342161178589,526.6422119140625,526.9859619140625,0.0003,0.0003,0.1
,,,,,242999,6077.088,1000,,,,,,,,
,,,,,243000,,,-532.9423828125,-4.672098159790039,3.1974899768829346,531.427978515625,531.7156982421875,0.0003,0.0003,0.1
,,,,,243999,4927.6855,1000,,,,,,,,
,,,,,244000,,,-529.219482421875,-4.779196739196777,4.196298599243164,527.5252685546875,527.2611083984375,0.0003,0.0003,0.1
,,,,,244999,6044.3154,1000,,,,,,,,
6143.2925,51.025364,6232.4717,6070.9946,1000.0,245000,,,-529.891357421875,-4.803668022155762,2.4724514484405518,528.227294921875,528.6865234375,0.0003,0.0003,0.1
,,,,,245999,6077.6797,1000,,,,,,,,
,,,,,246000,,,-529.8197021484375,-4.405721664428711,3.2848410606384277,528.051025390625,527.95458984375,0.0003,0.0003,0.1
,,,,,246999,5999.0835,1000,,,,,,,,
,,,,,247000,,,-536.2372436523438,-4.818406105041504,3.234462261199951,534.8410034179688,534.97265625,0.0003,0.0003,0.1
,,,,,247999,6060.4155,1000,,,,,,,,
,,,,,248000,,,-532.4175415039062,-4.686007976531982,2.619335651397705,530.7196044921875,530.9215698242188,0.0003,0.0003,0.1
,,,,,248999,5239.0103,1000,,,,,,,,
,,,,,249000,,,-529.9368896484375,-4.686573505401611,3.805720806121826,528.5452880859375,528.398681640625,0.0003,0.0003,0.1
,,,,,249999,6079.008,1000,,,,,,,,
5954.1187,566.6244,6338.177,4425.011,1000.0,250000,,,-534.41357421875,-4.414170265197754,2.7610549926757812,533.0999755859375,533.096923828125,0.0003,0.0003,0.1
,,,,,250999,6086.721,1000,,,,,,,,
,,,,,251000,,,-525.3128662109375,-4.345969200134277,3.868086576461792,523.5699462890625,523.6873779296875,0.0003,0.0003,0.1
,,,,,251999,6176.763,1000,,,,,,,,
,,,,,252000,,,-534.2680053710938,-4.844642639160156,2.7776668071746826,532.8594970703125,532.8588256835938,0.0003,0.0003,0.1
,,,,,252999,6211.2124,1000,,,,,,,,
,,,,,253000,,,-537.5144653320312,-5.105692386627197,4.37624454498291,535.623291015625,535.6448974609375,0.0003,0.0003,0.1
,,,,,253999,6163.028,1000,,,,,,,,
,,,,,254000,,,-541.3919067382812,-4.735019683837891,3.002810001373291,539.6737670898438,539.5133056640625,0.0003,0.0003,0.1
,,,,,254999,6227.4854,1000,,,,,,,,
6191.7715,74.20465,6302.2383,6086.262,1000.0,255000,,,-536.32470703125,-4.479998588562012,3.0402112007141113,534.4576416015625,534.831787109375,0.0003,0.0003,0.1
,,,,,255999,6153.0635,1000,,,,,,,,
,,,,,256000,,,-548.0264282226562,-4.373058319091797,2.9314160346984863,547.0695190429688,547.120361328125,0.0003,0.0003,0.1
,,,,,256999,6322.299,1000,,,,,,,,
,,,,,257000,,,-541.173583984375,-4.804103374481201,3.6186110973358154,539.5269775390625,539.38232421875,0.0003,0.0003,0.1
,,,,,257999,4607.081,1000,,,,,,,,
,,,,,258000,,,-544.8790283203125,-5.02052116394043,5.29254674911499,543.0166015625,543.0913696289062,0.0003,0.0003,0.1
,,,,,258999,6291.9927,1000,,,,,,,,
,,,,,259000,,,-543.68017578125,-5.222926139831543,2.508448839187622,542.5858764648438,542.4807739257812,0.0003,0.0003,0.1
,,,,,259999,6202.3423,1000,,,,,,,,
6331.7183,34.117245,6387.436,6290.9917,1000.0,260000,,,-546.5753784179688,-5.057027816772461,4.184979438781738,545.09375,544.8824462890625,0.0003,0.0003,0.1
,,,,,260999,6176.855,1000,,,,,,,,
,,,,,261000,,,-546.7940673828125,-3.876913547515869,3.1899802684783936,545.147216796875,545.3709716796875,0.0003,0.0003,0.1
,,,,,261999,6235.9023,1000,,,,,,,,
,,,,,262000,,,-541.0765991210938,-5.1598801612854,2.696378231048584,538.8870849609375,539.1365356445312,0.0003,0.0003,0.1
,,,,,262999,5966.9272,1000,,,,,,,,
,,,,,263000,,,-553.7340087890625,-4.407934188842773,2.324373960494995,552.15234375,552.434326171875,0.0003,0.0003,0.1
,,,,,263999,6175.5903,1000,,,,,,,,
,,,,,264000,,,-547.3143310546875,-4.84617805480957,3.7788660526275635,545.871337890625,546.2528076171875,0.0003,0.0003,0.1
,,,,,264999,6211.845,1000,,,,,,,,
6211.5264,52.991077,6277.741,6116.4385,1000.0,265000,,,-546.844482421875,-4.989372253417969,2.9974684715270996,545.0256958007812,545.23046875,0.0003,0.0003,0.1
,,,,,265999,6244.0337,1000,,,,,,,,
,,,,,266000,,,-543.6517333984375,-4.9790849685668945,2.8754920959472656,541.711181640625,541.8939819335938,0.0003,0.0003,0.1
,,,,,266999,6250.4487,1000,,,,,,,,
,,,,,267000,,,-553.0264892578125,-4.893494606018066,3.051424980163574,551.5006713867188,551.2415771484375,0.0003,0.0003,0.1
,,,,,267999,6152.397,1000,,,,,,,,
,,,,,268000,,,-544.6526489257812,-4.762880802154541,4.301675796508789,543.18505859375,542.992919921875,0.0003,0.0003,0.1
,,,,,268999,6288.4243,1000,,,,,,,,
,,,,,269000,,,-558.5591430664062,-4.656683444976807,3.4948320388793945,557.1298217773438,557.013916015625,0.0003,0.0003,0.1
,,,,,269999,5128.207,1000,,,,,,,,
6179.5483,258.93634,6360.7295,5436.0137,1000.0,270000,,,-557.27001953125,-4.567636489868164,2.6359305381774902,555.6796875,555.7923583984375,0.0003,0.0003,0.1
,,,,,270999,6429.9604,1000,,,,,,,,
,,,,,271000,,,-555.505126953125,-4.388417720794678,2.790423631668091,554.0804443359375,553.6838989257812,0.0003,0.0003,0.1
,,,,,271999,6351.784,1000,,,,,,,,
,,,,,272000,,,-557.50927734375,-4.998620986938477,2.809811592102051,556.3662109375,556.3812255859375,0.0003,0.0003,0.1
,,,,,272999,6454.4043,1000,,,,,,,,
,,,,,273000,,,-554.3936767578125,-4.698237419128418,3.8956055641174316,552.154296875,552.4923706054688,0.0003,0.0003,0.1
,,,,,273999,6491.4277,1000,,,,,,,,
,,,,,274000,,,-555.2515258789062,-4.941549777984619,2.9616146087646484,553.5363159179688,553.41650390625,0.0003,0.0003,0.1
,,,,,274999,6231.145,1000,,,,,,,,
6511.134,54.40903,6604.198,6423.4473,1000.0,275000,,,-563.08984375,-4.803312301635742,2.9602160453796387,561.7110595703125,561.2646484375,0.0003,0.0003,0.1
,,,,,275999,6319.585,1000,,,,,,,,
,,,,,276000,,,-563.8438720703125,-4.469335556030273,4.11915922164917,562.0904541015625,562.4596557617188,0.0003,0.0003,0.1
,,,,,276999,6482.764,1000,,,,,,,,
,,,,,277000,,,-565.345458984375,-4.987157821655273,2.385003089904785,563.9019165039062,563.9766845703125,0.0003,0.0003,0.1
,,,,,277999,6554.982,1000,,,,,,,,
,,,,,278000,,,-565.0579833984375,-4.5345869064331055,3.121671199798584,563.1876831054688,563.3729248046875,0.0003,0.0003,0.1
,,,,,278999,6503.8315,1000,,,,,,,,
,,,,,279000,,,-567.0669555664062,-4.6297807693481445,3.0491857528686523,565.5338134765625,565.9199829101562,0.0003,0.0003,0.1
,,,,,279999,6588.5366,1000,,,,,,,,
6445.781,80.913956,6586.9927,6305.983,1000.0,280000,,,-555.7654418945312,-4.992986679077148,2.9902544021606445,553.7646484375,553.52734375,0.0003,0.0003,0.1
,,,,,280999,6577.6074,1000,,,,,,,,
,,,,,281000,,,-569.0623168945312,-5.185870170593262,2.807396411895752,567.5173950195312,567.5699462890625,0.0003,0.0003,0.1
,,,,,281999,5615.0684,1000,,,,,,,,
,,,,,282000,,,-564.8788452148438,-5.390264511108398,3.7488772869110107,563.4492797851562,563.055419921875,0.0003,0.0003,0.1
,,,,,282999,6520.5166,1000,,,,,,,,
,,,,,283000,,,-567.0940551757812,-4.674489974975586,2.8589653968811035,565.3017578125,565.4064331054688,0.0003,0.0003,0.1
,,,,,283999,6454.1597,1000,,,,,,,,
,,,,,284000,,,-563.6859130859375,-4.5680036544799805,2.6700921058654785,562.1783447265625,562.2554931640625,0.0003,0.0003,0.1
,,,,,284999,6617.8516,1000,,,,,,,,
6529.505,56.70726,6632.2837,6438.34,1000.0,285000,,,-573.85400390625,-4.891881465911865,3.1153831481933594,572.28173828125,572.596435546875,0.0003,0.0003,0.1
,,,,,285999,6542.593,1000,,,,,,,,
,,,,,286000,,,-568.9908447265625,-4.825540542602539,3.240233898162842,567.6952514648438,567.623779296875,0.0003,0.0003,0.1
,,,,,286999,6656.8765,1000,,,,,,,,
,,,,,287000,,,-571.3538818359375,-5.456932067871094,2.6964898109436035,569.8414306640625,569.6917724609375,0.0003,0.0003,0.1
,,,,,287999,6493.4653,1000,,,,,,,,
,,,,,288000,,,-573.6697998046875,-5.256573677062988,5.028286457061768,571.722900390625,571.8690185546875,0.0003,0.0003,0.1
,,,,,288999,6367.2773,1000,,,,,,,,
,,,,,289000,,,-573.3523559570312,-4.938135147094727,2.6954617500305176,571.4315185546875,571.5811767578125,0.0003,0.0003,0.1
,,,,,289999,6462.16,1000,,,,,,,,
5107.2656,581.32513,5878.8467,3938.6863,1000.0,290000,,,-574.0117797851562,-5.176311492919922,8.059028625488281,572.5289306640625,572.0262451171875,0.0003,0.0003,0.1
,,,,,290999,6700.278,1000,,,,,,,,
,,,,,291000,,,-574.1289672851562,-5.45905876159668,3.2515790462493896,572.4686279296875,572.1732177734375,0.0003,0.0003,0.1
,,,,,291999,6703.3315,1000,,,,,,,,
,,,,,292000,,,-576.2681274414062,-4.987271308898926,3.7594213485717773,574.3173828125,574.0855102539062,0.0003,0.0003,0.1
,,,,,292999,6638.1914,1000,,,,,,,,
,,,,,293000,,,-579.8676147460938,-4.822962760925293,3.618781805038452,578.12451171875,578.283203125,0.0003,0.0003,0.1
,,,,,293999,6619.7026,1000,,,,,,,,
,,,,,294000,,,-572.9156494140625,-5.5387420654296875,3.219921588897705,571.4766235351562,571.2894897460938,0.0003,0.0003,0.1
,,,,,294999,6610.529,1000,,,,,,,,
6739.1963,126.055565,6889.74,6499.619,1000.0,295000,,,-580.0762329101562,-5.023834705352783,3.3223764896392822,578.586669921875,578.4078369140625,0.0003,0.0003,0.1
,,,,,295999,6560.4736,1000,,,,,,,,
,,,,,296000,,,-587.4189453125,-4.9680938720703125,3.218600034713745,585.9088134765625,586.136962890625,0.0003,0.0003,0.1
,,,,,296999,6876.0996,1000,,,,,,,,
,,,,,297000,,,-589.9954833984375,-5.312215805053711,3.4716036319732666,588.3914184570312,588.4979248046875,0.0003,0.0003,0.1
,,,,,297999,6656.2617,1000,,,,,,,,
,,,,,298000,,,-581.4119262695312,-4.672163963317871,4.042905807495117,579.80810546875,579.8173217773438,0.0003,0.0003,0.1
,,,,,298999,6705.5938,1000,,,,,,,,
,,,,,299000,,,-589.7621459960938,-4.992258548736572,3.0898659229278564,588.3030395507812,588.236328125,0.0003,0.0003,0.1
,,,,,299999,6723.263,1000,,,,,,,,
6625.742,65.30286,6743.1533,6526.417,1000.0,300000,,,-583.1350708007812,-4.7256927490234375,3.2602317333221436,581.5526123046875,581.6425170898438,0.0003,0.0003,0.1
,,,,,300999,6732.4663,1000,,,,,,,,
,,,,,301000,,,-581.90283203125,-5.469430923461914,4.3151068687438965,580.3876953125,579.9144897460938,0.0003,0.0003,0.1
,,,,,301999,6758.329,1000,,,,,,,,
,,,,,302000,,,-588.916259765625,-5.628811836242676,3.4960124492645264,587.0799560546875,587.4280395507812,0.0003,0.0003,0.1
,,,,,302999,6558.269,1000,,,,,,,,
,,,,,303000,,,-592.6603393554688,-5.224510192871094,3.158555030822754,591.009765625,591.23974609375,0.0003,0.0003,0.1
,,,,,303999,6635.4595,1000,,,,,,,,
,,,,,304000,,,-591.291259765625,-5.426669120788574,3.582409143447876,589.7227172851562,589.6002197265625,0.0003,0.0003,0.1
,,,,,304999,6752.2144,1000,,,,,,,,
6881.311,58.370693,6966.7407,6800.617,1000.0,305000,,,-585.306884765625,-5.030683517456055,2.924955129623413,583.5125122070312,583.92724609375,0.0003,0.0003,0.1
,,,,,305999,6775.8276,1000,,,,,,,,
,,,,,306000,,,-591.3505859375,-4.44325065612793,2.804539680480957,589.5494995117188,589.689208984375,0.0003,0.0003,0.1
,,,,,306999,6735.5977,1000,,,,,,,,
,,,,,307000,,,-593.7816772460938,-4.971197128295898,3.260934352874756,592.10791015625,592.3577880859375,0.0003,0.0003,0.1
,,,,,307999,6901.6704,1000,,,,,,,,
,,,,,308000,,,-598.5811767578125,-4.815237045288086,3.328615427017212,596.8983764648438,596.9056396484375,0.0003,0.0003,0.1
,,,,,308999,6911.1904,1000,,,,,,,,
,,,,,309000,,,-599.6834716796875,-5.233138561248779,3.097694158554077,598.2818603515625,598.3243408203125,0.0003,0.0003,0.1
,,,,,309999,6806.27,1000,,,,,,,,
6903.87,48.97079,7004.995,6836.2935,1000.0,310000,,,-601.6464233398438,-4.857608795166016,2.6290738582611084,599.5732421875,599.8221435546875,0.0003,0.0003,0.1
,,,,,310999,6651.1235,1000,,,,,,,,
,,,,,311000,,,-599.0693969726562,-5.614907264709473,2.8025617599487305,597.6158447265625,597.666259765625,0.0003,0.0003,0.1
,,,,,311999,6983.4873,1000,,,,,,,,
,,,,,312000,,,-592.4276733398438,-5.369661331176758,3.723862886428833,590.593017578125,590.558837890625,0.0003,0.0003,0.1
,,,,,312999,6987.9097,1000,,,,,,,,
,,,,,313000,,,-604.324951171875,-5.187925338745117,2.916076183319092,602.8577270507812,602.6323852539062,0.0003,0.0003,0.1
,,,,,313999,6868.4785,1000,,,,,,,,
,,,,,314000,,,-598.9357299804688,-5.545640468597412,3.825901746749878,597.31884765625,596.9495239257812,0.0003,0.0003,0.1
,,,,,314999,6597.4824,1000,,,,,,,,
6947.914,49.021378,7001.2812,6859.4604,1000.0,315000,,,-596.960693359375,-5.206196308135986,3.840186834335327,595.0595703125,595.0457763671875,0.0003,0.0003,0.1
,,,,,315999,6577.8735,1000,,,,,,,,
,,,,,316000,,,-601.3853759765625,-5.2106099128723145,3.421450614929199,599.5819091796875,599.5062866210938,0.0003,0.0003,0.1
,,,,,316999,6951.8267,1000,,,,,,,,
,,,,,317000,,,-597.5326538085938,-5.25941801071167,3.3265514373779297,595.7476806640625,595.972900390625,0.0003,0.0003,0.1
,,,,,317999,6912.8003,1000,,,,,,,,
,,,,,318000,,,-603.52392578125,-5.3211259841918945,2.5156233310699463,601.7130126953125,601.6212158203125,0.0003,0.0003,0.1
,,,,,318999,6989.24,1000,,,,,,,,
,,,,,319000,,,-606.3612060546875,-5.187931537628174,5.068477630615234,604.814208984375,604.6690673828125,0.0003,0.0003,0.1
,,,,,319999,7027.4946,1000,,,,,,,,
6899.526,127.3244,7030.188,6639.6006,1000.0,320000,,,-607.8699951171875,-5.522238731384277,3.158898115158081,606.2996826171875,606.3279418945312,0.0003,0.0003,0.1
,,,,,320999,4104.6426,1000,,,,,,,,
,,,,,321000,,,-609.2448120117188,-5.349441051483154,2.6642210483551025,607.822265625,607.94189453125,0.0003,0.0003,0.1
,,,,,321999,7197.0127,1000,,,,,,,,
,,,,,322000,,,-619.4893188476562,-5.479952812194824,2.6722731590270996,618.4949951171875,618.19775390625,0.0003,0.0003,0.1
,,,,,322999,6974.914,1000,,,,,,,,
,,,,,323000,,,-602.2972412109375,-5.367189407348633,2.819429397583008,600.6278076171875,600.699462890625,0.0003,0.0003,0.1
,,,,,323999,7029.6445,1000,,,,,,,,
,,,,,324000,,,-614.0665283203125,-4.7149271965026855,2.9084715843200684,612.4569091796875,612.41162109375,0.0003,0.0003,0.1
,,,,,324999,6697.6104,1000,,,,,,,,
7085.462,63.982876,7173.82,6991.3516,1000.0,325000,,,-613.1098022460938,-5.775787830352783,3.5055198669433594,611.652587890625,611.5984497070312,0.0003,0.0003,0.1
,,,,,325999,7070.1523,1000,,,,,,,,
,,,,,326000,,,-611.5811767578125,-5.114633083343506,5.1192145347595215,610.2265625,610.333251953125,0.0003,0.0003,0.1
,,,,,326999,7037.718,1000,,,,,,,,
,,,,,327000,,,-613.5624389648438,-5.465868949890137,3.0648088455200195,611.5918579101562,611.7733154296875,0.0003,0.0003,0.1
,,,,,327999,7158.458,1000,,,,,,,,
,,,,,328000,,,-622.1484375,-5.710524559020996,3.411555528640747,620.5587158203125,620.7547607421875,0.0003,0.0003,0.1
,,,,,328999,6616.5347,1000,,,,,,,,
,,,,,329000,,,-619.3651123046875,-5.106399059295654,3.189918279647827,617.7825927734375,618.0176391601562,0.0003,0.0003,0.1
,,,,,329999,7127.8086,1000,,,,,,,,
7008.104,590.919,7302.367,5247.4644,1000.0,330000,,,-619.3935546875,-5.184964179992676,4.300296783447266,618.0577392578125,618.1170654296875,0.0003,0.0003,0.1
,,,,,330999,7106.6265,1000,,,,,,,,
,,,,,331000,,,-621.4491577148438,-5.130993366241455,3.925226926803589,619.4139404296875,619.56689453125,0.0003,0.0003,0.1
,,,,,331999,7191.5103,1000,,,,,,,,
,,,,,332000,,,-619.0877075195312,-5.171323776245117,3.016451358795166,617.447021484375,617.4617919921875,0.0003,0.0003,0.1
,,,,,332999,7085.3677,1000,,,,,,,,
,,,,,333000,,,-623.6312866210938,-5.430711269378662,3.8566925525665283,622.1737670898438,622.120849609375,0.0003,0.0003,0.1
,,,,,333999,7102.228,1000,,,,,,,,
,,,,,334000,,,-615.6036376953125,-5.418947219848633,2.9571988582611084,613.828369140625,613.7548828125,0.0003,0.0003,0.1
,,,,,334999,7145.4434,1000,,,,,,,,
7235.6836,93.204735,7315.096,6970.2305,1000.0,335000,,,-623.7015991210938,-5.300389289855957,4.289539813995361,622.2171630859375,622.35986328125,0.0003,0.0003,0.1
,,,,,335999,6003.5127,1000,,,,,,,,
,,,,,336000,,,-620.4733276367188,-5.597597122192383,3.9287047386169434,618.7386474609375,618.8588256835938,0.0003,0.0003,0.1
,,,,,336999,7271.25,1000,,,,,,,,
,,,,,337000,,,-626.5449829101562,-5.252160549163818,3.3891215324401855,624.7950439453125,625.0536499023438,0.0003,0.0003,0.1
,,,,,337999,7189.7876,1000,,,,,,,,
,,,,,338000,,,-620.9585571289062,-5.399598121643066,4.164295196533203,619.4754638671875,619.793212890625,0.0003,0.0003,0.1
,,,,,338999,7267.382,1000,,,,,,,,
,,,,,339000,,,-622.0938110351562,-5.34461784362793,3.9727234840393066,620.4376220703125,620.2310180664062,0.0003,0.0003,0.1
,,,,,339999,7288.1797,1000,,,,,,,,
7300.2305,72.9324,7375.8203,7125.285,1000.0,340000,,,-624.0517578125,-5.728509902954102,4.2372517585754395,622.061767578125,622.079833984375,0.0003,0.0003,0.1
,,,,,340999,7324.361,1000,,,,,,,,
,,,,,341000,,,-627.8863525390625,-5.584819793701172,4.822813034057617,625.9234008789062,626.4066162109375,0.0003,0.0003,0.1
,,,,,341999,7201.986,1000,,,,,,,,
,,,,,342000,,,-629.2296752929688,-5.555832862854004,4.655430793762207,627.764404296875,627.9628295898438,0.0003,0.0003,0.1
,,,,,342999,7309.928,1000,,,,,,,,
,,,,,343000,,,-634.7017211914062,-5.482564926147461,2.602102518081665,633.1015625,633.03759765625,0.0003,0.0003,0.1
,,,,,343999,7295.6367,1000,,,,,,,,
,,,,,344000,,,-628.8858032226562,-5.531733512878418,3.1592586040496826,626.8033447265625,626.8722534179688,0.0003,0.0003,0.1
,,,,,344999,7389.631,1000,,,,,,,,
7278.784,67.13193,7407.475,7189.4414,1000.0,345000,,,-637.1323852539062,-4.917515277862549,3.4785890579223633,635.2686767578125,635.18017578125,0.0003,0.0003,0.1
,,,,,345999,7360.1577,1000,,,,,,,,
,,,,,346000,,,-637.0266723632812,-6.076330184936523,5.455873012542725,634.482177734375,634.7047729492188,0.0003,0.0003,0.1
,,,,,346999,7472.947,1000,,,,,,,,
,,,,,347000,,,-638.5782470703125,-5.546599864959717,4.280420780181885,636.8963623046875,636.5778198242188,0.0003,0.0003,0.1
,,,,,347999,7409.78,1000,,,,,,,,
,,,,,348000,,,-638.0867309570312,-5.8280816078186035,3.781615972518921,636.31787109375,635.7386474609375,0.0003,0.0003,0.1
,,,,,348999,6762.0317,1000,,,,,,,,
,,,,,349000,,,-637.205810546875,-5.243947982788086,2.648871898651123,635.4849243164062,635.3369140625,0.0003,0.0003,0.1
,,,,,349999,7345.2583,1000,,,,,,,,
7423.514,64.552444,7550.991,7331.4854,1000.0,350000,,,-630.8135986328125,-5.582938194274902,3.5807647705078125,628.4970703125,628.907958984375,0.0003,0.0003,0.1
,,,,,350999,7436.979,1000,,,,,,,,
,,,,,351000,,,-635.836669921875,-4.922972679138184,3.812166452407837,634.2203369140625,634.359619140625,0.0003,0.0003,0.1
,,,,,351999,7476.696,1000,,,,,,,,
,,,,,352000,,,-639.7149047851562,-5.641304016113281,4.1871747970581055,637.8092651367188,637.7010498046875,0.0003,0.0003,0.1
,,,,,352999,7444.7056,1000,,,,,,,,
,,,,,353000,,,-642.87744140625,-5.6063947677612305,3.3157758712768555,640.7891845703125,640.9000854492188,0.0003,0.0003,0.1
,,,,,353999,7217.675,1000,,,,,,,,
,,,,,354000,,,-642.1851196289062,-5.718226432800293,3.5803511142730713,640.9388427734375,640.9189453125,0.0003,0.0003,0.1
,,,,,354999,7416.5786,1000,,,,,,,,
7531.0547,47.002445,7638.137,7484.844,1000.0,355000,,,-648.2711181640625,-5.481955528259277,3.6472373008728027,646.2099609375,646.6826171875,0.0003,0.0003,0.1
,,,,,355999,7521.675,1000,,,,,,,,
,,,,,356000,,,-644.1998901367188,-5.442486763000488,5.470564365386963,642.844970703125,642.620849609375,0.0003,0.0003,0.1
,,,,,356999,7470.013,1000,,,,,,,,
,,,,,357000,,,-642.675537109375,-5.76158332824707,3.904984951019287,640.693115234375,640.8056030273438,0.0003,0.0003,0.1
,,,,,357999,7566.295,1000,,,,,,,,
,,,,,358000,,,-642.513916015625,-6.137506008148193,4.817422389984131,640.2520751953125,640.3333129882812,0.0003,0.0003,0.1
,,,,,358999,7422.2266,1000,,,,,,,,
,,,,,359000,,,-642.237548828125,-5.495262145996094,5.287589073181152,639.9927978515625,640.3512573242188,0.0003,0.0003,0.1
,,,,,359999,7527.1143,1000,,,,,,,,
7577.197,43.928665,7678.216,7524.006,1000.0,360000,,,-644.1005249023438,-5.735729694366455,5.111942291259766,642.4000854492188,642.3404541015625,0.0003,0.0003,0.1
,,,,,360999,7559.0737,1000,,,,,,,,
,,,,,361000,,,-651.5787963867188,-4.787408828735352,3.7814064025878906,650.1598510742188,650.0904541015625,0.0003,0.0003,0.1
,,,,,361999,7619.099,1000,,,,,,,,
,,,,,362000,,,-645.2220458984375,-5.139283657073975,4.42816162109375,643.4744262695312,643.4859619140625,0.0003,0.0003,0.1
,,,,,362999,7568.2583,1000,,,,,,,,
,,,,,363000,,,-650.736328125,-5.68515682220459,3.800978183746338,648.827392578125,648.499267578125,0.0003,0.0003,0.1
,,,,,363999,7522.503,1000,,,,,,,,
,,,,,364000,,,-653.6054077148438,-6.2136030197143555,4.2504401206970215,652.037841796875,651.8670043945312,0.0003,0.0003,0.1
,,,,,364999,7616.3677,1000,,,,,,,,
7065.096,78.43448,7240.413,6958.045,1000.0,365000,,,-654.2133178710938,-5.723601818084717,4.788501739501953,652.4801025390625,652.1079711914062,0.0003,0.0003,0.1
,,,,,365999,7559.1123,1000,,,,,,,,
,,,,,366000,,,-654.5578002929688,-5.857532501220703,3.5581610202789307,652.6774291992188,652.8572387695312,0.0003,0.0003,0.1
,,,,,366999,7518.655,1000,,,,,,,,
,,,,,367000,,,-658.9950561523438,-5.7089128494262695,3.8562769889831543,657.3670654296875,657.34423828125,0.0003,0.0003,0.1
,,,,,367999,7540.1226,1000,,,,,,,,
,,,,,368000,,,-658.7891235351562,-5.8664093017578125,3.7549803256988525,656.45654296875,656.740234375,0.0003,0.0003,0.1
,,,,,368999,7462.599,1000,,,,,,,,
,,,,,369000,,,-658.1363525390625,-5.756649971008301,3.2713189125061035,656.34033203125,656.3848266601562,0.0003,0.0003,0.1
,,,,,369999,7543.794,1000,,,,,,,,
7676.897,67.50348,7754.128,7517.765,1000.0,370000,,,-656.1851196289062,-6.35432243347168,8.171114921569824,654.4710693359375,654.1521606445312,0.0003,0.0003,0.1
,,,,,370999,7619.9556,1000,,,,,,,,
,,,,,371000,,,-666.2689208984375,-5.807809829711914,3.626254081726074,663.86083984375,664.0632934570312,0.0003,0.0003,0.1
,,,,,371999,7631.17,1000,,,,,,,,
,,,,,372000,,,-660.372314453125,-5.7766642570495605,5.443307876586914,658.3372192382812,658.7387084960938,0.0003,0.0003,0.1
,,,,,372999,7590.1025,1000,,,,,,,,
,,,,,373000,,,-654.9560546875,-5.904766082763672,4.311583518981934,653.4951171875,652.9494018554688,0.0003,0.0003,0.1
,,,,,373999,7514.996,1000,,,,,,,,
,,,,,374000,,,-666.1813354492188,-5.500842094421387,3.9702229499816895,664.5079345703125,664.5082397460938,0.0003,0.0003,0.1
,,,,,374999,7599.6196,1000,,,,,,,,
7484.914,41.045994,7590.748,7443.4375,1000.0,375000,,,-665.485107421875,-5.795773983001709,4.791317939758301,663.2476806640625,663.5078125,0.0003,0.0003,0.1
,,,,,375999,7640.3813,1000,,,,,,,,
,,,,,376000,,,-663.8776245117188,-5.643864631652832,4.443667411804199,662.4637451171875,662.74853515625,0.0003,0.0003,0.1
,,,,,376999,7736.8315,1000,,,,,,,,
,,,,,377000,,,-669.57177734375,-5.200634956359863,5.200284004211426,667.7967529296875,667.6234741210938,0.0003,0.0003,0.1
,,,,,377999,7648.246,1000,,,,,,,,
,,,,,378000,,,-666.8836669921875,-5.633656978607178,6.171547889709473,664.760986328125,665.0645751953125,0.0003,0.0003,0.1
,,,,,378999,7608.3687,1000,,,,,,,,
,,,,,379000,,,-665.5684814453125,-5.811527252197266,4.828385829925537,663.6928100585938,663.4053955078125,0.0003,0.0003,0.1
,,,,,379999,7745.126,1000,,,,,,,,
7743.868,63.185722,7848.418,7646.2305,1000.0,380000,,,-669.9583129882812,-5.682025909423828,3.811575174331665,667.885986328125,668.0414428710938,0.0003,0.0003,0.1
,,,,,380999,7754.742,1000,,,,,,,,
,,,,,381000,,,-667.3626708984375,-5.687541484832764,3.628504753112793,665.6082153320312,665.7425537109375,0.0003,0.0003,0.1
,,,,,381999,7892.533,1000,,,,,,,,
,,,,,382000,,,-666.9856567382812,-6.084625720977783,4.306838512420654,665.5765380859375,665.8326416015625,0.0003,0.0003,0.1
,,,,,382999,7728.766,1000,,,,,,,,
,,,,,383000,,,-663.4367065429688,-5.994806289672852,4.530315399169922,661.6475219726562,661.677490234375,0.0003,0.0003,0.1
,,,,,383999,7702.7085,1000,,,,,,,,
,,,,,384000,,,-676.14501953125,-6.440288066864014,4.980759620666504,674.220947265625,674.7474365234375,0.0003,0.0003,0.1
,,,,,384999,7703.9233,1000,,,,,,,,
7826.2188,50.278908,7892.8916,7718.457,1000.0,385000,,,-675.0484008789062,-5.857911109924316,3.3971261978149414,673.1981811523438,673.344970703125,0.0003,0.0003,0.1
,,,,,385999,7862.526,1000,,,,,,,,
,,,,,386000,,,-673.9443969726562,-5.763218879699707,3.791293144226074,671.9193115234375,672.0660400390625,0.0003,0.0003,0.1
,,,,,386999,7773.5264,1000,,,,,,,,
,,,,,387000,,,-676.3619995117188,-5.65625,3.7067055702209473,674.0618896484375,674.192626953125,0.0003,0.0003,0.1
,,,,,387999,7807.231,1000,,,,,,,,
,,,,,388000,,,-681.7696533203125,-6.108523368835449,4.126694202423096,679.7565307617188,679.9140625,0.0003,0.0003,0.1
,,,,,388999,7817.845,1000,,,,,,,,
,,,,,389000,,,-683.5205688476562,-5.824347972869873,2.7589821815490723,681.8236083984375,681.9203491210938,0.0003,0.0003,0.1
,,,,,389999,7559.394,1000,,,,,,,,
7690.007,348.3458,7893.8784,6668.638,1000.0,390000,,,-673.0153198242188,-5.712151527404785,4.674618721008301,670.935546875,671.1801147460938,0.0003,0.0003,0.1
,,,,,390999,7832.6865,1000,,,,,,,,
,,,,,391000,,,-678.0918579101562,-5.985957622528076,3.6911487579345703,675.8627319335938,675.7073974609375,0.0003,0.0003,0.1
,,,,,391999,7727.582,1000,,,,,,,,
,,,,,392000,,,-678.7644653320312,-6.281002521514893,5.3645710945129395,676.7899780273438,676.5281372070312,0.0003,0.0003,0.1
,,,,,392999,7778.0596,1000,,,,,,,,
,,,,,393000,,,-678.8543701171875,-6.7298078536987305,3.7053885459899902,677.2369995117188,676.845458984375,0.0003,0.0003,0.1
,,,,,393999,7858.596,1000,,,,,,,,
,,,,,394000,,,-688.912353515625,-5.566098213195801,4.088948726654053,687.6572265625,687.1708984375,0.0003,0.0003,0.1
,,,,,394999,7765.777,1000,,,,,,,,
7870.577,34.92992,7914.8545,7801.6973,1000.0,395000,,,-685.48095703125,-6.35135555267334,4.631782054901123,683.4781494140625,683.6466064453125,0.0003,0.0003,0.1
,,,,,395999,7712.973,1000,,,,,,,,
,,,,,396000,,,-685.08203125,-6.197702884674072,3.9263968467712402,682.72216796875,682.9825439453125,0.0003,0.0003,0.1
,,,,,396999,7769.0337,1000,,,,,,,,
,,,,,397000,,,-685.372314453125,-6.109358787536621,3.970158100128174,683.2675170898438,683.0101928710938,0.0003,0.0003,0.1
,,,,,397999,7538.205,1000,,,,,,,,
,,,,,398000,,,-684.8878784179688,-6.308961391448975,4.715143203735352,683.0138549804688,682.70849609375,0.0003,0.0003,0.1
,,,,,398999,7857.706,1000,,,,,,,,
,,,,,399000,,,-683.5091552734375,-5.8122406005859375,4.451374053955078,681.5325927734375,681.077392578125,0.0003,0.0003,0.1
,,,,,399999,7930.6963,1000,,,,,,,,
7992.6865,75.97124,8123.318,7864.732,1000.0,400000,,,-692.2162475585938,-6.072999000549316,4.223729133605957,690.709716796875,690.5042114257812,0.0003,0.0003,0.1
,,,,,400999,7900.194,1000,,,,,,,,
,,,,,401000,,,-687.7584838867188,-6.167760372161865,5.4525861740112305,685.2905883789062,684.9254150390625,0.0003,0.0003,0.1
,,,,,401999,7773.7856,1000,,,,,,,,
,,,,,402000,,,-693.4445190429688,-5.7092461585998535,4.338481903076172,691.5869140625,691.869384765625,0.0003,0.0003,0.1
,,,,,402999,7889.5215,1000,,,,,,,,
,,,,,403000,,,-690.27099609375,-6.247795581817627,3.5959115028381348,688.4237670898438,688.3138427734375,0.0003,0.0003,0.1
,,,,,403999,7941.4033,1000,,,,,,,,
,,,,,404000,,,-694.4174194335938,-6.325531005859375,3.990356922149658,692.583251953125,692.0709228515625,0.0003,0.0003,0.1
,,,,,404999,7812.5254,1000,,,,,,,,
7728.4233,358.7654,8009.7744,6746.9688,1000.0,405000,,,-689.81640625,-5.955702781677246,3.9010140895843506,688.38916015625,688.300048828125,0.0003,0.0003,0.1
,,,,,405999,7944.953,1000,,,,,,,,
,,,,,406000,,,-695.0009155273438,-6.112557411193848,5.248656272888184,692.38134765625,692.4207763671875,0.0003,0.0003,0.1
,,,,,406999,7832.258,1000,,,,,,,,
,,,,,407000,,,-695.2755126953125,-5.204162120819092,3.6005818843841553,693.3155517578125,693.2887573242188,0.0003,0.0003,0.1
,,,,,407999,7952.591,1000,,,,,,,,
,,,,,408000,,,-704.7433471679688,-5.432851314544678,4.050204277038574,702.67822265625,702.9066162109375,0.0003,0.0003,0.1
,,,,,408999,7934.3394,1000,,,,,,,,
,,,,,409000,,,-706.7501831054688,-5.765403747558594,4.058418273925781,705.1837158203125,705.2939453125,0.0003,0.0003,0.1
,,,,,409999,8070.6724,1000,,,,,,,,
7959.9453,51.0199,8032.7627,7869.9473,1000.0,410000,,,-695.9080200195312,-5.955226898193359,4.47244119644165,693.7852172851562,693.8194580078125,0.0003,0.0003,0.1
,,,,,410999,7864.4136,1000,,,,,,,,
,,,,,411000,,,-702.381103515625,-5.785497665405273,4.059576988220215,700.87744140625,700.6792602539062,0.0003,0.0003,0.1
,,,,,411999,7954.0557,1000,,,,,,,,
,,,,,412000,,,-697.4637451171875,-6.684830665588379,4.699883937835693,695.4661865234375,696.1712646484375,0.0003,0.0003,0.1
,,,,,412999,7929.6406,1000,,,,,,,,
,,,,,413000,,,-695.4375610351562,-6.048763751983643,3.6775991916656494,693.5609130859375,693.2301025390625,0.0003,0.0003,0.1
,,,,,413999,7248.2334,1000,,,,,,,,
,,,,,414000,,,-705.2994384765625,-5.726655006408691,4.98905086517334,703.0620727539062,702.8007202148438,0.0003,0.0003,0.1
,,,,,414999,7927.0312,1000,,,,,,,,
7940.1626,77.73832,8006.4805,7750.784,1000.0,415000,,,-702.6390380859375,-6.179124355316162,3.717804431915283,700.5305786132812,700.690673828125,0.0003,0.0003,0.1
,,,,,415999,7906.4424,1000,,,,,,,,
,,,,,416000,,,-695.6068115234375,-5.986464023590088,4.046246528625488,693.6998291015625,693.4180908203125,0.0003,0.0003,0.1
,,,,,416999,7833.1426,1000,,,,,,,,
,,,,,417000,,,-708.1281127929688,-5.713457107543945,3.7762484550476074,706.6981201171875,706.45849609375,0.0003,0.0003,0.1
,,,,,417999,7877.1646,1000,,,,,,,,
,,,,,418000,,,-705.82861328125,-5.734583377838135,4.949001312255859,703.8637084960938,703.95751953125,0.0003,0.0003,0.1
,,,,,418999,7914.183,1000,,,,,,,,
,,,,,419000,,,-709.5462036132812,-5.864587783813477,3.930936574935913,707.85546875,708.1537475585938,0.0003,0.0003,0.1
,,,,,419999,8043.4746,1000,,,,,,,,
7869.0522,51.024704,7967.672,7790.0317,1000.0,420000,,,-706.1671752929688,-5.579676628112793,4.570080757141113,704.29541015625,704.2019653320312,0.0003,0.0003,0.1
,,,,,420999,7975.1704,1000,,,,,,,,
,,,,,421000,,,-711.6337890625,-5.78720760345459,3.2632594108581543,709.8492431640625,709.8446044921875,0.0003,0.0003,0.1
,,,,,421999,7946.9756,1000,,,,,,,,
,,,,,422000,,,-712.636962890625,-5.946176528930664,4.227949619293213,711.530517578125,711.5320434570312,0.0003,0.0003,0.1
,,,,,422999,7934.0645,1000,,,,,,,,
,,,,,423000,,,-708.8375854492188,-6.016387939453125,5.096555709838867,707.2100830078125,706.718017578125,0.0003,0.0003,0.1
,,,,,423999,7940.9253,1000,,,,,,,,
,,,,,424000,,,-702.1822509765625,-5.886941909790039,5.721897125244141,700.2901611328125,700.3885498046875,0.0003,0.0003,0.1
,,,,,424999,7898.2627,1000,,,,,,,,
8031.427,87.43767,8117.5015,7812.205,1000.0,425000,,,-716.1985473632812,-5.745591163635254,5.701560020446777,714.4181518554688,714.318115234375,0.0003,0.0003,0.1
,,,,,425999,7965.396,1000,,,,,,,,
,,,,,426000,,,-708.77197265625,-5.5807952880859375,4.428838729858398,706.6470336914062,706.4932250976562,0.0003,0.0003,0.1
,,,,,426999,8067.9146,1000,,,,,,,,
,,,,,427000,,,-710.81640625,-5.896390914916992,4.4604949951171875,708.8980712890625,708.99755859375,0.0003,0.0003,0.1
,,,,,427999,8047.3193,1000,,,,,,,,
,,,,,428000,,,-721.65380859375,-5.44733190536499,4.127694129943848,720.0852661132812,720.0354614257812,0.0003,0.0003,0.1
,,,,,428999,8162.0103,1000,,,,,,,,
,,,,,429000,,,-713.3985595703125,-5.923151016235352,5.117598533630371,711.122314453125,711.2453002929688,0.0003,0.0003,0.1
,,,,,429999,8009.4927,1000,,,,,,,,
7962.0376,76.8641,8085.104,7809.4014,1000.0,430000,,,-707.04541015625,-5.873869895935059,5.139016628265381,704.667724609375,704.6937866210938,0.0003,0.0003,0.1
,,,,,430999,8014.995,1000,,,,,,,,
,,,,,431000,,,-712.6917724609375,-5.829207897186279,4.203580379486084,710.8006591796875,711.1136474609375,0.0003,0.0003,0.1
,,,,,431999,8111.473,1000,,,,,,,,
,,,,,432000,,,-708.3453979492188,-6.377231597900391,4.171028137207031,706.3527221679688,706.37109375,0.0003,0.0003,0.1
,,,,,432999,8111.748,1000,,,,,,,,
,,,,,433000,,,-710.6235961914062,-5.97728157043457,7.308380603790283,708.5301513671875,708.444091796875,0.0003,0.0003,0.1
,,,,,433999,7993.781,1000,,,,,,,,
,,,,,434000,,,-715.136962890625,-6.621274948120117,3.8665051460266113,713.4464111328125,713.310302734375,0.0003,0.0003,0.1
,,,,,434999,8142.9453,1000,,,,,,,,
8126.8037,52.685474,8220.471,8039.282,1000.0,435000,,,-719.4309692382812,-5.368198394775391,5.5118727684021,717.74658203125,717.7127075195312,0.0003,0.0003,0.1
,,,,,435999,7933.8584,1000,,,,,,,,
,,,,,436000,,,-719.3049926757812,-6.039638996124268,4.135397911071777,718.2296752929688,717.995849609375,0.0003,0.0003,0.1
,,,,,436999,8108.825,1000,,,,,,,,
,,,,,437000,,,-712.1223754882812,-6.02584171295166,3.569096088409424,710.2652587890625,709.9978637695312,0.0003,0.0003,0.1
,,,,,437999,8008.566,1000,,,,,,,,
,,,,,438000,,,-721.0966796875,-5.895603179931641,4.897466659545898,719.4119873046875,719.66748046875,0.0003,0.0003,0.1
,,,,,438999,7999.386,1000,,,,,,,,
,,,,,439000,,,-729.7874755859375,-5.518352508544922,4.913156032562256,728.1043090820312,728.158447265625,0.0003,0.0003,0.1
,,,,,439999,8069.437,1000,,,,,,,,
8253.842,63.1848,8372.369,8152.7183,1000.0,440000,,,-725.1008911132812,-6.416473865509033,4.963560104370117,723.2136840820312,723.0726318359375,0.0003,0.0003,0.1
,,,,,440999,7741.213,1000,,,,,,,,
,,,,,441000,,,-710.8910522460938,-6.323541164398193,5.978415012359619,709.1806030273438,709.2237548828125,0.0003,0.0003,0.1
,,,,,441999,8166.236,1000,,,,,,,,
,,,,,442000,,,-721.1757202148438,-6.109994411468506,4.235974311828613,719.5849609375,719.6722412109375,0.0003,0.0003,0.1
,,,,,442999,8029.788,1000,,,,,,,,
,,,,,443000,,,-719.8949584960938,-6.297088146209717,4.700899124145508,717.880126953125,717.6077880859375,0.0003,0.0003,0.1
,,,,,443999,8137.402,1000,,,,,,,,
,,,,,444000,,,-725.8359985351562,-6.1657257080078125,3.7439517974853516,724.218994140625,724.6407470703125,0.0003,0.0003,0.1
,,,,,444999,8224.089,1000,,,,,,,,
8134.157,68.38148,8242.165,8007.4873,1000.0,445000,,,-725.6605224609375,-5.788553237915039,3.116476535797119,724.0179443359375,724.0443115234375,0.0003,0.0003,0.1
,,,,,445999,8168.558,1000,,,,,,,,
,,,,,446000,,,-724.6983032226562,-5.613336563110352,4.127304553985596,723.0308837890625,723.243408203125,0.0003,0.0003,0.1
,,,,,446999,8242.113,1000,,,,,,,,
,,,,,447000,,,-724.3038330078125,-5.634954452514648,4.662221908569336,722.4757690429688,722.4287109375,0.0003,0.0003,0.1
,,,,,447999,8176.842,1000,,,,,,,,
,,,,,448000,,,-728.108642578125,-5.556557655334473,3.797725200653076,725.818115234375,725.9131469726562,0.0003,0.0003,0.1
,,,,,448999,8099.0723,1000,,,,,,,,
,,,,,449000,,,-728.4271850585938,-5.774310111999512,4.171666622161865,726.3291625976562,726.3281860351562,0.0003,0.0003,0.1
,,,,,449999,8051.279,1000,,,,,,,,
8196.018,63.866703,8249.523,8015.2725,1000.0,450000,,,-728.6279296875,-5.632437705993652,3.472827911376953,726.4357299804688,726.276123046875,0.0003,0.0003,0.1
,,,,,450999,8156.599,1000,,,,,,,,
,,,,,451000,,,-722.8414916992188,-5.895958423614502,4.677234172821045,720.7512817382812,721.4080810546875,0.0003,0.0003,0.1
,,,,,451999,8201.072,1000,,,,,,,,
,,,,,452000,,,-735.6900634765625,-5.646782875061035,3.64719295501709,733.9833984375,733.9019775390625,0.0003,0.0003,0.1
,,,,,452999,8150.15,1000,,,,,,,,
,,,,,453000,,,-729.1930541992188,-6.0529608726501465,3.8904411792755127,726.8034057617188,727.3018798828125,0.0003,0.0003,0.1
,,,,,453999,8234.043,1000,,,,,,,,
,,,,,454000,,,-726.4299926757812,-5.9882001876831055,4.224296569824219,724.361572265625,724.552978515625,0.0003,0.0003,0.1
,,,,,454999,8202.581,1000,,,,,,,,
8143.8984,174.04929,8325.585,7676.9507,1000.0,455000,,,-736.7174072265625,-6.07651424407959,4.376245975494385,735.2789916992188,734.9486083984375,0.0003,0.0003,0.1
,,,,,455999,8290.798,1000,,,,,,,,
,,,,,456000,,,-728.0751953125,-6.170611381530762,4.9117937088012695,725.607666015625,725.8409423828125,0.0003,0.0003,0.1
,,,,,456999,8253.919,1000,,,,,,,,
,,,,,457000,,,-734.4950561523438,-6.203085422515869,3.6925430297851562,732.2946166992188,732.2503662109375,0.0003,0.0003,0.1
,,,,,457999,8263.5205,1000,,,,,,,,
,,,,,458000,,,-733.5732421875,-6.411534309387207,3.2593233585357666,731.7979736328125,731.5191040039062,0.0003,0.0003,0.1
,,,,,458999,8214.631,1000,,,,,,,,
,,,,,459000,,,-731.7135009765625,-5.959641456604004,4.515999794006348,729.8892211914062,729.9743041992188,0.0003,0.0003,0.1
,,,,,459999,8283.217,1000,,,,,,,,
8256.417,81.23234,8398.837,8126.789,1000.0,460000,,,-738.27587890625,-5.6381916999816895,4.808157444000244,736.751708984375,736.5513916015625,0.0003,0.0003,0.1
,,,,,460999,8227.346,1000,,,,,,,,
,,,,,461000,,,-739.0888671875,-6.191359519958496,3.5176985263824463,737.0145263671875,737.1033935546875,0.0003,0.0003,0.1
,,,,,461999,7983.7295,1000,,,,,,,,
,,,,,462000,,,-739.2921142578125,-5.956281661987305,4.132052898406982,737.445556640625,737.2208251953125,0.0003,0.0003,0.1
,,,,,462999,7813.768,1000,,,,,,,,
,,,,,463000,,,-728.4398803710938,-5.875445365905762,4.038766860961914,726.6013793945312,726.0685424804688,0.0003,0.0003,0.1
,,,,,463999,8262.12,1000,,,,,,,,
,,,,,464000,,,-743.9605102539062,-5.7069010734558105,3.4070329666137695,742.1719360351562,742.6824951171875,0.0003,0.0003,0.1
,,,,,464999,8335.014,1000,,,,,,,,
8093.2266,32.138462,8154.389,8050.9004,1000.0,465000,,,-736.9489135742188,-5.719139099121094,5.560605049133301,734.4283447265625,734.93701171875,0.0003,0.0003,0.1
,,,,,465999,8236.268,1000,,,,,,,,
,,,,,466000,,,-732.5228271484375,-6.356285095214844,4.635302543640137,730.4847412109375,730.5989990234375,0.0003,0.0003,0.1
,,,,,466999,8209.642,1000,,,,,,,,
,,,,,467000,,,-743.2069702148438,-6.092491149902344,4.959271430969238,741.7557373046875,741.921875,0.0003,0.0003,0.1
,,,,,467999,8290.378,1000,,,,,,,,
,,,,,468000,,,-735.5410766601562,-5.985803604125977,5.731276035308838,733.343505859375,733.826171875,0.0003,0.0003,0.1
,,,,,468999,8265.018,1000,,,,,,,,
,,,,,469000,,,-735.510986328125,-6.397922515869141,4.198496341705322,733.4690551757812,733.1544189453125,0.0003,0.0003,0.1
,,,,,469999,8269.7,1000,,,,,,,,
8416.832,75.50897,8541.912,8268.318,1000.0,470000,,,-750.1832885742188,-5.9906229972839355,4.030993461608887,748.8245849609375,748.4312133789062,0.0003,0.0003,0.1
,,,,,470999,8040.489,1000,,,,,,,,
,,,,,471000,,,-746.7244262695312,-5.958652019500732,3.5097403526306152,744.72412109375,745.0777587890625,0.0003,0.0003,0.1
,,,,,471999,8399.524,1000,,,,,,,,
,,,,,472000,,,-743.5570068359375,-5.545668601989746,3.614408016204834,741.30078125,741.54541015625,0.0003,0.0003,0.1
,,,,,472999,8071.892,1000,,,,,,,,
,,,,,473000,,,-741.9431762695312,-5.949353218078613,3.634873390197754,740.3958740234375,740.370849609375,0.0003,0.0003,0.1
,,,,,473999,8401.523,1000,,,,,,,,
,,,,,474000,,,-749.2781372070312,-6.482602596282959,4.072916030883789,747.9156494140625,747.8096313476562,0.0003,0.0003,0.1
,,,,,474999,8337.422,1000,,,,,,,,
8321.682,60.45754,8416.793,8223.988,1000.0,475000,,,-738.9240112304688,-5.955163955688477,4.902154922485352,736.8575439453125,737.2000732421875,0.0003,0.0003,0.1
,,,,,475999,8336.382,1000,,,,,,,,
,,,,,476000,,,-739.1410522460938,-6.269590854644775,4.883225440979004,737.802490234375,737.3677978515625,0.0003,0.0003,0.1
,,,,,476999,8253.091,1000,,,,,,,,
,,,,,477000,,,-742.6494750976562,-6.117717266082764,3.1791679859161377,740.7574462890625,740.7193603515625,0.0003,0.0003,0.1
,,,,,477999,8368.728,1000,,,,,,,,
,,,,,478000,,,-740.4800415039062,-5.894881725311279,3.6973414421081543,738.4771728515625,738.88916015625,0.0003,0.0003,0.1
,,,,,478999,8242.477,1000,,,,,,,,
,,,,,479000,,,-743.3746948242188,-6.499393463134766,4.501066207885742,741.5543212890625,741.8499145507812,0.0003,0.0003,0.1
,,,,,479999,8356.014,1000,,,,,,,,
8189.207,133.39162,8341.434,7874.941,1000.0,480000,,,-752.2050170898438,-6.424043655395508,4.327517032623291,751.1674194335938,750.926025390625,0.0003,0.0003,0.1
,,,,,480999,8425.528,1000,,,,,,,,
,,,,,481000,,,-751.1275024414062,-5.69370174407959,4.875971794128418,749.2635498046875,749.5172119140625,0.0003,0.0003,0.1
,,,,,481999,8330.926,1000,,,,,,,,
,,,,,482000,,,-747.030029296875,-6.280829429626465,3.549529552459717,745.2939453125,745.244140625,0.0003,0.0003,0.1
,,,,,482999,8243.843,1000,,,,,,,,
,,,,,483000,,,-748.4824829101562,-6.2371978759765625,3.5623202323913574,746.4010620117188,746.8917846679688,0.0003,0.0003,0.1
,,,,,483999,8283.746,1000,,,,,,,,
,,,,,484000,,,-748.61865234375,-6.069660186767578,3.474848985671997,747.2999267578125,747.0216064453125,0.0003,0.0003,0.1
,,,,,484999,8420.498,1000,,,,,,,,
8343.334,40.87343,8421.387,8286.526,1000.0,485000,,,-749.393310546875,-5.713757514953613,4.462898254394531,747.2985229492188,747.296875,0.0003,0.0003,0.1
,,,,,485999,8307.038,1000,,,,,,,,
,,,,,486000,,,-753.9364013671875,-6.175459384918213,6.2767181396484375,752.2188720703125,752.6737060546875,0.0003,0.0003,0.1
,,,,,486999,8290.81,1000,,,,,,,,
,,,,,487000,,,-744.799560546875,-6.64475679397583,4.224422454833984,742.9952392578125,742.712158203125,0.0003,0.0003,0.1
,,,,,487999,8442.426,1000,,,,,,,,
,,,,,488000,,,-748.0059204101562,-5.775969505310059,3.816286563873291,746.351318359375,746.1832275390625,0.0003,0.0003,0.1
,,,,,488999,8370.568,1000,,,,,,,,
,,,,,489000,,,-748.7355346679688,-5.72938346862793,4.381463050842285,746.7427978515625,746.5575561523438,0.0003,0.0003,0.1
,,,,,489999,8298.205,1000,,,,,,,,
8513.651,63.666145,8583.186,8373.066,1000.0,490000,,,-752.5131225585938,-6.538623809814453,3.959245204925537,750.9479370117188,750.6871337890625,0.0003,0.0003,0.1
,,,,,490999,8413.447,1000,,,,,,,,
,,,,,491000,,,-757.1912231445312,-5.408559799194336,4.287653923034668,755.4698486328125,755.247802734375,0.0003,0.0003,0.1
,,,,,491999,8493.229,1000,,,,,,,,
,,,,,492000,,,-751.230712890625,-6.3768110275268555,3.891615867614746,749.4527587890625,749.5869750976562,0.0003,0.0003,0.1
,,,,,492999,8375.351,1000,,,,,,,,
,,,,,493000,,,-752.8956909179688,-5.97499942779541,3.4392571449279785,750.5474243164062,750.4415283203125,0.0003,0.0003,0.1
,,,,,493999,8450.822,1000,,,,,,,,
,,,,,494000,,,-756.2508544921875,-6.830940246582031,5.556235313415527,754.5433349609375,754.3524169921875,0.0003,0.0003,0.1
,,,,,494999,8508.918,1000,,,,,,,,
8376.819,77.77623,8505.076,8269.692,1000.0,495000,,,-752.2487182617188,-6.606873035430908,4.325107574462891,750.386962890625,750.29736328125,0.0003,0.0003,0.1
,,,,,495999,8427.287,1000,,,,,,,,
,,,,,496000,,,-754.7435913085938,-5.865163803100586,5.5366411209106445,752.7619018554688,752.576904296875,0.0003,0.0003,0.1
,,,,,496999,8379.562,1000,,,,,,,,
,,,,,497000,,,-760.1865234375,-5.919052600860596,4.504631996154785,758.06103515625,757.6660766601562,0.0003,0.0003,0.1
,,,,,497999,8453.602,1000,,,,,,,,
,,,,,498000,,,-752.821533203125,-6.2486371994018555,3.6569664478302,751.3621826171875,751.1785888671875,0.0003,0.0003,0.1
,,,,,498999,8432.559,1000,,,,,,,,
,,,,,499000,,,-757.3369140625,-6.410273551940918,4.500577926635742,755.6383056640625,755.3256225585938,0.0003,0.0003,0.1
,,,,,499999,8558.82,1000,,,,,,,,
8420.504,89.59168,8535.571,8241.561,1000.0,500000,,,-753.9553833007812,-6.089362144470215,5.514422416687012,752.450439453125,752.5125732421875,0.0003,0.0003,0.1
,,,,,500999,8495.744,1000,,,,,,,,
,,,,,501000,,,-750.4014892578125,-6.478564739227295,3.9721994400024414,748.4548950195312,748.6165771484375,0.0003,0.0003,0.1
,,,,,501999,8505.707,1000,,,,,,,,
,,,,,502000,,,-757.7789306640625,-6.199031829833984,5.245430946350098,755.768310546875,755.845947265625,0.0003,0.0003,0.1
,,,,,502999,8521.376,1000,,,,,,,,
,,,,,503000,,,-757.6288452148438,-6.002559661865234,3.942884922027588,756.0064697265625,755.697998046875,0.0003,0.0003,0.1
,,,,,503999,8619.575,1000,,,,,,,,
,,,,,504000,,,-764.8063354492188,-6.157562255859375,4.000438690185547,763.339111328125,763.1707763671875,0.0003,0.0003,0.1
,,,,,504999,8566.04,1000,,,,,,,,
8593.668,50.864143,8653.139,8496.795,1000.0,505000,,,-765.4955444335938,-6.204348564147949,4.546070098876953,763.8548583984375,764.0692749023438,0.0003,0.0003,0.1
,,,,,505999,8570.165,1000,,,,,,,,
,,,,,506000,,,-763.66357421875,-5.884817600250244,3.654675006866455,761.9849853515625,761.8917236328125,0.0003,0.0003,0.1
,,,,,506999,8552.779,1000,,,,,,,,
,,,,,507000,,,-762.93798828125,-5.891109466552734,3.7496163845062256,761.4818115234375,761.418701171875,0.0003,0.0003,0.1
,,,,,507999,8531.05,1000,,,,,,,,
,,,,,508000,,,-757.2843627929688,-6.437285423278809,3.6056466102600098,755.1936645507812,755.6497192382812,0.0003,0.0003,0.1
,,,,,508999,8630.292,1000,,,,,,,,
,,,,,509000,,,-763.4984741210938,-5.927413463592529,4.1523308753967285,761.8594970703125,762.08984375,0.0003,0.0003,0.1
,,,,,509999,8635.785,1000,,,,,,,,
8587.393,110.514465,8701.897,8342.757,1000.0,510000,,,-763.3244018554688,-5.906329154968262,4.517692565917969,761.6666259765625,761.6318969726562,0.0003,0.0003,0.1
,,,,,510999,8463.193,1000,,,,,,,,
,,,,,511000,,,-759.4961547851562,-5.6887431144714355,4.410641670227051,757.9404296875,757.3811645507812,0.0003,0.0003,0.1
,,,,,511999,8642.366,1000,,,,,,,,
,,,,,512000,,,-760.5198974609375,-6.514062404632568,4.0438337326049805,758.085205078125,758.6015625,0.0003,0.0003,0.1
,,,,,512999,8474.566,1000,,,,,,,,
,,,,,513000,,,-756.0866088867188,-6.628399848937988,4.549543380737305,754.3963623046875,754.317138671875,0.0003,0.0003,0.1
,,,,,513999,8697.975,1000,,,,,,,,
,,,,,514000,,,-765.7059326171875,-6.254281520843506,6.0147905349731445,763.869140625,763.9971923828125,0.0003,0.0003,0.1
,,,,,514999,8594.974,1000,,,,,,,,
8614.975,144.13774,8775.311,8229.921,1000.0,515000,,,-760.7363891601562,-6.332376480102539,5.472564697265625,758.935546875,758.77734375,0.0003,0.0003,0.1
,,,,,515999,8651.154,1000,,,,,,,,
,,,,,516000,,,-763.9613037109375,-5.900795936584473,4.657397747039795,761.9629516601562,762.5208740234375,0.0003,0.0003,0.1
,,,,,516999,8593.681,1000,,,,,,,,
,,,,,517000,,,-761.736572265625,-6.04170036315918,4.321590900421143,760.0703125,759.6803588867188,0.0003,0.0003,0.1
,,,,,517999,8483.936,1000,,,,,,,,
,,,,,518000,,,-773.0848388671875,-6.228282451629639,5.9439849853515625,770.9991455078125,771.361328125,0.0003,0.0003,0.1
,,,,,518999,8700.088,1000,,,,,,,,
,,,,,519000,,,-771.7835083007812,-6.5404767990112305,4.434759616851807,769.8057861328125,770.13427734375,0.0003,0.0003,0.1
,,,,,519999,8734.137,1000,,,,,,,,
8770.064,93.21195,8879.8955,8573.382,1000.0,520000,,,-772.99560546875,-6.911602020263672,4.4337687492370605,770.5048217773438,770.6863403320312,0.0003,0.0003,0.1
,,,,,520999,8693.984,1000,,,,,,,,
,,,,,521000,,,-770.6318969726562,-6.663150787353516,4.695372581481934,768.77001953125,768.6898193359375,0.0003,0.0003,0.1
,,,,,521999,8640.947,1000,,,,,,,,
,,,,,522000,,,-778.6333618164062,-6.381385326385498,4.100590229034424,777.1567993164062,777.3778076171875,0.0003,0.0003,0.1
,,,,,522999,8687.118,1000,,,,,,,,
,,,,,523000,,,-769.114501953125,-6.762449264526367,4.2646260261535645,767.297607421875,767.0608520507812,0.0003,0.0003,0.1
,,,,,523999,8741.572,1000,,,,,,,,
,,,,,524000,,,-771.4588623046875,-6.337210178375244,3.8601861000061035,770.0525512695312,769.9669189453125,0.0003,0.0003,0.1
,,,,,524999,8752.444,1000,,,,,,,,
7866.689,1166.836,8575.916,4803.4844,1000.0,525000,,,-768.7742309570312,-5.833766937255859,4.136362075805664,767.1258544921875,767.0863647460938,0.0003,0.0003,0.1
,,,,,525999,8736.071,1000,,,,,,,,
,,,,,526000,,,-777.43701171875,-6.677713394165039,3.4396121501922607,775.1195678710938,775.133544921875,0.0003,0.0003,0.1
,,,,,526999,8837.301,1000,,,,,,,,
,,,,,527000,,,-774.762939453125,-6.502277374267578,3.768463611602783,772.5106201171875,772.9500732421875,0.0003,0.0003,0.1
,,,,,527999,8755.261,1000,,,,,,,,
,,,,,528000,,,-767.4083862304688,-6.5899658203125,4.825983047485352,765.01708984375,765.5885009765625,0.0003,0.0003,0.1
,,,,,528999,8764.617,1000,,,,,,,,
,,,,,529000,,,-770.689208984375,-6.072081565856934,4.779335021972656,768.9893188476562,768.6593017578125,0.0003,0.0003,0.1
,,,,,529999,8783.78,1000,,,,,,,,
8755.063,337.34714,8965.701,7772.7773,1000.0,530000,,,-776.4224243164062,-6.765193462371826,4.013800621032715,774.778076171875,774.5582275390625,0.0003,0.0003,0.1
,,,,,530999,8791.409,1000,,,,,,,,
,,,,,531000,,,-773.130126953125,-5.983627796173096,5.594972610473633,771.7842407226562,771.7122802734375,0.0003,0.0003,0.1
,,,,,531999,8768.163,1000,,,,,,,,
,,,,,532000,,,-768.2263793945312,-6.1515421867370605,5.435550689697266,766.2321166992188,765.9090576171875,0.0003,0.0003,0.1
,,,,,532999,8695.34,1000,,,,,,,,
,,,,,533000,,,-782.7156372070312,-6.0974931716918945,4.539134979248047,781.4244384765625,781.4954833984375,0.0003,0.0003,0.1
,,,,,533999,8700.097,1000,,,,,,,,
,,,,,534000,,,-781.2327270507812,-6.408164024353027,3.4671287536621094,779.2601928710938,779.5443115234375,0.0003,0.0003,0.1
,,,,,534999,8820.704,1000,,,,,,,,
8724.514,529.85785,8981.729,7143.802,1000.0,535000,,,-774.78564453125,-6.533330917358398,3.978670835494995,773.2816162109375,773.4246826171875,0.0003,0.0003,0.1
,,,,,535999,8744.459,1000,,,,,,,,
,,,,,536000,,,-779.1558837890625,-6.378912925720215,4.769364356994629,777.82666015625,777.8624877929688,0.0003,0.0003,0.1
,,,,,536999,8855.408,1000,,,,,,,,
,,,,,537000,,,-779.7542114257812,-6.56099271774292,4.845912933349609,777.6589965820312,777.7310791015625,0.0003,0.0003,0.1
,,,,,537999,8746.17,1000,,,,,,,,
,,,,,538000,,,-777.2567138671875,-6.341413497924805,3.983941078186035,775.9057006835938,775.8922119140625,0.0003,0.0003,0.1
,,,,,538999,8478.083,1000,,,,,,,,
,,,,,539000,,,-784.0223388671875,-6.539111614227295,4.178249835968018,782.016357421875,781.8155517578125,0.0003,0.0003,0.1
,,,,,539999,8683.886,1000,,,,,,,,
8839.567,73.728264,8978.211,8693.585,1000.0,540000,,,-776.8588256835938,-6.136013031005859,4.100798606872559,775.2305297851562,774.9019165039062,0.0003,0.0003,0.1
,,,,,540999,8853.981,1000,,,,,,,,
,,,,,541000,,,-774.817138671875,-6.485753059387207,3.9029133319854736,772.8672485351562,773.072021484375,0.0003,0.0003,0.1
,,,,,541999,8795.155,1000,,,,,,,,
,,,,,542000,,,-776.4581909179688,-6.347521781921387,5.2982072830200195,774.753173828125,775.0737915039062,0.0003,0.0003,0.1
,,,,,542999,8822.87,1000,,,,,,,,
,,,,,543000,,,-785.3658447265625,-6.333547592163086,4.432818412780762,783.9149169921875,784.0136108398438,0.0003,0.0003,0.1
,,,,,543999,8862.51,1000,,,,,,,,
,,,,,544000,,,-781.6170654296875,-6.032051086425781,4.218771457672119,780.1534423828125,779.6511840820312,0.0003,0.0003,0.1
,,,,,544999,8766.068,1000,,,,,,,,
8581.562,328.83975,8808.628,7651.1436,1000.0,545000,,,-784.228759765625,-6.225289344787598,3.7370030879974365,783.1611328125,782.5571899414062,0.0003,0.0003,0.1
,,,,,545999,8825.677,1000,,,,,,,,
,,,,,546000,,,-775.7689819335938,-6.599487781524658,5.245384216308594,773.341552734375,773.4894409179688,0.0003,0.0003,0.1
,,,,,546999,8841.271,1000,,,,,,,,
,,,,,547000,,,-783.925537109375,-6.579623222351074,4.864452362060547,782.516845703125,782.4061279296875,0.0003,0.0003,0.1
,,,,,547999,8915.305,1000,,,,,,,,
,,,,,548000,,,-785.1054077148438,-6.264235496520996,4.642043113708496,783.6304321289062,783.1502685546875,0.0003,0.0003,0.1
,,,,,548999,8888.656,1000,,,,,,,,
,,,,,549000,,,-791.296875,-5.991188049316406,7.041110515594482,789.6153564453125,789.7647705078125,0.0003,0.0003,0.1
,,,,,549999,8906.657,1000,,,,,,,,
8855.854,97.80418,8975.803,8664.001,1000.0,550000,,,-787.7274169921875,-6.371136665344238,4.734306335449219,785.877197265625,786.5474243164062,0.0003,0.0003,0.1
,,,,,550999,8791.837,1000,,,,,,,,
,,,,,551000,,,-788.1637573242188,-6.5360918045043945,5.014736175537109,785.676513671875,785.7401123046875,0.0003,0.0003,0.1
,,,,,551999,8848.079,1000,,,,,,,,
,,,,,552000,,,-793.3924560546875,-6.373579978942871,5.752553462982178,792.4493408203125,791.9846801757812,0.0003,0.0003,0.1
,,,,,552999,8936.995,1000,,,,,,,,
,,,,,553000,,,-781.7831420898438,-6.6194963455200195,6.759944915771484,779.889404296875,779.859619140625,0.0003,0.0003,0.1
,,,,,553999,8945.871,1000,,,,,,,,
,,,,,554000,,,-790.4581298828125,-6.291775703430176,4.264930725097656,788.9414672851562,789.0574951171875,0.0003,0.0003,0.1
,,,,,554999,8890.6045,1000,,,,,,,,
8965.053,55.030815,9065.351,8879.486,1000.0,555000,,,-788.9052734375,-6.123202323913574,3.935004234313965,787.3363037109375,787.2967529296875,0.0003,0.0003,0.1
,,,,,555999,9045.175,1000,,,,,,,,
,,,,,556000,,,-792.3201904296875,-6.8966169357299805,4.1735076904296875,790.553466796875,790.846923828125,0.0003,0.0003,0.1
,,,,,556999,8436.326,1000,,,,,,,,
,,,,,557000,,,-791.5272827148438,-6.253247261047363,4.811778545379639,789.3168334960938,789.54150390625,0.0003,0.0003,0.1
,,,,,557999,9032.776,1000,,,,,,,,
,,,,,558000,,,-786.6759033203125,-6.296433448791504,4.870909690856934,784.7424926757812,785.151611328125,0.0003,0.0003,0.1
,,,,,558999,8907.628,1000,,,,,,,,
,,,,,559000,,,-782.7881469726562,-7.063714027404785,3.8854544162750244,780.9010620117188,780.811767578125,0.0003,0.0003,0.1
,,,,,559999,8920.575,1000,,,,,,,,
8033.7173,2270.9043,8992.149,1233.6932,1000.0,560000,,,-790.4895629882812,-6.8573832511901855,6.184463024139404,788.7393798828125,789.2288818359375,0.0003,0.0003,0.1
,,,,,560999,9086.599,1000,,,,,,,,
,,,,,561000,,,-801.0718994140625,-6.051591873168945,4.213683128356934,799.473876953125,799.219970703125,0.0003,0.0003,0.1
,,,,,561999,9126.063,1000,,,,,,,,
,,,,,562000,,,-784.6030883789062,-6.425017356872559,4.599493026733398,782.4243774414062,782.4425048828125,0.0003,0.0003,0.1
,,,,,562999,9117.713,1000,,,,,,,,
,,,,,563000,,,-794.0281982421875,-6.408397674560547,5.039942264556885,791.71630859375,792.4481201171875,0.0003,0.0003,0.1
,,,,,563999,9027.825,1000,,,,,,,,
,,,,,564000,,,-801.40625,-5.994289875030518,3.878119945526123,799.977783203125,799.939208984375,0.0003,0.0003,0.1
,,,,,564999,8836.3,1000,,,,,,,,
8953.616,249.00867,9142.443,8229.495,1000.0,565000,,,-794.6292114257812,-6.361424446105957,3.7254929542541504,793.0166015625,793.1338500976562,0.0003,0.0003,0.1
,,,,,565999,9054.787,1000,,,,,,,,
,,,,,566000,,,-795.7750854492188,-7.127101898193359,5.086599349975586,793.18359375,792.927734375,0.0003,0.0003,0.1
,,,,,566999,8976.181,1000,,,,,,,,
,,,,,567000,,,-792.6481323242188,-6.256903648376465,12.206335067749023,791.1756591796875,790.9168701171875,0.0003,0.0003,0.1
,,,,,567999,9048.998,1000,,,,,,,,
,,,,,568000,,,-802.311279296875,-6.410025596618652,4.8852643966674805,800.7656860351562,800.302490234375,0.0003,0.0003,0.1
,,,,,568999,8981.031,1000,,,,,,,,
,,,,,569000,,,-801.6519775390625,-6.791022300720215,3.9359116554260254,799.5862426757812,799.373291015625,0.0003,0.0003,0.1
,,,,,569999,9125.313,1000,,,,,,,,
8487.308,1159.7202,9132.06,5033.4136,1000.0,570000,,,-800.5237426757812,-6.945169448852539,4.963372230529785,798.9924926757812,798.92138671875,0.0003,0.0003,0.1
,,,,,570999,9063.8125,1000,,,,,,,,
,,,,,571000,,,-802.8328247070312,-6.556705474853516,4.379053115844727,800.8853759765625,801.0657958984375,0.0003,0.0003,0.1
,,,,,571999,9063.395,1000,,,,,,,,
,,,,,572000,,,-804.2117919921875,-6.649753570556641,5.359013557434082,802.5731811523438,802.3505859375,0.0003,0.0003,0.1
,,,,,572999,8988.846,1000,,,,,,,,
,,,,,573000,,,-800.7908935546875,-5.991129398345947,5.697175025939941,798.784423828125,798.7501831054688,0.0003,0.0003,0.1
,,,,,573999,9003.433,1000,,,,,,,,
,,,,,574000,,,-796.8938598632812,-6.129856586456299,4.324484825134277,795.1461181640625,795.30126953125,0.0003,0.0003,0.1
,,,,,574999,9066.176,1000,,,,,,,,
9032.975,66.6185,9134.207,8930.988,1000.0,575000,,,-794.62744140625,-6.930464744567871,5.437076568603516,792.3965454101562,792.6173706054688,0.0003,0.0003,0.1
,,,,,575999,8915.939,1000,,,,,,,,
,,,,,576000,,,-799.8160400390625,-7.076838493347168,4.9788408279418945,797.4769897460938,797.8772583007812,0.0003,0.0003,0.1
,,,,,576999,9109.549,1000,,,,,,,,
,,,,,577000,,,-798.9723510742188,-6.091704845428467,5.839169502258301,797.1810913085938,797.1358032226562,0.0003,0.0003,0.1
,,,,,577999,8760.464,1000,,,,,,,,
,,,,,578000,,,-805.4806518554688,-6.218124866485596,4.803228378295898,803.1962280273438,803.1676635742188,0.0003,0.0003,0.1
,,,,,578999,9208.94,1000,,,,,,,,
,,,,,579000,,,-806.6223754882812,-6.792598247528076,4.743935585021973,805.2305908203125,804.732421875,0.0003,0.0003,0.1
,,,,,579999,9078.141,1000,,,,,,,,
9226.455,58.19611,9282.323,9072.523,1000.0,580000,,,-800.0745239257812,-7.060031414031982,4.952399730682373,797.7650146484375,798.014404296875,0.0003,0.0003,0.1
,,,,,580999,8993.254,1000,,,,,,,,
,,,,,581000,,,-810.437255859375,-6.6928205490112305,5.45051383972168,808.1658935546875,808.3125,0.0003,0.0003,0.1
,,,,,581999,9065.59,1000,,,,,,,,
,,,,,582000,,,-806.1981201171875,-6.852822780609131,4.892568588256836,804.0923461914062,804.1343994140625,0.0003,0.0003,0.1
,,,,,582999,9000.774,1000,,,,,,,,
,,,,,583000,,,-804.2286376953125,-6.363473415374756,4.556189060211182,801.912841796875,802.3445434570312,0.0003,0.0003,0.1
,,,,,583999,9118.419,1000,,,,,,,,
,,,,,584000,,,-809.9760131835938,-6.83906364440918,4.130573272705078,808.4801025390625,808.6395263671875,0.0003,0.0003,0.1
,,,,,584999,9161.899,1000,,,,,,,,
9056.234,144.38374,9166.663,8670.721,1000.0,585000,,,-802.9332275390625,-6.568356513977051,4.154559135437012,801.2199096679688,801.4295654296875,0.0003,0.0003,0.1
,,,,,585999,9158.356,1000,,,,,,,,
,,,,,586000,,,-812.7363891601562,-6.670425891876221,3.7398829460144043,810.7113037109375,810.94775390625,0.0003,0.0003,0.1
,,,,,586999,9103.788,1000,,,,,,,,
,,,,,587000,,,-803.8947143554688,-7.221238136291504,4.816671371459961,801.967041015625,801.7979736328125,0.0003,0.0003,0.1
,,,,,587999,9049.935,1000,,,,,,,,
,,,,,588000,,,-804.819580078125,-6.688523292541504,7.771310806274414,803.0111694335938,802.432373046875,0.0003,0.0003,0.1
,,,,,588999,9214.85,1000,,,,,,,,
,,,,,589000,,,-813.8543701171875,-6.220613956451416,3.940276622772217,811.7274780273438,812.2264404296875,0.0003,0.0003,0.1
,,,,,589999,9174.975,1000,,,,,,,,
9058.744,54.19285,9161.831,8981.043,1000.0,590000,,,-810.3553466796875,-6.449193000793457,5.4449615478515625,808.406494140625,808.15380859375,0.0003,0.0003,0.1
,,,,,590999,9226.015,1000,,,,,,,,
,,,,,591000,,,-805.1024169921875,-6.906937122344971,6.305724143981934,803.120849609375,803.068115234375,0.0003,0.0003,0.1
,,,,,591999,9294.899,1000,,,,,,,,
,,,,,592000,,,-814.7067260742188,-6.804874420166016,6.615139484405518,812.4268188476562,812.7496337890625,0.0003,0.0003,0.1
,,,,,592999,9256.088,1000,,,,,,,,
,,,,,593000,,,-803.5238037109375,-6.4112982749938965,5.121072769165039,801.26123046875,801.2403564453125,0.0003,0.0003,0.1
,,,,,593999,9175.0625,1000,,,,,,,,
,,,,,594000,,,-820.47802734375,-6.424136161804199,6.109672546386719,818.699462890625,818.52685546875,0.0003,0.0003,0.1
,,,,,594999,9090.907,1000,,,,,,,,
9256.804,58.91809,9338.76,9141.041,1000.0,595000,,,-813.6071166992188,-6.638998031616211,4.703027725219727,811.4365844726562,811.6124267578125,0.0003,0.0003,0.1
,,,,,595999,9087.427,1000,,,,,,,,
,,,,,596000,,,-813.4822998046875,-6.606592178344727,6.761835098266602,811.7821044921875,812.3695068359375,0.0003,0.0003,0.1
,,,,,596999,9113.459,1000,,,,,,,,
,,,,,597000,,,-817.9297485351562,-7.301074981689453,5.084416389465332,816.3316650390625,816.1339721679688,0.0003,0.0003,0.1
,,,,,597999,9239.383,1000,,,,,,,,
,,,,,598000,,,-811.7998046875,-6.843689918518066,4.938408851623535,809.6366577148438,809.333251953125,0.0003,0.0003,0.1
,,,,,598999,9007.532,1000,,,,,,,,
,,,,,599000,,,-816.716796875,-6.9052534103393555,4.97164249420166,814.7088623046875,814.8078002929688,0.0003,0.0003,0.1
,,,,,599999,9346.209,1000,,,,,,,,
8897.791,679.5956,9279.731,6875.762,1000.0,600000,,,-811.8992309570312,-6.774282455444336,5.320200443267822,810.30810546875,810.1390380859375,0.0003,0.0003,0.1
,,,,,600999,9226.146,1000,,,,,,,,
,,,,,601000,,,-824.1073608398438,-6.384585380554199,5.636080265045166,822.7293701171875,822.9877319335938,0.0003,0.0003,0.1
,,,,,601999,9122.002,1000,,,,,,,,
,,,,,602000,,,-819.1870727539062,-6.937912940979004,4.89007043838501,817.4219970703125,816.9738159179688,0.0003,0.0003,0.1
,,,,,602999,9297.26,1000,,,,,,,,
,,,,,603000,,,-823.8637084960938,-6.5962629318237305,5.015370845794678,822.529052734375,822.104248046875,0.0003,0.0003,0.1
,,,,,603999,9006.752,1000,,,,,,,,
,,,,,604000,,,-819.1826171875,-7.287785053253174,5.886143684387207,816.9041748046875,816.43212890625,0.0003,0.0003,0.1
,,,,,604999,9320.482,1000,,,,,,,,
8284.598,2326.8562,9377.091,1550.1194,1000.0,605000,,,-813.0005493164062,-6.500945568084717,4.659869194030762,810.7066650390625,810.5261840820312,0.0003,0.0003,0.1
,,,,,605999,9244.269,1000,,,,,,,,
,,,,,606000,,,-818.1782836914062,-6.643943786621094,4.787235260009766,816.554931640625,816.4998779296875,0.0003,0.0003,0.1
,,,,,606999,9204.504,1000,,,,,,,,
,,,,,607000,,,-821.6441650390625,-6.8456010818481445,6.074480056762695,819.5028076171875,819.64208984375,0.0003,0.0003,0.1
,,,,,607999,9294.997,1000,,,,,,,,
,,,,,608000,,,-823.9298095703125,-6.392772674560547,5.826767921447754,822.6294555664062,822.4476318359375,0.0003,0.0003,0.1
,,,,,608999,9297.934,1000,,,,,,,,
,,,,,609000,,,-828.6491088867188,-6.6751909255981445,4.925257205963135,826.8880004882812,826.4591674804688,0.0003,0.0003,0.1
,,,,,609999,9226.492,1000,,,,,,,,
9231.08,134.91621,9357.341,8929.986,1000.0,610000,,,-827.8638305664062,-6.688573837280273,4.669855117797852,826.1338500976562,826.1057739257812,0.0003,0.0003,0.1
,,,,,610999,9319.686,1000,,,,,,,,
,,,,,611000,,,-825.0870971679688,-6.615287780761719,4.906578063964844,823.1312866210938,822.916015625,0.0003,0.0003,0.1
,,,,,611999,9243.943,1000,,,,,,,,
,,,,,612000,,,-833.8593139648438,-7.727421760559082,7.0437116622924805,831.951904296875,832.20068359375,0.0003,0.0003,0.1
,,,,,612999,9358.284,1000,,,,,,,,
,,,,,613000,,,-825.7518920898438,-6.580234050750732,8.284528732299805,824.3236083984375,823.6702880859375,0.0003,0.0003,0.1
,,,,,613999,9283.997,1000,,,,,,,,
,,,,,614000,,,-835.540771484375,-6.403594017028809,3.171506404876709,834.4822387695312,834.534423828125,0.0003,0.0003,0.1
,,,,,614999,9228.88,1000,,,,,,,,
9370.44,81.50079,9495.746,9242.028,1000.0,615000,,,-829.7664184570312,-6.927730560302734,4.268135070800781,827.38525390625,827.6314697265625,0.0003,0.0003,0.1
,,,,,615999,9311.322,1000,,,,,,,,
,,,,,616000,,,-823.57275390625,-6.7893571853637695,4.9688005447387695,821.7830810546875,821.259521484375,0.0003,0.0003,0.1
,,,,,616999,9392.641,1000,,,,,,,,
,,,,,617000,,,-822.66796875,-6.888358116149902,5.234661102294922,821.1663818359375,820.8753662109375,0.0003,0.0003,0.1
,,,,,617999,9211.623,1000,,,,,,,,
,,,,,618000,,,-828.474609375,-6.811334133148193,4.584310054779053,825.976318359375,825.97900390625,0.0003,0.0003,0.1
,,,,,618999,9289.702,1000,,,,,,,,
,,,,,619000,,,-826.185791015625,-6.577572822570801,4.7907867431640625,824.7672119140625,824.6107177734375,0.0003,0.0003,0.1
,,,,,619999,9228.02,1000,,,,,,,,
9381.654,80.43334,9476.67,9236.302,1000.0,620000,,,-828.5901489257812,-6.580403804779053,4.0538458824157715,826.943603515625,827.15771484375,0.0003,0.0003,0.1
,,,,,620999,9225.021,1000,,,,,,,,
,,,,,621000,,,-825.8529052734375,-6.281473159790039,5.728823184967041,823.61962890625,823.85888671875,0.0003,0.0003,0.1
,,,,,621999,9291.753,1000,,,,,,,,
,,,,,622000,,,-823.8924560546875,-7.279137134552002,4.108214378356934,821.4425048828125,821.8343505859375,0.0003,0.0003,0.1
,,,,,622999,9217.76,1000,,,,,,,,
,,,,,623000,,,-828.9168701171875,-6.808941841125488,5.873440265655518,827.3948364257812,826.87646484375,0.0003,0.0003,0.1
,,,,,623999,9309.553,1000,,,,,,,,
,,,,,624000,,,-830.3839111328125,-6.758023738861084,4.172779083251953,828.1962890625,828.6708984375,0.0003,0.0003,0.1
,,,,,624999,9422.289,1000,,,,,,,,
9239.801,189.00963,9477.72,8769.853,1000.0,625000,,,-837.2650756835938,-7.1941070556640625,7.053709983825684,835.8999633789062,835.896728515625,0.0003,0.0003,0.1
,,,,,625999,9306.675,1000,,,,,,,,
,,,,,626000,,,-825.5183715820312,-6.917150497436523,6.130230903625488,823.0335693359375,823.5691528320312,0.0003,0.0003,0.1
,,,,,626999,9345.085,1000,,,,,,,,
,,,,,627000,,,-836.8192138671875,-6.792082786560059,6.038544654846191,834.92529296875,835.121337890625,0.0003,0.0003,0.1
,,,,,627999,9303.511,1000,,,,,,,,
,,,,,628000,,,-831.6066284179688,-6.6351213455200195,5.569971084594727,830.0311279296875,830.0199584960938,0.0003,0.0003,0.1
,,,,,628999,9233.53,1000,,,,,,,,
,,,,,629000,,,-834.45703125,-6.966806411743164,7.468851089477539,832.2942504882812,832.1710205078125,0.0003,0.0003,0.1
,,,,,629999,9326.047,1000,,,,,,,,
9419.284,84.69431,9563.275,9273.478,1000.0,630000,,,-833.4325561523438,-7.345756530761719,3.9819586277008057,831.5022583007812,831.344970703125,0.0003,0.0003,0.1
,,,,,630999,8893.375,1000,,,,,,,,
,,,,,631000,,,-838.2715454101562,-6.914018630981445,3.9070701599121094,836.300048828125,836.465576171875,0.0003,0.0003,0.1
,,,,,631999,9261.71,1000,,,,,,,,
,,,,,632000,,,-835.6708374023438,-6.940274715423584,4.938789367675781,833.95849609375,834.0331420898438,0.0003,0.0003,0.1
,,,,,632999,9401.962,1000,,,,,,,,
,,,,,633000,,,-832.2863159179688,-6.795408725738525,4.3793816566467285,831.3612060546875,831.4235229492188,0.0003,0.0003,0.1
,,,,,633999,9466.973,1000,,,,,,,,
,,,,,634000,,,-842.4730224609375,-6.509821891784668,3.158290386199951,841.513427734375,841.4703369140625,0.0003,0.0003,0.1
,,,,,634999,9421.492,1000,,,,,,,,
9399.416,69.67026,9539.583,9291.045,1000.0,635000,,,-842.0081176757812,-6.917549133300781,5.51150369644165,839.9359741210938,839.8904418945312,0.0003,0.0003,0.1
,,,,,635999,9225.58,1000,,,,,,,,
,,,,,636000,,,-831.6368408203125,-6.96907901763916,4.626564025878906,829.590087890625,829.9779052734375,0.0003,0.0003,0.1
,,,,,636999,9508.34,1000,,,,,,,,
,,,,,637000,,,-829.9759521484375,-6.8324689865112305,6.248103141784668,827.73291015625,828.0301513671875,0.0003,0.0003,0.1
,,,,,637999,9363.424,1000,,,,,,,,
,,,,,638000,,,-836.1810913085938,-6.8639678955078125,5.030083656311035,834.598876953125,834.3441162109375,0.0003,0.0003,0.1
,,,,,638999,9212.198,1000,,,,,,,,
,,,,,639000,,,-842.5818481445312,-6.399728775024414,4.9790191650390625,841.1978759765625,841.4534301757812,0.0003,0.0003,0.1
,,,,,639999,9387.052,1000,,,,,,,,
9195.842,101.11166,9294.893,9004.613,1000.0,640000,,,-839.8096313476562,-6.933045864105225,5.2513427734375,838.1141967773438,837.7449951171875,0.0003,0.0003,0.1
,,,,,640999,7831.8115,1000,,,,,,,,
,,,,,641000,,,-838.6175537109375,-6.774962425231934,5.494880676269531,836.7376708984375,837.2896728515625,0.0003,0.0003,0.1
,,,,,641999,9328.134,1000,,,,,,,,
,,,,,642000,,,-834.8976440429688,-7.258427619934082,7.107612609863281,832.9385375976562,833.458251953125,0.0003,0.0003,0.1
,,,,,642999,9286.697,1000,,,,,,,,
,,,,,643000,,,-831.7086181640625,-6.662487983703613,5.762993812561035,829.8137817382812,829.90576171875,0.0003,0.0003,0.1
,,,,,643999,9428.044,1000,,,,,,,,
,,,,,644000,,,-852.8831787109375,-6.618529319763184,4.730264663696289,850.8619995117188,850.7461547851562,0.0003,0.0003,0.1
,,,,,644999,8625.008,1000,,,,,,,,
9373.554,57.61045,9446.444,9274.289,1000.0,645000,,,-837.413818359375,-7.072673797607422,6.251055717468262,835.5818481445312,835.55126953125,0.0003,0.0003,0.1
,,,,,645999,9483.19,1000,,,,,,,,
,,,,,646000,,,-833.0606689453125,-6.815479755401611,4.848679542541504,831.0569458007812,831.2708129882812,0.0003,0.0003,0.1
,,,,,646999,9408.962,1000,,,,,,,,
,,,,,647000,,,-843.4657592773438,-7.0135273933410645,5.03129768371582,841.2302856445312,841.031005859375,0.0003,0.0003,0.1
,,,,,647999,9358.982,1000,,,,,,,,
,,,,,648000,,,-850.0060424804688,-7.048763275146484,6.523680686950684,848.302734375,848.7850341796875,0.0003,0.0003,0.1
,,,,,648999,9508.23,1000,,,,,,,,
,,,,,649000,,,-830.999267578125,-7.342656135559082,5.62921142578125,829.00439453125,829.17626953125,0.0003,0.0003,0.1
,,,,,649999,9323.391,1000,,,,,,,,
9172.268,133.57886,9347.087,8922.848,1000.0,650000,,,-840.0318603515625,-6.3688530921936035,4.7042694091796875,838.0888671875,837.9390869140625,0.0003,0.0003,0.1
,,,,,650999,960.4774,1000,,,,,,,,
,,,,,651000,,,-843.84619140625,-7.137294769287109,5.805183410644531,841.6729736328125,841.6654052734375,0.0003,0.0003,0.1
,,,,,651999,9343.832,1000,,,,,,,,
,,,,,652000,,,-843.9766235351562,-6.997905731201172,5.320080757141113,841.6611938476562,841.8475341796875,0.0003,0.0003,0.1
,,,,,652999,9458.15,1000,,,,,,,,
,,,,,653000,,,-836.8951416015625,-7.391321182250977,5.026613235473633,835.287109375,835.4293823242188,0.0003,0.0003,0.1
,,,,,653999,9538.276,1000,,,,,,,,
,,,,,654000,,,-844.8978271484375,-6.648245334625244,5.09248161315918,843.2315673828125,843.6190185546875,0.0003,0.0003,0.1
,,,,,654999,9350.4795,1000,,,,,,,,
9456.403,66.18116,9535.599,9285.979,1000.0,655000,,,-840.5560913085938,-6.514739990234375,5.654815673828125,839.0194091796875,838.681396484375,0.0003,0.0003,0.1
,,,,,655999,9213.683,1000,,,,,,,,
,,,,,656000,,,-838.225830078125,-7.121709823608398,8.186443328857422,836.5794677734375,836.2838134765625,0.0003,0.0003,0.1
,,,,,656999,9497.358,1000,,,,,,,,
,,,,,657000,,,-845.0663452148438,-7.135590076446533,7.322519302368164,842.9002075195312,843.450927734375,0.0003,0.0003,0.1
,,,,,657999,9491.504,1000,,,,,,,,
,,,,,658000,,,-852.5287475585938,-7.668895721435547,6.860895156860352,851.105712890625,850.8384399414062,0.0003,0.0003,0.1
,,,,,658999,9431.596,1000,,,,,,,,
,,,,,659000,,,-834.1829833984375,-6.756888389587402,5.503620624542236,832.1995849609375,832.7146606445312,0.0003,0.0003,0.1
,,,,,659999,9430.226,1000,,,,,,,,
9569.649,58.16722,9636.229,9412.854,1000.0,660000,,,-853.30078125,-6.800785064697266,5.53920841217041,851.8646240234375,851.9568481445312,0.0003,0.0003,0.1
,,,,,660999,9431.616,1000,,,,,,,,
,,,,,661000,,,-851.701416015625,-6.953374862670898,6.085472106933594,850.1262817382812,850.03759765625,0.0003,0.0003,0.1
,,,,,661999,8042.806,1000,,,,,,,,
,,,,,662000,,,-849.5309448242188,-6.88618278503418,5.731328010559082,848.2357788085938,847.925537109375,0.0003,0.0003,0.1
,,,,,662999,9492.752,1000,,,,,,,,
,,,,,663000,,,-846.07861328125,-6.6110076904296875,5.006487846374512,844.2757568359375,843.9132080078125,0.0003,0.0003,0.1
,,,,,663999,9464.153,1000,,,,,,,,
,,,,,664000,,,-853.45556640625,-7.062807083129883,6.247795581817627,851.423583984375,851.677734375,0.0003,0.0003,0.1
,,,,,664999,9449.781,1000,,,,,,,,
9563.083,90.325615,9740.311,9407.48,1000.0,665000,,,-848.74609375,-6.613309383392334,5.147456169128418,846.8929443359375,846.9607543945312,0.0003,0.0003,0.1
,,,,,665999,9457.168,1000,,,,,,,,
,,,,,666000,,,-849.524169921875,-6.7079010009765625,6.177844047546387,848.0179443359375,848.4818115234375,0.0003,0.0003,0.1
,,,,,666999,9459.977,1000,,,,,,,,
,,,,,667000,,,-857.2484130859375,-6.086751937866211,6.0662665367126465,855.6776123046875,856.2850341796875,0.0003,0.0003,0.1
,,,,,667999,9430.933,1000,,,,,,,,
,,,,,668000,,,-849.7227172851562,-6.825544357299805,5.760009765625,847.529296875,847.3031616210938,0.0003,0.0003,0.1
,,,,,668999,9468.471,1000,,,,,,,,
,,,,,669000,,,-851.0592041015625,-6.866255760192871,6.552088737487793,849.6551513671875,849.0235595703125,0.0003,0.0003,0.1
,,,,,669999,9556.8955,1000,,,,,,,,
9494.52,51.7487,9590.486,9411.241,1000.0,670000,,,-859.5579223632812,-6.477993011474609,6.024950981140137,858.1578369140625,858.3873291015625,0.0003,0.0003,0.1
,,,,,670999,9570.862,1000,,,,,,,,
,,,,,671000,,,-841.4654541015625,-7.24979305267334,7.9233269691467285,839.694091796875,839.3740234375,0.0003,0.0003,0.1
,,,,,671999,9517.142,1000,,,,,,,,
,,,,,672000,,,-848.221435546875,-6.63144588470459,4.654824256896973,846.751708984375,846.8683471679688,0.0003,0.0003,0.1
,,,,,672999,9454.335,1000,,,,,,,,
,,,,,673000,,,-845.1405639648438,-6.445808410644531,6.132542610168457,842.91845703125,842.7008056640625,0.0003,0.0003,0.1
,,,,,673999,9500.883,1000,,,,,,,,
,,,,,674000,,,-855.2611694335938,-6.839258193969727,4.0434889793396,853.7493896484375,853.5908813476562,0.0003,0.0003,0.1
,,,,,674999,9565.829,1000,,,,,,,,
9700.216,65.64853,9804.772,9529.35,1000.0,675000,,,-866.0567626953125,-6.993740081787109,6.3117523193359375,864.2442626953125,864.0848999023438,0.0003,0.0003,0.1
,,,,,675999,9568.1045,1000,,,,,,,,
,,,,,676000,,,-849.1810302734375,-6.857843399047852,5.7678937911987305,847.6543579101562,847.1235961914062,0.0003,0.0003,0.1
,,,,,676999,9598.695,1000,,,,,,,,
,,,,,677000,,,-855.2037963867188,-6.519514560699463,4.621746063232422,853.3760375976562,853.407958984375,0.0003,0.0003,0.1
,,,,,677999,9600.28,1000,,,,,,,,
,,,,,678000,,,-858.7982788085938,-6.9987335205078125,6.205230236053467,856.9003295898438,857.208251953125,0.0003,0.0003,0.1
,,,,,678999,9487.578,1000,,,,,,,,
,,,,,679000,,,-851.508544921875,-6.674630641937256,4.308403968811035,849.1023559570312,849.4217529296875,0.0003,0.0003,0.1
,,,,,679999,9619.78,1000,,,,,,,,
9695.062,83.20692,9848.458,9568.48,1000.0,680000,,,-853.160888671875,-6.6967267990112305,5.459511756896973,851.58251953125,851.695068359375,0.0003,0.0003,0.1
,,,,,680999,9625.634,1000,,,,,,,,
,,,,,681000,,,-854.3338012695312,-6.510802268981934,6.153860092163086,852.2901611328125,852.697021484375,0.0003,0.0003,0.1
,,,,,681999,9632.077,1000,,,,,,,,
,,,,,682000,,,-844.87353515625,-7.347232818603516,5.102921485900879,842.541015625,842.4974975585938,0.0003,0.0003,0.1
,,,,,682999,9486.802,1000,,,,,,,,
,,,,,683000,,,-865.2830810546875,-6.703907489776611,4.4773664474487305,863.791015625,863.4449462890625,0.0003,0.0003,0.1
,,,,,683999,9518.161,1000,,,,,,,,
,,,,,684000,,,-856.3090209960938,-7.124846458435059,5.980852127075195,854.4596557617188,854.3259887695312,0.0003,0.0003,0.1
,,,,,684999,9557.31,1000,,,,,,,,
9624.052,102.50937,9716.552,9360.979,1000.0,685000,,,-857.0779418945312,-6.941488265991211,5.277199745178223,854.7562866210938,854.412109375,0.0003,0.0003,0.1
,,,,,685999,9533.358,1000,,,,,,,,
,,,,,686000,,,-854.3429565429688,-6.82420539855957,5.229366779327393,852.3407592773438,852.618896484375,0.0003,0.0003,0.1
,,,,,686999,9538.805,1000,,,,,,,,
,,,,,687000,,,-857.1018676757812,-7.619990825653076,6.240322589874268,855.095703125,855.1161499023438,0.0003,0.0003,0.1
,,,,,687999,9505.625,1000,,,,,,,,
,,,,,688000,,,-864.793701171875,-7.369274139404297,4.2933526039123535,863.2233276367188,863.10302734375,0.0003,0.0003,0.1
,,,,,688999,9487.611,1000,,,,,,,,
,,,,,689000,,,-864.5054321289062,-7.233522415161133,5.5011186599731445,862.6036376953125,862.8014526367188,0.0003,0.0003,0.1
,,,,,689999,9456.039,1000,,,,,,,,
9706.338,69.21896,9832.931,9629.674,1000.0,690000,,,-860.0023193359375,-6.9924116134643555,5.088131904602051,858.031005859375,858.3711547851562,0.0003,0.0003,0.1
,,,,,690999,9713.903,1000,,,,,,,,
,,,,,691000,,,-862.7849731445312,-6.4168524742126465,5.064249038696289,860.6409912109375,860.8675537109375,0.0003,0.0003,0.1
,,,,,691999,9551.583,1000,,,,,,,,
,,,,,692000,,,-864.8931274414062,-6.9245452880859375,10.298498153686523,862.6538696289062,862.1680297851562,0.0003,0.0003,0.1
,,,,,692999,9615.702,1000,,,,,,,,
,,,,,693000,,,-860.4838256835938,-7.059661865234375,4.994114875793457,858.7936401367188,859.1233520507812,0.0003,0.0003,0.1
,,,,,693999,9574.233,1000,,,,,,,,
,,,,,694000,,,-865.1497192382812,-7.183099746704102,4.9258527755737305,863.2900390625,862.9735717773438,0.0003,0.0003,0.1
,,,,,694999,9315.153,1000,,,,,,,,
9696.561,77.53851,9818.619,9550.152,1000.0,695000,,,-865.66162109375,-6.967992782592773,4.066370964050293,864.061279296875,864.1710205078125,0.0003,0.0003,0.1
,,,,,695999,9540.247,1000,,,,,,,,
,,,,,696000,,,-854.692138671875,-6.958371162414551,7.002147674560547,853.2564086914062,852.8643798828125,0.0003,0.0003,0.1
,,,,,696999,9681.753,1000,,,,,,,,
,,,,,697000,,,-867.9730834960938,-6.888986587524414,5.313723564147949,866.0746459960938,865.8023681640625,0.0003,0.0003,0.1
,,,,,697999,9650.98,1000,,,,,,,,
,,,,,698000,,,-862.780029296875,-7.33980131149292,9.354881286621094,861.5890502929688,861.9287719726562,0.0003,0.0003,0.1
,,,,,698999,9559.951,1000,,,,,,,,
,,,,,699000,,,-860.0740966796875,-7.040140151977539,5.43503475189209,858.4754638671875,858.6976318359375,0.0003,0.0003,0.1
,,,,,699999,9554.354,1000,,,,,,,,
9408.086,676.51465,9853.956,7878.3965,1000.0,700000,,,-862.91943359375,-7.146284103393555,5.65890645980835,861.30615234375,860.697998046875,0.0003,0.0003,0.1
,,,,,700999,9547.765,1000,,,,,,,,
,,,,,701000,,,-861.3524780273438,-6.688185214996338,6.805356025695801,859.535400390625,859.7388916015625,0.0003,0.0003,0.1
,,,,,701999,6795.6,1000,,,,,,,,
,,,,,702000,,,-865.1790771484375,-6.943964004516602,6.341423988342285,863.6900634765625,863.3614501953125,0.0003,0.0003,0.1
,,,,,702999,9132.948,1000,,,,,,,,
,,,,,703000,,,-864.5775756835938,-7.015235424041748,5.170154571533203,862.6979370117188,862.5850830078125,0.0003,0.0003,0.1
,,,,,703999,9497.506,1000,,,,,,,,
,,,,,704000,,,-864.172119140625,-7.064820766448975,5.928662300109863,862.1932983398438,862.2704467773438,0.0003,0.0003,0.1
,,,,,704999,9713.829,1000,,,,,,,,
9638.35,81.12272,9746.495,9487.746,1000.0,705000,,,-862.9495849609375,-6.690150260925293,5.584216117858887,861.2154541015625,861.306640625,0.0003,0.0003,0.1
,,,,,705999,9709.827,1000,,,,,,,,
,,,,,706000,,,-861.1844482421875,-7.093275547027588,6.121801853179932,858.5152587890625,858.9561767578125,0.0003,0.0003,0.1
,,,,,706999,9563.542,1000,,,,,,,,
,,,,,707000,,,-862.0614013671875,-7.35365629196167,8.301409721374512,859.9219970703125,859.9825439453125,0.0003,0.0003,0.1
,,,,,707999,9574.635,1000,,,,,,,,
,,,,,708000,,,-864.56982421875,-7.192514419555664,7.097373008728027,862.634521484375,862.218994140625,0.0003,0.0003,0.1
,,,,,708999,9462.972,1000,,,,,,,,
,,,,,709000,,,-865.53662109375,-7.125335693359375,7.31184196472168,863.7000122070312,863.1143798828125,0.0003,0.0003,0.1
,,,,,709999,9626.446,1000,,,,,,,,
9465.079,87.71851,9555.191,9254.279,1000.0,710000,,,-873.13232421875,-6.72117805480957,5.752676010131836,871.6219482421875,871.202880859375,0.0003,0.0003,0.1
,,,,,710999,9703.923,1000,,,,,,,,
,,,,,711000,,,-866.2787475585938,-7.0833516120910645,6.67069673538208,864.3623046875,864.5294189453125,0.0003,0.0003,0.1
,,,,,711999,9637.755,1000,,,,,,,,
,,,,,712000,,,-860.0317993164062,-7.3755998611450195,5.211647033691406,858.489501953125,858.530029296875,0.0003,0.0003,0.1
,,,,,712999,9192.784,1000,,,,,,,,
,,,,,713000,,,-864.8152465820312,-6.983259201049805,7.389340400695801,862.6470336914062,863.0333251953125,0.0003,0.0003,0.1
,,,,,713999,9570.969,1000,,,,,,,,
,,,,,714000,,,-867.754638671875,-7.018939971923828,5.934849262237549,866.5557250976562,866.4852294921875,0.0003,0.0003,0.1
,,,,,714999,9575.475,1000,,,,,,,,
9714.092,115.7068,9865.776,9404.599,1000.0,715000,,,-869.557861328125,-6.369215965270996,5.500420570373535,867.828857421875,867.9022216796875,0.0003,0.0003,0.1
,,,,,715999,9579.987,1000,,,,,,,,
,,,,,716000,,,-867.5072631835938,-7.136454105377197,5.262277603149414,865.6741943359375,865.6762084960938,0.0003,0.0003,0.1
,,,,,716999,9599.46,1000,,,,,,,,
,,,,,717000,,,-875.405029296875,-6.74834680557251,7.099809646606445,873.7869262695312,873.4671630859375,0.0003,0.0003,0.1
,,,,,717999,9758.994,1000,,,,,,,,
,,,,,718000,,,-868.4507446289062,-7.284515380859375,5.012885570526123,866.60400390625,866.7640380859375,0.0003,0.0003,0.1
,,,,,718999,4699.739,1000,,,,,,,,
,,,,,719000,,,-879.9620971679688,-6.634174346923828,5.653254508972168,878.358642578125,878.138671875,0.0003,0.0003,0.1
,,,,,719999,9534.406,1000,,,,,,,,
9662.266,72.71499,9768.558,9543.121,1000.0,720000,,,-866.7042236328125,-6.599104404449463,4.746382713317871,865.0149536132812,864.526123046875,0.0003,0.0003,0.1
,,,,,720999,9674.722,1000,,,,,,,,
,,,,,721000,,,-875.893798828125,-6.719825744628906,4.638469219207764,874.1275634765625,874.2166137695312,0.0003,0.0003,0.1
,,,,,721999,9544.28,1000,,,,,,,,
,,,,,722000,,,-867.7354125976562,-7.185535907745361,7.205746650695801,865.88916015625,865.6934204101562,0.0003,0.0003,0.1
,,,,,722999,9616.39,1000,,,,,,,,
,,,,,723000,,,-871.6339111328125,-7.433464050292969,6.192873954772949,869.4561767578125,870.14306640625,0.0003,0.0003,0.1
,,,,,723999,9651.687,1000,,,,,,,,
,,,,,724000,,,-876.2581176757812,-6.983391761779785,6.280765056610107,874.9636840820312,874.835693359375,0.0003,0.0003,0.1
,,,,,724999,9658.304,1000,,,,,,,,
9659.761,89.79076,9790.338,9518.891,1000.0,725000,,,-866.2079467773438,-7.2600884437561035,9.619680404663086,863.790771484375,864.373291015625,0.0003,0.0003,0.1
,,,,,725999,9665.042,1000,,,,,,,,
,,,,,726000,,,-869.2623291015625,-6.960239887237549,5.439687252044678,867.67333984375,867.630859375,0.0003,0.0003,0.1
,,,,,726999,9209.104,1000,,,,,,,,
,,,,,727000,,,-882.6889038085938,-7.065597057342529,4.813826084136963,881.155029296875,881.480224609375,0.0003,0.0003,0.1
,,,,,727999,9621.889,1000,,,,,,,,
,,,,,728000,,,-868.6818237304688,-7.228437423706055,5.95546817779541,865.87939453125,866.22314453125,0.0003,0.0003,0.1
,,,,,728999,9528.521,1000,,,,,,,,
,,,,,729000,,,-865.8541259765625,-6.896410942077637,5.097733020782471,864.2032470703125,863.5706787109375,0.0003,0.0003,0.1
,,,,,729999,9640.118,1000,,,,,,,,
9592.159,357.46985,9802.157,8534.02,1000.0,730000,,,-875.6038208007812,-6.896151542663574,8.651384353637695,874.036376953125,874.0452270507812,0.0003,0.0003,0.1
,,,,,730999,9259.486,1000,,,,,,,,
,,,,,731000,,,-886.7894897460938,-6.39931583404541,6.396293640136719,885.7103881835938,884.97265625,0.0003,0.0003,0.1
,,,,,731999,9565.065,1000,,,,,,,,
,,,,,732000,,,-877.8026123046875,-6.469892501831055,6.257727146148682,876.5330810546875,875.7982177734375,0.0003,0.0003,0.1
,,,,,732999,9675.378,1000,,,,,,,,
,,,,,733000,,,-886.8696899414062,-6.440946102142334,5.448714256286621,885.4490966796875,885.58740234375,0.0003,0.0003,0.1
,,,,,733999,9602.3955,1000,,,,,,,,
,,,,,734000,,,-881.9768676757812,-6.887570858001709,5.680118560791016,880.5498046875,880.3095703125,0.0003,0.0003,0.1
,,,,,734999,9753.416,1000,,,,,,,,
9826.602,87.631966,9932.731,9624.151,1000.0,735000,,,-874.3302001953125,-7.395235061645508,6.005995273590088,872.7994384765625,872.7409057617188,0.0003,0.0003,0.1
,,,,,735999,9769.109,1000,,,,,,,,
,,,,,736000,,,-872.5709838867188,-7.432296276092529,4.703327178955078,870.7826538085938,870.7235107421875,0.0003,0.0003,0.1
,,,,,736999,9631.846,1000,,,,,,,,
,,,,,737000,,,-884.6273803710938,-6.897883415222168,4.380796432495117,882.9852294921875,882.9007568359375,0.0003,0.0003,0.1
,,,,,737999,9752.975,1000,,,,,,,,
,,,,,738000,,,-877.9490966796875,-6.804138660430908,4.549822807312012,876.3392333984375,876.3448486328125,0.0003,0.0003,0.1
,,,,,738999,9624.061,1000,,,,,,,,
,,,,,739000,,,-880.4733276367188,-6.899852752685547,4.89134407043457,878.472900390625,878.8216552734375,0.0003,0.0003,0.1
,,,,,739999,9510.8545,1000,,,,,,,,
9243.588,738.5874,9709.001,7491.5137,1000.0,740000,,,-877.9408569335938,-6.6386566162109375,6.625913619995117,876.9812622070312,876.1063232421875,0.0003,0.0003,0.1
,,,,,740999,9652.027,1000,,,,,,,,
,,,,,741000,,,-864.444580078125,-6.874785900115967,5.393913745880127,862.5380249023438,862.3521728515625,0.0003,0.0003,0.1
,,,,,741999,8544.154,1000,,,,,,,,
,,,,,742000,,,-879.4007568359375,-7.039738655090332,6.197053909301758,877.40673828125,877.539306640625,0.0003,0.0003,0.1
,,,,,742999,9662.27,1000,,,,,,,,
,,,,,743000,,,-874.234375,-7.175091743469238,6.688564300537109,872.6536865234375,872.6258544921875,0.0003,0.0003,0.1
,,,,,743999,9708.328,1000,,,,,,,,
,,,,,744000,,,-881.5245971679688,-6.7498555183410645,5.996747970581055,879.7012329101562,879.8556518554688,0.0003,0.0003,0.1
,,,,,744999,9629.68,1000,,,,,,,,
9546.148,449.63412,9807.287,8223.067,1000.0,745000,,,-888.3989868164062,-7.094961166381836,5.408426761627197,886.995849609375,887.323486328125,0.0003,0.0003,0.1
,,,,,745999,9870.914,1000,,,,,,,,
,,,,,746000,,,-882.24951171875,-6.824997901916504,4.9753570556640625,880.520751953125,880.6094970703125,0.0003,0.0003,0.1
,,,,,746999,9605.727,1000,,,,,,,,
,,,,,747000,,,-881.3598022460938,-7.44453763961792,7.805507659912109,879.6500244140625,879.5302734375,0.0003,0.0003,0.1
,,,,,747999,9711.875,1000,,,,,,,,
,,,,,748000,,,-874.7756958007812,-6.84492301940918,5.554172515869141,872.4159545898438,872.3675537109375,0.0003,0.0003,0.1
,,,,,748999,9629.697,1000,,,,,,,,
,,,,,749000,,,-870.1619262695312,-7.177398204803467,6.932347774505615,868.1405639648438,868.193603515625,0.0003,0.0003,0.1
,,,,,749999,9630.79,1000,,,,,,,,
9857.729,66.363434,9982.298,9763.782,1000.0,750000,,,-890.0746459960938,-7.11176061630249,5.658153533935547,887.2760009765625,887.950927734375,0.0003,0.0003,0.1
,,,,,750999,9803.0205,1000,,,,,,,,
,,,,,751000,,,-884.333740234375,-6.8547282218933105,7.920562744140625,882.7540893554688,882.9428100585938,0.0003,0.0003,0.1
,,,,,751999,9344.465,1000,,,,,,,,
,,,,,752000,,,-875.873046875,-7.3237996101379395,5.676910400390625,874.43212890625,874.1085205078125,0.0003,0.0003,0.1
,,,,,752999,9640.003,1000,,,,,,,,
,,,,,753000,,,-888.10986328125,-7.168451309204102,5.086816787719727,885.9780883789062,886.1406860351562,0.0003,0.0003,0.1
,,,,,753999,9142.321,1000,,,,,,,,
,,,,,754000,,,-882.1135864257812,-7.101800918579102,7.148850440979004,880.5117797851562,880.3297119140625,0.0003,0.0003,0.1
,,,,,754999,9796.069,1000,,,,,,,,
9789.883,109.34814,9924.231,9491.966,1000.0,755000,,,-879.2803955078125,-7.208290100097656,6.477738857269287,877.481689453125,877.2606201171875,0.0003,0.0003,0.1
,,,,,755999,9835.956,1000,,,,,,,,
,,,,,756000,,,-882.0411987304688,-7.187320709228516,8.785013198852539,879.7926635742188,880.1895751953125,0.0003,0.0003,0.1
,,,,,756999,9760.96,1000,,,,,,,,
,,,,,757000,,,-890.8629150390625,-7.208132743835449,5.333876132965088,889.1002197265625,889.0906982421875,0.0003,0.0003,0.1
,,,,,757999,9614.071,1000,,,,,,,,
,,,,,758000,,,-893.09912109375,-7.043010711669922,6.728389263153076,890.7654418945312,891.1748046875,0.0003,0.0003,0.1
,,,,,758999,9736.457,1000,,,,,,,,
,,,,,759000,,,-887.643798828125,-6.743650436401367,4.807906150817871,886.1605224609375,886.1524658203125,0.0003,0.0003,0.1
,,,,,759999,9793.782,1000,,,,,,,,
9857.944,99.24462,10017.961,9673.468,1000.0,760000,,,-888.0758666992188,-6.6657819747924805,6.275036334991455,886.5133056640625,886.13427734375,0.0003,0.0003,0.1
,,,,,760999,9771.631,1000,,,,,,,,
,,,,,761000,,,-876.7027587890625,-6.99017333984375,8.086640357971191,875.0296630859375,874.7171020507812,0.0003,0.0003,0.1
,,,,,761999,9711.3955,1000,,,,,,,,
,,,,,762000,,,-891.4102172851562,-6.7671709060668945,5.187462329864502,889.3524780273438,889.5059204101562,0.0003,0.0003,0.1
,,,,,762999,9704.143,1000,,,,,,,,
,,,,,763000,,,-888.9793701171875,-7.929699897766113,5.783178329467773,886.54638671875,886.5970458984375,0.0003,0.0003,0.1
,,,,,763999,9720.114,1000,,,,,,,,
,,,,,764000,,,-894.859619140625,-6.75753927230835,5.909518241882324,893.421630859375,893.76318359375,0.0003,0.0003,0.1
,,,,,764999,9764.7705,1000,,,,,,,,
9751.854,42.96106,9814.431,9697.909,1000.0,765000,,,-881.5623779296875,-6.943526268005371,7.14995002746582,879.62841796875,879.9691162109375,0.0003,0.0003,0.1
,,,,,765999,9683.602,1000,,,,,,,,
,,,,,766000,,,-886.2754516601562,-7.12840461730957,6.462854385375977,884.6422119140625,884.2570190429688,0.0003,0.0003,0.1
,,,,,766999,9691.191,1000,,,,,,,,
,,,,,767000,,,-882.834228515625,-6.480847358703613,6.637174129486084,881.0555419921875,880.4190673828125,0.0003,0.0003,0.1
,,,,,767999,9927.3955,1000,,,,,,,,
,,,,,768000,,,-882.1959838867188,-7.345012664794922,5.627257347106934,880.369140625,879.9033203125,0.0003,0.0003,0.1
,,,,,768999,9566.155,1000,,,,,,,,
,,,,,769000,,,-887.8566284179688,-7.045505523681641,7.873089790344238,885.942626953125,885.9991455078125,0.0003,0.0003,0.1
,,,,,769999,9669.698,1000,,,,,,,,
9721.104,82.631325,9895.224,9562.066,1000.0,770000,,,-891.0126953125,-6.658940315246582,6.705714225769043,888.7177734375,889.3543090820312,0.0003,0.0003,0.1
,,,,,770999,9896.894,1000,,,,,,,,
,,,,,771000,,,-882.868408203125,-7.220164775848389,8.31875228881836,880.6851806640625,881.0216674804688,0.0003,0.0003,0.1
,,,,,771999,9895.489,1000,,,,,,,,
,,,,,772000,,,-898.4415893554688,-6.786591529846191,5.444181442260742,898.0148315429688,897.76513671875,0.0003,0.0003,0.1
,,,,,772999,9501.516,1000,,,,,,,,
,,,,,773000,,,-893.458251953125,-7.422896385192871,5.745110988616943,891.9436645507812,891.8465576171875,0.0003,0.0003,0.1
,,,,,773999,9835.337,1000,,,,,,,,
,,,,,774000,,,-894.2317504882812,-7.339953899383545,7.283578872680664,893.2665405273438,892.947509765625,0.0003,0.0003,0.1
,,,,,774999,9841.111,1000,,,,,,,,
9892.908,68.45279,9974.329,9732.134,1000.0,775000,,,-887.5234375,-7.12786865234375,6.199754238128662,885.908203125,885.78662109375,0.0003,0.0003,0.1
,,,,,775999,9818.109,1000,,,,,,,,
,,,,,776000,,,-900.798095703125,-6.792335033416748,5.077917098999023,899.6845703125,899.777099609375,0.0003,0.0003,0.1
,,,,,776999,9814.597,1000,,,,,,,,
,,,,,777000,,,-894.0494995117188,-7.123250484466553,5.401640892028809,892.227294921875,892.4627685546875,0.0003,0.0003,0.1
,,,,,777999,9740.074,1000,,,,,,,,
,,,,,778000,,,-898.8229370117188,-6.554976463317871,5.821593761444092,896.5652465820312,897.04638671875,0.0003,0.0003,0.1
,,,,,778999,9443.748,1000,,,,,,,,
,,,,,779000,,,-889.9031372070312,-7.191953659057617,5.7428388595581055,887.668701171875,887.779296875,0.0003,0.0003,0.1
,,,,,779999,9958.746,1000,,,,,,,,
9703.384,126.15246,9809.425,9388.655,1000.0,780000,,,-890.3740234375,-6.884483814239502,4.518447399139404,888.964111328125,888.9146728515625,0.0003,0.0003,0.1
,,,,,780999,9728.9,1000,,,,,,,,
,,,,,781000,,,-889.3457641601562,-7.027177810668945,8.618550300598145,887.3864135742188,887.5369873046875,0.0003,0.0003,0.1
,,,,,781999,9813.433,1000,,,,,,,,
,,,,,782000,,,-896.397705078125,-7.229800701141357,6.655661582946777,894.809814453125,895.1685791015625,0.0003,0.0003,0.1
,,,,,782999,9917.912,1000,,,,,,,,
,,,,,783000,,,-885.8672485351562,-6.8369293212890625,6.366844177246094,883.9458618164062,883.6478271484375,0.0003,0.0003,0.1
,,,,,783999,9816.896,1000,,,,,,,,
,,,,,784000,,,-879.8812866210938,-6.787236213684082,5.712797164916992,877.5648803710938,877.9208984375,0.0003,0.0003,0.1
,,,,,784999,9543.171,1000,,,,,,,,
9718.455,398.89252,9948.571,8532.263,1000.0,785000,,,-894.7724609375,-7.249056816101074,6.7352705001831055,892.6466674804688,892.8909912109375,0.0003,0.0003,0.1
,,,,,785999,9945.761,1000,,,,,,,,
,,,,,786000,,,-893.0337524414062,-6.7775421142578125,6.459715366363525,891.2195434570312,891.1409912109375,0.0003,0.0003,0.1
,,,,,786999,8922.92,1000,,,,,,,,
,,,,,787000,,,-892.2852783203125,-6.694312572479248,5.642550468444824,889.9544677734375,890.8824462890625,0.0003,0.0003,0.1
,,,,,787999,9869.688,1000,,,,,,,,
,,,,,788000,,,-888.468994140625,-6.803620338439941,16.53371238708496,885.4404296875,886.197509765625,0.0003,0.0003,0.1
,,,,,788999,9839.305,1000,,,,,,,,
,,,,,789000,,,-886.9934692382812,-7.111562728881836,5.653324127197266,885.208251953125,884.82861328125,0.0003,0.0003,0.1
,,,,,789999,9976.319,1000,,,,,,,,
9781.537,543.8294,10031.99,8156.5176,1000.0,790000,,,-883.347412109375,-7.353370666503906,6.533412933349609,881.23876953125,880.8260498046875,0.0003,0.0003,0.1
,,,,,790999,9901.121,1000,,,,,,,,
,,,,,791000,,,-891.6210327148438,-6.878753662109375,7.571840286254883,889.63427734375,889.73974609375,0.0003,0.0003,0.1
,,,,,791999,9747.084,1000,,,,,,,,
,,,,,792000,,,-892.938720703125,-6.452276229858398,6.141029357910156,891.5966796875,890.9774169921875,0.0003,0.0003,0.1
,,,,,792999,9797.614,1000,,,,,,,,
,,,,,793000,,,-893.0025024414062,-6.926279067993164,4.8301849365234375,890.8892822265625,891.3754272460938,0.0003,0.0003,0.1
,,,,,793999,9896.9795,1000,,,,,,,,
,,,,,794000,,,-887.6664428710938,-7.031586647033691,7.684366226196289,885.8212890625,886.03515625,0.0003,0.0003,0.1
,,,,,794999,9818.0,1000,,,,,,,,
9865.345,121.54991,10000.363,9549.056,1000.0,795000,,,-885.61181640625,-7.072066307067871,6.733182907104492,883.6433715820312,883.8460693359375,0.0003,0.0003,0.1
,,,,,795999,9749.484,1000,,,,,,,,
,,,,,796000,,,-898.6710815429688,-7.704392433166504,6.2772417068481445,896.4486083984375,896.9039306640625,0.0003,0.0003,0.1
,,,,,796999,10030.082,1000,,,,,,,,
,,,,,797000,,,-902.0928344726562,-6.176054954528809,4.811459541320801,900.8771362304688,901.0361938476562,0.0003,0.0003,0.1
,,,,,797999,9908.8545,1000,,,,,,,,
,,,,,798000,,,-886.476806640625,-7.388548851013184,5.706114768981934,884.2706298828125,884.3531494140625,0.0003,0.0003,0.1
,,,,,798999,9811.859,1000,,,,,,,,
,,,,,799000,,,-894.0978393554688,-6.998782157897949,9.95312786102295,892.9581909179688,892.5791015625,0.0003,0.0003,0.1
,,,,,799999,9830.934,1000,,,,,,,,
9905.225,44.225643,9971.825,9848.628,1000.0,800000,,,-898.877685546875,-6.809421539306641,14.25178050994873,897.4964599609375,897.8623046875,0.0003,0.0003,0.1
,,,,,800999,9722.449,1000,,,,,,,,
,,,,,801000,,,-898.1856079101562,-7.376147747039795,5.527827262878418,896.273193359375,895.909423828125,0.0003,0.0003,0.1
,,,,,801999,9944.131,1000,,,,,,,,
,,,,,802000,,,-899.2890625,-7.35584831237793,6.384781837463379,897.771240234375,897.588623046875,0.0003,0.0003,0.1
,,,,,802999,9683.586,1000,,,,,,,,
,,,,,803000,,,-892.7695922851562,-6.823671817779541,5.457244873046875,891.0213012695312,891.2703247070312,0.0003,0.0003,0.1
,,,,,803999,9885.6045,1000,,,,,,,,
,,,,,804000,,,-897.5316772460938,-6.490912437438965,3.7709927558898926,895.8970947265625,895.9176025390625,0.0003,0.0003,0.1
,,,,,804999,9932.677,1000,,,,,,,,
9989.189,62.05942,10117.364,9893.091,1000.0,805000,,,-909.553955078125,-6.975630283355713,3.865103244781494,907.9932861328125,908.1236572265625,0.0003,0.0003,0.1
,,,,,805999,9924.5625,1000,,,,,,,,
,,,,,806000,,,-898.7946166992188,-6.992383003234863,7.367359161376953,896.8619995117188,896.011962890625,0.0003,0.0003,0.1
,,,,,806999,9769.428,1000,,,,,,,,
,,,,,807000,,,-896.80029296875,-7.06211519241333,7.411737442016602,894.8990478515625,895.2078857421875,0.0003,0.0003,0.1
,,,,,807999,9976.744,1000,,,,,,,,
,,,,,808000,,,-895.9154663085938,-6.6811137199401855,5.764881610870361,893.7716674804688,893.652099609375,0.0003,0.0003,0.1
,,,,,808999,9912.924,1000,,,,,,,,
,,,,,809000,,,-903.4098510742188,-6.818129539489746,5.0852437019348145,901.394287109375,901.452880859375,0.0003,0.0003,0.1
,,,,,809999,9821.523,1000,,,,,,,,
10164.359,79.25013,10275.486,10044.181,1000.0,810000,,,-899.7066040039062,-7.1441850662231445,4.82545804977417,897.991455078125,897.832275390625,0.0003,0.0003,0.1
,,,,,810999,9944.201,1000,,,,,,,,
,,,,,811000,,,-887.3021240234375,-7.484435558319092,5.158444404602051,885.5537109375,885.81103515625,0.0003,0.0003,0.1
,,,,,811999,9885.197,1000,,,,,,,,
,,,,,812000,,,-895.7152709960938,-6.669563293457031,6.053581237792969,894.2299194335938,894.2354736328125,0.0003,0.0003,0.1
,,,,,812999,9940.118,1000,,,,,,,,
,,,,,813000,,,-903.6332397460938,-7.417618274688721,6.37039852142334,902.3099365234375,901.8916015625,0.0003,0.0003,0.1
,,,,,813999,10076.478,1000,,,,,,,,
,,,,,814000,,,-899.4166870117188,-6.864772796630859,9.703880310058594,897.906005859375,897.7491455078125,0.0003,0.0003,0.1
,,,,,814999,9791.495,1000,,,,,,,,
9866.065,200.50404,10028.855,9314.685,1000.0,815000,,,-910.8131713867188,-6.35383415222168,5.357382774353027,909.771728515625,909.4224853515625,0.0003,0.0003,0.1
,,,,,815999,10026.548,1000,,,,,,,,
,,,,,816000,,,-901.4356689453125,-6.554180145263672,8.057098388671875,899.033447265625,899.2742309570312,0.0003,0.0003,0.1
,,,,,816999,9952.887,1000,,,,,,,,
,,,,,817000,,,-898.8057250976562,-6.943575382232666,6.4568891525268555,897.1005859375,896.6507568359375,0.0003,0.0003,0.1
,,,,,817999,10036.514,1000,,,,,,,,
,,,,,818000,,,-903.5890502929688,-6.387568473815918,4.975815773010254,901.69921875,901.7164306640625,0.0003,0.0003,0.1
,,,,,818999,9379.371,1000,,,,,,,,
,,,,,819000,,,-901.1807250976562,-7.375796318054199,7.0000996589660645,899.04931640625,899.107666015625,0.0003,0.0003,0.1
,,,,,819999,10071.234,1000,,,,,,,,
9725.443,747.89496,10178.86,7509.116,1000.0,820000,,,-907.2216796875,-7.094283103942871,5.421074867248535,904.9907836914062,904.826904296875,0.0003,0.0003,0.1
,,,,,820999,9941.588,1000,,,,,,,,
,,,,,821000,,,-895.0094604492188,-7.558414459228516,7.362144470214844,893.007080078125,893.142578125,0.0003,0.0003,0.1
,,,,,821999,9906.972,1000,,,,,,,,
,,,,,822000,,,-893.5843505859375,-7.022873878479004,6.418770790100098,891.4248046875,891.9535522460938,0.0003,0.0003,0.1
,,,,,822999,9787.949,1000,,,,,,,,
,,,,,823000,,,-895.0858764648438,-6.9941816329956055,5.635027885437012,892.7236328125,893.134765625,0.0003,0.0003,0.1
,,,,,823999,9898.874,1000,,,,,,,,
,,,,,824000,,,-907.1394653320312,-7.467593193054199,5.6923065185546875,905.443115234375,905.6461181640625,0.0003,0.0003,0.1
,,,,,824999,8468.656,1000,,,,,,,,
9948.96,111.702065,10072.042,9740.807,1000.0,825000,,,-904.801025390625,-7.116672992706299,6.488882064819336,903.4915771484375,903.5638427734375,0.0003,0.0003,0.1
,,,,,825999,9669.607,1000,,,,,,,,
,,,,,826000,,,-909.5419311523438,-6.896450996398926,10.634305000305176,908.413818359375,908.035888671875,0.0003,0.0003,0.1
,,,,,826999,9941.821,1000,,,,,,,,
,,,,,827000,,,-905.9352416992188,-6.940518856048584,5.500349998474121,904.8631591796875,904.6146240234375,0.0003,0.0003,0.1
,,,,,827999,10061.725,1000,,,,,,,,
,,,,,828000,,,-906.9793090820312,-6.331072807312012,6.709224700927734,905.6424560546875,905.0827026367188,0.0003,0.0003,0.1
,,,,,828999,9375.481,1000,,,,,,,,
,,,,,829000,,,-903.34814453125,-6.547484874725342,9.17846393585205,901.415771484375,901.861572265625,0.0003,0.0003,0.1
,,,,,829999,9210.408,1000,,,,,,,,
9777.362,151.79735,9944.767,9407.551,1000.0,830000,,,-916.38134765625,-6.549416542053223,8.099958419799805,914.8104248046875,914.723388671875,0.0003,0.0003,0.1
,,,,,830999,9898.9795,1000,,,,,,,,
,,,,,831000,,,-907.00830078125,-6.906558036804199,5.059208393096924,905.6568603515625,905.4615478515625,0.0003,0.0003,0.1
,,,,,831999,9937.809,1000,,,,,,,,
,,,,,832000,,,-906.192626953125,-6.955501556396484,5.709469795227051,904.1409912109375,904.690185546875,0.0003,0.0003,0.1
,,,,,832999,9833.911,1000,,,,,,,,
,,,,,833000,,,-903.8087158203125,-7.375004768371582,6.39694881439209,902.287841796875,901.7553100585938,0.0003,0.0003,0.1
,,,,,833999,9913.04,1000,,,,,,,,
,,,,,834000,,,-908.0175170898438,-7.068319320678711,9.52841567993164,906.571533203125,906.1929931640625,0.0003,0.0003,0.1
,,,,,834999,9896.149,1000,,,,,,,,
9956.562,57.01338,10047.163,9864.269,1000.0,835000,,,-910.8226318359375,-6.590264320373535,5.11054801940918,909.6903076171875,909.551025390625,0.0003,0.0003,0.1
,,,,,835999,10016.686,1000,,,,,,,,
,,,,,836000,,,-908.2135009765625,-7.076073169708252,7.238656997680664,906.80224609375,906.491455078125,0.0003,0.0003,0.1
,,,,,836999,9966.404,1000,,,,,,,,
,,,,,837000,,,-907.608154296875,-6.861343860626221,5.757150173187256,906.40380859375,906.1917114257812,0.0003,0.0003,0.1
,,,,,837999,9872.02,1000,,,,,,,,
,,,,,838000,,,-915.5036010742188,-6.762319564819336,5.194826602935791,913.9122314453125,913.7638549804688,0.0003,0.0003,0.1
,,,,,838999,10022.3545,1000,,,,,,,,
,,,,,839000,,,-913.6129760742188,-6.557931423187256,5.706171989440918,912.6043701171875,912.461669921875,0.0003,0.0003,0.1
,,,,,839999,9808.848,1000,,,,,,,,
9556.855,77.35142,9677.923,9424.35,1000.0,840000,,,-912.3667602539062,-5.938514709472656,8.619847297668457,910.6278686523438,911.15576171875,0.0003,0.0003,0.1
,,,,,840999,10007.429,1000,,,,,,,,
,,,,,841000,,,-909.4695434570312,-6.650864601135254,5.160142421722412,907.9202880859375,907.9256591796875,0.0003,0.0003,0.1
,,,,,841999,9353.581,1000,,,,,,,,
,,,,,842000,,,-904.2680053710938,-7.040685176849365,18.221656799316406,902.8929443359375,902.2431030273438,0.0003,0.0003,0.1
,,,,,842999,9981.908,1000,,,,,,,,
,,,,,843000,,,-906.1900024414062,-7.3622565269470215,7.751431465148926,904.7938232421875,903.9733276367188,0.0003,0.0003,0.1
,,,,,843999,9887.554,1000,,,,,,,,
,,,,,844000,,,-920.777587890625,-6.9843549728393555,6.37171745300293,919.533447265625,919.11572265625,0.0003,0.0003,0.1
,,,,,844999,9895.86,1000,,,,,,,,
9835.016,62.35091,9913.0625,9708.743,1000.0,845000,,,-909.2710571289062,-6.9268083572387695,4.702417373657227,908.19091796875,907.9326171875,0.0003,0.0003,0.1
,,,,,845999,10011.785,1000,,,,,,,,
,,,,,846000,,,-907.3824462890625,-6.84896183013916,5.502329349517822,905.6927490234375,905.5974731445312,0.0003,0.0003,0.1
,,,,,846999,9918.982,1000,,,,,,,,
,,,,,847000,,,-917.6886596679688,-7.5440239906311035,5.20990514755249,916.09033203125,916.2841186523438,0.0003,0.0003,0.1
,,,,,847999,10065.32,1000,,,,,,,,
,,,,,848000,,,-921.6927490234375,-6.733202934265137,4.398667335510254,920.232421875,920.1751708984375,0.0003,0.0003,0.1
,,,,,848999,10027.441,1000,,,,,,,,
,,,,,849000,,,-915.885986328125,-6.501791954040527,7.227932929992676,914.37109375,914.6488037109375,0.0003,0.0003,0.1
,,,,,849999,9963.155,1000,,,,,,,,
10002.421,98.95955,10124.391,9850.594,1000.0,850000,,,-917.1837768554688,-6.833593845367432,5.689651966094971,915.449951171875,915.19970703125,0.0003,0.0003,0.1
,,,,,850999,10050.89,1000,,,,,,,,
,,,,,851000,,,-911.8124389648438,-7.04520845413208,5.398852348327637,910.1910400390625,910.1680908203125,0.0003,0.0003,0.1
,,,,,851999,10020.068,1000,,,,,,,,
,,,,,852000,,,-907.910400390625,-6.574377536773682,7.382267475128174,906.650634765625,907.1546020507812,0.0003,0.0003,0.1
,,,,,852999,10129.574,1000,,,,,,,,
,,,,,853000,,,-913.8508911132812,-6.7256269454956055,4.156630516052246,912.2455444335938,911.6746826171875,0.0003,0.0003,0.1
,,,,,853999,9617.451,1000,,,,,,,,
,,,,,854000,,,-906.2061157226562,-6.846706867218018,7.016385078430176,903.941650390625,903.7814331054688,0.0003,0.0003,0.1
,,,,,854999,10056.103,1000,,,,,,,,
9395.639,2166.7532,10231.827,2899.5625,1000.0,855000,,,-918.976318359375,-6.926898956298828,4.312375545501709,917.6289672851562,918.1813354492188,0.0003,0.0003,0.1
,,,,,855999,9965.285,1000,,,,,,,,
,,,,,856000,,,-914.4622802734375,-7.001749515533447,7.605179309844971,913.0685424804688,913.4227905273438,0.0003,0.0003,0.1
,,,,,856999,10031.565,1000,,,,,,,,
,,,,,857000,,,-905.3522338867188,-7.004169464111328,8.19200325012207,903.1166381835938,903.0640258789062,0.0003,0.0003,0.1
,,,,,857999,10045.949,1000,,,,,,,,
,,,,,858000,,,-910.689697265625,-6.63787841796875,5.04369592666626,909.051025390625,909.276611328125,0.0003,0.0003,0.1
,,,,,858999,10056.663,1000,,,,,,,,
,,,,,859000,,,-910.4601440429688,-7.061399459838867,6.401143550872803,909.0125732421875,909.057373046875,0.0003,0.0003,0.1
,,,,,859999,10055.682,1000,,,,,,,,
9600.88,1443.0151,10252.44,5276.9106,1000.0,860000,,,-911.7929077148438,-7.0239176750183105,6.931963920593262,909.6396484375,909.9380493164062,0.0003,0.0003,0.1
,,,,,860999,10112.699,1000,,,,,,,,
,,,,,861000,,,-911.3368530273438,-6.728848457336426,5.283145427703857,909.8419189453125,910.384521484375,0.0003,0.0003,0.1
,,,,,861999,10133.073,1000,,,,,,,,
,,,,,862000,,,-916.9391479492188,-7.020634651184082,7.541754245758057,915.0628662109375,915.90625,0.0003,0.0003,0.1
,,,,,862999,10077.677,1000,,,,,,,,
,,,,,863000,,,-915.8598022460938,-6.924410820007324,5.8994622230529785,913.959228515625,914.1834716796875,0.0003,0.0003,0.1
,,,,,863999,10056.6045,1000,,,,,,,,
,,,,,864000,,,-914.5717163085938,-7.531153202056885,4.708186149597168,912.6705322265625,913.2174072265625,0.0003,0.0003,0.1
,,,,,864999,10054.319,1000,,,,,,,,
9911.629,46.94925,9993.42,9834.367,1000.0,865000,,,-919.6229858398438,-6.874734878540039,5.094718933105469,918.5235595703125,918.1364135742188,0.0003,0.0003,0.1
,,,,,865999,10180.294,1000,,,,,,,,
,,,,,866000,,,-917.8541870117188,-6.592414855957031,6.812060832977295,915.81494140625,916.3699340820312,0.0003,0.0003,0.1
,,,,,866999,10122.158,1000,,,,,,,,
,,,,,867000,,,-911.12939453125,-6.821099281311035,6.164599895477295,909.28466796875,909.007080078125,0.0003,0.0003,0.1
,,,,,867999,10044.231,1000,,,,,,,,
,,,,,868000,,,-916.2801513671875,-6.8301100730896,5.863339424133301,914.5957641601562,914.3134155273438,0.0003,0.0003,0.1
,,,,,868999,10029.144,1000,,,,,,,,
,,,,,869000,,,-916.0409545898438,-7.169733047485352,6.363630294799805,913.9849243164062,913.8057250976562,0.0003,0.0003,0.1
,,,,,869999,10017.818,1000,,,,,,,,
10021.921,93.706924,10143.675,9839.206,1000.0,870000,,,-913.5429077148438,-6.676359176635742,3.9542837142944336,911.8441162109375,911.6346435546875,0.0003,0.0003,0.1
,,,,,870999,9988.536,1000,,,,,,,,
,,,,,871000,,,-913.2384643554688,-7.283236503601074,6.8137664794921875,911.6527099609375,911.7784423828125,0.0003,0.0003,0.1
,,,,,871999,9991.861,1000,,,,,,,,
,,,,,872000,,,-914.0379028320312,-7.399020195007324,5.866301536560059,912.0484008789062,911.55419921875,0.0003,0.0003,0.1
,,,,,872999,10176.394,1000,,,,,,,,
,,,,,873000,,,-909.723876953125,-6.74968147277832,7.138415813446045,908.2689208984375,908.2613525390625,0.0003,0.0003,0.1
,,,,,873999,9943.224,1000,,,,,,,,
,,,,,874000,,,-910.0707397460938,-7.006000518798828,7.0865044593811035,908.003662109375,907.7779541015625,0.0003,0.0003,0.1
,,,,,874999,10107.499,1000,,,,,,,,
10042.187,59.75164,10124.179,9944.858,1000.0,875000,,,-924.8267211914062,-7.283646106719971,6.651226043701172,922.40087890625,922.4437255859375,0.0003,0.0003,0.1
,,,,,875999,10142.277,1000,,,,,,,,
,,,,,876000,,,-931.1192626953125,-6.8588457107543945,4.029237270355225,929.0911865234375,929.516357421875,0.0003,0.0003,0.1
,,,,,876999,10191.451,1000,,,,,,,,
,,,,,877000,,,-916.1986083984375,-7.154616832733154,5.896261215209961,914.2845458984375,914.53125,0.0003,0.0003,0.1
,,,,,877999,10148.71,1000,,,,,,,,
,,,,,878000,,,-912.71240234375,-6.949596405029297,6.168049335479736,910.910400390625,911.076171875,0.0003,0.0003,0.1
,,,,,878999,10227.145,1000,,,,,,,,
,,,,,879000,,,-923.91796875,-6.853653907775879,6.604798316955566,922.12548828125,921.9093627929688,0.0003,0.0003,0.1
,,,,,879999,10054.634,1000,,,,,,,,
10176.521,84.09634,10313.135,10062.116,1000.0,880000,,,-918.79345703125,-6.69435977935791,4.529513359069824,917.0433349609375,917.30712890625,0.0003,0.0003,0.1
,,,,,880999,9992.07,1000,,,,,,,,
,,,,,881000,,,-909.5726318359375,-7.313313961029053,5.50651741027832,907.1077270507812,906.9251708984375,0.0003,0.0003,0.1
,,,,,881999,10229.05,1000,,,,,,,,
,,,,,882000,,,-924.6551513671875,-6.907186508178711,4.411046981811523,923.496826171875,923.1905517578125,0.0003,0.0003,0.1
,,,,,882999,10293.803,1000,,,,,,,,
,,,,,883000,,,-916.3182983398438,-6.930864334106445,5.096672058105469,915.0523071289062,914.5894165039062,0.0003,0.0003,0.1
,,,,,883999,10206.812,1000,,,,,,,,
,,,,,884000,,,-918.986572265625,-7.070282936096191,4.719856262207031,917.5325317382812,916.9859619140625,0.0003,0.0003,0.1
,,,,,884999,10102.419,1000,,,,,,,,
10141.818,67.606606,10228.301,9986.048,1000.0,885000,,,-918.3413696289062,-6.739704132080078,4.586799621582031,916.3482666015625,916.4444580078125,0.0003,0.0003,0.1
,,,,,885999,10159.273,1000,,,,,,,,
,,,,,886000,,,-924.8609619140625,-6.881171226501465,8.297216415405273,923.056396484375,922.6068115234375,0.0003,0.0003,0.1
,,,,,886999,10214.558,1000,,,,,,,,
,,,,,887000,,,-916.3271484375,-7.325682163238525,4.113986492156982,914.2257690429688,914.0760498046875,0.0003,0.0003,0.1
,,,,,887999,10233.251,1000,,,,,,,,
,,,,,888000,,,-916.4133911132812,-7.247878074645996,6.875823974609375,914.6309204101562,914.639892578125,0.0003,0.0003,0.1
,,,,,888999,9923.277,1000,,,,,,,,
,,,,,889000,,,-914.5037841796875,-7.228828430175781,6.900877952575684,912.454833984375,912.4164428710938,0.0003,0.0003,0.1
,,,,,889999,10066.103,1000,,,,,,,,
9306.498,426.40594,9719.206,8146.179,1000.0,890000,,,-916.6292724609375,-7.016774654388428,5.900569438934326,914.6632080078125,914.51416015625,0.0003,0.0003,0.1
,,,,,890999,10012.112,1000,,,,,,,,
,,,,,891000,,,-913.9363403320312,-7.641921043395996,6.103785514831543,912.24609375,912.1223754882812,0.0003,0.0003,0.1
,,,,,891999,10027.536,1000,,,,,,,,
,,,,,892000,,,-924.0365600585938,-7.034584045410156,7.215737342834473,922.1766357421875,922.31884765625,0.0003,0.0003,0.1
,,,,,892999,10100.839,1000,,,,,,,,
,,,,,893000,,,-905.456298828125,-6.899423122406006,7.396293640136719,903.32080078125,902.8622436523438,0.0003,0.0003,0.1
,,,,,893999,10282.961,1000,,,,,,,,
,,,,,894000,,,-925.9721069335938,-7.292941093444824,7.30692720413208,924.63232421875,924.2236328125,0.0003,0.0003,0.1
,,,,,894999,10136.841,1000,,,,,,,,
10211.364,58.559032,10324.999,10125.885,1000.0,895000,,,-914.60400390625,-7.080283164978027,5.24465274810791,912.7271728515625,912.5912475585938,0.0003,0.0003,0.1
,,,,,895999,10243.863,1000,,,,,,,,
,,,,,896000,,,-925.1953125,-6.928534507751465,3.5755677223205566,923.890869140625,923.7133178710938,0.0003,0.0003,0.1
,,,,,896999,10236.411,1000,,,,,,,,
,,,,,897000,,,-921.57958984375,-6.858083724975586,5.4147539138793945,919.437255859375,919.7530517578125,0.0003,0.0003,0.1
,,,,,897999,10193.358,1000,,,,,,,,
,,,,,898000,,,-919.3125610351562,-6.94677209854126,4.5097575187683105,918.2542114257812,917.9125366210938,0.0003,0.0003,0.1
,,,,,898999,10090.854,1000,,,,,,,,
,,,,,899000,,,-915.5753173828125,-7.375277996063232,6.354409217834473,913.900146484375,913.7523803710938,0.0003,0.0003,0.1
,,,,,899999,9994.67,1000,,,,,,,,
10083.888,122.04772,10281.385,9786.158,1000.0,900000,,,-920.084716796875,-7.199907302856445,6.343600749969482,918.051513671875,918.13623046875,0.0003,0.0003,0.1
,,,,,900999,10207.109,1000,,,,,,,,
,,,,,901000,,,-925.9176635742188,-6.773184776306152,8.773948669433594,924.2969970703125,924.4173583984375,0.0003,0.0003,0.1
,,,,,901999,10270.029,1000,,,,,,,,
,,,,,902000,,,-921.6138305664062,-7.295752048492432,5.624264717102051,919.9180908203125,920.10791015625,0.0003,0.0003,0.1
,,,,,902999,10165.221,1000,,,,,,,,
,,,,,903000,,,-915.9409790039062,-7.2786407470703125,6.650343418121338,914.2032470703125,914.5482788085938,0.0003,0.0003,0.1
,,,,,903999,10164.913,1000,,,,,,,,
,,,,,904000,,,-928.6181030273438,-7.296659469604492,5.6042890548706055,926.55078125,926.7496337890625,0.0003,0.0003,0.1
,,,,,904999,9873.983,1000,,,,,,,,
9913.097,126.27054,10067.998,9627.455,1000.0,905000,,,-926.4036254882812,-7.167716026306152,4.12605094909668,924.2777099609375,924.5222778320312,0.0003,0.0003,0.1
,,,,,905999,10034.067,1000,,,,,,,,
,,,,,906000,,,-932.8316650390625,-6.662458419799805,6.29753303527832,932.0518798828125,931.8515625,0.0003,0.0003,0.1
,,,,,906999,10207.2705,1000,,,,,,,,
,,,,,907000,,,-937.0140991210938,-7.3082146644592285,5.2111735343933105,936.131103515625,936.322509765625,0.0003,0.0003,0.1
,,,,,907999,10223.278,1000,,,,,,,,
,,,,,908000,,,-927.82275390625,-6.679784774780273,6.158409118652344,926.113525390625,926.0821533203125,0.0003,0.0003,0.1
,,,,,908999,10042.402,1000,,,,,,,,
,,,,,909000,,,-924.5154418945312,-6.554644584655762,4.905827522277832,923.0357666015625,922.9957275390625,0.0003,0.0003,0.1
,,,,,909999,10188.549,1000,,,,,,,,
10238.08,123.78143,10375.878,9950.757,1000.0,910000,,,-929.6215209960938,-6.605573654174805,5.768949508666992,928.0770263671875,928.4502563476562,0.0003,0.0003,0.1
,,,,,910999,10039.719,1000,,,,,,,,
,,,,,911000,,,-932.1027221679688,-7.221989631652832,8.107833862304688,930.261474609375,929.8814697265625,0.0003,0.0003,0.1
,,,,,911999,10224.162,1000,,,,,,,,
,,,,,912000,,,-934.2092895507812,-7.564355373382568,5.763105392456055,932.4161987304688,932.3276977539062,0.0003,0.0003,0.1
,,,,,912999,10151.407,1000,,,,,,,,
,,,,,913000,,,-931.0632934570312,-7.505167484283447,5.353121757507324,929.064697265625,929.1475830078125,0.0003,0.0003,0.1
,,,,,913999,10243.125,1000,,,,,,,,
,,,,,914000,,,-929.2429809570312,-6.819848537445068,4.848367691040039,927.6260375976562,927.763427734375,0.0003,0.0003,0.1
,,,,,914999,10198.341,1000,,,,,,,,
10242.385,49.209545,10363.439,10175.361,1000.0,915000,,,-926.7281494140625,-7.330410003662109,5.961851596832275,924.9853515625,924.9442138671875,0.0003,0.0003,0.1
,,,,,915999,10213.63,1000,,,,,,,,
,,,,,916000,,,-935.5663452148438,-6.717945098876953,3.8098111152648926,933.9906005859375,934.0099487304688,0.0003,0.0003,0.1
,,,,,916999,10245.448,1000,,,,,,,,
,,,,,917000,,,-930.224609375,-7.5058112144470215,4.468601226806641,928.573974609375,928.7223510742188,0.0003,0.0003,0.1
,,,,,917999,10293.917,1000,,,,,,,,
,,,,,918000,,,-933.6878662109375,-6.236423015594482,5.2473344802856445,932.1890869140625,932.1962890625,0.0003,0.0003,0.1
,,,,,918999,10225.56,1000,,,,,,,,
,,,,,919000,,,-929.637939453125,-6.466982841491699,6.21630334854126,927.5036010742188,927.6705932617188,0.0003,0.0003,0.1
,,,,,919999,10119.529,1000,,,,,,,,
10198.13,85.93268,10310.842,10023.051,1000.0,920000,,,-943.364990234375,-6.731158256530762,6.156961441040039,942.1939086914062,941.8130493164062,0.0003,0.0003,0.1
,,,,,920999,10096.154,1000,,,,,,,,
,,,,,921000,,,-925.7288208007812,-7.551961421966553,10.573653221130371,923.35986328125,924.2531127929688,0.0003,0.0003,0.1
,,,,,921999,10215.137,1000,,,,,,,,
,,,,,922000,,,-925.6658325195312,-7.023520469665527,7.125275611877441,923.8991088867188,924.1607666015625,0.0003,0.0003,0.1
,,,,,922999,10065.694,1000,,,,,,,,
,,,,,923000,,,-936.4312133789062,-6.627254962921143,5.479711532592773,934.7494506835938,934.83056640625,0.0003,0.0003,0.1
,,,,,923999,10062.186,1000,,,,,,,,
,,,,,924000,,,-930.3701782226562,-7.449231147766113,7.992245674133301,928.416015625,928.38671875,0.0003,0.0003,0.1
,,,,,924999,10263.497,1000,,,,,,,,
10134.959,64.71969,10209.472,10036.303,1000.0,925000,,,-927.146728515625,-7.20798397064209,9.10760498046875,924.925537109375,924.999755859375,0.0003,0.0003,0.1
,,,,,925999,10302.961,1000,,,,,,,,
,,,,,926000,,,-930.2969360351562,-7.174148082733154,3.9926626682281494,928.9224853515625,928.6903686523438,0.0003,0.0003,0.1
,,,,,926999,10155.314,1000,,,,,,,,
,,,,,927000,,,-939.2554931640625,-6.878368377685547,5.520632266998291,937.441650390625,938.259765625,0.0003,0.0003,0.1
,,,,,927999,10340.932,1000,,,,,,,,
,,,,,928000,,,-945.1343994140625,-6.531859397888184,9.81270980834961,943.3369140625,944.0625610351562,0.0003,0.0003,0.1
,,,,,928999,10242.412,1000,,,,,,,,
,,,,,929000,,,-927.8790893554688,-7.105801582336426,6.346876621246338,925.811279296875,926.135986328125,0.0003,0.0003,0.1
,,,,,929999,10241.809,1000,,,,,,,,
10360.175,44.084892,10426.47,10292.115,1000.0,930000,,,-929.6664428710938,-7.196911334991455,7.401468276977539,928.044677734375,928.8387451171875,0.0003,0.0003,0.1
,,,,,930999,10324.669,1000,,,,,,,,
,,,,,931000,,,-935.703125,-7.570825576782227,5.587099075317383,934.1793212890625,934.0277099609375,0.0003,0.0003,0.1
,,,,,931999,9152.738,1000,,,,,,,,
,,,,,932000,,,-940.4885864257812,-7.434724807739258,5.562399864196777,938.7299194335938,938.6678466796875,0.0003,0.0003,0.1
,,,,,932999,10348.732,1000,,,,,,,,
,,,,,933000,,,-930.781494140625,-6.411067962646484,6.314032554626465,928.978271484375,929.3619384765625,0.0003,0.0003,0.1
,,,,,933999,10116.133,1000,,,,,,,,
,,,,,934000,,,-935.586181640625,-7.184785842895508,5.695669174194336,934.3641967773438,935.03125,0.0003,0.0003,0.1
,,,,,934999,10281.231,1000,,,,,,,,
10226.662,288.40906,10426.021,9397.437,1000.0,935000,,,-930.5697021484375,-7.092286586761475,4.869754314422607,929.1206665039062,929.02783203125,0.0003,0.0003,0.1
,,,,,935999,10110.436,1000,,,,,,,,
,,,,,936000,,,-936.2476806640625,-6.914052963256836,6.934744834899902,934.4962158203125,934.3084716796875,0.0003,0.0003,0.1
,,,,,936999,10408.216,1000,,,,,,,,
,,,,,937000,,,-935.8294677734375,-7.249950408935547,4.641918182373047,934.689453125,934.2063598632812,0.0003,0.0003,0.1
,,,,,937999,10338.884,1000,,,,,,,,
,,,,,938000,,,-934.7677001953125,-7.160640716552734,6.677967548370361,933.3878173828125,933.6943969726562,0.0003,0.0003,0.1
,,,,,938999,10351.8125,1000,,,,,,,,
,,,,,939000,,,-943.6343383789062,-7.16173791885376,5.282399654388428,942.0091552734375,941.624755859375,0.0003,0.0003,0.1
,,,,,939999,10207.565,1000,,,,,,,,
10340.85,81.557106,10453.526,10129.525,1000.0,940000,,,-942.1119995117188,-6.923820495605469,6.9267449378967285,940.8082885742188,940.456787109375,0.0003,0.0003,0.1
,,,,,940999,10276.765,1000,,,,,,,,
,,,,,941000,,,-942.2437133789062,-6.857122421264648,6.467717170715332,940.9466552734375,940.849365234375,0.0003,0.0003,0.1
,,,,,941999,10370.819,1000,,,,,,,,
,,,,,942000,,,-944.791015625,-6.83107852935791,7.1778154373168945,943.1034545898438,943.4468994140625,0.0003,0.0003,0.1
,,,,,942999,10221.23,1000,,,,,,,,
,,,,,943000,,,-933.6839599609375,-6.939976692199707,4.236037254333496,932.1517944335938,931.8653564453125,0.0003,0.0003,0.1
,,,,,943999,10335.984,1000,,,,,,,,
,,,,,944000,,,-927.6295776367188,-7.5662736892700195,5.937989234924316,926.29833984375,926.4563598632812,0.0003,0.0003,0.1
,,,,,944999,10318.388,1000,,,,,,,,
10403.67,45.557384,10470.172,10332.901,1000.0,945000,,,-934.3862915039062,-7.802039623260498,4.697882652282715,932.262939453125,932.27783203125,0.0003,0.0003,0.1
,,,,,945999,8634.017,1000,,,,,,,,
,,,,,946000,,,-946.7102661132812,-7.132658004760742,4.4413299560546875,944.7667236328125,945.2760009765625,0.0003,0.0003,0.1
,,,,,946999,10285.562,1000,,,,,,,,
,,,,,947000,,,-942.9078369140625,-6.905515670776367,6.448113441467285,941.8028564453125,941.7384033203125,0.0003,0.0003,0.1
,,,,,947999,10311.412,1000,,,,,,,,
,,,,,948000,,,-948.1764526367188,-6.809777736663818,7.972014427185059,946.5733642578125,946.5089111328125,0.0003,0.0003,0.1
,,,,,948999,10293.567,1000,,,,,,,,
,,,,,949000,,,-935.2634887695312,-7.465965747833252,8.102531433105469,933.023193359375,933.510498046875,0.0003,0.0003,0.1
,,,,,949999,10222.958,1000,,,,,,,,
10355.917,73.63322,10460.48,10197.414,1000.0,950000,,,-936.5516967773438,-7.086806297302246,5.548099040985107,934.9293212890625,934.9982299804688,0.0003,0.0003,0.1
,,,,,950999,10205.196,1000,,,,,,,,
,,,,,951000,,,-948.0975952148438,-6.825773239135742,4.245611667633057,947.5611572265625,947.698486328125,0.0003,0.0003,0.1
,,,,,951999,8788.03,1000,,,,,,,,
,,,,,952000,,,-938.5758056640625,-7.234814643859863,6.0339250564575195,936.548095703125,936.4097900390625,0.0003,0.0003,0.1
,,,,,952999,10520.088,1000,,,,,,,,
,,,,,953000,,,-935.9105834960938,-7.244536399841309,7.066823482513428,934.3233032226562,934.3465576171875,0.0003,0.0003,0.1
,,,,,953999,10213.506,1000,,,,,,,,
,,,,,954000,,,-941.61083984375,-6.820302486419678,6.894949913024902,939.9615478515625,940.2033081054688,0.0003,0.0003,0.1
,,,,,954999,10163.227,1000,,,,,,,,
10426.883,68.064606,10542.416,10309.941,1000.0,955000,,,-930.4332275390625,-7.381263256072998,5.863730430603027,928.6646728515625,928.482177734375,0.0003,0.0003,0.1
,,,,,955999,10287.735,1000,,,,,,,,
,,,,,956000,,,-945.1534423828125,-6.871221542358398,5.878849506378174,943.4490966796875,943.3016357421875,0.0003,0.0003,0.1
,,,,,956999,10299.27,1000,,,,,,,,
,,,,,957000,,,-941.3028564453125,-8.205763816833496,7.37217903137207,939.5169677734375,939.28125,0.0003,0.0003,0.1
,,,,,957999,10351.321,1000,,,,,,,,
,,,,,958000,,,-936.1647338867188,-6.984598159790039,7.987268447875977,934.1370849609375,933.9016723632812,0.0003,0.0003,0.1
,,,,,958999,10475.107,1000,,,,,,,,
,,,,,959000,,,-945.830322265625,-7.021539688110352,4.447032451629639,944.6953125,944.5936889648438,0.0003,0.0003,0.1
,,,,,959999,10174.47,1000,,,,,,,,
9572.494,1285.9054,10188.935,5738.803,1000.0,960000,,,-946.479248046875,-7.226219654083252,7.593812465667725,945.5126953125,945.0191650390625,0.0003,0.0003,0.1
,,,,,960999,10236.306,1000,,,,,,,,
,,,,,961000,,,-935.4987182617188,-7.130890846252441,7.230901718139648,934.14990234375,933.9011840820312,0.0003,0.0003,0.1
,,,,,961999,10335.322,1000,,,,,,,,
,,,,,962000,,,-936.1627807617188,-7.283188819885254,6.728606224060059,934.6422119140625,934.5433349609375,0.0003,0.0003,0.1
,,,,,962999,9825.066,1000,,,,,,,,
,,,,,963000,,,-947.1152954101562,-7.054980278015137,4.586869239807129,945.597900390625,945.614013671875,0.0003,0.0003,0.1
,,,,,963999,10164.927,1000,,,,,,,,
,,,,,964000,,,-940.0632934570312,-7.418005466461182,6.855808734893799,938.6570434570312,938.3484497070312,0.0003,0.0003,0.1
,,,,,964999,10345.519,1000,,,,,,,,
10358.494,57.39825,10465.5625,10284.374,1000.0,965000,,,-940.1554565429688,-7.250362396240234,6.174437522888184,938.51416015625,938.4034423828125,0.0003,0.0003,0.1
,,,,,965999,10306.064,1000,,,,,,,,
,,,,,966000,,,-952.2030029296875,-7.102343559265137,7.106246471405029,951.0921630859375,950.621826171875,0.0003,0.0003,0.1
,,,,,966999,10292.933,1000,,,,,,,,
,,,,,967000,,,-944.9613647460938,-7.128162384033203,5.962451457977295,943.2607421875,943.1829833984375,0.0003,0.0003,0.1
,,,,,967999,10268.762,1000,,,,,,,,
,,,,,968000,,,-941.4028930664062,-6.362550735473633,6.8105669021606445,939.4765625,939.9217529296875,0.0003,0.0003,0.1
,,,,,968999,10273.893,1000,,,,,,,,
,,,,,969000,,,-938.3806762695312,-7.061553955078125,4.933579921722412,936.6724243164062,936.5219116210938,0.0003,0.0003,0.1
,,,,,969999,10407.909,1000,,,,,,,,
10405.535,81.631134,10502.87,10206.894,1000.0,970000,,,-944.5750732421875,-7.287358283996582,5.933694839477539,942.9324340820312,943.1474609375,0.0003,0.0003,0.1
,,,,,970999,10429.154,1000,,,,,,,,
,,,,,971000,,,-959.1270141601562,-6.531472206115723,6.205165863037109,957.4439086914062,957.587158203125,0.0003,0.0003,0.1
,,,,,971999,10424.942,1000,,,,,,,,
,,,,,972000,,,-937.4593505859375,-6.763609886169434,6.183349609375,935.4509887695312,936.1597900390625,0.0003,0.0003,0.1
,,,,,972999,10325.122,1000,,,,,,,,
,,,,,973000,,,-945.4154663085938,-6.837306022644043,5.537936210632324,944.3364868164062,944.0828857421875,0.0003,0.0003,0.1
,,,,,973999,10500.556,1000,,,,,,,,
,,,,,974000,,,-946.4360961914062,-7.153009414672852,9.283802032470703,944.8866577148438,944.7738037109375,0.0003,0.0003,0.1
,,,,,974999,10357.606,1000,,,,,,,,
10509.595,76.72683,10618.669,10399.418,1000.0,975000,,,-952.83447265625,-7.513707160949707,7.415971279144287,951.9061279296875,951.1727294921875,0.0003,0.0003,0.1
,,,,,975999,10306.425,1000,,,,,,,,
,,,,,976000,,,-946.80810546875,-6.7556915283203125,7.887177467346191,945.1517944335938,945.3780517578125,0.0003,0.0003,0.1
,,,,,976999,10253.528,1000,,,,,,,,
,,,,,977000,,,-947.0834350585938,-7.1746721267700195,6.486386775970459,945.34521484375,945.622802734375,0.0003,0.0003,0.1
,,,,,977999,10407.779,1000,,,,,,,,
,,,,,978000,,,-952.01513671875,-7.238903999328613,5.043985843658447,950.7518310546875,950.7125854492188,0.0003,0.0003,0.1
,,,,,978999,10425.852,1000,,,,,,,,
,,,,,979000,,,-932.7000122070312,-7.44954252243042,7.284895896911621,930.5320434570312,930.8019409179688,0.0003,0.0003,0.1
,,,,,979999,10328.221,1000,,,,,,,,
10281.668,78.41837,10412.29,10092.183,1000.0,980000,,,-951.1519165039062,-6.8513946533203125,7.97125768661499,949.01708984375,949.6708374023438,0.0003,0.0003,0.1
,,,,,980999,10590.759,1000,,,,,,,,
,,,,,981000,,,-949.5380249023438,-7.291826248168945,6.375699043273926,947.81103515625,948.1578369140625,0.0003,0.0003,0.1
,,,,,981999,10332.605,1000,,,,,,,,
,,,,,982000,,,-933.96728515625,-6.87518835067749,7.495171070098877,931.801025390625,932.4586181640625,0.0003,0.0003,0.1
,,,,,982999,10527.572,1000,,,,,,,,
,,,,,983000,,,-947.48828125,-7.118003845214844,8.118856430053711,946.1333618164062,946.335693359375,0.0003,0.0003,0.1
,,,,,983999,10370.246,1000,,,,,,,,
,,,,,984000,,,-945.107177734375,-6.675818920135498,9.880144119262695,943.6363525390625,943.620849609375,0.0003,0.0003,0.1
,,,,,984999,10551.476,1000,,,,,,,,
10569.678,129.2137,10764.588,10305.897,1000.0,985000,,,-940.385498046875,-7.570894241333008,8.300726890563965,938.1424560546875,938.9636840820312,0.0003,0.0003,0.1
,,,,,985999,10399.574,1000,,,,,,,,
,,,,,986000,,,-951.4473266601562,-6.838796615600586,5.8571367263793945,950.841796875,950.4925537109375,0.0003,0.0003,0.1
,,,,,986999,10352.771,1000,,,,,,,,
,,,,,987000,,,-943.1728515625,-7.4238481521606445,7.202783584594727,941.763427734375,942.2286376953125,0.0003,0.0003,0.1
,,,,,987999,10398.182,1000,,,,,,,,
,,,,,988000,,,-945.579833984375,-7.1276702880859375,4.595788955688477,943.212646484375,943.2886352539062,0.0003,0.0003,0.1
,,,,,988999,10413.963,1000,,,,,,,,
,,,,,989000,,,-946.529541015625,-7.511272430419922,8.3397216796875,944.6063232421875,944.398193359375,0.0003,0.0003,0.1
,,,,,989999,10401.13,1000,,,,,,,,
8469.201,3298.606,10283.622,375.2205,1000.0,990000,,,-951.2031860351562,-6.5153093338012695,6.3472490310668945,949.5556640625,949.3472900390625,0.0003,0.0003,0.1
,,,,,990999,10353.875,1000,,,,,,,,
,,,,,991000,,,-950.7188720703125,-6.3569769859313965,6.678905487060547,949.415283203125,949.3944091796875,0.0003,0.0003,0.1
,,,,,991999,10449.558,1000,,,,,,,,
,,,,,992000,,,-946.9354248046875,-6.527027130126953,6.504340171813965,945.5359497070312,946.025146484375,0.0003,0.0003,0.1
,,,,,992999,10400.809,1000,,,,,,,,
,,,,,993000,,,-952.4133911132812,-6.785851001739502,5.01324987411499,951.263916015625,951.333740234375,0.0003,0.0003,0.1
,,,,,993999,10539.161,1000,,,,,,,,
,,,,,994000,,,-954.566162109375,-7.428918838500977,7.71132230758667,952.9842529296875,953.77490234375,0.0003,0.0003,0.1
,,,,,994999,10108.428,1000,,,,,,,,
7919.634,1346.742,9630.189,5519.4873,1000.0,995000,,,-956.2706298828125,-6.75510835647583,17.38434410095215,955.136962890625,954.4711303710938,0.0003,0.0003,0.1
,,,,,995999,10420.292,1000,,,,,,,,
,,,,,996000,,,-947.7828979492188,-7.208054542541504,4.940345764160156,945.90576171875,945.6746826171875,0.0003,0.0003,0.1
,,,,,996999,10404.821,1000,,,,,,,,
,,,,,997000,,,-952.82470703125,-7.16523551940918,6.316024303436279,950.6165161132812,950.64404296875,0.0003,0.0003,0.1
,,,,,997999,10426.364,1000,,,,,,,,
,,,,,998000,,,-958.7149047851562,-6.386711597442627,5.851830959320068,957.1641845703125,957.4262084960938,0.0003,0.0003,0.1
,,,,,998999,10447.366,1000,,,,,,,,
,,,,,999000,,,-951.5648193359375,-7.054389953613281,6.174407958984375,949.6261596679688,949.1845703125,0.0003,0.0003,0.1
,,,,,999999,10340.238,1000,,,,,,,,
